family,t,lambda_min_exp_minus_t_d
cert13,0.001,-1.081937717028e-06
cert13,0.0010181965,-1.101459422503e-06
cert13,0.0010367242,-1.121330267334e-06
cert13,0.001055589,-1.141556380262e-06
cert13,0.0010747971,-1.162143994826e-06
cert13,0.0010943546,-1.183099448691e-06
cert13,0.0011142681,-1.204429185697e-06
cert13,0.0011345439,-1.226139758931e-06
cert13,0.0011551887,-1.248237830175e-06
cert13,0.0011762091,-1.270730173392e-06
cert13,0.0011976121,-1.293623674692e-06
cert13,0.0012194045,-1.316925336066e-06
cert13,0.0012415934,-1.340642275053e-06
cert13,0.0012641861,-1.364781727492e-06
cert13,0.0012871899,-1.389351049841e-06
cert13,0.0013106123,-1.414357719211e-06
cert13,0.0013344609,-1.439809337013e-06
cert13,0.0013587435,-1.465713629265e-06
cert13,0.0013834679,-1.492078449044e-06
cert13,0.0014086423,-1.518911778768e-06
cert13,0.0014342747,-1.546221730246e-06
cert13,0.0014603735,-1.574016549209e-06
cert13,0.0014869473,-1.602304615442e-06
cert13,0.0015140046,-1.631094443744e-06
cert13,0.0015415542,-1.660394688182e-06
cert13,0.0015696052,-1.690214142876e-06
cert13,0.0015981665,-1.720561743106e-06
cert13,0.0016272476,-1.751446567946e-06
cert13,0.0016568579,-1.782877843146e-06
cert13,0.001687007,-1.814864940862e-06
cert13,0.0017177047,-1.847417383621e-06
cert13,0.001748961,-1.880544845341e-06
cert13,0.001780786,-1.914257153951e-06
cert13,0.0018131901,-1.948564291741e-06
cert13,0.0018461839,-1.983476399082e-06
cert13,0.0018797781,-2.019003776038e-06
cert13,0.0019139835,-2.055156883955e-06
cert13,0.0019488114,-2.091946347080e-06
cert13,0.001984273,-2.129382955907e-06
cert13,0.00202038,-2.167477667311e-06
cert13,0.0020571439,-2.206241608337e-06
cert13,0.0020945768,-2.245686076639e-06
cert13,0.0021326908,-2.285822544256e-06
cert13,0.0021714984,-2.326662657483e-06
cert13,0.0022110122,-2.368218240081e-06
cert13,0.0022512449,-2.410501295214e-06
cert13,0.0022922098,-2.453524007076e-06
cert13,0.0023339201,-2.497298742863e-06
cert13,0.0023763894,-2.541838054812e-06
cert13,0.0024196314,-2.587154681982e-06
cert13,0.0024636603,-2.633261552247e-06
cert13,0.0025084904,-2.680171784306e-06
cert13,0.0025541363,-2.727898688450e-06
cert13,0.0026006127,-2.776455770224e-06
cert13,0.0026479349,-2.825856730566e-06
cert13,0.0026961181,-2.876115468279e-06
cert13,0.0027451782,-2.927246081354e-06
cert13,0.0027951309,-2.979262869764e-06
cert13,0.0028459926,-3.032180335868e-06
cert13,0.0028977798,-3.086013185433e-06
cert13,0.0029505094,-3.140776331147e-06
cert13,0.0030041984,-3.196484893115e-06
cert13,0.0030588645,-3.253154199483e-06
cert13,0.0031145252,-3.310799788994e-06
cert13,0.0031711988,-3.369437411551e-06
cert13,0.0032289036,-3.429083030196e-06
cert13,0.0032876585,-3.489752821658e-06
cert13,0.0033474825,-3.551463177274e-06
cert13,0.0034083951,-3.614230704828e-06
cert13,0.0034704161,-3.678072228182e-06
cert13,0.0035335657,-3.743004789140e-06
cert13,0.0035978643,-3.809045648767e-06
cert13,0.003663333,-3.876212285666e-06
cert13,0.003729993,-3.944522398999e-06
cert13,0.003797866,-4.013993907088e-06
cert13,0.003866974,-4.084644948535e-06
cert13,0.0039373395,-4.156493882372e-06
cert13,0.0040089855,-4.229559287898e-06
cert13,0.0040819351,-4.303859964037e-06
cert13,0.0041562122,-4.379414929800e-06
cert13,0.0042318409,-4.456243423184e-06
cert13,0.0043088458,-4.534364900834e-06
cert13,0.0043872519,-4.613799037324e-06
cert13,0.0044670847,-4.694565723564e-06
cert13,0.0045483701,-4.776685065938e-06
cert13,0.0046311347,-4.860177385073e-06
cert13,0.0047154054,-4.945063214422e-06
cert13,0.0048012094,-5.031363296457e-06
cert13,0.0048885748,-5.119098583459e-06
cert13,0.00497753,-5.208290232295e-06
cert13,0.0050681038,-5.298959604228e-06
cert13,0.0051603257,-5.391128259923e-06
cert13,0.0052542258,-5.484817957394e-06
cert13,0.0053498345,-5.580050647309e-06
cert13,0.005447183,-5.676848471648e-06
cert13,0.0055463029,-5.775233755570e-06
cert13,0.0056472264,-5.875229006182e-06
cert13,0.0057499864,-5.976856905895e-06
cert13,0.0058546163,-6.080140307203e-06
cert13,0.00596115,-6.185102228025e-06
cert13,0.0060696223,-6.291765843063e-06
cert13,0.0061800684,-6.400154480598e-06
cert13,0.0062925243,-6.510291612132e-06
cert13,0.0064070265,-6.622200846549e-06
cert13,0.0065236122,-6.735905921080e-06
cert13,0.0066423193,-6.851430693999e-06
cert13,0.0067631866,-6.968799133718e-06
cert13,0.0068862532,-7.088035310132e-06
cert13,0.0070115591,-7.209163383573e-06
cert13,0.0071391452,-7.332207594031e-06
cert13,0.007269053,-7.457192249781e-06
cert13,0.0074013246,-7.584141713701e-06
cert13,0.0075360031,-7.713080391901e-06
cert13,0.0076731323,-7.844032718699e-06
cert13,0.0078127567,-7.977023141609e-06
cert13,0.0079549219,-8.112076106608e-06
cert13,0.0080996739,-8.249216041543e-06
cert13,0.0082470599,-8.388467339486e-06
cert13,0.0083971279,-8.529854338567e-06
cert13,0.0085499266,-8.673401305007e-06
cert13,0.0087055056,-8.819132411980e-06
cert13,0.0088639157,-8.967071718155e-06
cert13,0.0090252083,-9.117243145788e-06
cert13,0.0091894359,-9.269670457172e-06
cert13,0.0093566518,-9.424377229235e-06
cert13,0.0095269105,-9.581386829587e-06
cert13,0.0097002673,-9.740722386489e-06
cert13,0.0098767786,-9.902406762920e-06
cert13,0.010056502,-1.006646252439e-05
cert13,0.010239495,-1.023291190995e-05
cert13,0.010425819,-1.040177679605e-05
cert13,0.010615533,-1.057307866562e-05
cert13,0.010808698,-1.074683856866e-05
cert13,0.011005379,-1.092307708698e-05
cert13,0.011205639,-1.110181429257e-05
cert13,0.011409543,-1.128306970689e-05
cert13,0.011617157,-1.146686225800e-05
cert13,0.011828549,-1.165321023304e-05
cert13,0.012043788,-1.184213123374e-05
cert13,0.012262943,-1.203364212310e-05
cert13,0.012486086,-1.222775897702e-05
cert13,0.01271329,-1.242449702723e-05
cert13,0.012944628,-1.262387060568e-05
cert13,0.013180175,-1.282589308537e-05
cert13,0.013420009,-1.303057681699e-05
cert13,0.013664207,-1.323793306643e-05
cert13,0.013912848,-1.344797194497e-05
cert13,0.014166013,-1.366070234013e-05
cert13,0.014423786,-1.387613184243e-05
cert13,0.014686249,-1.409426666629e-05
cert13,0.014953488,-1.431511157234e-05
cert13,0.01522559,-1.453866978258e-05
cert13,0.015502643,-1.476494289265e-05
cert13,0.015784737,-1.499393078333e-05
cert13,0.016071965,-1.522563152219e-05
cert13,0.016364419,-1.546004126716e-05
cert13,0.016662195,-1.569715416250e-05
cert13,0.016965389,-1.593696223163e-05
cert13,0.0172741,-1.617945526610e-05
cert13,0.017588429,-1.642462070628e-05
cert13,0.017908478,-1.667244352273e-05
cert13,0.01823435,-1.692290608804e-05
cert13,0.018566152,-1.717598804573e-05
cert13,0.018903992,-1.743166617181e-05
cert13,0.019247979,-1.768991423323e-05
cert13,0.019598226,-1.795070283757e-05
cert13,0.019954845,-1.821399927953e-05
cert13,0.020317955,-1.847976737822e-05
cert13,0.020687671,-1.874796731028e-05
cert13,0.021064115,-1.901855543382e-05
cert13,0.021447409,-1.929148410847e-05
cert13,0.021837678,-1.956670150370e-05
cert13,0.022235048,-1.984415140422e-05
cert13,0.022639649,-2.012377300354e-05
cert13,0.023051612,-2.040550069114e-05
cert13,0.023471072,-2.068926383191e-05
cert13,0.023898164,-2.097498653396e-05
cert13,0.024333028,-2.126258741001e-05
cert13,0.024775805,-2.155197932799e-05
cert13,0.025226639,-2.184306915113e-05
cert13,0.025685676,-2.213575746870e-05
cert13,0.026153066,-2.242993831680e-05
cert13,0.026628962,-2.272549888586e-05
cert13,0.027113517,-2.302231921787e-05
cert13,0.027606889,-2.332027189253e-05
cert13,0.028109239,-2.361922169958e-05
cert13,0.02862073,-2.391902529925e-05
cert13,0.029141528,-2.421953086862e-05
cert13,0.029671803,-2.452057773459e-05
cert13,0.030211727,-2.482199599395e-05
cert13,0.030761476,-2.512360611489e-05
cert13,0.031321228,-2.542521852741e-05
cert13,0.031891166,-2.572663319426e-05
cert13,0.032471475,-2.602763916830e-05
cert13,0.033062344,-2.632801413008e-05
cert13,0.033663964,-2.662752390983e-05
cert13,0.034276531,-2.692592198817e-05
cert13,0.034900246,-2.722294898216e-05
cert13,0.035535309,-2.751833210578e-05
cert13,0.036181929,-2.781178461535e-05
cert13,0.036840315,-2.810300522915e-05
cert13,0.037510681,-2.839167752784e-05
cert13,0.038193246,-2.867746933181e-05
cert13,0.038888231,-2.896003205247e-05
cert13,0.039595862,-2.923900002055e-05
cert13,0.04031637,-2.951398979023e-05
cert13,0.041049988,-2.978459941312e-05
cert13,0.041796956,-3.005040768936e-05
cert13,0.042557516,-3.031097338583e-05
cert13,0.043331915,-3.056583442826e-05
cert13,0.044120406,-3.081450706113e-05
cert13,0.044923245,-3.105648497704e-05
cert13,0.045740692,-3.129123841199e-05
cert13,0.046573015,-3.151821320754e-05
cert13,0.047420482,-3.173682983750e-05
cert13,0.048283371,-3.194648239867e-05
cert13,0.049161961,-3.214653756395e-05
cert13,0.050056539,-3.233633349467e-05
cert13,0.050967395,-3.251517871374e-05
cert13,0.051894825,-3.268235093744e-05
cert13,0.052839131,-3.283709586335e-05
cert13,0.053800621,-3.297862591020e-05
cert13,0.054779606,-3.310611891715e-05
cert13,0.055776405,-3.321871678906e-05
cert13,0.056791342,-3.331552409373e-05
cert13,0.057824748,-3.339560660937e-05
cert13,0.058876959,-3.345798981494e-05
cert13,0.059948316,-3.350165732757e-05
cert13,0.061039167,-3.352554928015e-05
cert13,0.062149869,-3.352856064241e-05
cert13,0.063280782,-3.350953947642e-05
cert13,0.064432273,-3.346728513226e-05
cert13,0.065604717,-3.340054637427e-05
cert13,0.066798496,-3.330801944026e-05
cert13,0.068013998,-3.318834603105e-05
cert13,0.069251617,-3.304011122376e-05
cert13,0.070511757,-3.286184131212e-05
cert13,0.071794827,-3.265200156584e-05
cert13,0.073101244,-3.240899391112e-05
cert13,0.074431434,-3.213115452392e-05
cert13,0.075785828,-3.181675133959e-05
cert13,0.077164868,-3.146398146904e-05
cert13,0.078569002,-3.107096852466e-05
cert13,0.079998686,-3.063575984756e-05
cert13,0.081454385,-3.015632363604e-05
cert13,0.082936573,-2.963054597098e-05
cert13,0.084445731,-2.905622773253e-05
cert13,0.085982352,-2.843108141010e-05
cert13,0.087546933,-2.775272779380e-05
cert13,0.089139984,-2.701869255099e-05
cert13,0.090762023,-2.622640267735e-05
cert13,0.092413578,-2.537318282640e-05
cert13,0.094095185,-2.445625150128e-05
cert13,0.095807392,-2.347271711893e-05
cert13,0.097550755,-2.241957392962e-05
cert13,0.099325841,-2.129369779212e-05
cert13,0.10113323,-2.009184180153e-05
cert13,0.1029735,-1.881063176394e-05
cert13,0.10484726,-1.744656150425e-05
cert13,0.10675512,-1.599598801909e-05
cert13,0.1086977,-1.445512645225e-05
cert13,0.11067562,-1.282004489490e-05
cert13,0.11268953,-1.108665900686e-05
cert13,0.11474009,-9.250726446722e-06
cert13,0.11682796,-7.307841107565e-06
cert13,0.11895383,-5.253427155337e-06
cert13,0.12111837,-3.082732855844e-06
cert13,0.12332231,-7.908241896029e-07
cert13,0.12556635,1.627421754617e-06
cert13,0.12785122,4.177323615167e-06
cert13,0.13017767,6.864402828368e-06
cert13,0.13254646,9.694390943400e-06
cert13,0.13495834,1.267323718708e-05
cert13,0.13741412,1.580711629006e-05
cert13,0.13991458,1.910243658029e-05
cert13,0.14246054,2.256584835295e-05
cert13,0.14505283,2.620425252255e-05
cert13,0.14769229,3.002480957674e-05
cert13,0.15037978,3.403494882496e-05
cert13,0.15311617,3.824237796642e-05
cert13,0.15590235,4.265509297944e-05
cert13,0.15873924,4.728138834227e-05
cert13,0.16162774,5.212986760084e-05
cert13,0.16456881,5.720945428575e-05
cert13,0.16756339,6.252940320059e-05
cert13,0.17061246,6.809931208154e-05
cert13,0.17371702,7.392913364643e-05
cert13,0.17687807,8.002918804457e-05
cert13,0.18009664,8.641017571798e-05
cert13,0.18337377,9.308319068374e-05
cert13,0.18671054,1.000597342588e-04
cert13,0.19010803,1.073517292297e-04
cert13,0.19356733,1.149715344872e-04
cert13,0.19708959,1.229319601394e-04
cert13,0.20067594,1.312462831123e-04
cert13,0.20432755,1.399282632587e-04
cert13,0.2080456,1.489921599839e-04
cert13,0.21183131,1.584527494066e-04
cert13,0.21568591,1.683253420722e-04
cert13,0.21961064,1.786258012259e-04
cert13,0.2236068,1.893705616715e-04
cert13,0.22767567,2.005766492244e-04
cert13,0.23181858,2.122617007803e-04
cert13,0.23603687,2.244439850113e-04
cert13,0.24033193,2.371424237121e-04
cert13,0.24470514,2.503766138080e-04
cert13,0.24915792,2.641668500475e-04
cert13,0.25369174,2.785341483931e-04
cert13,0.25830805,2.935002701307e-04
cert13,0.26300836,3.090877467152e-04
cert13,0.2677942,3.253199053711e-04
cert13,0.27266713,3.422208954682e-04
cert13,0.27762873,3.598157156869e-04
cert13,0.28268061,3.781302419995e-04
cert13,0.28782442,3.971912564793e-04
cert13,0.29306183,4.170264769633e-04
cert13,0.29839454,4.376645875833e-04
cert13,0.30382429,4.591352701884e-04
cert13,0.30935284,4.814692366767e-04
cert13,0.31498199,5.046982622584e-04
cert13,0.32071357,5.288552196647e-04
cert13,0.32654945,5.539741143303e-04
cert13,0.33249152,5.800901205609e-04
cert13,0.33854171,6.072396187110e-04
cert13,0.344702,6.354602333885e-04
cert13,0.35097438,6.647908727059e-04
cert13,0.3573609,6.952717685964e-04
cert13,0.36386363,7.269445182126e-04
cert13,0.37048469,7.598521264284e-04
cert13,0.37722623,7.940390494574e-04
cert13,0.38409044,8.295512396083e-04
cert13,0.39107956,8.664361911890e-04
cert13,0.39819586,9.047429875802e-04
cert13,0.40544164,9.445223494866e-04
cert13,0.41281928,9.858266843849e-04
cert13,0.42033116,1.028710137174e-03
cert13,0.42797973,1.073228642049e-03
cert13,0.43576748,1.119439975593e-03
cert13,0.44369694,1.167403811108e-03
cert13,0.45177069,1.217181774188e-03
cert13,0.45999135,1.268837499536e-03
cert13,0.46836161,1.322436689023e-03
cert13,0.47688417,1.378047171004e-03
cert13,0.48556181,1.435738960872e-03
cert13,0.49439735,1.495584322857e-03
cert13,0.50339367,1.557657833053e-03
cert13,0.5125537,1.622036443669e-03
cert13,0.5218804,1.688799548491e-03
cert13,0.53137682,1.758029049526e-03
cert13,0.54104604,1.829809424819e-03
cert13,0.5508912,1.904227797411e-03
cert13,0.56091551,1.981374005402e-03
cert13,0.57112224,2.061340673098e-03
cert13,0.58151468,2.144223283187e-03
cert13,0.59209624,2.230120249897e-03
cert13,0.60287034,2.319132993100e-03
cert13,0.6138405,2.411366013285e-03
cert13,0.62501027,2.506926967334e-03
cert13,0.63638329,2.605926745043e-03
cert13,0.64796327,2.708479546295e-03
cert13,0.65975396,2.814702958784e-03
cert13,0.67175919,2.924718036216e-03
cert13,0.68398289,3.038649376857e-03
cert13,0.69642901,3.156625202314e-03
cert13,0.70910161,3.278777436423e-03
cert13,0.7220048,3.405241784092e-03
cert13,0.73514279,3.536157809958e-03
cert13,0.74851985,3.671669016676e-03
cert13,0.76214032,3.811922922665e-03
cert13,0.77600863,3.957071139115e-03
cert13,0.7901293,4.107269446041e-03
cert13,0.80450692,4.262677867152e-03
cert13,0.81914617,4.423460743303e-03
cert13,0.83405179,4.589786804238e-03
cert13,0.84922865,4.761829238374e-03
cert13,0.86468167,4.939765760301e-03
cert13,0.88041588,5.123778675672e-03
cert13,0.89643641,5.314054943156e-03
cert13,0.91274845,5.510786233063e-03
cert13,0.92935731,5.714168982257e-03
cert13,0.9462684,5.924404444946e-03
cert13,0.96348721,6.141698738891e-03
cert13,0.98101934,6.366262886571e-03
cert13,0.9988705,6.598312850814e-03
cert13,1.0170465,6.838069564352e-03
cert13,1.0355532,7.085758952764e-03
cert13,1.0543967,7.341611950209e-03
cert13,1.0735831,7.605864507350e-03
cert13,1.0931186,7.878757590823e-03
cert13,1.1130095,8.160537173577e-03
cert13,1.1332625,8.451454215390e-03
cert13,1.1538839,8.751764632842e-03
cert13,1.1748806,9.061729257981e-03
cert13,1.1962594,9.381613784899e-03
cert13,1.2180272,9.711688703442e-03
cert13,1.240191,1.005222921920e-02
cert13,1.2627582,1.040351515897e-02
cert13,1.285736,1.076583086078e-02
cert13,1.309132,1.113946504773e-02
cert13,1.3329537,1.152471068463e-02
cert13,1.3572088,1.192186481672e-02
cert13,1.3819053,1.233122838949e-02
cert13,1.4070512,1.275310604894e-02
cert13,1.4326547,1.318780592128e-02
cert13,1.458724,1.363563937147e-02
cert13,1.4852678,1.409692073988e-02
cert13,1.5122945,1.457196705634e-02
cert13,1.539813,1.506109773122e-02
cert13,1.5678323,1.556463422290e-02
cert13,1.5963614,1.608289968151e-02
cert13,1.6254097,1.661621856867e-02
cert13,1.6549865,1.716491625332e-02
cert13,1.6851015,1.772931858377e-02
cert13,1.7157645,1.830975143656e-02
cert13,1.7469855,1.890654024263e-02
cert13,1.7787746,1.952000949203e-02
cert13,1.8111421,2.015048221825e-02
cert13,1.8440987,2.079827946396e-02
cert13,1.8776549,2.146371973019e-02
cert13,1.9118217,2.214711841132e-02
cert13,1.9466102,2.284878721876e-02
cert13,1.9820318,2.356903359681e-02
cert13,2.0180979,2.430816013423e-02
cert13,2.0548203,2.506646397612e-02
cert13,2.0922109,2.584423624069e-02
cert13,2.1302819,2.664176144628e-02
cert13,2.1690457,2.745931695447e-02
cert13,2.2085148,2.829717243534e-02
cert13,2.2487022,2.915558936168e-02
cert13,2.2896208,3.003482053898e-02
cert13,2.3312839,3.093510967848e-02
cert13,2.3737052,3.185669102084e-02
cert13,2.4168984,3.279978901779e-02
cert13,2.4608776,3.376461807923e-02
cert13,2.5056571,3.475138239317e-02
cert13,2.5512514,3.576027582528e-02
cert13,2.5976753,3.679148190449e-02
cert13,2.644944,3.784517390028e-02
cert13,2.6930729,3.892151499646e-02
cert13,2.7420775,4.002065856509e-02
cert13,2.7919738,4.114274854307e-02
cert13,2.842778,4.228791991237e-02
cert13,2.8945068,4.345629928346e-02
cert13,2.9471768,4.464800557982e-02
cert13,3.0008052,4.586315081965e-02
cert13,3.0554095,4.710184098922e-02
cert13,3.1110073,4.836417700068e-02
cert13,3.1676169,4.965025572528e-02
cert13,3.2252566,5.096017109175e-02
cert13,3.2839451,5.229401523798e-02
cert13,3.3437015,5.365187970328e-02
cert13,3.4045453,5.503385664748e-02
cert13,3.4664963,5.644004008275e-02
cert13,3.5295745,5.787052710360e-02
cert13,3.5938005,5.932541910083e-02
cert13,3.6591953,6.080482294551e-02
cert13,3.72578,6.230885212978e-02
cert13,3.7935763,6.383762785241e-02
cert13,3.8626062,6.539128003821e-02
cert13,3.9328923,6.696994828187e-02
cert13,4.0044573,6.857378270857e-02
cert13,4.0773246,7.020294474513e-02
cert13,4.1515178,7.185760779770e-02
cert13,4.227061,7.353795783316e-02
cert13,4.3039789,7.524419386371e-02
cert13,4.3822965,7.697652833516e-02
cert13,4.4620391,7.873518742136e-02
cert13,4.5432328,8.052041122815e-02
cert13,4.6259039,8.233245391150e-02
cert13,4.7100793,8.417158371520e-02
cert13,4.7957865,8.603808293453e-02
cert13,4.8830532,8.793224781223e-02
cert13,4.9719078,8.985438837397e-02
cert13,5.0623794,9.180482821028e-02
cert13,5.1544971,9.378390421192e-02
cert13,5.2482912,9.579196626554e-02
cert13,5.3437919,9.782937691611e-02
cert13,5.4410304,9.989651100227e-02
cert13,5.5400383,1.019937552702e-01
cert13,5.6408479,1.041215079713e-01
cert13,5.7434918,1.062801784477e-01
cert13,5.8480034,1.084701867103e-01
cert13,5.9544169,1.106919630126e-01
cert13,6.0627667,1.129459474225e-01
cert13,6.173088,1.152325893949e-01
cert13,6.2854169,1.175523473476e-01
cert13,6.3997897,1.199056882401e-01
cert13,6.5162437,1.222930871573e-01
cert13,6.6348168,1.247150268991e-01
cert13,6.7555475,1.271719975741e-01
cert13,6.8784751,1.296644961989e-01
cert13,7.0036396,1.321930263016e-01
cert13,7.1310816,1.347580975290e-01
cert13,7.2608426,1.373602252559e-01
cert13,7.3929648,1.399999301967e-01
cert13,7.5274911,1.426777380156e-01
cert13,7.6644654,1.453941789367e-01
cert13,7.8039322,1.481497873500e-01
cert13,7.9459367,1.509451014127e-01
cert13,8.0905253,1.537806626448e-01
cert13,8.2377449,1.566570155156e-01
cert13,8.3876433,1.595747070203e-01
cert13,8.5402694,1.625342862450e-01
cert13,8.6956727,1.655363039178e-01
cert13,8.8539039,1.685813119451e-01
cert13,9.0150143,1.716698629301e-01
cert13,9.1790564,1.748025096726e-01
cert13,9.3460834,1.779798046492e-01
cert13,9.5161498,1.812022994706e-01
cert13,9.6893108,1.844705443160e-01
cert13,9.8656227,1.877850873427e-01
cert13,10.045143,1.911464740692e-01
cert13,10.22793,1.945552467311e-01
cert13,10.414043,1.980119436090e-01
cert13,10.603542,2.015170983262e-01
cert13,10.79649,2.050712391164e-01
cert13,10.992949,2.086748880605e-01
cert13,11.192982,2.123285602913e-01
cert13,11.396656,2.160327631665e-01
cert13,11.604036,2.197879954083e-01
cert13,11.815189,2.235947462115e-01
cert13,12.030184,2.274534943177e-01
cert13,12.249092,2.313647070578e-01
cert13,12.471983,2.353288393613e-01
cert13,12.69893,2.393463327348e-01
cert13,12.930007,2.434176142085e-01
cert13,13.165288,2.475430952525e-01
cert13,13.404851,2.517231706641e-01
cert13,13.648773,2.559582174265e-01
cert13,13.897133,2.602485935413e-01
cert13,14.150013,2.645946368346e-01
cert13,14.407494,2.689966637415e-01
cert13,14.669661,2.734549680668e-01
cert13,14.936598,2.779698197280e-01
cert13,15.208392,2.825414634805e-01
cert13,15.485132,2.871701176274e-01
cert13,15.766908,2.918559727183e-01
cert13,16.053811,2.965991902379e-01
cert13,16.345935,3.013999012882e-01
cert13,16.643375,3.062582052676e-01
cert13,16.946226,3.111741685493e-01
cert13,17.254589,3.161478231634e-01
cert13,17.568563,3.211791654849e-01
cert13,17.88825,3.262681549315e-01
cert13,18.213754,3.314147126760e-01
cert13,18.545181,3.366187203747e-01
cert13,18.88264,3.418800189177e-01
cert13,19.226238,3.471984072033e-01
cert13,19.576089,3.525736409416e-01
cert13,19.932306,3.580054314896e-01
cert13,20.295005,3.634934447233e-01
cert13,20.664304,3.690372999492e-01
cert13,21.040323,3.746365688598e-01
cert13,21.423184,3.802907745364e-01
cert13,21.813012,3.859993905031e-01
cert13,22.209933,3.917618398353e-01
cert13,22.614077,3.975774943269e-01
cert13,23.025575,4.034456737183e-01
cert13,23.444561,4.093656449899e-01
cert13,23.871171,4.153366217237e-01
cert13,24.305544,4.213577635350e-01
cert13,24.74782,4.274281755790e-01
cert13,25.198145,4.335469081333e-01
cert13,25.656664,4.397129562600e-01
cert13,26.123527,4.459252595483e-01
cert13,26.598884,4.521827019411e-01
cert13,27.082892,4.584841116473e-01
cert13,27.575707,4.648282611401e-01
cert13,28.077489,4.712138672445e-01
cert13,28.588402,4.776395913142e-01
cert13,29.108612,4.841040394994e-01
cert13,29.638288,4.906057631050e-01
cert13,30.177603,4.971432590418e-01
cert13,30.726731,5.037149703687e-01
cert13,31.285851,5.103192869275e-01
cert13,31.855145,5.169545460687e-01
cert13,32.434798,5.236190334688e-01
cert13,33.025,5.303109840377e-01
cert13,33.62594,5.370285829157e-01
cert13,34.237816,5.437699665577e-01
cert13,34.860826,5.505332239047e-01
cert13,35.495172,5.573163976396e-01
cert13,36.141062,5.641174855264e-01
cert13,36.798704,5.709344418300e-01
cert13,37.468313,5.777651788150e-01
cert13,38.150106,5.846075683207e-01
cert13,38.844306,5.914594434101e-01
cert13,39.551138,5.983186000908e-01
cert13,40.270832,6.051827991047e-01
cert13,41.003622,6.120497677836e-01
cert13,41.749746,6.189172019690e-01
cert13,42.509447,6.257827679926e-01
cert13,43.282972,6.326441047159e-01
cert13,44.070572,6.394988256247e-01
cert13,44.872504,6.463445209780e-01
cert13,45.689028,6.531787600073e-01
cert13,46.52041,6.599990931648e-01
cert13,47.366921,6.668030544182e-01
cert13,48.228835,6.735881635896e-01
cert13,49.106433,6.803519287375e-01
cert13,50,6.870918485788e-01
rand5_11,0.001,2.788195604970e-05
rand5_11,0.0010181965,2.838931536210e-05
rand5_11,0.0010367242,2.890590701238e-05
rand5_11,0.001055589,2.943189900265e-05
rand5_11,0.0010747971,2.996746239272e-05
rand5_11,0.0010943546,3.051277135508e-05
rand5_11,0.0011142681,3.106800323089e-05
rand5_11,0.0011345439,3.163333859066e-05
rand5_11,0.0011551887,3.220896128870e-05
rand5_11,0.0011762091,3.279505852663e-05
rand5_11,0.0011976121,3.339182091140e-05
rand5_11,0.0012194045,3.399944251934e-05
rand5_11,0.0012415934,3.461812095940e-05
rand5_11,0.0012641861,3.524805743556e-05
rand5_11,0.0012871899,3.588945681242e-05
rand5_11,0.0013106123,3.654252768504e-05
rand5_11,0.0013344609,3.720748244296e-05
rand5_11,0.0013587435,3.788453734124e-05
rand5_11,0.0013834679,3.857391256990e-05
rand5_11,0.0014086423,3.927583232631e-05
rand5_11,0.0014342747,3.999052488871e-05
rand5_11,0.0014603735,4.071822268782e-05
rand5_11,0.0014869473,4.145916238616e-05
rand5_11,0.0015140046,4.221358495140e-05
rand5_11,0.0015415542,4.298173573682e-05
rand5_11,0.0015696052,4.376386456203e-05
rand5_11,0.0015981665,4.456022579086e-05
rand5_11,0.0016272476,4.537107841842e-05
rand5_11,0.0016568579,4.619668615095e-05
rand5_11,0.001687007,4.703731749473e-05
rand5_11,0.0017177047,4.789324584345e-05
rand5_11,0.001748961,4.876474956460e-05
rand5_11,0.001780786,4.965211209172e-05
rand5_11,0.0018131901,5.055562201769e-05
rand5_11,0.0018461839,5.147557318580e-05
rand5_11,0.0018797781,5.241226478839e-05
rand5_11,0.0019139835,5.336600146126e-05
rand5_11,0.0019488114,5.433709338547e-05
rand5_11,0.001984273,5.532585638659e-05
rand5_11,0.00202038,5.633261203756e-05
rand5_11,0.0020571439,5.735768776394e-05
rand5_11,0.0020945768,5.840141694983e-05
rand5_11,0.0021326908,5.946413904637e-05
rand5_11,0.0021714984,6.054619968360e-05
rand5_11,0.0022110122,6.164795078011e-05
rand5_11,0.0022512449,6.276975065970e-05
rand5_11,0.0022922098,6.391196416837e-05
rand5_11,0.0023339201,6.507496278989e-05
rand5_11,0.0023763894,6.625912477115e-05
rand5_11,0.0024196314,6.746483524133e-05
rand5_11,0.0024636603,6.869248633906e-05
rand5_11,0.0025084904,6.994247733955e-05
rand5_11,0.0025541363,7.121521478514e-05
rand5_11,0.0026006127,7.251111261671e-05
rand5_11,0.0026479349,7.383059230802e-05
rand5_11,0.0026961181,7.517408300482e-05
rand5_11,0.0027451782,7.654202166249e-05
rand5_11,0.0027951309,7.793485318857e-05
rand5_11,0.0028459926,7.935303058841e-05
rand5_11,0.0028977798,8.079701511145e-05
rand5_11,0.0029505094,8.226727640252e-05
rand5_11,0.0030041984,8.376429265275e-05
rand5_11,0.0030588645,8.528855075879e-05
rand5_11,0.0031145252,8.684054647584e-05
rand5_11,0.0031711988,8.842078458371e-05
rand5_11,0.0032289036,9.002977904918e-05
rand5_11,0.0032876585,9.166805319355e-05
rand5_11,0.0033474825,9.333613986126e-05
rand5_11,0.0034083951,9.503458159696e-05
rand5_11,0.0034704161,9.676393081808e-05
rand5_11,0.0035335657,9.852474999756e-05
rand5_11,0.0035978643,1.003176118451e-04
rand5_11,0.003663333,1.021430994948e-04
rand5_11,0.003729993,1.040018066925e-04
rand5_11,0.003797866,1.058943379934e-04
rand5_11,0.003866974,1.078213089540e-04
rand5_11,0.0039373395,1.097833463354e-04
rand5_11,0.0040089855,1.117810883065e-04
rand5_11,0.0040819351,1.138151846520e-04
rand5_11,0.0041562122,1.158862969828e-04
rand5_11,0.0042318409,1.179950989516e-04
rand5_11,0.0043088458,1.201422764743e-04
rand5_11,0.0043872519,1.223285279498e-04
rand5_11,0.0044670847,1.245545644901e-04
rand5_11,0.0045483701,1.268211101501e-04
rand5_11,0.0046311347,1.291289021644e-04
rand5_11,0.0047154054,1.314786911860e-04
rand5_11,0.0048012094,1.338712415312e-04
rand5_11,0.0048885748,1.363073314296e-04
rand5_11,0.00497753,1.387877532751e-04
rand5_11,0.0050681038,1.413133138855e-04
rand5_11,0.0051603257,1.438848347650e-04
rand5_11,0.0052542258,1.465031523707e-04
rand5_11,0.0053498345,1.491691183857e-04
rand5_11,0.005447183,1.518835999957e-04
rand5_11,0.0055463029,1.546474801722e-04
rand5_11,0.0056472264,1.574616579588e-04
rand5_11,0.0057499864,1.603270487653e-04
rand5_11,0.0058546163,1.632445846647e-04
rand5_11,0.00596115,1.662152146956e-04
rand5_11,0.0060696223,1.692399051743e-04
rand5_11,0.0061800684,1.723196400057e-04
rand5_11,0.0062925243,1.754554210068e-04
rand5_11,0.0064070265,1.786482682311e-04
rand5_11,0.0065236122,1.818992203003e-04
rand5_11,0.0066423193,1.852093347450e-04
rand5_11,0.0067631866,1.885796883448e-04
rand5_11,0.0068862532,1.920113774848e-04
rand5_11,0.0070115591,1.955055185060e-04
rand5_11,0.0071391452,1.990632480738e-04
rand5_11,0.007269053,2.026857235454e-04
rand5_11,0.0074013246,2.063741233487e-04
rand5_11,0.0075360031,2.101296473639e-04
rand5_11,0.0076731323,2.139535173164e-04
rand5_11,0.0078127567,2.178469771725e-04
rand5_11,0.0079549219,2.218112935465e-04
rand5_11,0.0080996739,2.258477561121e-04
rand5_11,0.0082470599,2.299576780227e-04
rand5_11,0.0083971279,2.341423963382e-04
rand5_11,0.0085499266,2.384032724623e-04
rand5_11,0.0087055056,2.427416925847e-04
rand5_11,0.0088639157,2.471590681332e-04
rand5_11,0.0090252083,2.516568362323e-04
rand5_11,0.0091894359,2.562364601724e-04
rand5_11,0.0093566518,2.608994298877e-04
rand5_11,0.0095269105,2.656472624375e-04
rand5_11,0.0097002673,2.704815025043e-04
rand5_11,0.0098767786,2.754037228967e-04
rand5_11,0.010056502,2.804155250589e-04
rand5_11,0.010239495,2.855185395965e-04
rand5_11,0.010425819,2.907144268032e-04
rand5_11,0.010615533,2.960048772059e-04
rand5_11,0.010808698,3.013916121136e-04
rand5_11,0.011005379,3.068763841783e-04
rand5_11,0.011205639,3.124609779671e-04
rand5_11,0.011409543,3.181472105410e-04
rand5_11,0.011617157,3.239369320512e-04
rand5_11,0.011828549,3.298320263391e-04
rand5_11,0.012043788,3.358344115504e-04
rand5_11,0.012262943,3.419460407619e-04
rand5_11,0.012486086,3.481689026161e-04
rand5_11,0.01271329,3.545050219709e-04
rand5_11,0.012944628,3.609564605597e-04
rand5_11,0.013180175,3.675253176607e-04
rand5_11,0.013420009,3.742137307862e-04
rand5_11,0.013664207,3.810238763738e-04
rand5_11,0.013912848,3.879579705009e-04
rand5_11,0.014166013,3.950182696034e-04
rand5_11,0.014423786,4.022070712147e-04
rand5_11,0.014686249,4.095267147111e-04
rand5_11,0.014953488,4.169795820778e-04
rand5_11,0.01522559,4.245680986850e-04
rand5_11,0.015502643,4.322947340769e-04
rand5_11,0.015784737,4.401620027793e-04
rand5_11,0.016071965,4.481724651182e-04
rand5_11,0.016364419,4.563287280560e-04
rand5_11,0.016662195,4.646334460414e-04
rand5_11,0.016965389,4.730893218744e-04
rand5_11,0.0172741,4.816991075890e-04
rand5_11,0.017588429,4.904656053500e-04
rand5_11,0.017908478,4.993916683687e-04
rand5_11,0.01823435,5.084802018320e-04
rand5_11,0.018566152,5.177341638516e-04
rand5_11,0.018903992,5.271565664282e-04
rand5_11,0.019247979,5.367504764360e-04
rand5_11,0.019598226,5.465190166204e-04
rand5_11,0.019954845,5.564653666209e-04
rand5_11,0.020317955,5.665927640051e-04
rand5_11,0.020687671,5.769045053287e-04
rand5_11,0.021064115,5.874039472096e-04
rand5_11,0.021447409,5.980945074244e-04
rand5_11,0.021837678,6.089796660227e-04
rand5_11,0.022235048,6.200629664657e-04
rand5_11,0.022639649,6.313480167806e-04
rand5_11,0.023051612,6.428384907402e-04
rand5_11,0.023471072,6.545381290625e-04
rand5_11,0.023898164,6.664507406313e-04
rand5_11,0.024333028,6.785802037421e-04
rand5_11,0.024775805,6.909304673644e-04
rand5_11,0.025226639,7.035055524374e-04
rand5_11,0.025685676,7.163095531796e-04
rand5_11,0.026153066,7.293466384270e-04
rand5_11,0.026628962,7.426210529953e-04
rand5_11,0.027113517,7.561371190674e-04
rand5_11,0.027606889,7.698992376049e-04
rand5_11,0.028109239,7.839118897862e-04
rand5_11,0.02862073,7.981796384720e-04
rand5_11,0.029141528,8.127071296954e-04
rand5_11,0.029671803,8.274990941810e-04
rand5_11,0.030211727,8.425603488911e-04
rand5_11,0.030761476,8.578957986015e-04
rand5_11,0.031321228,8.735104375031e-04
rand5_11,0.031891166,8.894093508379e-04
rand5_11,0.032471475,9.055977165579e-04
rand5_11,0.033062344,9.220808070215e-04
rand5_11,0.033663964,9.388639907190e-04
rand5_11,0.034276531,9.559527340228e-04
rand5_11,0.034900246,9.733526029831e-04
rand5_11,0.035535309,9.910692651427e-04
rand5_11,0.036181929,1.009108491396e-03
rand5_11,0.036840315,1.027476157874e-03
rand5_11,0.037510681,1.046178247870e-03
rand5_11,0.038193246,1.065220853794e-03
rand5_11,0.038888231,1.084610179171e-03
rand5_11,0.039595862,1.104352540672e-03
rand5_11,0.04031637,1.124454370178e-03
rand5_11,0.041049988,1.144922216887e-03
rand5_11,0.041796956,1.165762749464e-03
rand5_11,0.042557516,1.186982758217e-03
rand5_11,0.043331915,1.208589157327e-03
rand5_11,0.044120406,1.230588987111e-03
rand5_11,0.044923245,1.252989416328e-03
rand5_11,0.045740692,1.275797744528e-03
rand5_11,0.046573015,1.299021404445e-03
rand5_11,0.047420482,1.322667964432e-03
rand5_11,0.048283371,1.346745130942e-03
rand5_11,0.049161961,1.371260751055e-03
rand5_11,0.050056539,1.396222815047e-03
rand5_11,0.050967395,1.421639459018e-03
rand5_11,0.051894825,1.447518967550e-03
rand5_11,0.052839131,1.473869776431e-03
rand5_11,0.053800621,1.500700475424e-03
rand5_11,0.054779606,1.528019811075e-03
rand5_11,0.055776405,1.555836689593e-03
rand5_11,0.056791342,1.584160179769e-03
rand5_11,0.057824748,1.612999515950e-03
rand5_11,0.058876959,1.642364101074e-03
rand5_11,0.059948316,1.672263509755e-03
rand5_11,0.061039167,1.702707491426e-03
rand5_11,0.062149869,1.733705973542e-03
rand5_11,0.063280782,1.765269064839e-03
rand5_11,0.064432273,1.797407058657e-03
rand5_11,0.065604717,1.830130436319e-03
rand5_11,0.066798496,1.863449870577e-03
rand5_11,0.068013998,1.897376229115e-03
rand5_11,0.069251617,1.931920578129e-03
rand5_11,0.070511757,1.967094185956e-03
rand5_11,0.071794827,2.002908526785e-03
rand5_11,0.073101244,2.039375284427e-03
rand5_11,0.074431434,2.076506356158e-03
rand5_11,0.075785828,2.114313856633e-03
rand5_11,0.077164868,2.152810121871e-03
rand5_11,0.078569002,2.192007713314e-03
rand5_11,0.079998686,2.231919421961e-03
rand5_11,0.081454385,2.272558272578e-03
rand5_11,0.082936573,2.313937527987e-03
rand5_11,0.084445731,2.356070693429e-03
rand5_11,0.085982352,2.398971521016e-03
rand5_11,0.087546933,2.442654014257e-03
rand5_11,0.089139984,2.487132432673e-03
rand5_11,0.090762023,2.532421296493e-03
rand5_11,0.092413578,2.578535391441e-03
rand5_11,0.094095185,2.625489773608e-03
rand5_11,0.095807392,2.673299774415e-03
rand5_11,0.097550755,2.721981005667e-03
rand5_11,0.099325841,2.771549364704e-03
rand5_11,0.10113323,2.822021039639e-03
rand5_11,0.1029735,2.873412514703e-03
rand5_11,0.10484726,2.925740575679e-03
rand5_11,0.10675512,2.979022315445e-03
rand5_11,0.1086977,3.033275139612e-03
rand5_11,0.11067562,3.088516772271e-03
rand5_11,0.11268953,3.144765261844e-03
rand5_11,0.11474009,3.202038987043e-03
rand5_11,0.11682796,3.260356662942e-03
rand5_11,0.11895383,3.319737347156e-03
rand5_11,0.12111837,3.380200446139e-03
rand5_11,0.12332231,3.441765721595e-03
rand5_11,0.12556635,3.504453297010e-03
rand5_11,0.12785122,3.568283664302e-03
rand5_11,0.13017767,3.633277690599e-03
rand5_11,0.13254646,3.699456625134e-03
rand5_11,0.13495834,3.766842106273e-03
rand5_11,0.13741412,3.835456168675e-03
rand5_11,0.13991458,3.905321250577e-03
rand5_11,0.14246054,3.976460201222e-03
rand5_11,0.14505283,4.048896288415e-03
rand5_11,0.14769229,4.122653206227e-03
rand5_11,0.15037978,4.197755082837e-03
rand5_11,0.15311617,4.274226488516e-03
rand5_11,0.15590235,4.352092443771e-03
rand5_11,0.15873924,4.431378427617e-03
rand5_11,0.16162774,4.512110386028e-03
rand5_11,0.16456881,4.594314740522e-03
rand5_11,0.16756339,4.678018396919e-03
rand5_11,0.17061246,4.763248754250e-03
rand5_11,0.17371702,4.850033713837e-03
rand5_11,0.17687807,4.938401688544e-03
rand5_11,0.18009664,5.028381612183e-03
rand5_11,0.18337377,5.120002949111e-03
rand5_11,0.18671054,5.213295703997e-03
rand5_11,0.19010803,5.308290431761e-03
rand5_11,0.19356733,5.405018247711e-03
rand5_11,0.19708959,5.503510837854e-03
rand5_11,0.20067594,5.603800469405e-03
rand5_11,0.20432755,5.705920001480e-03
rand5_11,0.2080456,5.809902895998e-03
rand5_11,0.21183131,5.915783228773e-03
rand5_11,0.21568591,6.023595700812e-03
rand5_11,0.21961064,6.133375649824e-03
rand5_11,0.2236068,6.245159061936e-03
rand5_11,0.22767567,6.358982583627e-03
rand5_11,0.23181858,6.474883533876e-03
rand5_11,0.23603687,6.592899916536e-03
rand5_11,0.24033193,6.713070432935e-03
rand5_11,0.24470514,6.835434494705e-03
rand5_11,0.24915792,6.960032236846e-03
rand5_11,0.25369174,7.086904531026e-03
rand5_11,0.25830805,7.216092999130e-03
rand5_11,0.26300836,7.347640027045e-03
rand5_11,0.2677942,7.481588778708e-03
rand5_11,0.27266713,7.617983210403e-03
rand5_11,0.27762873,7.756868085310e-03
rand5_11,0.28268061,7.898288988337e-03
rand5_11,0.28782442,8.042292341199e-03
rand5_11,0.29306183,8.188925417785e-03
rand5_11,0.29839454,8.338236359794e-03
rand5_11,0.30382429,8.490274192656e-03
rand5_11,0.30935284,8.645088841744e-03
rand5_11,0.31498199,8.802731148865e-03
rand5_11,0.32071357,8.963252889058e-03
rand5_11,0.32654945,9.126706787692e-03
rand5_11,0.33249152,9.293146537861e-03
rand5_11,0.33854171,9.462626818100e-03
rand5_11,0.344702,9.635203310407e-03
rand5_11,0.35097438,9.810932718596e-03
rand5_11,0.3573609,9.989872786961e-03
rand5_11,0.36386363,1.017208231928e-02
rand5_11,0.37048469,1.035762119817e-02
rand5_11,0.37722623,1.054655040472e-02
rand5_11,0.38409044,1.073893203856e-02
rand5_11,0.39107956,1.093482933821e-02
rand5_11,0.39819586,1.113430670182e-02
rand5_11,0.40544164,1.133742970824e-02
rand5_11,0.41281928,1.154426513850e-02
rand5_11,0.42033116,1.175488099761e-02
rand5_11,0.42797973,1.196934653677e-02
rand5_11,0.43576748,1.218773227597e-02
rand5_11,0.44369694,1.241011002691e-02
rand5_11,0.45177069,1.263655291643e-02
rand5_11,0.45999135,1.286713541017e-02
rand5_11,0.46836161,1.310193333681e-02
rand5_11,0.47688417,1.334102391259e-02
rand5_11,0.48556181,1.358448576628e-02
rand5_11,0.49439735,1.383239896457e-02
rand5_11,0.50339367,1.408484503787e-02
rand5_11,0.5125537,1.434190700655e-02
rand5_11,0.5218804,1.460366940761e-02
rand5_11,0.53137682,1.487021832172e-02
rand5_11,0.54104604,1.514164140079e-02
rand5_11,0.5508912,1.541802789596e-02
rand5_11,0.56091551,1.569946868595e-02
rand5_11,0.57112224,1.598605630599e-02
rand5_11,0.58151468,1.627788497708e-02
rand5_11,0.59209624,1.657505063581e-02
rand5_11,0.60287034,1.687765096458e-02
rand5_11,0.6138405,1.718578542228e-02
rand5_11,0.62501027,1.749955527544e-02
rand5_11,0.63638329,1.781906362990e-02
rand5_11,0.64796327,1.814441546287e-02
rand5_11,0.65975396,1.847571765551e-02
rand5_11,0.67175919,1.881307902596e-02
rand5_11,0.68398289,1.915661036286e-02
rand5_11,0.69642901,1.950642445934e-02
rand5_11,0.70910161,1.986263614748e-02
rand5_11,0.7220048,2.022536233324e-02
rand5_11,0.73514279,2.059472203188e-02
rand5_11,0.74851985,2.097083640383e-02
rand5_11,0.76214032,2.135382879105e-02
rand5_11,0.77600863,2.174382475385e-02
rand5_11,0.7901293,2.214095210818e-02
rand5_11,0.80450692,2.254534096337e-02
rand5_11,0.81914617,2.295712376034e-02
rand5_11,0.83405179,2.337643531026e-02
rand5_11,0.84922865,2.380341283364e-02
rand5_11,0.86468167,2.423819599990e-02
rand5_11,0.88041588,2.468092696733e-02
rand5_11,0.89643641,2.513175042349e-02
rand5_11,0.91274845,2.559081362603e-02
rand5_11,0.92935731,2.605826644390e-02
rand5_11,0.9462684,2.653426139899e-02
rand5_11,0.96348721,2.701895370808e-02
rand5_11,0.98101934,2.751250132523e-02
rand5_11,0.9988705,2.801506498448e-02
rand5_11,1.0170465,2.852680824288e-02
rand5_11,1.0355532,2.904789752389e-02
rand5_11,1.0543967,2.957850216097e-02
rand5_11,1.0735831,3.011879444157e-02
rand5_11,1.0931186,3.066894965130e-02
rand5_11,1.1130095,3.122914611835e-02
rand5_11,1.1332625,3.179956525809e-02
rand5_11,1.1538839,3.238039161789e-02
rand5_11,1.1748806,3.297181292207e-02
rand5_11,1.1962594,3.357402011693e-02
rand5_11,1.2180272,3.418720741591e-02
rand5_11,1.240191,3.481157234477e-02
rand5_11,1.2627582,3.544731578679e-02
rand5_11,1.285736,3.609464202790e-02
rand5_11,1.309132,3.675375880178e-02
rand5_11,1.3329537,3.742487733483e-02
rand5_11,1.3572088,3.810821239093e-02
rand5_11,1.3819053,3.880398231603e-02
rand5_11,1.4070512,3.951240908242e-02
rand5_11,1.4326547,4.023371833269e-02
rand5_11,1.458724,4.096813942331e-02
rand5_11,1.4852678,4.171590546771e-02
rand5_11,1.5122945,4.247725337890e-02
rand5_11,1.539813,4.325242391142e-02
rand5_11,1.5678323,4.404166170272e-02
rand5_11,1.5963614,4.484521531371e-02
rand5_11,1.6254097,4.566333726852e-02
rand5_11,1.6549865,4.649628409338e-02
rand5_11,1.6851015,4.734431635449e-02
rand5_11,1.7157645,4.820769869475e-02
rand5_11,1.7469855,4.908669986941e-02
rand5_11,1.7787746,4.998159278032e-02
rand5_11,1.8111421,5.089265450890e-02
rand5_11,1.8440987,5.182016634754e-02
rand5_11,1.8776549,5.276441382943e-02
rand5_11,1.9118217,5.372568675664e-02
rand5_11,1.9466102,5.470427922637e-02
rand5_11,1.9820318,5.570048965519e-02
rand5_11,2.0180979,5.671462080127e-02
rand5_11,2.0548203,5.774697978422e-02
rand5_11,2.0922109,5.879787810269e-02
rand5_11,2.1302819,5.986763164937e-02
rand5_11,2.1690457,6.095656072336e-02
rand5_11,2.2085148,6.206499003965e-02
rand5_11,2.2487022,6.319324873571e-02
rand5_11,2.2896208,6.434167037489e-02
rand5_11,2.3312839,6.551059294646e-02
rand5_11,2.3737052,6.670035886232e-02
rand5_11,2.4168984,6.791131494988e-02
rand5_11,2.4608776,6.914381244128e-02
rand5_11,2.5056571,7.039820695847e-02
rand5_11,2.5512514,7.167485849423e-02
rand5_11,2.5976753,7.297413138869e-02
rand5_11,2.644944,7.429639430143e-02
rand5_11,2.6930729,7.564202017867e-02
rand5_11,2.7420775,7.701138621572e-02
rand5_11,2.7919738,7.840487381407e-02
rand5_11,2.842778,7.982286853337e-02
rand5_11,2.8945068,8.126576003777e-02
rand5_11,2.9471768,8.273394203654e-02
rand5_11,3.0008052,8.422781221890e-02
rand5_11,3.0554095,8.574777218263e-02
rand5_11,3.1110073,8.729422735650e-02
rand5_11,3.1676169,8.886758691616e-02
rand5_11,3.2252566,9.046826369347e-02
rand5_11,3.2839451,9.209667407893e-02
rand5_11,3.3437015,9.375323791718e-02
rand5_11,3.4045453,9.543837839530e-02
rand5_11,3.4664963,9.715252192385e-02
rand5_11,3.5295745,9.889609801038e-02
rand5_11,3.5938005,1.006695391255e-01
rand5_11,3.6591953,1.024732805608e-01
rand5_11,3.72578,1.043077602797e-01
rand5_11,3.7935763,1.061734187594e-01
rand5_11,3.8626062,1.080706988257e-01
rand5_11,3.9328923,1.100000454787e-01
rand5_11,4.0044573,1.119619057113e-01
rand5_11,4.0773246,1.139567283190e-01
rand5_11,4.1515178,1.159849637010e-01
rand5_11,4.227061,1.180470636539e-01
rand5_11,4.3039789,1.201434811565e-01
rand5_11,4.3822965,1.222746701462e-01
rand5_11,4.4620391,1.244410852881e-01
rand5_11,4.5432328,1.266431817344e-01
rand5_11,4.6259039,1.288814148775e-01
rand5_11,4.7100793,1.311562400933e-01
rand5_11,4.7957865,1.334681124784e-01
rand5_11,4.8830532,1.358174865779e-01
rand5_11,4.9719078,1.382048161071e-01
rand5_11,5.0623794,1.406305536646e-01
rand5_11,5.1544971,1.430951504390e-01
rand5_11,5.2482912,1.455990559083e-01
rand5_11,5.3437919,1.481427175325e-01
rand5_11,5.4410304,1.507265804399e-01
rand5_11,5.5400383,1.533510871068e-01
rand5_11,5.6408479,1.560166770317e-01
rand5_11,5.7434918,1.587237864032e-01
rand5_11,5.8480034,1.614728477630e-01
rand5_11,5.9544169,1.642642896635e-01
rand5_11,6.0627667,1.670985363203e-01
rand5_11,6.173088,1.699760072607e-01
rand5_11,6.2854169,1.728971169675e-01
rand5_11,6.3997897,1.758622745188e-01
rand5_11,6.5162437,1.788718832240e-01
rand5_11,6.6348168,1.819263402565e-01
rand5_11,6.7555475,1.850260362832e-01
rand5_11,6.8784751,1.881713550901e-01
rand5_11,7.0036396,1.913626732061e-01
rand5_11,7.1310816,1.946003595231e-01
rand5_11,7.2608426,1.978847749141e-01
rand5_11,7.3929648,2.012162718485e-01
rand5_11,7.5274911,2.045951940045e-01
rand5_11,7.6644654,2.080218758796e-01
rand5_11,7.8039322,2.114966423984e-01
rand5_11,7.9459367,2.150198085177e-01
rand5_11,8.0905253,2.185916788284e-01
rand5_11,8.2377449,2.222125471557e-01
rand5_11,8.3876433,2.258826961552e-01
rand5_11,8.5402694,2.296023969061e-01
rand5_11,8.6956727,2.333719085009e-01
rand5_11,8.8539039,2.371914776311e-01
rand5_11,9.0150143,2.410613381690e-01
rand5_11,9.1790564,2.449817107449e-01
rand5_11,9.3460834,2.489528023186e-01
rand5_11,9.5161498,2.529748057475e-01
rand5_11,9.6893108,2.570478993470e-01
rand5_11,9.8656227,2.611722464460e-01
rand5_11,10.045143,2.653479949358e-01
rand5_11,10.22793,2.695752768118e-01
rand5_11,10.414043,2.738542077081e-01
rand5_11,10.603542,2.781848864251e-01
rand5_11,10.79649,2.825673944479e-01
rand5_11,10.992949,2.870017954578e-01
rand5_11,11.192982,2.914881348344e-01
rand5_11,11.396656,2.960264391496e-01
rand5_11,11.604036,3.006167156518e-01
rand5_11,11.815189,3.052589517422e-01
rand5_11,12.030184,3.099531144407e-01
rand5_11,12.249092,3.146991498432e-01
rand5_11,12.471983,3.194969825692e-01
rand5_11,12.69893,3.243465152004e-01
rand5_11,12.930007,3.292476277095e-01
rand5_11,13.165288,3.342001768801e-01
rand5_11,13.404851,3.392039957170e-01
rand5_11,13.648773,3.442588928476e-01
rand5_11,13.897133,3.493646519140e-01
rand5_11,14.150013,3.545210309565e-01
rand5_11,14.407494,3.597277617880e-01
rand5_11,14.669661,3.649845493592e-01
rand5_11,14.936598,3.702910711166e-01
rand5_11,15.208392,3.756469763501e-01
rand5_11,15.485132,3.810518855339e-01
rand5_11,15.766908,3.865053896578e-01
rand5_11,16.053811,3.920070495517e-01
rand5_11,16.345935,3.975563952009e-01
rand5_11,16.643375,4.031529250547e-01
rand5_11,16.946226,4.087961053271e-01
rand5_11,17.254589,4.144853692908e-01
rand5_11,17.568563,4.202201165642e-01
rand5_11,17.88825,4.259997123926e-01
rand5_11,18.213754,4.318234869247e-01
rand5_11,18.545181,4.376907344837e-01
rand5_11,18.88264,4.436007128360e-01
rand5_11,19.226238,4.495526424579e-01
rand5_11,19.576089,4.555457058018e-01
rand5_11,19.932306,4.615790465640e-01
rand5_11,20.295005,4.676517689564e-01
rand5_11,20.664304,4.737629369847e-01
rand5_11,21.040323,4.799115737355e-01
rand5_11,21.423184,4.860966606753e-01
rand5_11,21.813012,4.923171369666e-01
rand5_11,22.209933,4.985718988030e-01
rand5_11,22.614077,5.048597987681e-01
rand5_11,23.025575,5.111796452246e-01
rand5_11,23.444561,5.175302017354e-01
rand5_11,23.871171,5.239101865254e-01
rand5_11,24.305544,5.303182719863e-01
rand5_11,24.74782,5.367530842333e-01
rand5_11,25.198145,5.432132027169e-01
rand5_11,25.656664,5.496971598980e-01
rand5_11,26.123527,5.562034409914e-01
rand5_11,26.598884,5.627304837848e-01
rand5_11,27.082892,5.692766785387e-01
rand5_11,27.575707,5.758403679739e-01
rand5_11,28.077489,5.824198473537e-01
rand5_11,28.588402,5.890133646641e-01
rand5_11,29.108612,5.956191209011e-01
rand5_11,29.638288,6.022352704676e-01
rand5_11,30.177603,6.088599216871e-01
rand5_11,30.726731,6.154911374370e-01
rand5_11,31.285851,6.221269359084e-01
rand5_11,31.855145,6.287652914927e-01
rand5_11,32.434798,6.354041358025e-01
rand5_11,33.025,6.420413588259e-01
rand5_11,33.62594,6.486748102190e-01
rand5_11,34.237816,6.553023007378e-01
rand5_11,34.860826,6.619216038105e-01
rand5_11,35.495172,6.685304572509e-01
rand5_11,36.141062,6.751265651142e-01
rand5_11,36.798704,6.817075996934e-01
rand5_11,37.468313,6.882712036571e-01
rand5_11,38.150106,6.948149923265e-01
rand5_11,38.844306,7.013365560895e-01
rand5_11,39.551138,7.078334629517e-01
rand5_11,40.270832,7.143032612188e-01
rand5_11,41.003622,7.207434823103e-01
rand5_11,41.749746,7.271516436991e-01
rand5_11,42.509447,7.335252519733e-01
rand5_11,43.282972,7.398618060173e-01
rand5_11,44.070572,7.461588003061e-01
rand5_11,44.872504,7.524137283086e-01
rand5_11,45.689028,7.586240859944e-01
rand5_11,46.52041,7.647873754379e-01
rand5_11,47.366921,7.709011085141e-01
rand5_11,48.228835,7.769628106795e-01
rand5_11,49.106433,7.829700248307e-01
rand5_11,50,7.889203152331e-01
rand5_12,0.001,7.177343423710e-05
rand5_12,0.0010181965,7.307944066630e-05
rand5_12,0.0010367242,7.440921109681e-05
rand5_12,0.001055589,7.576317792021e-05
rand5_12,0.0010747971,7.714178139777e-05
rand5_12,0.0010943546,7.854546979983e-05
rand5_12,0.0011142681,7.997469955369e-05
rand5_12,0.0011345439,8.142993538666e-05
rand5_12,0.0011551887,8.291165048804e-05
rand5_12,0.0011762091,8.442032665038e-05
rand5_12,0.0011976121,8.595645443500e-05
rand5_12,0.0012194045,8.752053332651e-05
rand5_12,0.0012415934,8.911307189678e-05
rand5_12,0.0012641861,9.073458797467e-05
rand5_12,0.0012871899,9.238560880488e-05
rand5_12,0.0013106123,9.406667122687e-05
rand5_12,0.0013344609,9.577832184660e-05
rand5_12,0.0013587435,9.752111721555e-05
rand5_12,0.0013834679,9.929562401057e-05
rand5_12,0.0014086423,1.011024192159e-04
rand5_12,0.0014342747,1.029420903163e-04
rand5_12,0.0014603735,1.048152354837e-04
rand5_12,0.0014869473,1.067224637699e-04
rand5_12,0.0015140046,1.086643953126e-04
rand5_12,0.0015415542,1.106416615254e-04
rand5_12,0.0015696052,1.126549053149e-04
rand5_12,0.0015981665,1.147047812803e-04
rand5_12,0.0016272476,1.167919559304e-04
rand5_12,0.0016568579,1.189171079007e-04
rand5_12,0.001687007,1.210809281721e-04
rand5_12,0.0017177047,1.232841202965e-04
rand5_12,0.001748961,1.255274006244e-04
rand5_12,0.001780786,1.278114985392e-04
rand5_12,0.0018131901,1.301371566935e-04
rand5_12,0.0018461839,1.325051312507e-04
rand5_12,0.0018797781,1.349161921300e-04
rand5_12,0.0019139835,1.373711232567e-04
rand5_12,0.0019488114,1.398707228164e-04
rand5_12,0.001984273,1.424158035196e-04
rand5_12,0.00202038,1.450071928564e-04
rand5_12,0.0020571439,1.476457333723e-04
rand5_12,0.0020945768,1.503322829412e-04
rand5_12,0.0021326908,1.530677150419e-04
rand5_12,0.0021714984,1.558529190434e-04
rand5_12,0.0022110122,1.586888004929e-04
rand5_12,0.0022512449,1.615762814120e-04
rand5_12,0.0022922098,1.645163005953e-04
rand5_12,0.0023339201,1.675098139123e-04
rand5_12,0.0023763894,1.705577946239e-04
rand5_12,0.0024196314,1.736612336937e-04
rand5_12,0.0024636603,1.768211401139e-04
rand5_12,0.0025084904,1.800385412279e-04
rand5_12,0.0025541363,1.833144830688e-04
rand5_12,0.0026006127,1.866500306989e-04
rand5_12,0.0026479349,1.900462685511e-04
rand5_12,0.0026961181,1.935043007878e-04
rand5_12,0.0027451782,1.970252516533e-04
rand5_12,0.0027951309,2.006102658445e-04
rand5_12,0.0028459926,2.042605088799e-04
rand5_12,0.0028977798,2.079771674776e-04
rand5_12,0.0029505094,2.117614499412e-04
rand5_12,0.0030041984,2.156145865558e-04
rand5_12,0.0030588645,2.195378299804e-04
rand5_12,0.0031145252,2.235324556631e-04
rand5_12,0.0031711988,2.275997622489e-04
rand5_12,0.0032289036,2.317410720031e-04
rand5_12,0.0032876585,2.359577312465e-04
rand5_12,0.0033474825,2.402511107814e-04
rand5_12,0.0034083951,2.446226063481e-04
rand5_12,0.0034704161,2.490736390692e-04
rand5_12,0.0035335657,2.536056559197e-04
rand5_12,0.0035978643,2.582201301899e-04
rand5_12,0.003663333,2.629185619648e-04
rand5_12,0.003729993,2.677024786162e-04
rand5_12,0.003797866,2.725734352938e-04
rand5_12,0.003866974,2.775330154304e-04
rand5_12,0.0039373395,2.825828312605e-04
rand5_12,0.0040089855,2.877245243367e-04
rand5_12,0.0040819351,2.929597660694e-04
rand5_12,0.0041562122,2.982902582664e-04
rand5_12,0.0042318409,3.037177336863e-04
rand5_12,0.0043088458,3.092439565988e-04
rand5_12,0.0043872519,3.148707233611e-04
rand5_12,0.0044670847,3.205998629975e-04
rand5_12,0.0045483701,3.264332377960e-04
rand5_12,0.0046311347,3.323727439130e-04
rand5_12,0.0047154054,3.384203119855e-04
rand5_12,0.0048012094,3.445779077604e-04
rand5_12,0.0048885748,3.508475327322e-04
rand5_12,0.00497753,3.572312247940e-04
rand5_12,0.0050681038,3.637310588958e-04
rand5_12,0.0051603257,3.703491477201e-04
rand5_12,0.0052542258,3.770876423675e-04
rand5_12,0.0053498345,3.839487330543e-04
rand5_12,0.005447183,3.909346498236e-04
rand5_12,0.0055463029,3.980476632682e-04
rand5_12,0.0056472264,4.052900852695e-04
rand5_12,0.0057499864,4.126642697453e-04
rand5_12,0.0058546163,4.201726134128e-04
rand5_12,0.00596115,4.278175565726e-04
rand5_12,0.0060696223,4.356015838914e-04
rand5_12,0.0061800684,4.435272252161e-04
rand5_12,0.0062925243,4.515970563879e-04
rand5_12,0.0064070265,4.598137000821e-04
rand5_12,0.0065236122,4.681798266602e-04
rand5_12,0.0066423193,4.766981550315e-04
rand5_12,0.0067631866,4.853714535383e-04
rand5_12,0.0068862532,4.942025408500e-04
rand5_12,0.0070115591,5.031942868862e-04
rand5_12,0.0071391452,5.123496137349e-04
rand5_12,0.007269053,5.216714966114e-04
rand5_12,0.0074013246,5.311629648161e-04
rand5_12,0.0075360031,5.408271027193e-04
rand5_12,0.0076731323,5.506670507640e-04
rand5_12,0.0078127567,5.606860064764e-04
rand5_12,0.0079549219,5.708872255114e-04
rand5_12,0.0080996739,5.812740227017e-04
rand5_12,0.0082470599,5.918497731382e-04
rand5_12,0.0083971279,6.026179132573e-04
rand5_12,0.0085499266,6.135819419613e-04
rand5_12,0.0087055056,6.247454217473e-04
rand5_12,0.0088639157,6.361119798646e-04
rand5_12,0.0090252083,6.476853094922e-04
rand5_12,0.0091894359,6.594691709292e-04
rand5_12,0.0093566518,6.714673928213e-04
rand5_12,0.0095269105,6.836838733929e-04
rand5_12,0.0097002673,6.961225817206e-04
rand5_12,0.0098767786,7.087875590065e-04
rand5_12,0.010056502,7.216829198992e-04
rand5_12,0.010239495,7.348128538210e-04
rand5_12,0.010425819,7.481816263218e-04
rand5_12,0.010615533,7.617935804672e-04
rand5_12,0.010808698,7.756531382434e-04
rand5_12,0.011005379,7.897648019860e-04
rand5_12,0.011205639,8.041331558408e-04
rand5_12,0.011409543,8.187628672473e-04
rand5_12,0.011617157,8.336586884484e-04
rand5_12,0.011828549,8.488254580332e-04
rand5_12,0.012043788,8.642681025003e-04
rand5_12,0.012262943,8.799916378499e-04
rand5_12,0.012486086,8.960011712137e-04
rand5_12,0.01271329,9.123019025011e-04
rand5_12,0.012944628,9.288991260860e-04
rand5_12,0.013180175,9.457982325200e-04
rand5_12,0.013420009,9.630047102746e-04
rand5_12,0.013664207,9.805241475165e-04
rand5_12,0.013912848,9.983622339167e-04
rand5_12,0.014166013,1.016524762494e-03
rand5_12,0.014423786,1.035017631478e-03
rand5_12,0.014686249,1.053846846232e-03
rand5_12,0.014953488,1.073018521178e-03
rand5_12,0.01522559,1.092538881788e-03
rand5_12,0.015502643,1.112414266588e-03
rand5_12,0.015784737,1.132651129212e-03
rand5_12,0.016071965,1.153256040481e-03
rand5_12,0.016364419,1.174235690536e-03
rand5_12,0.016662195,1.195596890992e-03
rand5_12,0.016965389,1.217346577142e-03
rand5_12,0.0172741,1.239491810197e-03
rand5_12,0.017588429,1.262039779569e-03
rand5_12,0.017908478,1.284997805190e-03
rand5_12,0.01823435,1.308373339875e-03
rand5_12,0.018566152,1.332173971737e-03
rand5_12,0.018903992,1.356407426622e-03
rand5_12,0.019247979,1.381081570619e-03
rand5_12,0.019598226,1.406204412588e-03
rand5_12,0.019954845,1.431784106749e-03
rand5_12,0.020317955,1.457828955313e-03
rand5_12,0.020687671,1.484347411158e-03
rand5_12,0.021064115,1.511348080561e-03
rand5_12,0.021447409,1.538839725969e-03
rand5_12,0.021837678,1.566831268825e-03
rand5_12,0.022235048,1.595331792451e-03
rand5_12,0.022639649,1.624350544966e-03
rand5_12,0.023051612,1.653896942276e-03
rand5_12,0.023471072,1.683980571104e-03
rand5_12,0.023898164,1.714611192079e-03
rand5_12,0.024333028,1.745798742885e-03
rand5_12,0.024775805,1.777553341458e-03
rand5_12,0.025226639,1.809885289242e-03
rand5_12,0.025685676,1.842805074515e-03
rand5_12,0.026153066,1.876323375759e-03
rand5_12,0.026628962,1.910451065095e-03
rand5_12,0.027113517,1.945199211789e-03
rand5_12,0.027606889,1.980579085810e-03
rand5_12,0.028109239,2.016602161454e-03
rand5_12,0.02862073,2.053280121039e-03
rand5_12,0.029141528,2.090624858654e-03
rand5_12,0.029671803,2.128648483992e-03
rand5_12,0.030211727,2.167363326237e-03
rand5_12,0.030761476,2.206781938025e-03
rand5_12,0.031321228,2.246917099483e-03
rand5_12,0.031891166,2.287781822326e-03
rand5_12,0.032471475,2.329389354042e-03
rand5_12,0.033062344,2.371753182142e-03
rand5_12,0.033663964,2.414887038493e-03
rand5_12,0.034276531,2.458804903719e-03
rand5_12,0.034900246,2.503521011691e-03
rand5_12,0.035535309,2.549049854090e-03
rand5_12,0.036181929,2.595406185055e-03
rand5_12,0.036840315,2.642605025913e-03
rand5_12,0.037510681,2.690661669991e-03
rand5_12,0.038193246,2.739591687520e-03
rand5_12,0.038888231,2.789410930620e-03
rand5_12,0.039595862,2.840135538375e-03
rand5_12,0.04031637,2.891781942001e-03
rand5_12,0.041049988,2.944366870102e-03
rand5_12,0.041796956,2.997907354031e-03
rand5_12,0.042557516,3.052420733323e-03
rand5_12,0.043331915,3.107924661255e-03
rand5_12,0.044120406,3.164437110469e-03
rand5_12,0.044923245,3.221976378737e-03
rand5_12,0.045740692,3.280561094787e-03
rand5_12,0.046573015,3.340210224263e-03
rand5_12,0.047420482,3.400943075775e-03
rand5_12,0.048283371,3.462779307056e-03
rand5_12,0.049161961,3.525738931242e-03
rand5_12,0.050056539,3.589842323241e-03
rand5_12,0.050967395,3.655110226239e-03
rand5_12,0.051894825,3.721563758302e-03
rand5_12,0.052839131,3.789224419102e-03
rand5_12,0.053800621,3.858114096765e-03
rand5_12,0.054779606,3.928255074833e-03
rand5_12,0.055776405,3.999670039357e-03
rand5_12,0.056791342,4.072382086102e-03
rand5_12,0.057824748,4.146414727900e-03
rand5_12,0.058876959,4.221791902105e-03
rand5_12,0.059948316,4.298537978206e-03
rand5_12,0.061039167,4.376677765555e-03
rand5_12,0.062149869,4.456236521243e-03
rand5_12,0.063280782,4.537239958103e-03
rand5_12,0.064432273,4.619714252864e-03
rand5_12,0.065604717,4.703686054440e-03
rand5_12,0.066798496,4.789182492374e-03
rand5_12,0.068013998,4.876231185412e-03
rand5_12,0.069251617,4.964860250252e-03
rand5_12,0.070511757,5.055098310421e-03
rand5_12,0.071794827,5.146974505327e-03
rand5_12,0.073101244,5.240518499454e-03
rand5_12,0.074431434,5.335760491725e-03
rand5_12,0.075785828,5.432731225034e-03
rand5_12,0.077164868,5.531461995924e-03
rand5_12,0.078569002,5.631984664458e-03
rand5_12,0.079998686,5.734331664242e-03
rand5_12,0.081454385,5.838536012631e-03
rand5_12,0.082936573,5.944631321112e-03
rand5_12,0.084445731,6.052651805864e-03
rand5_12,0.085982352,6.162632298506e-03
rand5_12,0.087546933,6.274608257016e-03
rand5_12,0.089139984,6.388615776861e-03
rand5_12,0.090762023,6.504691602301e-03
rand5_12,0.092413578,6.622873137892e-03
rand5_12,0.094095185,6.743198460197e-03
rand5_12,0.095807392,6.865706329680e-03
rand5_12,0.097550755,6.990436202822e-03
rand5_12,0.099325841,7.117428244432e-03
rand5_12,0.10113323,7.246723340173e-03
rand5_12,0.1029735,7.378363109309e-03
rand5_12,0.10484726,7.512389917657e-03
rand5_12,0.10675512,7.648846890767e-03
rand5_12,0.1086977,7.787777927331e-03
rand5_12,0.11067562,7.929227712807e-03
rand5_12,0.11268953,8.073241733284e-03
rand5_12,0.11474009,8.219866289586e-03
rand5_12,0.11682796,8.369148511600e-03
rand5_12,0.11895383,8.521136372860e-03
rand5_12,0.12111837,8.675878705368e-03
rand5_12,0.12332231,8.833425214673e-03
rand5_12,0.12556635,8.993826495192e-03
rand5_12,0.12785122,9.157134045802e-03
rand5_12,0.13017767,9.323400285678e-03
rand5_12,0.13254646,9.492678570411e-03
rand5_12,0.13495834,9.665023208386e-03
rand5_12,0.13741412,9.840489477427e-03
rand5_12,0.13991458,1.001913364174e-02
rand5_12,0.14246054,1.020101296910e-02
rand5_12,0.14505283,1.038618574838e-02
rand5_12,0.14769229,1.057471130729e-02
rand5_12,0.15037978,1.076665003051e-02
rand5_12,0.15311617,1.096206337800e-02
rand5_12,0.15590235,1.116101390373e-02
rand5_12,0.15873924,1.136356527460e-02
rand5_12,0.16162774,1.156978228982e-02
rand5_12,0.16456881,1.177973090041e-02
rand5_12,0.16756339,1.199347822921e-02
rand5_12,0.17061246,1.221109259105e-02
rand5_12,0.17371702,1.243264351338e-02
rand5_12,0.17687807,1.265820175714e-02
rand5_12,0.18009664,1.288783933802e-02
rand5_12,0.18337377,1.312162954800e-02
rand5_12,0.18671054,1.335964697731e-02
rand5_12,0.19010803,1.360196753668e-02
rand5_12,0.19356733,1.384866847997e-02
rand5_12,0.19708959,1.409982842714e-02
rand5_12,0.20067594,1.435552738759e-02
rand5_12,0.20432755,1.461584678387e-02
rand5_12,0.2080456,1.488086947578e-02
rand5_12,0.21183131,1.515067978477e-02
rand5_12,0.21568591,1.542536351881e-02
rand5_12,0.21961064,1.570500799759e-02
rand5_12,0.2236068,1.598970207811e-02
rand5_12,0.22767567,1.627953618067e-02
rand5_12,0.23181858,1.657460231530e-02
rand5_12,0.23603687,1.687499410847e-02
rand5_12,0.24033193,1.718080683033e-02
rand5_12,0.24470514,1.749213742230e-02
rand5_12,0.24915792,1.780908452506e-02
rand5_12,0.25369174,1.813174850698e-02
rand5_12,0.25830805,1.846023149300e-02
rand5_12,0.26300836,1.879463739382e-02
rand5_12,0.2677942,1.913507193565e-02
rand5_12,0.27266713,1.948164269033e-02
rand5_12,0.27762873,1.983445910585e-02
rand5_12,0.28268061,2.019363253737e-02
rand5_12,0.28782442,2.055927627864e-02
rand5_12,0.29306183,2.093150559389e-02
rand5_12,0.29839454,2.131043775012e-02
rand5_12,0.30382429,2.169619204992e-02
rand5_12,0.30935284,2.208888986461e-02
rand5_12,0.31498199,2.248865466799e-02
rand5_12,0.32071357,2.289561207045e-02
rand5_12,0.32654945,2.330988985351e-02
rand5_12,0.33249152,2.373161800494e-02
rand5_12,0.33854171,2.416092875418e-02
rand5_12,0.344702,2.459795660839e-02
rand5_12,0.35097438,2.504283838883e-02
rand5_12,0.3573609,2.549571326777e-02
rand5_12,0.36386363,2.595672280584e-02
rand5_12,0.37048469,2.642601098986e-02
rand5_12,0.37722623,2.690372427112e-02
rand5_12,0.38409044,2.739001160415e-02
rand5_12,0.39107956,2.788502448589e-02
rand5_12,0.39819586,2.838891699538e-02
rand5_12,0.40544164,2.890184583391e-02
rand5_12,0.41281928,2.942397036557e-02
rand5_12,0.42033116,2.995545265830e-02
rand5_12,0.42797973,3.049645752541e-02
rand5_12,0.43576748,3.104715256747e-02
rand5_12,0.44369694,3.160770821470e-02
rand5_12,0.45177069,3.217829776980e-02
rand5_12,0.45999135,3.275909745118e-02
rand5_12,0.46836161,3.335028643663e-02
rand5_12,0.47688417,3.395204690741e-02
rand5_12,0.48556181,3.456456409274e-02
rand5_12,0.49439735,3.518802631472e-02
rand5_12,0.50339367,3.582262503358e-02
rand5_12,0.5125537,3.646855489339e-02
rand5_12,0.5218804,3.712601376810e-02
rand5_12,0.53137682,3.779520280790e-02
rand5_12,0.54104604,3.847632648603e-02
rand5_12,0.5508912,3.916959264582e-02
rand5_12,0.56091551,3.987521254808e-02
rand5_12,0.57112224,4.059340091885e-02
rand5_12,0.58151468,4.132437599731e-02
rand5_12,0.59209624,4.206835958408e-02
rand5_12,0.60287034,4.282557708969e-02
rand5_12,0.6138405,4.359625758330e-02
rand5_12,0.62501027,4.438063384160e-02
rand5_12,0.63638329,4.517894239791e-02
rand5_12,0.64796327,4.599142359145e-02
rand5_12,0.65975396,4.681832161665e-02
rand5_12,0.67175919,4.765988457266e-02
rand5_12,0.68398289,4.851636451284e-02
rand5_12,0.69642901,4.938801749432e-02
rand5_12,0.70910161,5.027510362759e-02
rand5_12,0.7220048,5.117788712593e-02
rand5_12,0.73514279,5.209663635493e-02
rand5_12,0.74851985,5.303162388171e-02
rand5_12,0.76214032,5.398312652415e-02
rand5_12,0.77600863,5.495142539974e-02
rand5_12,0.7901293,5.593680597433e-02
rand5_12,0.80450692,5.693955811045e-02
rand5_12,0.81914617,5.795997611535e-02
rand5_12,0.83405179,5.899835878855e-02
rand5_12,0.84922865,6.005500946896e-02
rand5_12,0.86468167,6.113023608146e-02
rand5_12,0.88041588,6.222435118284e-02
rand5_12,0.89643641,6.333767200710e-02
rand5_12,0.91274845,6.447052050998e-02
rand5_12,0.92935731,6.562322341264e-02
rand5_12,0.9462684,6.679611224450e-02
rand5_12,0.96348721,6.798952338506e-02
rand5_12,0.98101934,6.920379810461e-02
rand5_12,0.9988705,7.043928260381e-02
rand5_12,1.0170465,7.169632805200e-02
rand5_12,1.0355532,7.297529062417e-02
rand5_12,1.0543967,7.427653153637e-02
rand5_12,1.0735831,7.560041707963e-02
rand5_12,1.0931186,7.694731865215e-02
rand5_12,1.1130095,7.831761278965e-02
rand5_12,1.1332625,7.971168119380e-02
rand5_12,1.1538839,8.112991075858e-02
rand5_12,1.1748806,8.257269359440e-02
rand5_12,1.1962594,8.404042704983e-02
rand5_12,1.2180272,8.553351373093e-02
rand5_12,1.240191,8.705236151780e-02
rand5_12,1.2627582,8.859738357833e-02
rand5_12,1.285736,9.016899837903e-02
rand5_12,1.309132,9.176762969252e-02
rand5_12,1.3329537,9.339370660185e-02
rand5_12,1.3572088,9.504766350111e-02
rand5_12,1.3819053,9.672994009235e-02
rand5_12,1.4070512,9.844098137858e-02
rand5_12,1.4326547,1.001812376525e-01
rand5_12,1.458724,1.019511644808e-01
rand5_12,1.4852678,1.037512226842e-01
rand5_12,1.5122945,1.055818783118e-01
rand5_12,1.539813,1.074436026113e-01
rand5_12,1.5678323,1.093368719930e-01
rand5_12,1.5963614,1.112621679886e-01
rand5_12,1.6254097,1.132199772040e-01
rand5_12,1.6549865,1.152107912654e-01
rand5_12,1.6851015,1.172351067597e-01
rand5_12,1.7157645,1.192934251674e-01
rand5_12,1.7469855,1.213862527885e-01
rand5_12,1.7787746,1.235141006609e-01
rand5_12,1.8111421,1.256774844709e-01
rand5_12,1.8440987,1.278769244556e-01
rand5_12,1.8776549,1.301129452967e-01
rand5_12,1.9118217,1.323860760052e-01
rand5_12,1.9466102,1.346968497968e-01
rand5_12,1.9820318,1.370458039576e-01
rand5_12,2.0180979,1.394334796998e-01
rand5_12,2.0548203,1.418604220060e-01
rand5_12,2.0922109,1.443271794636e-01
rand5_12,2.1302819,1.468343040870e-01
rand5_12,2.1690457,1.493823511277e-01
rand5_12,2.2085148,1.519718788721e-01
rand5_12,2.2487022,1.546034484270e-01
rand5_12,2.2896208,1.572776234903e-01
rand5_12,2.3312839,1.599949701090e-01
rand5_12,2.3737052,1.627560564221e-01
rand5_12,2.4168984,1.655614523884e-01
rand5_12,2.4608776,1.684117294988e-01
rand5_12,2.5056571,1.713074604725e-01
rand5_12,2.5512514,1.742492189364e-01
rand5_12,2.5976753,1.772375790871e-01
rand5_12,2.644944,1.802731153353e-01
rand5_12,2.6930729,1.833564019308e-01
rand5_12,2.7420775,1.864880125693e-01
rand5_12,2.7919738,1.896685199790e-01
rand5_12,2.842778,1.928984954866e-01
rand5_12,2.8945068,1.961785085625e-01
rand5_12,2.9471768,1.995091263442e-01
rand5_12,3.0008052,2.028909131372e-01
rand5_12,3.0554095,2.063244298934e-01
rand5_12,3.1110073,2.098102336648e-01
rand5_12,3.1676169,2.133488770340e-01
rand5_12,3.2252566,2.169409075191e-01
rand5_12,3.2839451,2.205868669528e-01
rand5_12,3.3437015,2.242872908361e-01
rand5_12,3.4045453,2.280427076636e-01
rand5_12,3.4664963,2.318536382228e-01
rand5_12,3.5295745,2.357205948644e-01
rand5_12,3.5938005,2.396440807436e-01
rand5_12,3.6591953,2.436245890327e-01
rand5_12,3.72578,2.476626021034e-01
rand5_12,3.7935763,2.517585906787e-01
rand5_12,3.8626062,2.559130129539e-01
rand5_12,3.9328923,2.601263136857e-01
rand5_12,4.0044573,2.643989232502e-01
rand5_12,4.0773246,2.687312566678e-01
rand5_12,4.1515178,2.731237125961e-01
rand5_12,4.227061,2.775766722890e-01
rand5_12,4.3039789,2.820904985235e-01
rand5_12,4.3822965,2.866655344924e-01
rand5_12,4.4620391,2.913021026636e-01
rand5_12,4.5432328,2.960005036060e-01
rand5_12,4.6259039,3.007610147814e-01
rand5_12,4.7100793,3.055838893031e-01
rand5_12,4.7957865,3.104693546614e-01
rand5_12,4.8830532,3.154176114157e-01
rand5_12,4.9719078,3.204288318544e-01
rand5_12,5.0623794,3.255031586221e-01
rand5_12,5.1544971,3.306407033161e-01
rand5_12,5.2482912,3.358415450517e-01
rand5_12,5.3437919,3.411057289980e-01
rand5_12,5.4410304,3.464332648847e-01
rand5_12,5.5400383,3.518241254816e-01
rand5_12,5.6408479,3.572782450518e-01
rand5_12,5.7434918,3.627955177810e-01
rand5_12,5.8480034,3.683757961830e-01
rand5_12,5.9544169,3.740188894847e-01
rand5_12,6.0627667,3.797245619930e-01
rand5_12,6.173088,3.854925314444e-01
rand5_12,6.2854169,3.913224673413e-01
rand5_12,6.3997897,3.972139892775e-01
rand5_12,6.5162437,4.031666652553e-01
rand5_12,6.6348168,4.091800099984e-01
rand5_12,6.7555475,4.152534832640e-01
rand5_12,6.8784751,4.213864881571e-01
rand5_12,7.0036396,4.275783694526e-01
rand5_12,7.1310816,4.338284119279e-01
rand5_12,7.2608426,4.401358387126e-01
rand5_12,7.3929648,4.464998096588e-01
rand5_12,7.5274911,4.529194197375e-01
rand5_12,7.6644654,4.593936974679e-01
rand5_12,7.8039322,4.659216033840e-01
rand5_12,7.9459367,4.725020285454e-01
rand5_12,8.0905253,4.791337930999e-01
rand5_12,8.2377449,4.858156449018e-01
rand5_12,8.3876433,4.925462581972e-01
rand5_12,8.5402694,4.993242323794e-01
rand5_12,8.6956727,5.061480908263e-01
rand5_12,8.8539039,5.130162798238e-01
rand5_12,9.0150143,5.199271675875e-01
rand5_12,9.1790564,5.268790433873e-01
rand5_12,9.3460834,5.338701167873e-01
rand5_12,9.5161498,5.408985170071e-01
rand5_12,9.6893108,5.479622924157e-01
rand5_12,9.8656227,5.550594101656e-01
rand5_12,10.045143,5.621877559787e-01
rand5_12,10.22793,5.693451340911e-01
rand5_12,10.414043,5.765292673684e-01
rand5_12,10.603542,5.837377976001e-01
rand5_12,10.79649,5.909682859830e-01
rand5_12,10.992949,5.982182138029e-01
rand5_12,11.192982,6.054849833244e-01
rand5_12,11.396656,6.127659188970e-01
rand5_12,11.604036,6.200582682879e-01
rand5_12,11.815189,6.273592042492e-01
rand5_12,12.030184,6.346658263265e-01
rand5_12,12.249092,6.419751629199e-01
rand5_12,12.471983,6.492841736008e-01
rand5_12,12.69893,6.565897516941e-01
rand5_12,12.930007,6.638887271295e-01
rand5_12,13.165288,6.711778695691e-01
rand5_12,13.404851,6.784538918131e-01
rand5_12,13.648773,6.857134534891e-01
rand5_12,13.897133,6.929531650263e-01
rand5_12,14.150013,7.001695919155e-01
rand5_12,14.407494,7.073592592552e-01
rand5_12,14.669661,7.145186565824e-01
rand5_12,14.936598,7.216442429857e-01
rand5_12,15.208392,7.287324524957e-01
rand5_12,15.485132,7.357796997480e-01
rand5_12,15.766908,7.427823859101e-01
rand5_12,16.053811,7.497369048656e-01
rand5_12,16.345935,7.566396496423e-01
rand5_12,16.643375,7.634870190739e-01
rand5_12,16.946226,7.702754246801e-01
rand5_12,17.254589,7.770012977489e-01
rand5_12,17.568563,7.836610966043e-01
rand5_12,17.88825,7.902513140385e-01
rand5_12,18.213754,7.967684848878e-01
rand5_12,18.545181,8.032091937282e-01
rand5_12,18.88264,8.095700826663e-01
rand5_12,19.226238,8.158478591980e-01
rand5_12,19.576089,8.220393041070e-01
rand5_12,19.932306,8.281412793721e-01
rand5_12,20.295005,8.341507360531e-01
rand5_12,20.664304,8.400647221214e-01
rand5_12,21.040323,8.458803902012e-01
rand5_12,21.423184,8.515950051871e-01
rand5_12,21.813012,8.572059517012e-01
rand5_12,22.209933,8.627107413534e-01
rand5_12,22.614077,8.681070197678e-01
rand5_12,23.025575,8.733925733386e-01
rand5_12,23.444561,8.785653356766e-01
rand5_12,23.871171,8.836233937110e-01
rand5_12,24.305544,8.885649934090e-01
rand5_12,24.74782,8.933885450785e-01
rand5_12,25.198145,8.980926282179e-01
rand5_12,25.656664,9.026759958811e-01
rand5_12,26.123527,9.071375785265e-01
rand5_12,26.598884,9.114764873188e-01
rand5_12,27.082892,9.156920168581e-01
rand5_12,27.575707,9.197836473113e-01
rand5_12,28.077489,9.237510459223e-01
rand5_12,28.588402,9.275940678851e-01
rand5_12,29.108612,9.313127565616e-01
rand5_12,29.638288,9.349073430333e-01
rand5_12,30.177603,9.383782449792e-01
rand5_12,30.726731,9.417260648743e-01
rand5_12,31.285851,9.449515875096e-01
rand5_12,31.855145,9.480557768373e-01
rand5_12,32.434798,9.510397721484e-01
rand5_12,33.025,9.539048835969e-01
rand5_12,33.62594,9.566525870861e-01
rand5_12,34.237816,9.592845185385e-01
rand5_12,34.860826,9.618024675751e-01
rand5_12,35.495172,9.642083706327e-01
rand5_12,36.141062,9.665043035531e-01
rand5_12,36.798704,9.686924736815e-01
rand5_12,37.468313,9.707752115142e-01
rand5_12,38.150106,9.727549619397e-01
rand5_12,38.844306,9.746342751210e-01
rand5_12,39.551138,9.764157970663e-01
rand5_12,40.270832,9.781022599425e-01
rand5_12,41.003622,9.796964721833e-01
rand5_12,41.749746,9.812013084464e-01
rand5_12,42.509447,9.826196994777e-01
rand5_12,43.282972,9.839546219368e-01
rand5_12,44.070572,9.852090882411e-01
rand5_12,44.872504,9.863861364845e-01
rand5_12,45.689028,9.874888204854e-01
rand5_12,46.52041,9.885202000179e-01
rand5_12,47.366921,9.894833312777e-01
rand5_12,48.228835,9.903812576329e-01
rand5_12,49.106433,9.912170007060e-01
rand5_12,50,9.919935518305e-01
rand8_21,0.001,4.341311351637e-05
rand8_21,0.0010181965,4.420314805579e-05
rand8_21,0.0010367242,4.500756091678e-05
rand8_21,0.001055589,4.582661382411e-05
rand8_21,0.0010747971,4.666057326797e-05
rand8_21,0.0010943546,4.750971059164e-05
rand8_21,0.0011142681,4.837430207945e-05
rand8_21,0.0011345439,4.925462904625e-05
rand8_21,0.0011551887,5.015097793029e-05
rand8_21,0.0011762091,5.106364038519e-05
rand8_21,0.0011976121,5.199291337649e-05
rand8_21,0.0012194045,5.293909927701e-05
rand8_21,0.0012415934,5.390250596672e-05
rand8_21,0.0012641861,5.488344693164e-05
rand8_21,0.0012871899,5.588224136770e-05
rand8_21,0.0013106123,5.689921428335e-05
rand8_21,0.0013344609,5.793469660605e-05
rand8_21,0.0013587435,5.898902529098e-05
rand8_21,0.0013834679,6.006254342926e-05
rand8_21,0.0014086423,6.115560036108e-05
rand8_21,0.0014342747,6.226855178953e-05
rand8_21,0.0014603735,6.340175989548e-05
rand8_21,0.0014869473,6.455559345740e-05
rand8_21,0.0015140046,6.573042797017e-05
rand8_21,0.0015415542,6.692664576815e-05
rand8_21,0.0015696052,6.814463614990e-05
rand8_21,0.0015981665,6.938479550528e-05
rand8_21,0.0016272476,7.064752744412e-05
rand8_21,0.0016568579,7.193324292858e-05
rand8_21,0.001687007,7.324236040700e-05
rand8_21,0.0017177047,7.457530595051e-05
rand8_21,0.001748961,7.593251339132e-05
rand8_21,0.001780786,7.731442446523e-05
rand8_21,0.0018131901,7.872148895570e-05
rand8_21,0.0018461839,8.015416483947e-05
rand8_21,0.0018797781,8.161291843779e-05
rand8_21,0.0019139835,8.309822456700e-05
rand8_21,0.0019488114,8.461056669443e-05
rand8_21,0.001984273,8.615043709620e-05
rand8_21,0.00202038,8.771833701705e-05
rand8_21,0.0020571439,8.931477683529e-05
rand8_21,0.0020945768,9.094027622826e-05
rand8_21,0.0021326908,9.259536434265e-05
rand8_21,0.0021714984,9.428057996683e-05
rand8_21,0.0022110122,9.599647170770e-05
rand8_21,0.0022512449,9.774359816831e-05
rand8_21,0.0022922098,9.952252813194e-05
rand8_21,0.0023339201,1.013338407468e-04
rand8_21,0.0023763894,1.031781257156e-04
rand8_21,0.0024196314,1.050559834877e-04
rand8_21,0.0024636603,1.069680254560e-04
rand8_21,0.0025084904,1.089148741571e-04
rand8_21,0.0025541363,1.108971634726e-04
rand8_21,0.0026006127,1.129155388387e-04
rand8_21,0.0026479349,1.149706574555e-04
rand8_21,0.0026961181,1.170631885026e-04
rand8_21,0.0027451782,1.191938133573e-04
rand8_21,0.0027951309,1.213632258183e-04
rand8_21,0.0028459926,1.235721323311e-04
rand8_21,0.0028977798,1.258212522200e-04
rand8_21,0.0029505094,1.281113179231e-04
rand8_21,0.0030041984,1.304430752318e-04
rand8_21,0.0030588645,1.328172835344e-04
rand8_21,0.0031145252,1.352347160651e-04
rand8_21,0.0031711988,1.376961601565e-04
rand8_21,0.0032289036,1.402024174968e-04
rand8_21,0.0032876585,1.427543043933e-04
rand8_21,0.0033474825,1.453526520381e-04
rand8_21,0.0034083951,1.479983067817e-04
rand8_21,0.0034704161,1.506921304083e-04
rand8_21,0.0035335657,1.534350004188e-04
rand8_21,0.0035978643,1.562278103184e-04
rand8_21,0.003663333,1.590714699084e-04
rand8_21,0.003729993,1.619669055849e-04
rand8_21,0.003797866,1.649150606408e-04
rand8_21,0.003866974,1.679168955769e-04
rand8_21,0.0039373395,1.709733884144e-04
rand8_21,0.0040089855,1.740855350164e-04
rand8_21,0.0040819351,1.772543494149e-04
rand8_21,0.0041562122,1.804808641410e-04
rand8_21,0.0042318409,1.837661305659e-04
rand8_21,0.0043088458,1.871112192428e-04
rand8_21,0.0043872519,1.905172202605e-04
rand8_21,0.0044670847,1.939852435991e-04
rand8_21,0.0045483701,1.975164194946e-04
rand8_21,0.0046311347,2.011118988098e-04
rand8_21,0.0047154054,2.047728534111e-04
rand8_21,0.0048012094,2.085004765536e-04
rand8_21,0.0048885748,2.122959832730e-04
rand8_21,0.00497753,2.161606107832e-04
rand8_21,0.0050681038,2.200956188835e-04
rand8_21,0.0051603257,2.241022903716e-04
rand8_21,0.0052542258,2.281819314653e-04
rand8_21,0.0053498345,2.323358722308e-04
rand8_21,0.005447183,2.365654670203e-04
rand8_21,0.0055463029,2.408720949163e-04
rand8_21,0.0056472264,2.452571601853e-04
rand8_21,0.0057499864,2.497220927390e-04
rand8_21,0.0058546163,2.542683486048e-04
rand8_21,0.00596115,2.588974104032e-04
rand8_21,0.0060696223,2.636107878372e-04
rand8_21,0.0061800684,2.684100181874e-04
rand8_21,0.0062925243,2.732966668183e-04
rand8_21,0.0064070265,2.782723276935e-04
rand8_21,0.0065236122,2.833386238997e-04
rand8_21,0.0066423193,2.884972081818e-04
rand8_21,0.0067631866,2.937497634860e-04
rand8_21,0.0068862532,2.990980035150e-04
rand8_21,0.0070115591,3.045436732921e-04
rand8_21,0.0071391452,3.100885497360e-04
rand8_21,0.007269053,3.157344422462e-04
rand8_21,0.0074013246,3.214831933001e-04
rand8_21,0.0075360031,3.273366790596e-04
rand8_21,0.0076731323,3.332968099908e-04
rand8_21,0.0078127567,3.393655314928e-04
rand8_21,0.0079549219,3.455448245411e-04
rand8_21,0.0080996739,3.518367063400e-04
rand8_21,0.0082470599,3.582432309894e-04
rand8_21,0.0083971279,3.647664901627e-04
rand8_21,0.0085499266,3.714086137977e-04
rand8_21,0.0087055056,3.781717707999e-04
rand8_21,0.0088639157,3.850581697599e-04
rand8_21,0.0090252083,3.920700596830e-04
rand8_21,0.0091894359,3.992097307328e-04
rand8_21,0.0093566518,4.064795149887e-04
rand8_21,0.0095269105,4.138817872179e-04
rand8_21,0.0097002673,4.214189656607e-04
rand8_21,0.0098767786,4.290935128309e-04
rand8_21,0.010056502,4.369079363320e-04
rand8_21,0.010239495,4.448647896867e-04
rand8_21,0.010425819,4.529666731849e-04
rand8_21,0.010615533,4.612162347432e-04
rand8_21,0.010808698,4.696161707846e-04
rand8_21,0.011005379,4.781692271320e-04
rand8_21,0.011205639,4.868781999196e-04
rand8_21,0.011409543,4.957459365207e-04
rand8_21,0.011617157,5.047753364936e-04
rand8_21,0.011828549,5.139693525437e-04
rand8_21,0.012043788,5.233309915055e-04
rand8_21,0.012262943,5.328633153413e-04
rand8_21,0.012486086,5.425694421603e-04
rand8_21,0.01271329,5.524525472547e-04
rand8_21,0.012944628,5.625158641567e-04
rand8_21,0.013180175,5.727626857150e-04
rand8_21,0.013420009,5.831963651916e-04
rand8_21,0.013664207,5.938203173785e-04
rand8_21,0.013912848,6.046380197363e-04
rand8_21,0.014166013,6.156530135533e-04
rand8_21,0.014423786,6.268689051272e-04
rand8_21,0.014686249,6.382893669680e-04
rand8_21,0.014953488,6.499181390250e-04
rand8_21,0.01522559,6.617590299352e-04
rand8_21,0.015502643,6.738159182963e-04
rand8_21,0.015784737,6.860927539639e-04
rand8_21,0.016071965,6.985935593717e-04
rand8_21,0.016364419,7.113224308783e-04
rand8_21,0.016662195,7.242835401379e-04
rand8_21,0.016965389,7.374811354989e-04
rand8_21,0.0172741,7.509195434262e-04
rand8_21,0.017588429,7.646031699527e-04
rand8_21,0.017908478,7.785365021570e-04
rand8_21,0.01823435,7.927241096697e-04
rand8_21,0.018566152,8.071706462078e-04
rand8_21,0.018903992,8.218808511385e-04
rand8_21,0.019247979,8.368595510720e-04
rand8_21,0.019598226,8.521116614854e-04
rand8_21,0.019954845,8.676421883769e-04
rand8_21,0.020317955,8.834562299517e-04
rand8_21,0.020687671,8.995589783391e-04
rand8_21,0.021064115,9.159557213438e-04
rand8_21,0.021447409,9.326518442289e-04
rand8_21,0.021837678,9.496528315342e-04
rand8_21,0.022235048,9.669642689278e-04
rand8_21,0.022639649,9.845918450946e-04
rand8_21,0.023051612,1.002541353659e-03
rand8_21,0.023471072,1.020818695146e-03
rand8_21,0.023898164,1.039429878980e-03
rand8_21,0.024333028,1.058381025517e-03
rand8_21,0.024775805,1.077678368124e-03
rand8_21,0.025226639,1.097328255293e-03
rand8_21,0.025685676,1.117337152793e-03
rand8_21,0.026153066,1.137711645870e-03
rand8_21,0.026628962,1.158458441486e-03
rand8_21,0.027113517,1.179584370596e-03
rand8_21,0.027606889,1.201096390479e-03
rand8_21,0.028109239,1.223001587106e-03
rand8_21,0.02862073,1.245307177557e-03
rand8_21,0.029141528,1.268020512479e-03
rand8_21,0.029671803,1.291149078604e-03
rand8_21,0.030211727,1.314700501300e-03
rand8_21,0.030761476,1.338682547182e-03
rand8_21,0.031321228,1.363103126770e-03
rand8_21,0.031891166,1.387970297198e-03
rand8_21,0.032471475,1.413292264976e-03
rand8_21,0.033062344,1.439077388806e-03
rand8_21,0.033663964,1.465334182452e-03
rand8_21,0.034276531,1.492071317666e-03
rand8_21,0.034900246,1.519297627167e-03
rand8_21,0.035535309,1.547022107688e-03
rand8_21,0.036181929,1.575253923070e-03
rand8_21,0.036840315,1.604002407425e-03
rand8_21,0.037510681,1.633277068357e-03
rand8_21,0.038193246,1.663087590244e-03
rand8_21,0.038888231,1.693443837591e-03
rand8_21,0.039595862,1.724355858440e-03
rand8_21,0.04031637,1.755833887851e-03
rand8_21,0.041049988,1.787888351454e-03
rand8_21,0.041796956,1.820529869062e-03
rand8_21,0.042557516,1.853769258365e-03
rand8_21,0.043331915,1.887617538688e-03
rand8_21,0.044120406,1.922085934828e-03
rand8_21,0.044923245,1.957185880963e-03
rand8_21,0.045740692,1.992929024644e-03
rand8_21,0.046573015,2.029327230854e-03
rand8_21,0.047420482,2.066392586160e-03
rand8_21,0.048283371,2.104137402939e-03
rand8_21,0.049161961,2.142574223689e-03
rand8_21,0.050056539,2.181715825425e-03
rand8_21,0.050967395,2.221575224165e-03
rand8_21,0.051894825,2.262165679498e-03
rand8_21,0.052839131,2.303500699252e-03
rand8_21,0.053800621,2.345594044243e-03
rand8_21,0.054779606,2.388459733129e-03
rand8_21,0.055776405,2.432112047354e-03
rand8_21,0.056791342,2.476565536193e-03
rand8_21,0.057824748,2.521835021895e-03
rand8_21,0.058876959,2.567935604928e-03
rand8_21,0.059948316,2.614882669336e-03
rand8_21,0.061039167,2.662691888190e-03
rand8_21,0.062149869,2.711379229158e-03
rand8_21,0.063280782,2.760960960185e-03
rand8_21,0.064432273,2.811453655280e-03
rand8_21,0.065604717,2.862874200425e-03
rand8_21,0.066798496,2.915239799601e-03
rand8_21,0.068013998,2.968567980933e-03
rand8_21,0.069251617,3.022876602961e-03
rand8_21,0.070511757,3.078183861033e-03
rand8_21,0.071794827,3.134508293828e-03
rand8_21,0.073101244,3.191868790013e-03
rand8_21,0.074431434,3.250284595028e-03
rand8_21,0.075785828,3.309775318014e-03
rand8_21,0.077164868,3.370360938872e-03
rand8_21,0.078569002,3.432061815476e-03
rand8_21,0.079998686,3.494898691017e-03
rand8_21,0.081454385,3.558892701510e-03
rand8_21,0.082936573,3.624065383438e-03
rand8_21,0.084445731,3.690438681563e-03
rand8_21,0.085982352,3.758034956885e-03
rand8_21,0.087546933,3.826876994769e-03
rand8_21,0.089139984,3.896988013231e-03
rand8_21,0.090762023,3.968391671393e-03
rand8_21,0.092413578,4.041112078111e-03
rand8_21,0.094095185,4.115173800779e-03
rand8_21,0.095807392,4.190601874301e-03
rand8_21,0.097550755,4.267421810260e-03
rand8_21,0.099325841,4.345659606260e-03
rand8_21,0.10113323,4.425341755464e-03
rand8_21,0.1029735,4.506495256324e-03
rand8_21,0.10484726,4.589147622504e-03
rand8_21,0.10675512,4.673326893013e-03
rand8_21,0.1086977,4.759061642534e-03
rand8_21,0.11067562,4.846380991965e-03
rand8_21,0.11268953,4.935314619182e-03
rand8_21,0.11474009,5.025892770005e-03
rand8_21,0.11682796,5.118146269400e-03
rand8_21,0.11895383,5.212106532900e-03
rand8_21,0.12111837,5.307805578257e-03
rand8_21,0.12332231,5.405276037338e-03
rand8_21,0.12556635,5.504551168252e-03
rand8_21,0.12785122,5.605664867729e-03
rand8_21,0.13017767,5.708651683744e-03
rand8_21,0.13254646,5.813546828402e-03
rand8_21,0.13495834,5.920386191079e-03
rand8_21,0.13741412,6.029206351828e-03
rand8_21,0.13991458,6.140044595061e-03
rand8_21,0.14246054,6.252938923495e-03
rand8_21,0.14505283,6.367928072394e-03
rand8_21,0.14769229,6.485051524087e-03
rand8_21,0.15037978,6.604349522776e-03
rand8_21,0.15311617,6.725863089652e-03
rand8_21,0.15590235,6.849634038302e-03
rand8_21,0.15873924,6.975704990431e-03
rand8_21,0.16162774,7.104119391898e-03
rand8_21,0.16456881,7.234921529069e-03
rand8_21,0.16756339,7.368156545494e-03
rand8_21,0.17061246,7.503870458925e-03
rand8_21,0.17371702,7.642110178660e-03
rand8_21,0.17687807,7.782923523237e-03
rand8_21,0.18009664,7.926359238476e-03
rand8_21,0.18337377,8.072467015876e-03
rand8_21,0.18671054,8.221297511374e-03
rand8_21,0.19010803,8.372902364472e-03
rand8_21,0.19356733,8.527334217740e-03
rand8_21,0.19708959,8.684646736696e-03
rand8_21,0.20067594,8.844894630070e-03
rand8_21,0.20432755,9.008133670471e-03
rand8_21,0.2080456,9.174420715442e-03
rand8_21,0.21183131,9.343813728928e-03
rand8_21,0.21568591,9.516371803148e-03
rand8_21,0.21961064,9.692155180891e-03
rand8_21,0.2236068,9.871225278237e-03
rand8_21,0.22767567,1.005364470770e-02
rand8_21,0.23181858,1.023947730181e-02
rand8_21,0.23603687,1.042878813716e-02
rand8_21,0.24033193,1.062164355885e-02
rand8_21,0.24470514,1.081811120544e-02
rand8_21,0.24915792,1.101826003433e-02
rand8_21,0.25369174,1.122216034762e-02
rand8_21,0.25830805,1.142988381843e-02
rand8_21,0.26300836,1.164150351773e-02
rand8_21,0.2677942,1.185709394159e-02
rand8_21,0.27266713,1.207673103899e-02
rand8_21,0.27762873,1.230049224008e-02
rand8_21,0.28268061,1.252845648493e-02
rand8_21,0.28782442,1.276070425283e-02
rand8_21,0.29306183,1.299731759203e-02
rand8_21,0.29839454,1.323838015008e-02
rand8_21,0.30382429,1.348397720459e-02
rand8_21,0.30935284,1.373419569457e-02
rand8_21,0.31498199,1.398912425229e-02
rand8_21,0.32071357,1.424885323564e-02
rand8_21,0.32654945,1.451347476101e-02
rand8_21,0.33249152,1.478308273678e-02
rand8_21,0.33854171,1.505777289721e-02
rand8_21,0.344702,1.533764283700e-02
rand8_21,0.35097438,1.562279204629e-02
rand8_21,0.3573609,1.591332194626e-02
rand8_21,0.36386363,1.620933592517e-02
rand8_21,0.37048469,1.651093937509e-02
rand8_21,0.37722623,1.681823972899e-02
rand8_21,0.38409044,1.713134649848e-02
rand8_21,0.39107956,1.745037131207e-02
rand8_21,0.39819586,1.777542795386e-02
rand8_21,0.40544164,1.810663240289e-02
rand8_21,0.41281928,1.844410287290e-02
rand8_21,0.42033116,1.878795985263e-02
rand8_21,0.42797973,1.913832614666e-02
rand8_21,0.43576748,1.949532691671e-02
rand8_21,0.44369694,1.985908972342e-02
rand8_21,0.45177069,2.022974456865e-02
rand8_21,0.45999135,2.060742393820e-02
rand8_21,0.46836161,2.099226284504e-02
rand8_21,0.47688417,2.138439887291e-02
rand8_21,0.48556181,2.178397222041e-02
rand8_21,0.49439735,2.219112574552e-02
rand8_21,0.50339367,2.260600501039e-02
rand8_21,0.5125537,2.302875832670e-02
rand8_21,0.5218804,2.345953680119e-02
rand8_21,0.53137682,2.389849438163e-02
rand8_21,0.54104604,2.434578790311e-02
rand8_21,0.5508912,2.480157713455e-02
rand8_21,0.56091551,2.526602482551e-02
rand8_21,0.57112224,2.573929675325e-02
rand8_21,0.58151468,2.622156176993e-02
rand8_21,0.59209624,2.671299185008e-02
rand8_21,0.60287034,2.721376213806e-02
rand8_21,0.6138405,2.772405099577e-02
rand8_21,0.62501027,2.824404005029e-02
rand8_21,0.63638329,2.877391424163e-02
rand8_21,0.64796327,2.931386187040e-02
rand8_21,0.65975396,2.986407464542e-02
rand8_21,0.67175919,3.042474773120e-02
rand8_21,0.68398289,3.099607979530e-02
rand8_21,0.69642901,3.157827305537e-02
rand8_21,0.70910161,3.217153332598e-02
rand8_21,0.7220048,3.277607006507e-02
rand8_21,0.73514279,3.339209642003e-02
rand8_21,0.74851985,3.401982927328e-02
rand8_21,0.76214032,3.465948928729e-02
rand8_21,0.77600863,3.531130094907e-02
rand8_21,0.7901293,3.597549261385e-02
rand8_21,0.80450692,3.665229654815e-02
rand8_21,0.81914617,3.734194897185e-02
rand8_21,0.83405179,3.804469009945e-02
rand8_21,0.84922865,3.876076418025e-02
rand8_21,0.86468167,3.949041953744e-02
rand8_21,0.88041588,4.023390860598e-02
rand8_21,0.89643641,4.099148796920e-02
rand8_21,0.91274845,4.176341839395e-02
rand8_21,0.92935731,4.254996486429e-02
rand8_21,0.9462684,4.335139661355e-02
rand8_21,0.96348721,4.416798715462e-02
rand8_21,0.98101934,4.500001430844e-02
rand8_21,0.9988705,4.584776023049e-02
rand8_21,1.0170465,4.671151143524e-02
rand8_21,1.0355532,4.759155881829e-02
rand8_21,1.0543967,4.848819767625e-02
rand8_21,1.0735831,4.940172772411e-02
rand8_21,1.0931186,5.033245310997e-02
rand8_21,1.1130095,5.128068242702e-02
rand8_21,1.1332625,5.224672872265e-02
rand8_21,1.1538839,5.323090950446e-02
rand8_21,1.1748806,5.423354674310e-02
rand8_21,1.1962594,5.525496687179e-02
rand8_21,1.2180272,5.629550078226e-02
rand8_21,1.240191,5.735548381711e-02
rand8_21,1.2627582,5.843525575831e-02
rand8_21,1.285736,5.953516081172e-02
rand8_21,1.309132,6.065554758751e-02
rand8_21,1.3329537,6.179676907625e-02
rand8_21,1.3572088,6.295918262053e-02
rand8_21,1.3819053,6.414314988200e-02
rand8_21,1.4070512,6.534903680358e-02
rand8_21,1.4326547,6.657721356673e-02
rand8_21,1.458724,6.782805454367e-02
rand8_21,1.4852678,6.910193824423e-02
rand8_21,1.5122945,7.039924725740e-02
rand8_21,1.539813,7.172036818720e-02
rand8_21,1.5678323,7.306569158293e-02
rand8_21,1.5963614,7.443561186346e-02
rand8_21,1.6254097,7.583052723560e-02
rand8_21,1.6549865,7.725083960628e-02
rand8_21,1.6851015,7.869695448853e-02
rand8_21,1.7157645,8.016928090102e-02
rand8_21,1.7469855,8.166823126118e-02
rand8_21,1.7787746,8.319422127167e-02
rand8_21,1.8111421,8.474766980031e-02
rand8_21,1.8440987,8.632899875312e-02
rand8_21,1.8776549,8.793863294067e-02
rand8_21,1.9118217,8.957699993756e-02
rand8_21,1.9466102,9.124452993500e-02
rand8_21,1.9820318,9.294165558651e-02
rand8_21,2.0180979,9.466881184677e-02
rand8_21,2.0548203,9.642643580356e-02
rand8_21,2.0922109,9.821496650289e-02
rand8_21,2.1302819,1.000348447674e-01
rand8_21,2.1690457,1.018865130081e-01
rand8_21,2.2085148,1.037704150293e-01
rand8_21,2.2487022,1.056869958277e-01
rand8_21,2.2896208,1.076367013845e-01
rand8_21,2.3312839,1.096199784517e-01
rand8_21,2.3737052,1.116372743327e-01
rand8_21,2.4168984,1.136890366569e-01
rand8_21,2.4608776,1.157757131490e-01
rand8_21,2.5056571,1.178977513933e-01
rand8_21,2.5512514,1.200555985930e-01
rand8_21,2.5976753,1.222497013244e-01
rand8_21,2.644944,1.244805052885e-01
rand8_21,2.6930729,1.267484550567e-01
rand8_21,2.7420775,1.290539938147e-01
rand8_21,2.7919738,1.313975631023e-01
rand8_21,2.842778,1.337796025511e-01
rand8_21,2.8945068,1.362005496196e-01
rand8_21,2.9471768,1.386608393262e-01
rand8_21,3.0008052,1.411609039816e-01
rand8_21,3.0554095,1.437011729190e-01
rand8_21,3.1110073,1.462820722241e-01
rand8_21,3.1676169,1.489040244654e-01
rand8_21,3.2252566,1.515674484229e-01
rand8_21,3.2839451,1.542727588189e-01
rand8_21,3.3437015,1.570203660481e-01
rand8_21,3.4045453,1.598106759093e-01
rand8_21,3.4664963,1.626440893374e-01
rand8_21,3.5295745,1.655210021376e-01
rand8_21,3.5938005,1.684418047197e-01
rand8_21,3.6591953,1.714068818343e-01
rand8_21,3.72578,1.744166123103e-01
rand8_21,3.7935763,1.774713687929e-01
rand8_21,3.8626062,1.805715174830e-01
rand8_21,3.9328923,1.837174178769e-01
rand8_21,4.0044573,1.869094225061e-01
rand8_21,4.0773246,1.901478766773e-01
rand8_21,4.1515178,1.934331182112e-01
rand8_21,4.227061,1.967654771801e-01
rand8_21,4.3039789,2.001452756435e-01
rand8_21,4.3822965,2.035728273807e-01
rand8_21,4.4620391,2.070484376198e-01
rand8_21,4.5432328,2.105724027626e-01
rand8_21,4.6259039,2.141450101033e-01
rand8_21,4.7100793,2.177665375413e-01
rand8_21,4.7957865,2.214372532866e-01
rand8_21,4.8830532,2.251574155560e-01
rand8_21,4.9719078,2.289272722608e-01
rand8_21,5.0623794,2.327470606830e-01
rand8_21,5.1544971,2.366170071399e-01
rand8_21,5.2482912,2.405373266367e-01
rand8_21,5.3437919,2.445082225045e-01
rand8_21,5.4410304,2.485298860239e-01
rand8_21,5.5400383,2.526024960328e-01
rand8_21,5.6408479,2.567262185181e-01
rand8_21,5.7434918,2.609012061896e-01
rand8_21,5.8480034,2.651275980353e-01
rand8_21,5.9544169,2.694055188592e-01
rand8_21,6.0627667,2.737350787986e-01
rand8_21,6.173088,2.781163728213e-01
rand8_21,6.2854169,2.825494802038e-01
rand8_21,6.3997897,2.870344639873e-01
rand8_21,6.5162437,2.915713704136e-01
rand8_21,6.6348168,2.961602283396e-01
rand8_21,6.7555475,3.008010486308e-01
rand8_21,6.8784751,3.054938235335e-01
rand8_21,7.0036396,3.102385260263e-01
rand8_21,7.1310816,3.150351091502e-01
rand8_21,7.2608426,3.198835053190e-01
rand8_21,7.3929648,3.247836256090e-01
rand8_21,7.5274911,3.297353590293e-01
rand8_21,7.6644654,3.347385717732e-01
rand8_21,7.8039322,3.397931064514e-01
rand8_21,7.9459367,3.448987813070e-01
rand8_21,8.0905253,3.500553894147e-01
rand8_21,8.2377449,3.552626978638e-01
rand8_21,8.3876433,3.605204469264e-01
rand8_21,8.5402694,3.658283492130e-01
rand8_21,8.6956727,3.711860888151e-01
rand8_21,8.8539039,3.765933204373e-01
rand8_21,9.0150143,3.820496685208e-01
rand8_21,9.1790564,3.875547263586e-01
rand8_21,9.3460834,3.931080552058e-01
rand8_21,9.5161498,3.987091833851e-01
rand8_21,9.6893108,4.043576053919e-01
rand8_21,9.8656227,4.100527809985e-01
rand8_21,10.045143,4.157941343624e-01
rand8_21,10.22793,4.215810531394e-01
rand8_21,10.414043,4.274128876042e-01
rand8_21,10.603542,4.332889497831e-01
rand8_21,10.79649,4.392085125993e-01
rand8_21,10.992949,4.451708090355e-01
rand8_21,11.192982,4.511750313167e-01
rand8_21,11.396656,4.572203301161e-01
rand8_21,11.604036,4.633058137880e-01
rand8_21,11.815189,4.694305476317e-01
rand8_21,12.030184,4.755935531883e-01
rand8_21,12.249092,4.817938075770e-01
rand8_21,12.471983,4.880302428720e-01
rand8_21,12.69893,4.943017455255e-01
rand8_21,12.930007,5.006071558405e-01
rand8_21,13.165288,5.069452674967e-01
rand8_21,13.404851,5.133148271344e-01
rand8_21,13.648773,5.197145339995e-01
rand8_21,13.897133,5.261430396539e-01
rand8_21,14.150013,5.325989477549e-01
rand8_21,14.407494,5.390808139084e-01
rand8_21,14.669661,5.455871455970e-01
rand8_21,14.936598,5.521164021897e-01
rand8_21,15.208392,5.586669950339e-01
rand8_21,15.485132,5.652372876353e-01
rand8_21,15.766908,5.718255959260e-01
rand8_21,16.053811,5.784301886265e-01
rand8_21,16.345935,5.850492877027e-01
rand8_21,16.643375,5.916810689201e-01
rand8_21,16.946226,5.983236624990e-01
rand8_21,17.254589,6.049751538716e-01
rand8_21,17.568563,6.116335845431e-01
rand8_21,17.88825,6.182969530586e-01
rand8_21,18.213754,6.249632160778e-01
rand8_21,18.545181,6.316302895579e-01
rand8_21,18.88264,6.382960500463e-01
rand8_21,19.226238,6.449583360841e-01
rand8_21,19.576089,6.516149497209e-01
rand8_21,19.932306,6.582636581413e-01
rand8_21,20.295005,6.649021954047e-01
rand8_21,20.664304,6.715282642963e-01
rand8_21,21.040323,6.781395382919e-01
rand8_21,21.423184,6.847336636344e-01
rand8_21,21.813012,6.913082615234e-01
rand8_21,22.209933,6.978609304157e-01
rand8_21,22.614077,7.043892484376e-01
rand8_21,23.025575,7.108907759072e-01
rand8_21,23.444561,7.173630579663e-01
rand8_21,23.871171,7.238036273196e-01
rand8_21,24.305544,7.302100070814e-01
rand8_21,24.74782,7.365797137259e-01
rand8_21,25.198145,7.429102601408e-01
rand8_21,25.656664,7.491991587808e-01
rand8_21,26.123527,7.554439249177e-01
rand8_21,26.598884,7.616420799856e-01
rand8_21,27.082892,7.677911550161e-01
rand8_21,27.575707,7.738886941590e-01
rand8_21,28.077489,7.799322582858e-01
rand8_21,28.588402,7.859194286691e-01
rand8_21,29.108612,7.918478107325e-01
rand8_21,29.638288,7.977150378655e-01
rand8_21,30.177603,8.035187752956e-01
rand8_21,30.726731,8.092567240101e-01
rand8_21,31.285851,8.149266247203e-01
rand8_21,31.855145,8.205262618574e-01
rand8_21,32.434798,8.260534675933e-01
rand8_21,33.025,8.315061258724e-01
rand8_21,33.62594,8.368821764477e-01
rand8_21,34.237816,8.421796189058e-01
rand8_21,34.860826,8.473965166716e-01
rand8_21,35.495172,8.525310009781e-01
rand8_21,36.141062,8.575812747890e-01
rand8_21,36.798704,8.625456166599e-01
rand8_21,37.468313,8.674223845241e-01
rand8_21,38.150106,8.722100193876e-01
rand8_21,38.844306,8.769070489196e-01
rand8_21,39.551138,8.815120909217e-01
rand8_21,40.270832,8.860238566614e-01
rand8_21,41.003622,8.904411540542e-01
rand8_21,41.749746,8.947628906775e-01
rand8_21,42.509447,8.989880766028e-01
rand8_21,43.282972,9.031158270290e-01
rand8_21,44.070572,9.071453647020e-01
rand8_21,44.872504,9.110760221073e-01
rand8_21,45.689028,9.149072434188e-01
rand8_21,46.52041,9.186385861925e-01
rand8_21,47.366921,9.222697227904e-01
rand8_21,48.228835,9.258004415235e-01
rand8_21,49.106433,9.292306475011e-01
rand8_21,50,9.325603631781e-01
rand8_22,0.001,2.266740854533e-05
rand8_22,0.0010181965,2.307988446735e-05
rand8_22,0.0010367242,2.349986630037e-05
rand8_22,0.001055589,2.392749063577e-05
rand8_22,0.0010747971,2.436289655128e-05
rand8_22,0.0010943546,2.480622565590e-05
rand8_22,0.0011142681,2.525762213531e-05
rand8_22,0.0011345439,2.571723279935e-05
rand8_22,0.0011551887,2.618520713019e-05
rand8_22,0.0011762091,2.666169732988e-05
rand8_22,0.0011976121,2.714685837130e-05
rand8_22,0.0012194045,2.764084804705e-05
rand8_22,0.0012415934,2.814382702176e-05
rand8_22,0.0012641861,2.865595888396e-05
rand8_22,0.0012871899,2.917741019978e-05
rand8_22,0.0013106123,2.970835056669e-05
rand8_22,0.0013344609,3.024895266907e-05
rand8_22,0.0013587435,3.079939233299e-05
rand8_22,0.0013834679,3.135984858632e-05
rand8_22,0.0014086423,3.193050371401e-05
rand8_22,0.0014342747,3.251154331902e-05
rand8_22,0.0014603735,3.310315638250e-05
rand8_22,0.0014869473,3.370553532464e-05
rand8_22,0.0015140046,3.431887606813e-05
rand8_22,0.0015415542,3.494337810143e-05
rand8_22,0.0015696052,3.557924454396e-05
rand8_22,0.0015981665,3.622668221144e-05
rand8_22,0.0016272476,3.688590168499e-05
rand8_22,0.0016568579,3.755711737724e-05
rand8_22,0.001687007,3.824054760329e-05
rand8_22,0.0017177047,3.893641465303e-05
rand8_22,0.001748961,3.964494486108e-05
rand8_22,0.001780786,4.036636868179e-05
rand8_22,0.0018131901,4.110092076476e-05
rand8_22,0.0018461839,4.184884002898e-05
rand8_22,0.0018797781,4.261036974394e-05
rand8_22,0.0019139835,4.338575760554e-05
rand8_22,0.0019488114,4.417525581878e-05
rand8_22,0.001984273,4.497912117929e-05
rand8_22,0.00202038,4.579761515612e-05
rand8_22,0.0020571439,4.663100397828e-05
rand8_22,0.0020945768,4.747955872019e-05
rand8_22,0.0021326908,4.834355539020e-05
rand8_22,0.0021714984,4.922327502130e-05
rand8_22,0.0022110122,5.011900376112e-05
rand8_22,0.0022512449,5.103103296607e-05
rand8_22,0.0022922098,5.195965929651e-05
rand8_22,0.0023339201,5.290518481118e-05
rand8_22,0.0023763894,5.386791706934e-05
rand8_22,0.0024196314,5.484816922620e-05
rand8_22,0.0024636603,5.584626013928e-05
rand8_22,0.0025084904,5.686251446875e-05
rand8_22,0.0025541363,5.789726278610e-05
rand8_22,0.0026006127,5.895084167835e-05
rand8_22,0.0026479349,6.002359386130e-05
rand8_22,0.0026961181,6.111586828823e-05
rand8_22,0.0027451782,6.222802026471e-05
rand8_22,0.0027951309,6.336041156436e-05
rand8_22,0.0028459926,6.451341054701e-05
rand8_22,0.0028977798,6.568739227700e-05
rand8_22,0.0029505094,6.688273864644e-05
rand8_22,0.0030041984,6.809983850034e-05
rand8_22,0.0030588645,6.933908776169e-05
rand8_22,0.0031145252,7.060088956075e-05
rand8_22,0.0031711988,7.188565436793e-05
rand8_22,0.0032289036,7.319380012389e-05
rand8_22,0.0032876585,7.452575238020e-05
rand8_22,0.0033474825,7.588194443405e-05
rand8_22,0.0034083951,7.726281747155e-05
rand8_22,0.0034704161,7.866882071027e-05
rand8_22,0.0035335657,8.010041154642e-05
rand8_22,0.0035978643,8.155805570285e-05
rand8_22,0.003663333,8.304222738202e-05
rand8_22,0.003729993,8.455340941928e-05
rand8_22,0.003797866,8.609209344042e-05
rand8_22,0.003866974,8.765878002181e-05
rand8_22,0.0039373395,8.925397885393e-05
rand8_22,0.0040089855,9.087820890738e-05
rand8_22,0.0040819351,9.253199860006e-05
rand8_22,0.0041562122,9.421588597267e-05
rand8_22,0.0042318409,9.593041886114e-05
rand8_22,0.0043088458,9.767615507525e-05
rand8_22,0.0043872519,9.945366258316e-05
rand8_22,0.0044670847,1.012635196930e-04
rand8_22,0.0045483701,1.031063152429e-04
rand8_22,0.0046311347,1.049826487929e-04
rand8_22,0.0047154054,1.068931308204e-04
rand8_22,0.0048012094,1.088383829182e-04
rand8_22,0.0048885748,1.108190379976e-04
rand8_22,0.00497753,1.128357404954e-04
rand8_22,0.0050681038,1.148891465819e-04
rand8_22,0.0051603257,1.169799243768e-04
rand8_22,0.0052542258,1.191087541660e-04
rand8_22,0.0053498345,1.212763286231e-04
rand8_22,0.005447183,1.234833530361e-04
rand8_22,0.0055463029,1.257305455356e-04
rand8_22,0.0056472264,1.280186373309e-04
rand8_22,0.0057499864,1.303483729469e-04
rand8_22,0.0058546163,1.327205104667e-04
rand8_22,0.00596115,1.351358217805e-04
rand8_22,0.0060696223,1.375950928345e-04
rand8_22,0.0061800684,1.400991238899e-04
rand8_22,0.0062925243,1.426487297818e-04
rand8_22,0.0064070265,1.452447401858e-04
rand8_22,0.0065236122,1.478879998880e-04
rand8_22,0.0066423193,1.505793690616e-04
rand8_22,0.0067631866,1.533197235453e-04
rand8_22,0.0068862532,1.561099551310e-04
rand8_22,0.0070115591,1.589509718542e-04
rand8_22,0.0071391452,1.618436982883e-04
rand8_22,0.007269053,1.647890758493e-04
rand8_22,0.0074013246,1.677880630994e-04
rand8_22,0.0075360031,1.708416360629e-04
rand8_22,0.0076731323,1.739507885421e-04
rand8_22,0.0078127567,1.771165324433e-04
rand8_22,0.0079549219,1.803398981058e-04
rand8_22,0.0080996739,1.836219346376e-04
rand8_22,0.0082470599,1.869637102595e-04
rand8_22,0.0083971279,1.903663126530e-04
rand8_22,0.0085499266,1.938308493133e-04
rand8_22,0.0087055056,1.973584479130e-04
rand8_22,0.0088639157,2.009502566704e-04
rand8_22,0.0090252083,2.046074447220e-04
rand8_22,0.0091894359,2.083312025051e-04
rand8_22,0.0093566518,2.121227421484e-04
rand8_22,0.0095269105,2.159832978637e-04
rand8_22,0.0097002673,2.199141263530e-04
rand8_22,0.0098767786,2.239165072155e-04
rand8_22,0.010056502,2.279917433673e-04
rand8_22,0.010239495,2.321411614660e-04
rand8_22,0.010425819,2.363661123448e-04
rand8_22,0.010615533,2.406679714523e-04
rand8_22,0.010808698,2.450481393032e-04
rand8_22,0.011005379,2.495080419344e-04
rand8_22,0.011205639,2.540491313714e-04
rand8_22,0.011409543,2.586728861038e-04
rand8_22,0.011617157,2.633808115659e-04
rand8_22,0.011828549,2.681744406304e-04
rand8_22,0.012043788,2.730553341091e-04
rand8_22,0.012262943,2.780250812625e-04
rand8_22,0.012486086,2.830853003186e-04
rand8_22,0.01271329,2.882376390032e-04
rand8_22,0.012944628,2.934837750782e-04
rand8_22,0.013180175,2.988254168892e-04
rand8_22,0.013420009,3.042643039241e-04
rand8_22,0.013664207,3.098022073827e-04
rand8_22,0.013912848,3.154409307557e-04
rand8_22,0.014166013,3.211823104133e-04
rand8_22,0.014423786,3.270282162078e-04
rand8_22,0.014686249,3.329805520832e-04
rand8_22,0.014953488,3.390412566995e-04
rand8_22,0.01522559,3.452123040659e-04
rand8_22,0.015502643,3.514957041874e-04
rand8_22,0.015784737,3.578935037225e-04
rand8_22,0.016071965,3.644077866518e-04
rand8_22,0.016364419,3.710406749623e-04
rand8_22,0.016662195,3.777943293400e-04
rand8_22,0.016965389,3.846709498774e-04
rand8_22,0.0172741,3.916727767955e-04
rand8_22,0.017588429,3.988020911757e-04
rand8_22,0.017908478,4.060612157074e-04
rand8_22,0.01823435,4.134525154487e-04
rand8_22,0.018566152,4.209783986009e-04
rand8_22,0.018903992,4.286413172976e-04
rand8_22,0.019247979,4.364437684086e-04
rand8_22,0.019598226,4.443882943570e-04
rand8_22,0.019954845,4.524774839539e-04
rand8_22,0.020317955,4.607139732451e-04
rand8_22,0.020687671,4.691004463773e-04
rand8_22,0.021064115,4.776396364765e-04
rand8_22,0.021447409,4.863343265447e-04
rand8_22,0.021837678,4.951873503738e-04
rand8_22,0.022235048,5.042015934726e-04
rand8_22,0.022639649,5.133799940153e-04
rand8_22,0.023051612,5.227255438059e-04
rand8_22,0.023471072,5.322412892579e-04
rand8_22,0.023898164,5.419303323960e-04
rand8_22,0.024333028,5.517958318737e-04
rand8_22,0.024775805,5.618410040098e-04
rand8_22,0.025226639,5.720691238458e-04
rand8_22,0.025685676,5.824835262202e-04
rand8_22,0.026153066,5.930876068641e-04
rand8_22,0.026628962,6.038848235171e-04
rand8_22,0.027113517,6.148786970636e-04
rand8_22,0.027606889,6.260728126893e-04
rand8_22,0.028109239,6.374708210605e-04
rand8_22,0.02862073,6.490764395226e-04
rand8_22,0.029141528,6.608934533244e-04
rand8_22,0.029671803,6.729257168615e-04
rand8_22,0.030211727,6.851771549451e-04
rand8_22,0.030761476,6.976517640928e-04
rand8_22,0.031321228,7.103536138431e-04
rand8_22,0.031891166,7.232868480959e-04
rand8_22,0.032471475,7.364556864757e-04
rand8_22,0.033062344,7.498644257219e-04
rand8_22,0.033663964,7.635174411027e-04
rand8_22,0.034276531,7.774191878567e-04
rand8_22,0.034900246,7.915742026612e-04
rand8_22,0.035535309,8.059871051264e-04
rand8_22,0.036181929,8.206625993186e-04
rand8_22,0.036840315,8.356054753108e-04
rand8_22,0.037510681,8.508206107616e-04
rand8_22,0.038193246,8.663129725257e-04
rand8_22,0.038888231,8.820876182897e-04
rand8_22,0.039595862,8.981496982439e-04
rand8_22,0.04031637,9.145044567802e-04
rand8_22,0.041049988,9.311572342236e-04
rand8_22,0.041796956,9.481134685974e-04
rand8_22,0.042557516,9.653786974156e-04
rand8_22,0.043331915,9.829585595171e-04
rand8_22,0.044120406,1.000858796924e-03
rand8_22,0.044923245,1.019085256746e-03
rand8_22,0.045740692,1.037643893106e-03
rand8_22,0.046573015,1.056540769113e-03
rand8_22,0.047420482,1.075782058871e-03
rand8_22,0.048283371,1.095374049516e-03
rand8_22,0.049161961,1.115323143300e-03
rand8_22,0.050056539,1.135635859710e-03
rand8_22,0.050967395,1.156318837628e-03
rand8_22,0.051894825,1.177378837527e-03
rand8_22,0.052839131,1.198822743715e-03
rand8_22,0.053800621,1.220657566616e-03
rand8_22,0.054779606,1.242890445090e-03
rand8_22,0.055776405,1.265528648807e-03
rand8_22,0.056791342,1.288579580653e-03
rand8_22,0.057824748,1.312050779190e-03
rand8_22,0.058876959,1.335949921157e-03
rand8_22,0.059948316,1.360284824020e-03
rand8_22,0.061039167,1.385063448567e-03
rand8_22,0.062149869,1.410293901552e-03
rand8_22,0.063280782,1.435984438396e-03
rand8_22,0.064432273,1.462143465921e-03
rand8_22,0.065604717,1.488779545155e-03
rand8_22,0.066798496,1.515901394177e-03
rand8_22,0.068013998,1.543517891016e-03
rand8_22,0.069251617,1.571638076609e-03
rand8_22,0.070511757,1.600271157814e-03
rand8_22,0.071794827,1.629426510471e-03
rand8_22,0.073101244,1.659113682532e-03
rand8_22,0.074431434,1.689342397243e-03
rand8_22,0.075785828,1.720122556383e-03
rand8_22,0.077164868,1.751464243571e-03
rand8_22,0.078569002,1.783377727631e-03
rand8_22,0.079998686,1.815873466018e-03
rand8_22,0.081454385,1.848962108312e-03
rand8_22,0.082936573,1.882654499777e-03
rand8_22,0.084445731,1.916961684982e-03
rand8_22,0.085982352,1.951894911497e-03
rand8_22,0.087546933,1.987465633655e-03
rand8_22,0.089139984,2.023685516381e-03
rand8_22,0.090762023,2.060566439102e-03
rand8_22,0.092413578,2.098120499719e-03
rand8_22,0.094095185,2.136360018664e-03
rand8_22,0.095807392,2.175297543028e-03
rand8_22,0.097550755,2.214945850765e-03
rand8_22,0.099325841,2.255317954979e-03
rand8_22,0.10113323,2.296427108291e-03
rand8_22,0.1029735,2.338286807285e-03
rand8_22,0.10484726,2.380910797044e-03
rand8_22,0.10675512,2.424313075760e-03
rand8_22,0.1086977,2.468507899445e-03
rand8_22,0.11067562,2.513509786721e-03
rand8_22,0.11268953,2.559333523703e-03
rand8_22,0.11474009,2.605994168974e-03
rand8_22,0.11682796,2.653507058652e-03
rand8_22,0.11895383,2.701887811559e-03
rand8_22,0.12111837,2.751152334477e-03
rand8_22,0.12332231,2.801316827512e-03
rand8_22,0.12556635,2.852397789556e-03
rand8_22,0.12785122,2.904412023852e-03
rand8_22,0.13017767,2.957376643659e-03
rand8_22,0.13254646,3.011309078039e-03
rand8_22,0.13495834,3.066227077733e-03
rand8_22,0.13741412,3.122148721162e-03
rand8_22,0.13991458,3.179092420539e-03
rand8_22,0.14246054,3.237076928090e-03
rand8_22,0.14505283,3.296121342403e-03
rand8_22,0.14769229,3.356245114886e-03
rand8_22,0.15037978,3.417468056352e-03
rand8_22,0.15311617,3.479810343732e-03
rand8_22,0.15590235,3.543292526908e-03
rand8_22,0.15873924,3.607935535678e-03
rand8_22,0.16162774,3.673760686852e-03
rand8_22,0.16456881,3.740789691487e-03
rand8_22,0.16756339,3.809044662247e-03
rand8_22,0.17061246,3.878548120915e-03
rand8_22,0.17371702,3.949323006036e-03
rand8_22,0.17687807,4.021392680716e-03
rand8_22,0.18009664,4.094780940553e-03
rand8_22,0.18337377,4.169512021732e-03
rand8_22,0.18671054,4.245610609266e-03
rand8_22,0.19010803,4.323101845389e-03
rand8_22,0.19356733,4.402011338118e-03
rand8_22,0.19708959,4.482365169966e-03
rand8_22,0.20067594,4.564189906822e-03
rand8_22,0.20432755,4.647512607003e-03
rand8_22,0.2080456,4.732360830471e-03
rand8_22,0.21183131,4.818762648229e-03
rand8_22,0.21568591,4.906746651884e-03
rand8_22,0.21961064,4.996341963402e-03
rand8_22,0.2236068,5.087578245037e-03
rand8_22,0.22767567,5.180485709458e-03
rand8_22,0.23181858,5.275095130046e-03
rand8_22,0.23603687,5.371437851411e-03
rand8_22,0.24033193,5.469545800082e-03
rand8_22,0.24470514,5.569451495414e-03
rand8_22,0.24915792,5.671188060688e-03
rand8_22,0.25369174,5.774789234432e-03
rand8_22,0.25830805,5.880289381936e-03
rand8_22,0.26300836,5.987723507002e-03
rand8_22,0.2677942,6.097127263894e-03
rand8_22,0.27266713,6.208536969529e-03
rand8_22,0.27762873,6.321989615881e-03
rand8_22,0.28268061,6.437522882625e-03
rand8_22,0.28782442,6.555175150013e-03
rand8_22,0.29306183,6.674985511986e-03
rand8_22,0.29839454,6.796993789535e-03
rand8_22,0.30382429,6.921240544308e-03
rand8_22,0.30935284,7.047767092466e-03
rand8_22,0.31498199,7.176615518798e-03
rand8_22,0.32071357,7.307828691095e-03
rand8_22,0.32654945,7.441450274791e-03
rand8_22,0.33249152,7.577524747869e-03
rand8_22,0.33854171,7.716097416047e-03
rand8_22,0.344702,7.857214428237e-03
rand8_22,0.35097438,8.000922792287e-03
rand8_22,0.3573609,8.147270391019e-03
rand8_22,0.36386363,8.296305998547e-03
rand8_22,0.37048469,8.448079296898e-03
rand8_22,0.37722623,8.602640892939e-03
rand8_22,0.38409044,8.760042335603e-03
rand8_22,0.39107956,8.920336133429e-03
rand8_22,0.39819586,9.083575772421e-03
rand8_22,0.40544164,9.249815734226e-03
rand8_22,0.41281928,9.419111514635e-03
rand8_22,0.42033116,9.591519642422e-03
rand8_22,0.42797973,9.767097698510e-03
rand8_22,0.43576748,9.945904335491e-03
rand8_22,0.44369694,1.012799929747e-02
rand8_22,0.45177069,1.031344344030e-02
rand8_22,0.45999135,1.050229875211e-02
rand8_22,0.46836161,1.069462837427e-02
rand8_22,0.47688417,1.089049662264e-02
rand8_22,0.48556181,1.108996900928e-02
rand8_22,0.49439735,1.129311226446e-02
rand8_22,0.50339367,1.149999435910e-02
rand8_22,0.5125537,1.171068452754e-02
rand8_22,0.5218804,1.192525329078e-02
rand8_22,0.53137682,1.214377248006e-02
rand8_22,0.54104604,1.236631526085e-02
rand8_22,0.5508912,1.259295615725e-02
rand8_22,0.56091551,1.282377107683e-02
rand8_22,0.57112224,1.305883733582e-02
rand8_22,0.58151468,1.329823368478e-02
rand8_22,0.59209624,1.354204033466e-02
rand8_22,0.60287034,1.379033898334e-02
rand8_22,0.6138405,1.404321284252e-02
rand8_22,0.62501027,1.430074666513e-02
rand8_22,0.63638329,1.456302677314e-02
rand8_22,0.64796327,1.483014108581e-02
rand8_22,0.65975396,1.510217914844e-02
rand8_22,0.67175919,1.537923216154e-02
rand8_22,0.68398289,1.566139301043e-02
rand8_22,0.69642901,1.594875629538e-02
rand8_22,0.70910161,1.624141836212e-02
rand8_22,0.7220048,1.653947733294e-02
rand8_22,0.73514279,1.684303313814e-02
rand8_22,0.74851985,1.715218754805e-02
rand8_22,0.76214032,1.746704420544e-02
rand8_22,0.77600863,1.778770865854e-02
rand8_22,0.7901293,1.811428839439e-02
rand8_22,0.80450692,1.844689287279e-02
rand8_22,0.81914617,1.878563356070e-02
rand8_22,0.83405179,1.913062396712e-02
rand8_22,0.84922865,1.948197967847e-02
rand8_22,0.86468167,1.983981839446e-02
rand8_22,0.88041588,2.020425996445e-02
rand8_22,0.89643641,2.057542642433e-02
rand8_22,0.91274845,2.095344203381e-02
rand8_22,0.92935731,2.133843331431e-02
rand8_22,0.9462684,2.173052908727e-02
rand8_22,0.96348721,2.212986051296e-02
rand8_22,0.98101934,2.253656112978e-02
rand8_22,0.9988705,2.295076689407e-02
rand8_22,1.0170465,2.337261622034e-02
rand8_22,1.0355532,2.380225002206e-02
rand8_22,1.0543967,2.423981175285e-02
rand8_22,1.0735831,2.468544744818e-02
rand8_22,1.0931186,2.513930576752e-02
rand8_22,1.1130095,2.560153803696e-02
rand8_22,1.1332625,2.607229829228e-02
rand8_22,1.1538839,2.655174332244e-02
rand8_22,1.1748806,2.704003271352e-02
rand8_22,1.1962594,2.753732889313e-02
rand8_22,1.2180272,2.804379717516e-02
rand8_22,1.240191,2.855960580499e-02
rand8_22,1.2627582,2.908492600510e-02
rand8_22,1.285736,2.961993202104e-02
rand8_22,1.309132,3.016480116774e-02
rand8_22,1.3329537,3.071971387630e-02
rand8_22,1.3572088,3.128485374094e-02
rand8_22,1.3819053,3.186040756645e-02
rand8_22,1.4070512,3.244656541580e-02
rand8_22,1.4326547,3.304352065820e-02
rand8_22,1.458724,3.365147001724e-02
rand8_22,1.4852678,3.427061361943e-02
rand8_22,1.5122945,3.490115504293e-02
rand8_22,1.539813,3.554330136640e-02
rand8_22,1.5678323,3.619726321818e-02
rand8_22,1.5963614,3.686325482546e-02
rand8_22,1.6254097,3.754149406368e-02
rand8_22,1.6549865,3.823220250602e-02
rand8_22,1.6851015,3.893560547288e-02
rand8_22,1.7157645,3.965193208146e-02
rand8_22,1.7469855,4.038141529534e-02
rand8_22,1.7787746,4.112429197395e-02
rand8_22,1.8111421,4.188080292204e-02
rand8_22,1.8440987,4.265119293902e-02
rand8_22,1.8776549,4.343571086810e-02
rand8_22,1.9118217,4.423460964526e-02
rand8_22,1.9466102,4.504814634800e-02
rand8_22,1.9820318,4.587658224375e-02
rand8_22,2.0180979,4.672018283799e-02
rand8_22,2.0548203,4.757921792191e-02
rand8_22,2.0922109,4.845396161972e-02
rand8_22,2.1302819,4.934469243536e-02
rand8_22,2.1690457,5.025169329874e-02
rand8_22,2.2085148,5.117525161130e-02
rand8_22,2.2487022,5.211565929092e-02
rand8_22,2.2896208,5.307321281610e-02
rand8_22,2.3312839,5.404821326930e-02
rand8_22,2.3737052,5.504096637944e-02
rand8_22,2.4168984,5.605178256339e-02
rand8_22,2.4608776,5.708097696651e-02
rand8_22,2.5056571,5.812886950208e-02
rand8_22,2.5512514,5.919578488947e-02
rand8_22,2.5976753,6.028205269120e-02
rand8_22,2.644944,6.138800734851e-02
rand8_22,2.6930729,6.251398821561e-02
rand8_22,2.7420775,6.366033959239e-02
rand8_22,2.7919738,6.482741075548e-02
rand8_22,2.842778,6.601555598769e-02
rand8_22,2.8945068,6.722513460560e-02
rand8_22,2.9471768,6.845651098530e-02
rand8_22,3.0008052,6.971005458610e-02
rand8_22,3.0554095,7.098613997218e-02
rand8_22,3.1110073,7.228514683206e-02
rand8_22,3.1676169,7.360745999569e-02
rand8_22,3.2252566,7.495346944921e-02
rand8_22,3.2839451,7.632357034715e-02
rand8_22,3.3437015,7.771816302197e-02
rand8_22,3.4045453,7.913765299090e-02
rand8_22,3.4664963,8.058245095982e-02
rand8_22,3.5295745,8.205297282421e-02
rand8_22,3.5938005,8.354963966696e-02
rand8_22,3.6591953,8.507287775292e-02
rand8_22,3.72578,8.662311852007e-02
rand8_22,3.7935763,8.820079856721e-02
rand8_22,3.8626062,8.980635963796e-02
rand8_22,3.9328923,9.144024860103e-02
rand8_22,4.0044573,9.310291742652e-02
rand8_22,4.0773246,9.479482315824e-02
rand8_22,4.1515178,9.651642788169e-02
rand8_22,4.227061,9.826819868787e-02
rand8_22,4.3039789,1.000506076324e-01
rand8_22,4.3822965,1.018641316900e-01
rand8_22,4.4620391,1.037092527046e-01
rand8_22,4.5432328,1.055864573334e-01
rand8_22,4.6259039,1.074962369872e-01
rand8_22,4.7100793,1.094390877643e-01
rand8_22,4.7957865,1.114155103792e-01
rand8_22,4.8830532,1.134260100860e-01
rand8_22,4.9719078,1.154710965956e-01
rand8_22,5.0623794,1.175512839868e-01
rand8_22,5.1544971,1.196670906113e-01
rand8_22,5.2482912,1.218190389922e-01
rand8_22,5.3437919,1.240076557159e-01
rand8_22,5.4410304,1.262334713169e-01
rand8_22,5.5400383,1.284970201558e-01
rand8_22,5.6408479,1.307988402892e-01
rand8_22,5.7434918,1.331394733331e-01
rand8_22,5.8480034,1.355194643172e-01
rand8_22,5.9544169,1.379393615320e-01
rand8_22,6.0627667,1.403997163664e-01
rand8_22,6.173088,1.429010831375e-01
rand8_22,6.2854169,1.454440189102e-01
rand8_22,6.3997897,1.480290833084e-01
rand8_22,6.5162437,1.506568383153e-01
rand8_22,6.6348168,1.533278480637e-01
rand8_22,6.7555475,1.560426786160e-01
rand8_22,6.8784751,1.588018977320e-01
rand8_22,7.0036396,1.616060746263e-01
rand8_22,7.1310816,1.644557797119e-01
rand8_22,7.2608426,1.673515843326e-01
rand8_22,7.3929648,1.702940604806e-01
rand8_22,7.5274911,1.732837805007e-01
rand8_22,7.6644654,1.763213167801e-01
rand8_22,7.8039322,1.794072414215e-01
rand8_22,7.9459367,1.825421259014e-01
rand8_22,8.0905253,1.857265407102e-01
rand8_22,8.2377449,1.889610549745e-01
rand8_22,8.3876433,1.922462360612e-01
rand8_22,8.5402694,1.955826491602e-01
rand8_22,8.6956727,1.989708568477e-01
rand8_22,8.8539039,2.024114186263e-01
rand8_22,9.0150143,2.059048904421e-01
rand8_22,9.1790564,2.094518241773e-01
rand8_22,9.3460834,2.130527671173e-01
rand8_22,9.5161498,2.167082613899e-01
rand8_22,9.6893108,2.204188433768e-01
rand8_22,9.8656227,2.241850430947e-01
rand8_22,10.045143,2.280073835450e-01
rand8_22,10.22793,2.318863800310e-01
rand8_22,10.414043,2.358225394398e-01
rand8_22,10.603542,2.398163594894e-01
rand8_22,10.79649,2.438683279375e-01
rand8_22,10.992949,2.479789217513e-01
rand8_22,11.192982,2.521486062375e-01
rand8_22,11.396656,2.563778341294e-01
rand8_22,11.604036,2.606670446316e-01
rand8_22,11.815189,2.650166624192e-01
rand8_22,12.030184,2.694270965915e-01
rand8_22,12.249092,2.738987395792e-01
rand8_22,12.471983,2.784319660023e-01
rand8_22,12.69893,2.830271314805e-01
rand8_22,12.930007,2.876845713935e-01
rand8_22,13.165288,2.924045995915e-01
rand8_22,13.404851,2.971875070555e-01
rand8_22,13.648773,3.020335605074e-01
rand8_22,13.897133,3.069430009707e-01
rand8_22,14.150013,3.119160422809e-01
rand8_22,14.407494,3.169528695482e-01
rand8_22,14.669661,3.220536375724e-01
rand8_22,14.936598,3.272184692118e-01
rand8_22,15.208392,3.324474537079e-01
rand8_22,15.485132,3.377406449679e-01
rand8_22,15.766908,3.430980598076e-01
rand8_22,16.053811,3.485196761574e-01
rand8_22,16.345935,3.540054312339e-01
rand8_22,16.643375,3.595552196822e-01
rand8_22,16.946226,3.651688916902e-01
rand8_22,17.254589,3.708462510818e-01
rand8_22,17.568563,3.765870533911e-01
rand8_22,17.88825,3.823910039232e-01
rand8_22,18.213754,3.882577558077e-01
rand8_22,18.545181,3.941869080483e-01
rand8_22,18.88264,4.001780035753e-01
rand8_22,19.226238,4.062305273068e-01
rand8_22,19.576089,4.123439042245e-01
rand8_22,19.932306,4.185174974702e-01
rand8_22,20.295005,4.247506064703e-01
rand8_22,20.664304,4.310424650944e-01
rand8_22,21.040323,4.373922398555e-01
rand8_22,21.423184,4.437990281587e-01
rand8_22,21.813012,4.502618566058e-01
rand8_22,22.209933,4.567796793639e-01
rand8_22,22.614077,4.633513766045e-01
rand8_22,23.025575,4.699757530234e-01
rand8_22,23.444561,4.766515364460e-01
rand8_22,23.871171,4.833773765301e-01
rand8_22,24.305544,4.901518435717e-01
rand8_22,24.74782,4.969734274232e-01
rand8_22,25.198145,5.038405365339e-01
rand8_22,25.656664,5.107514971195e-01
rand8_22,26.123527,5.177045524709e-01
rand8_22,26.598884,5.246978624109e-01
rand8_22,27.082892,5.317295029081e-01
rand8_22,27.575707,5.387974658559e-01
rand8_22,28.077489,5.458996590274e-01
rand8_22,28.588402,5.530339062137e-01
rand8_22,29.108612,5.601979475555e-01
rand8_22,29.638288,5.673894400762e-01
rand8_22,30.177603,5.746059584249e-01
rand8_22,30.726731,5.818449958392e-01
rand8_22,31.285851,5.891039653337e-01
rand8_22,31.855145,5.963802011233e-01
rand8_22,32.434798,6.036709602884e-01
rand8_22,33.025,6.109734246882e-01
rand8_22,33.62594,6.182847031293e-01
rand8_22,34.237816,6.256018337937e-01
rand8_22,34.860826,6.329217869320e-01
rand8_22,35.495172,6.402414678260e-01
rand8_22,36.141062,6.475577200216e-01
rand8_22,36.798704,6.548673288373e-01
rand8_22,37.468313,6.621670251460e-01
rand8_22,38.150106,6.694534894320e-01
rand8_22,38.844306,6.767233561203e-01
rand8_22,39.551138,6.839732181769e-01
rand8_22,40.270832,6.911996319740e-01
rand8_22,41.003622,6.983991224158e-01
rand8_22,41.749746,7.055681883179e-01
rand8_22,42.509447,7.127033080302e-01
rand8_22,43.282972,7.198009452944e-01
rand8_22,44.070572,7.268575553238e-01
rand8_22,44.872504,7.338695910909e-01
rand8_22,45.689028,7.408335098095e-01
rand8_22,46.52041,7.477457795926e-01
rand8_22,47.366921,7.546028862691e-01
rand8_22,48.228835,7.614013403378e-01
rand8_22,49.106433,7.681376840391e-01
rand8_22,50,7.748084985191e-01
rand10_31,0.001,6.416900944966e-06
rand10_31,0.0010181965,6.533666248876e-06
rand10_31,0.0010367242,6.652556273768e-06
rand10_31,0.001055589,6.773609682553e-06
rand10_31,0.0010747971,6.896865840919e-06
rand10_31,0.0010943546,7.022364831515e-06
rand10_31,0.0011142681,7.150147465564e-06
rand10_31,0.0011345439,7.280255297913e-06
rand10_31,0.0011551887,7.412730637994e-06
rand10_31,0.0011762091,7.547616566927e-06
rand10_31,0.0011976121,7.684956948823e-06
rand10_31,0.0012194045,7.824796445752e-06
rand10_31,0.0012415934,7.967180532872e-06
rand10_31,0.0012641861,8.112155513053e-06
rand10_31,0.0012871899,8.259768531667e-06
rand10_31,0.0013106123,8.410067590443e-06
rand10_31,0.0013344609,8.563101567442e-06
rand10_31,0.0013587435,8.718920227300e-06
rand10_31,0.0013834679,8.877574241814e-06
rand10_31,0.0014086423,9.039115204100e-06
rand10_31,0.0014342747,9.203595647371e-06
rand10_31,0.0014603735,9.371069058816e-06
rand10_31,0.0014869473,9.541589900290e-06
rand10_31,0.0015140046,9.715213624505e-06
rand10_31,0.0015415542,9.891996692311e-06
rand10_31,0.0015696052,1.007199659246e-05
rand10_31,0.0015981665,1.025527186044e-05
rand10_31,0.0016272476,1.044188209601e-05
rand10_31,0.0016568579,1.063188798436e-05
rand10_31,0.001687007,1.082535131344e-05
rand10_31,0.0017177047,1.102233499699e-05
rand10_31,0.001748961,1.122290309248e-05
rand10_31,0.001780786,1.142712082421e-05
rand10_31,0.0018131901,1.163505460215e-05
rand10_31,0.0018461839,1.184677204476e-05
rand10_31,0.0018797781,1.206234200172e-05
rand10_31,0.0019139835,1.228183457484e-05
rand10_31,0.0019488114,1.250532114134e-05
rand10_31,0.001984273,1.273287437889e-05
rand10_31,0.00202038,1.296456828586e-05
rand10_31,0.0020571439,1.320047820725e-05
rand10_31,0.0020945768,1.344068085922e-05
rand10_31,0.0021326908,1.368525435585e-05
rand10_31,0.0021714984,1.393427822851e-05
rand10_31,0.0022110122,1.418783346004e-05
rand10_31,0.0022512449,1.444600250337e-05
rand10_31,0.0022922098,1.470886931481e-05
rand10_31,0.0023339201,1.497651937612e-05
rand10_31,0.0023763894,1.524903972541e-05
rand10_31,0.0024196314,1.552651898427e-05
rand10_31,0.0024636603,1.580904738767e-05
rand10_31,0.0025084904,1.609671681116e-05
rand10_31,0.0025541363,1.638962080314e-05
rand10_31,0.0026006127,1.668785461402e-05
rand10_31,0.0026479349,1.699151522750e-05
rand10_31,0.0026961181,1.730070139123e-05
rand10_31,0.0027451782,1.761551365042e-05
rand10_31,0.0027951309,1.793605438016e-05
rand10_31,0.0028459926,1.826242781802e-05
rand10_31,0.0028977798,1.859474009740e-05
rand10_31,0.0029505094,1.893309928438e-05
rand10_31,0.0030041984,1.927761541077e-05
rand10_31,0.0030588645,1.962840051027e-05
rand10_31,0.0031145252,1.998556865607e-05
rand10_31,0.0031711988,2.034923599584e-05
rand10_31,0.0032289036,2.071952079143e-05
rand10_31,0.0032876585,2.109654345625e-05
rand10_31,0.0033474825,2.148042659541e-05
rand10_31,0.0034083951,2.187129504497e-05
rand10_31,0.0034704161,2.226927591121e-05
rand10_31,0.0035335657,2.267449861434e-05
rand10_31,0.0035978643,2.308709493021e-05
rand10_31,0.003663333,2.350719903061e-05
rand10_31,0.003729993,2.393494753049e-05
rand10_31,0.003797866,2.437047952964e-05
rand10_31,0.003866974,2.481393665930e-05
rand10_31,0.0039373395,2.526546312698e-05
rand10_31,0.0040089855,2.572520576660e-05
rand10_31,0.0040819351,2.619331408088e-05
rand10_31,0.0041562122,2.666994029474e-05
rand10_31,0.0042318409,2.715523940305e-05
rand10_31,0.0043088458,2.764936921982e-05
rand10_31,0.0043872519,2.815249043156e-05
rand10_31,0.0044670847,2.866476664869e-05
rand10_31,0.0045483701,2.918636445852e-05
rand10_31,0.0046311347,2.971745347851e-05
rand10_31,0.0047154054,3.025820641439e-05
rand10_31,0.0048012094,3.080879911344e-05
rand10_31,0.0048885748,3.136941062254e-05
rand10_31,0.00497753,3.194022324705e-05
rand10_31,0.0050681038,3.252142260907e-05
rand10_31,0.0051603257,3.311319770781e-05
rand10_31,0.0052542258,3.371574098296e-05
rand10_31,0.0053498345,3.432924837494e-05
rand10_31,0.005447183,3.495391938953e-05
rand10_31,0.0055463029,3.558995716218e-05
rand10_31,0.0056472264,3.623756852594e-05
rand10_31,0.0057499864,3.689696407587e-05
rand10_31,0.0058546163,3.756835824066e-05
rand10_31,0.00596115,3.825196934906e-05
rand10_31,0.0060696223,3.894801970361e-05
rand10_31,0.0061800684,3.965673565112e-05
rand10_31,0.0062925243,4.037834765712e-05
rand10_31,0.0064070265,4.111309038167e-05
rand10_31,0.0065236122,4.186120275351e-05
rand10_31,0.0066423193,4.262292804933e-05
rand10_31,0.0067631866,4.339851397210e-05
rand10_31,0.0068862532,4.418821273181e-05
rand10_31,0.0070115591,4.499228112974e-05
rand10_31,0.0071391452,4.581098063585e-05
rand10_31,0.007269053,4.664457748157e-05
rand10_31,0.0074013246,4.749334274033e-05
rand10_31,0.0075360031,4.835755241983e-05
rand10_31,0.0076731323,4.923748754715e-05
rand10_31,0.0078127567,5.013343426576e-05
rand10_31,0.0079549219,5.104568392433e-05
rand10_31,0.0080996739,5.197453317209e-05
rand10_31,0.0082470599,5.292028405760e-05
rand10_31,0.0083971279,5.388324412474e-05
rand10_31,0.0085499266,5.486372651276e-05
rand10_31,0.0087055056,5.586205005931e-05
rand10_31,0.0088639157,5.687853940400e-05
rand10_31,0.0090252083,5.791352509137e-05
rand10_31,0.0091894359,5.896734368353e-05
rand10_31,0.0093566518,6.004033786354e-05
rand10_31,0.0095269105,6.113285655116e-05
rand10_31,0.0097002673,6.224525501543e-05
rand10_31,0.0098767786,6.337789498868e-05
rand10_31,0.010056502,6.453114478574e-05
rand10_31,0.010239495,6.570537942232e-05
rand10_31,0.010425819,6.690098073875e-05
rand10_31,0.010615533,6.811833752214e-05
rand10_31,0.010808698,6.935784563496e-05
rand10_31,0.011005379,7.061990814069e-05
rand10_31,0.011205639,7.190493543900e-05
rand10_31,0.011409543,7.321334539435e-05
rand10_31,0.011617157,7.454556347697e-05
rand10_31,0.011828549,7.590202289665e-05
rand10_31,0.012043788,7.728316474705e-05
rand10_31,0.012262943,7.868943814582e-05
rand10_31,0.012486086,8.012130038372e-05
rand10_31,0.01271329,8.157921707207e-05
rand10_31,0.012944628,8.306366229401e-05
rand10_31,0.013180175,8.457511875760e-05
rand10_31,0.013420009,8.611407795504e-05
rand10_31,0.013664207,8.768104032064e-05
rand10_31,0.013912848,8.927651539468e-05
rand10_31,0.014166013,9.090102198786e-05
rand10_31,0.014423786,9.255508835127e-05
rand10_31,0.014686249,9.423925234728e-05
rand10_31,0.014953488,9.595406162424e-05
rand10_31,0.01522559,9.770007379524e-05
rand10_31,0.015502643,9.947785661932e-05
rand10_31,0.015784737,1.012879881862e-04
rand10_31,0.016071965,1.031310571027e-04
rand10_31,0.016364419,1.050076626850e-04
rand10_31,0.016662195,1.069184151552e-04
rand10_31,0.016965389,1.088639358379e-04
rand10_31,0.0172741,1.108448573610e-04
rand10_31,0.017588429,1.128618238643e-04
rand10_31,0.017908478,1.149154912074e-04
rand10_31,0.01823435,1.170065271827e-04
rand10_31,0.018566152,1.191356117323e-04
rand10_31,0.018903992,1.213034371704e-04
rand10_31,0.019247979,1.235107084065e-04
rand10_31,0.019598226,1.257581431770e-04
rand10_31,0.019954845,1.280464722750e-04
rand10_31,0.020317955,1.303764397918e-04
rand10_31,0.020687671,1.327488033562e-04
rand10_31,0.021064115,1.351643343814e-04
rand10_31,0.021447409,1.376238183156e-04
rand10_31,0.021837678,1.401280548983e-04
rand10_31,0.022235048,1.426778584192e-04
rand10_31,0.022639649,1.452740579832e-04
rand10_31,0.023051612,1.479174977798e-04
rand10_31,0.023471072,1.506090373589e-04
rand10_31,0.023898164,1.533495519065e-04
rand10_31,0.024333028,1.561399325341e-04
rand10_31,0.024775805,1.589810865657e-04
rand10_31,0.025226639,1.618739378306e-04
rand10_31,0.025685676,1.648194269688e-04
rand10_31,0.026153066,1.678185117325e-04
rand10_31,0.026628962,1.708721673001e-04
rand10_31,0.027113517,1.739813865904e-04
rand10_31,0.027606889,1.771471805881e-04
rand10_31,0.028109239,1.803705786710e-04
rand10_31,0.02862073,1.836526289435e-04
rand10_31,0.029141528,1.869943985817e-04
rand10_31,0.029671803,1.903969741737e-04
rand10_31,0.030211727,1.938614620777e-04
rand10_31,0.030761476,1.973889887795e-04
rand10_31,0.031321228,2.009807012608e-04
rand10_31,0.031891166,2.046377673682e-04
rand10_31,0.032471475,2.083613761970e-04
rand10_31,0.033062344,2.121527384732e-04
rand10_31,0.033663964,2.160130869510e-04
rand10_31,0.034276531,2.199436768121e-04
rand10_31,0.034900246,2.239457860718e-04
rand10_31,0.035535309,2.280207159972e-04
rand10_31,0.036181929,2.321697915282e-04
rand10_31,0.036840315,2.363943617084e-04
rand10_31,0.037510681,2.406958001245e-04
rand10_31,0.038193246,2.450755053508e-04
rand10_31,0.038888231,2.495349014060e-04
rand10_31,0.039595862,2.540754382137e-04
rand10_31,0.04031637,2.586985920748e-04
rand10_31,0.041049988,2.634058661476e-04
rand10_31,0.041796956,2.681987909358e-04
rand10_31,0.042557516,2.730789247845e-04
rand10_31,0.043331915,2.780478543886e-04
rand10_31,0.044120406,2.831071953077e-04
rand10_31,0.044923245,2.882585924903e-04
rand10_31,0.045740692,2.935037208088e-04
rand10_31,0.046573015,2.988442856047e-04
rand10_31,0.047420482,3.042820232407e-04
rand10_31,0.048283371,3.098187016662e-04
rand10_31,0.049161961,3.154561209908e-04
rand10_31,0.050056539,3.211961140712e-04
rand10_31,0.050967395,3.270405471037e-04
rand10_31,0.051894825,3.329913202329e-04
rand10_31,0.052839131,3.390503681668e-04
rand10_31,0.053800621,3.452196608080e-04
rand10_31,0.054779606,3.515012038921e-04
rand10_31,0.055776405,3.578970396383e-04
rand10_31,0.056791342,3.644092474149e-04
rand10_31,0.057824748,3.710399444135e-04
rand10_31,0.058876959,3.777912863372e-04
rand10_31,0.059948316,3.846654680996e-04
rand10_31,0.061039167,3.916647245407e-04
rand10_31,0.062149869,3.987913311486e-04
rand10_31,0.063280782,4.060476048026e-04
rand10_31,0.064432273,4.134359045242e-04
rand10_31,0.065604717,4.209586322411e-04
rand10_31,0.066798496,4.286182335700e-04
rand10_31,0.068013998,4.364171986114e-04
rand10_31,0.069251617,4.443580627559e-04
rand10_31,0.070511757,4.524434075087e-04
rand10_31,0.071794827,4.606758613270e-04
rand10_31,0.073101244,4.690581004770e-04
rand10_31,0.074431434,4.775928498974e-04
rand10_31,0.075785828,4.862828840890e-04
rand10_31,0.077164868,4.951310280132e-04
rand10_31,0.078569002,5.041401580097e-04
rand10_31,0.079998686,5.133132027309e-04
rand10_31,0.081454385,5.226531440916e-04
rand10_31,0.082936573,5.321630182393e-04
rand10_31,0.084445731,5.418459165367e-04
rand10_31,0.085982352,5.517049865682e-04
rand10_31,0.087546933,5.617434331605e-04
rand10_31,0.089139984,5.719645194218e-04
rand10_31,0.090762023,5.823715678042e-04
rand10_31,0.092413578,5.929679611780e-04
rand10_31,0.094095185,6.037571439333e-04
rand10_31,0.095807392,6.147426230949e-04
rand10_31,0.097550755,6.259279694634e-04
rand10_31,0.099325841,6.373168187730e-04
rand10_31,0.10113323,6.489128728694e-04
rand10_31,0.1029735,6.607199009142e-04
rand10_31,0.10484726,6.727417406049e-04
rand10_31,0.10675512,6.849822994240e-04
rand10_31,0.1086977,6.974455559033e-04
rand10_31,0.11067562,7.101355609157e-04
rand10_31,0.11268953,7.230564389903e-04
rand10_31,0.11474009,7.362123896495e-04
rand10_31,0.11682796,7.496076887729e-04
rand10_31,0.11895383,7.632466899819e-04
rand10_31,0.12111837,7.771338260532e-04
rand10_31,0.12332231,7.912736103570e-04
rand10_31,0.12556635,8.056706383200e-04
rand10_31,0.12785122,8.203295889159e-04
rand10_31,0.13017767,8.352552261836e-04
rand10_31,0.13254646,8.504524007696e-04
rand10_31,0.13495834,8.659260515043e-04
rand10_31,0.13741412,8.816812070002e-04
rand10_31,0.13991458,8.977229872846e-04
rand10_31,0.14246054,9.140566054572e-04
rand10_31,0.14505283,9.306873693823e-04
rand10_31,0.14769229,9.476206834070e-04
rand10_31,0.15037978,9.648620501138e-04
rand10_31,0.15311617,9.824170721059e-04
rand10_31,0.15590235,1.000291453819e-03
rand10_31,0.15873924,1.018491003374e-03
rand10_31,0.16162774,1.037021634453e-03
rand10_31,0.16456881,1.055889368224e-03
rand10_31,0.16756339,1.075100335282e-03
rand10_31,0.17061246,1.094660777642e-03
rand10_31,0.17371702,1.114577050758e-03
rand10_31,0.17687807,1.134855625582e-03
rand10_31,0.18009664,1.155503090656e-03
rand10_31,0.18337377,1.176526154255e-03
rand10_31,0.18671054,1.197931646546e-03
rand10_31,0.19010803,1.219726521813e-03
rand10_31,0.19356733,1.241917860696e-03
rand10_31,0.19708959,1.264512872490e-03
rand10_31,0.20067594,1.287518897477e-03
rand10_31,0.20432755,1.310943409301e-03
rand10_31,0.2080456,1.334794017387e-03
rand10_31,0.21183131,1.359078469402e-03
rand10_31,0.21568591,1.383804653763e-03
rand10_31,0.21961064,1.408980602183e-03
rand10_31,0.2236068,1.434614492280e-03
rand10_31,0.22767567,1.460714650210e-03
rand10_31,0.23181858,1.487289553365e-03
rand10_31,0.23603687,1.514347833114e-03
rand10_31,0.24033193,1.541898277591e-03
rand10_31,0.24470514,1.569949834537e-03
rand10_31,0.24915792,1.598511614191e-03
rand10_31,0.25369174,1.627592892233e-03
rand10_31,0.25830805,1.657203112783e-03
rand10_31,0.26300836,1.687351891448e-03
rand10_31,0.2677942,1.718049018432e-03
rand10_31,0.27266713,1.749304461694e-03
rand10_31,0.27762873,1.781128370167e-03
rand10_31,0.28268061,1.813531077037e-03
rand10_31,0.28782442,1.846523103073e-03
rand10_31,0.29306183,1.880115160026e-03
rand10_31,0.29839454,1.914318154085e-03
rand10_31,0.30382429,1.949143189393e-03
rand10_31,0.30935284,1.984601571628e-03
rand10_31,0.31498199,2.020704811652e-03
rand10_31,0.32071357,2.057464629217e-03
rand10_31,0.32654945,2.094892956749e-03
rand10_31,0.33249152,2.133001943187e-03
rand10_31,0.33854171,2.171803957898e-03
rand10_31,0.344702,2.211311594667e-03
rand10_31,0.35097438,2.251537675745e-03
rand10_31,0.3573609,2.292495255982e-03
rand10_31,0.36386363,2.334197627028e-03
rand10_31,0.37048469,2.376658321612e-03
rand10_31,0.37722623,2.419891117890e-03
rand10_31,0.38409044,2.463910043883e-03
rand10_31,0.39107956,2.508729381984e-03
rand10_31,0.39819586,2.554363673552e-03
rand10_31,0.40544164,2.600827723582e-03
rand10_31,0.41281928,2.648136605465e-03
rand10_31,0.42033116,2.696305665824e-03
rand10_31,0.42797973,2.745350529450e-03
rand10_31,0.43576748,2.795287104308e-03
rand10_31,0.44369694,2.846131586649e-03
rand10_31,0.45177069,2.897900466202e-03
rand10_31,0.45999135,2.950610531461e-03
rand10_31,0.46836161,3.004278875072e-03
rand10_31,0.47688417,3.058922899302e-03
rand10_31,0.48556181,3.114560321621e-03
rand10_31,0.49439735,3.171209180373e-03
rand10_31,0.50339367,3.228887840549e-03
rand10_31,0.5125537,3.287614999663e-03
rand10_31,0.5218804,3.347409693736e-03
rand10_31,0.53137682,3.408291303378e-03
rand10_31,0.54104604,3.470279559984e-03
rand10_31,0.5508912,3.533394552036e-03
rand10_31,0.56091551,3.597656731518e-03
rand10_31,0.57112224,3.663086920444e-03
rand10_31,0.58151468,3.729706317499e-03
rand10_31,0.59209624,3.797536504801e-03
rand10_31,0.60287034,3.866599454776e-03
rand10_31,0.6138405,3.936917537161e-03
rand10_31,0.62501027,4.008513526126e-03
rand10_31,0.63638329,4.081410607517e-03
rand10_31,0.64796327,4.155632386237e-03
rand10_31,0.65975396,4.231202893743e-03
rand10_31,0.67175919,4.308146595686e-03
rand10_31,0.68398289,4.386488399679e-03
rand10_31,0.69642901,4.466253663197e-03
rand10_31,0.70910161,4.547468201624e-03
rand10_31,0.7220048,4.630158296433e-03
rand10_31,0.73514279,4.714350703509e-03
rand10_31,0.74851985,4.800072661623e-03
rand10_31,0.76214032,4.887351901045e-03
rand10_31,0.77600863,4.976216652312e-03
rand10_31,0.7901293,5.066695655144e-03
rand10_31,0.80450692,5.158818167520e-03
rand10_31,0.81914617,5.252613974906e-03
rand10_31,0.83405179,5.348113399643e-03
rand10_31,0.84922865,5.445347310498e-03
rand10_31,0.86468167,5.544347132383e-03
rand10_31,0.88041588,5.645144856230e-03
rand10_31,0.89643641,5.747773049054e-03
rand10_31,0.91274845,5.852264864168e-03
rand10_31,0.92935731,5.958654051588e-03
rand10_31,0.9462684,6.066974968610e-03
rand10_31,0.96348721,6.177262590571e-03
rand10_31,0.98101934,6.289552521786e-03
rand10_31,0.9988705,6.403881006682e-03
rand10_31,1.0170465,6.520284941113e-03
rand10_31,1.0355532,6.638801883870e-03
rand10_31,1.0543967,6.759470068388e-03
rand10_31,1.0735831,6.882328414644e-03
rand10_31,1.0931186,7.007416541269e-03
rand10_31,1.1130095,7.134774777850e-03
rand10_31,1.1332625,7.264444177447e-03
rand10_31,1.1538839,7.396466529320e-03
rand10_31,1.1748806,7.530884371865e-03
rand10_31,1.1962594,7.667741005775e-03
rand10_31,1.2180272,7.807080507408e-03
rand10_31,1.240191,7.948947742390e-03
rand10_31,1.2627582,8.093388379441e-03
rand10_31,1.285736,8.240448904423e-03
rand10_31,1.309132,8.390176634632e-03
rand10_31,1.3329537,8.542619733317e-03
rand10_31,1.3572088,8.697827224447e-03
rand10_31,1.3819053,8.855849007712e-03
rand10_31,1.4070512,9.016735873777e-03
rand10_31,1.4326547,9.180539519780e-03
rand10_31,1.458724,9.347312565093e-03
rand10_31,1.4852678,9.517108567328e-03
rand10_31,1.5122945,9.689982038609e-03
rand10_31,1.539813,9.865988462110e-03
rand10_31,1.5678323,1.004518430886e-02
rand10_31,1.5963614,1.022762705480e-02
rand10_31,1.6254097,1.041337519816e-02
rand10_31,1.6549865,1.060248827706e-02
rand10_31,1.6851015,1.079502688743e-02
rand10_31,1.7157645,1.099105270122e-02
rand10_31,1.7469855,1.119062848484e-02
rand10_31,1.7787746,1.139381811797e-02
rand10_31,1.8111421,1.160068661263e-02
rand10_31,1.8440987,1.181130013254e-02
rand10_31,1.8776549,1.202572601280e-02
rand10_31,1.9118217,1.224403277990e-02
rand10_31,1.9466102,1.246629017197e-02
rand10_31,1.9820318,1.269256915941e-02
rand10_31,2.0180979,1.292294196586e-02
rand10_31,2.0548203,1.315748208939e-02
rand10_31,2.0922109,1.339626432411e-02
rand10_31,2.1302819,1.363936478208e-02
rand10_31,2.1690457,1.388686091555e-02
rand10_31,2.2085148,1.413883153955e-02
rand10_31,2.2487022,1.439535685477e-02
rand10_31,2.2896208,1.465651847089e-02
rand10_31,2.3312839,1.492239943015e-02
rand10_31,2.3737052,1.519308423133e-02
rand10_31,2.4168984,1.546865885408e-02
rand10_31,2.4608776,1.574921078359e-02
rand10_31,2.5056571,1.603482903563e-02
rand10_31,2.5512514,1.632560418199e-02
rand10_31,2.5976753,1.662162837623e-02
rand10_31,2.644944,1.692299537984e-02
rand10_31,2.6930729,1.722980058880e-02
rand10_31,2.7420775,1.754214106043e-02
rand10_31,2.7919738,1.786011554075e-02
rand10_31,2.842778,1.818382449212e-02
rand10_31,2.8945068,1.851337012129e-02
rand10_31,2.9471768,1.884885640792e-02
rand10_31,3.0008052,1.919038913336e-02
rand10_31,3.0554095,1.953807590998e-02
rand10_31,3.1110073,1.989202621074e-02
rand10_31,3.1676169,2.025235139932e-02
rand10_31,3.2252566,2.061916476053e-02
rand10_31,3.2839451,2.099258153120e-02
rand10_31,3.3437015,2.137271893144e-02
rand10_31,3.4045453,2.175969619634e-02
rand10_31,3.4664963,2.215363460807e-02
rand10_31,3.5295745,2.255465752842e-02
rand10_31,3.5938005,2.296289043167e-02
rand10_31,3.6591953,2.337846093800e-02
rand10_31,3.72578,2.380149884725e-02
rand10_31,3.7935763,2.423213617309e-02
rand10_31,3.8626062,2.467050717761e-02
rand10_31,3.9328923,2.511674840643e-02
rand10_31,4.0044573,2.557099872405e-02
rand10_31,4.0773246,2.603339934981e-02
rand10_31,4.1515178,2.650409389409e-02
rand10_31,4.227061,2.698322839512e-02
rand10_31,4.3039789,2.747095135601e-02
rand10_31,4.3822965,2.796741378236e-02
rand10_31,4.4620391,2.847276922020e-02
rand10_31,4.5432328,2.898717379435e-02
rand10_31,4.6259039,2.951078624719e-02
rand10_31,4.7100793,3.004376797787e-02
rand10_31,4.7957865,3.058628308190e-02
rand10_31,4.8830532,3.113849839109e-02
rand10_31,4.9719078,3.170058351399e-02
rand10_31,5.0623794,3.227271087660e-02
rand10_31,5.1544971,3.285505576356e-02
rand10_31,5.2482912,3.344779635967e-02
rand10_31,5.3437919,3.405111379175e-02
rand10_31,5.4410304,3.466519217094e-02
rand10_31,5.5400383,3.529021863527e-02
rand10_31,5.6408479,3.592638339265e-02
rand10_31,5.7434918,3.657387976409e-02
rand10_31,5.8480034,3.723290422737e-02
rand10_31,5.9544169,3.790365646093e-02
rand10_31,6.0627667,3.858633938805e-02
rand10_31,6.173088,3.928115922139e-02
rand10_31,6.2854169,3.998832550774e-02
rand10_31,6.3997897,4.070805117301e-02
rand10_31,6.5162437,4.144055256749e-02
rand10_31,6.6348168,4.218604951134e-02
rand10_31,6.7555475,4.294476534022e-02
rand10_31,6.8784751,4.371692695114e-02
rand10_31,7.0036396,4.450276484845e-02
rand10_31,7.1310816,4.530251318996e-02
rand10_31,7.2608426,4.611640983317e-02
rand10_31,7.3929648,4.694469638152e-02
rand10_31,7.5274911,4.778761823083e-02
rand10_31,7.6644654,4.864542461554e-02
rand10_31,7.8039322,4.951836865518e-02
rand10_31,7.9459367,5.040670740055e-02
rand10_31,8.0905253,5.131070188000e-02
rand10_31,8.2377449,5.223061714548e-02
rand10_31,8.3876433,5.316672231843e-02
rand10_31,8.5402694,5.411929063553e-02
rand10_31,8.6956727,5.508859949405e-02
rand10_31,8.8539039,5.607493049706e-02
rand10_31,9.0150143,5.707856949815e-02
rand10_31,9.1790564,5.809980664579e-02
rand10_31,9.3460834,5.913893642722e-02
rand10_31,9.5161498,6.019625771180e-02
rand10_31,9.6893108,6.127207379372e-02
rand10_31,9.8656227,6.236669243415e-02
rand10_31,10.045143,6.348042590253e-02
rand10_31,10.22793,6.461359101713e-02
rand10_31,10.414043,6.576650918470e-02
rand10_31,10.603542,6.693950643914e-02
rand10_31,10.79649,6.813291347912e-02
rand10_31,10.992949,6.934706570454e-02
rand10_31,11.192982,7.058230325177e-02
rand10_31,11.396656,7.183897102748e-02
rand10_31,11.604036,7.311741874111e-02
rand10_31,11.815189,7.441800093571e-02
rand10_31,12.030184,7.574107701715e-02
rand10_31,12.249092,7.708701128145e-02
rand10_31,12.471983,7.845617294031e-02
rand10_31,12.69893,7.984893614450e-02
rand10_31,12.930007,8.126568000507e-02
rand10_31,13.165288,8.270678861225e-02
rand10_31,13.404851,8.417265105185e-02
rand10_31,13.648773,8.566366141900e-02
rand10_31,13.897133,8.718021882915e-02
rand10_31,14.150013,8.872272742604e-02
rand10_31,14.407494,9.029159638650e-02
rand10_31,14.669661,9.188723992203e-02
rand10_31,14.936598,9.351007727674e-02
rand10_31,15.208392,9.516053272162e-02
rand10_31,15.485132,9.683903554493e-02
rand10_31,15.766908,9.854602003836e-02
rand10_31,16.053811,1.002819254789e-01
rand10_31,16.345935,1.020471961062e-01
rand10_31,16.643375,1.038422810947e-01
rand10_31,16.946226,1.056676345216e-01
rand10_31,17.254589,1.075237153284e-01
rand10_31,17.568563,1.094109872773e-01
rand10_31,17.88825,1.113299189025e-01
rand10_31,18.213754,1.132809834539e-01
rand10_31,18.545181,1.152646588358e-01
rand10_31,18.88264,1.172814275376e-01
rand10_31,19.226238,1.193317765589e-01
rand10_31,19.576089,1.214161973256e-01
rand10_31,19.932306,1.235351855998e-01
rand10_31,20.295005,1.256892413809e-01
rand10_31,20.664304,1.278788687985e-01
rand10_31,21.040323,1.301045759963e-01
rand10_31,21.423184,1.323668750078e-01
rand10_31,21.813012,1.346662816214e-01
rand10_31,22.209933,1.370033152365e-01
rand10_31,22.614077,1.393784987089e-01
rand10_31,23.025575,1.417923581857e-01
rand10_31,23.444561,1.442454229291e-01
rand10_31,23.871171,1.467382251286e-01
rand10_31,24.305544,1.492712997017e-01
rand10_31,24.74782,1.518451840811e-01
rand10_31,25.198145,1.544604179908e-01
rand10_31,25.656664,1.571175432066e-01
rand10_31,26.123527,1.598171033051e-01
rand10_31,26.598884,1.625596433966e-01
rand10_31,27.082892,1.653457098442e-01
rand10_31,27.575707,1.681758499670e-01
rand10_31,28.077489,1.710506117278e-01
rand10_31,28.588402,1.739705434042e-01
rand10_31,29.108612,1.769361932431e-01
rand10_31,29.638288,1.799481090971e-01
rand10_31,30.177603,1.830068380435e-01
rand10_31,30.726731,1.861129259841e-01
rand10_31,31.285851,1.892669172268e-01
rand10_31,31.855145,1.924693540462e-01
rand10_31,32.434798,1.957207762246e-01
rand10_31,33.025,1.990217205723e-01
rand10_31,33.62594,2.023727204258e-01
rand10_31,34.237816,2.057743051241e-01
rand10_31,34.860826,2.092269994629e-01
rand10_31,35.495172,2.127313231248e-01
rand10_31,36.141062,2.162877900857e-01
rand10_31,36.798704,2.198969079978e-01
rand10_31,37.468313,2.235591775464e-01
rand10_31,38.150106,2.272750917817e-01
rand10_31,38.844306,2.310451354249e-01
rand10_31,39.551138,2.348697841474e-01
rand10_31,40.270832,2.387495038225e-01
rand10_31,41.003622,2.426847497507e-01
rand10_31,41.749746,2.466759658557e-01
rand10_31,42.509447,2.507235838528e-01
rand10_31,43.282972,2.548280223887e-01
rand10_31,44.070572,2.589896861507e-01
rand10_31,44.872504,2.632089649487e-01
rand10_31,45.689028,2.674862327648e-01
rand10_31,46.52041,2.718218467756e-01
rand10_31,47.366921,2.762161463420e-01
rand10_31,48.228835,2.806694519704e-01
rand10_31,49.106433,2.851820642431e-01
rand10_31,50,2.897542627182e-01
rand13_41,0.001,2.423357677354e-05
rand13_41,0.0010181965,2.467456543427e-05
rand13_41,0.0010367242,2.512357934888e-05
rand13_41,0.001055589,2.558076457841e-05
rand13_41,0.0010747971,2.604626984326e-05
rand13_41,0.0010943546,2.652024656906e-05
rand13_41,0.0011142681,2.700284893930e-05
rand13_41,0.0011345439,2.749423394503e-05
rand13_41,0.0011551887,2.799456143428e-05
rand13_41,0.0011762091,2.850399416534e-05
rand13_41,0.0011976121,2.902269785828e-05
rand13_41,0.0012194045,2.955084125192e-05
rand13_41,0.0012415934,3.008859615578e-05
rand13_41,0.0012641861,3.063613750699e-05
rand13_41,0.0012871899,3.119364343010e-05
rand13_41,0.0013106123,3.176129528812e-05
rand13_41,0.0013344609,3.233927774865e-05
rand13_41,0.0013587435,3.292777884080e-05
rand13_41,0.0013834679,3.352699001747e-05
rand13_41,0.0014086423,3.413710621604e-05
rand13_41,0.0014342747,3.475832592317e-05
rand13_41,0.0014603735,3.539085123985e-05
rand13_41,0.0014869473,3.603488794766e-05
rand13_41,0.0015140046,3.669064557111e-05
rand13_41,0.0015415542,3.735833745304e-05
rand13_41,0.0015696052,3.803818081948e-05
rand13_41,0.0015981665,3.873039685193e-05
rand13_41,0.0016272476,3.943521075805e-05
rand13_41,0.0016568579,4.015285184715e-05
rand13_41,0.001687007,4.088355360378e-05
rand13_41,0.0017177047,4.162755376207e-05
rand13_41,0.001748961,4.238509438694e-05
rand13_41,0.001780786,4.315642194972e-05
rand13_41,0.0018131901,4.394178741090e-05
rand13_41,0.0018461839,4.474144629959e-05
rand13_41,0.0018797781,4.555565879860e-05
rand13_41,0.0019139835,4.638468982711e-05
rand13_41,0.0019488114,4.722880913080e-05
rand13_41,0.001984273,4.808829136521e-05
rand13_41,0.00202038,4.896341618849e-05
rand13_41,0.0020571439,4.985446835090e-05
rand13_41,0.0020945768,5.076173778929e-05
rand13_41,0.0021326908,5.168551972010e-05
rand13_41,0.0021714984,5.262611473384e-05
rand13_41,0.0022110122,5.358382889861e-05
rand13_41,0.0022512449,5.455897385567e-05
rand13_41,0.0022922098,5.555186691899e-05
rand13_41,0.0023339201,5.656283118638e-05
rand13_41,0.0023763894,5.759219563432e-05
rand13_41,0.0024196314,5.864029523658e-05
rand13_41,0.0024636603,5.970747106498e-05
rand13_41,0.0025084904,6.079407040272e-05
rand13_41,0.0025541363,6.190044686065e-05
rand13_41,0.0026006127,6.302696048856e-05
rand13_41,0.0026479349,6.417397789399e-05
rand13_41,0.0026961181,6.534187236457e-05
rand13_41,0.0027451782,6.653102398409e-05
rand13_41,0.0027951309,6.774181976386e-05
rand13_41,0.0028459926,6.897465375924e-05
rand13_41,0.0028977798,7.022992720977e-05
rand13_41,0.0029505094,7.150804865969e-05
rand13_41,0.0030041984,7.280943409724e-05
rand13_41,0.0030588645,7.413450708952e-05
rand13_41,0.0031145252,7.548369891834e-05
rand13_41,0.0031711988,7.685744872388e-05
rand13_41,0.0032289036,7.825620364568e-05
rand13_41,0.0032876585,7.968041897150e-05
rand13_41,0.0033474825,8.113055828132e-05
rand13_41,0.0034083951,8.260709360292e-05
rand13_41,0.0034704161,8.411050556478e-05
rand13_41,0.0035335657,8.564128355125e-05
rand13_41,0.0035978643,8.719992586469e-05
rand13_41,0.003663333,8.878693988646e-05
rand13_41,0.003729993,9.040284224365e-05
rand13_41,0.003797866,9.204815897714e-05
rand13_41,0.003866974,9.372342571437e-05
rand13_41,0.0039373395,9.542918784151e-05
rand13_41,0.0040089855,9.716600068630e-05
rand13_41,0.0040819351,9.893442969530e-05
rand13_41,0.0041562122,1.007350506194e-04
rand13_41,0.0042318409,1.025684497050e-04
rand13_41,0.0043088458,1.044352238804e-04
rand13_41,0.0043872519,1.063359809542e-04
rand13_41,0.0044670847,1.082713398152e-04
rand13_41,0.0045483701,1.102419306297e-04
rand13_41,0.0046311347,1.122483950532e-04
rand13_41,0.0047154054,1.142913864360e-04
rand13_41,0.0048012094,1.163715700389e-04
rand13_41,0.0048885748,1.184896232489e-04
rand13_41,0.00497753,1.206462358033e-04
rand13_41,0.0050681038,1.228421100121e-04
rand13_41,0.0051603257,1.250779609917e-04
rand13_41,0.0052542258,1.273545168919e-04
rand13_41,0.0053498345,1.296725191443e-04
rand13_41,0.005447183,1.320327226953e-04
rand13_41,0.0055463029,1.344358962581e-04
rand13_41,0.0056472264,1.368828225603e-04
rand13_41,0.0057499864,1.393742986082e-04
rand13_41,0.0058546163,1.419111359366e-04
rand13_41,0.00596115,1.444941608839e-04
rand13_41,0.0060696223,1.471242148557e-04
rand13_41,0.0061800684,1.498021546049e-04
rand13_41,0.0062925243,1.525288525109e-04
rand13_41,0.0064070265,1.553051968630e-04
rand13_41,0.0065236122,1.581320921548e-04
rand13_41,0.0066423193,1.610104593776e-04
rand13_41,0.0067631866,1.639412363256e-04
rand13_41,0.0068862532,1.669253778974e-04
rand13_41,0.0070115591,1.699638564156e-04
rand13_41,0.0071391452,1.730576619404e-04
rand13_41,0.007269053,1.762078025969e-04
rand13_41,0.0074013246,1.794153049043e-04
rand13_41,0.0075360031,1.826812141120e-04
rand13_41,0.0076731323,1.860065945432e-04
rand13_41,0.0078127567,1.893925299443e-04
rand13_41,0.0079549219,1.928401238404e-04
rand13_41,0.0080996739,1.963504998967e-04
rand13_41,0.0082470599,1.999248022851e-04
rand13_41,0.0083971279,2.035641960636e-04
rand13_41,0.0085499266,2.072698675582e-04
rand13_41,0.0087055056,2.110430247478e-04
rand13_41,0.0088639157,2.148848976660e-04
rand13_41,0.0090252083,2.187967388031e-04
rand13_41,0.0091894359,2.227798235165e-04
rand13_41,0.0093566518,2.268354504508e-04
rand13_41,0.0095269105,2.309649419641e-04
rand13_41,0.0097002673,2.351696445627e-04
rand13_41,0.0098767786,2.394509293431e-04
rand13_41,0.010056502,2.438101924439e-04
rand13_41,0.010239495,2.482488555044e-04
rand13_41,0.010425819,2.527683661277e-04
rand13_41,0.010615533,2.573701983668e-04
rand13_41,0.010808698,2.620558532003e-04
rand13_41,0.011005379,2.668268590299e-04
rand13_41,0.011205639,2.716847721834e-04
rand13_41,0.011409543,2.766311774273e-04
rand13_41,0.011617157,2.816676884872e-04
rand13_41,0.011828549,2.867959485808e-04
rand13_41,0.012043788,2.920176309577e-04
rand13_41,0.012262943,2.973344394528e-04
rand13_41,0.012486086,3.027481090452e-04
rand13_41,0.01271329,3.082604064321e-04
rand13_41,0.012944628,3.138731306112e-04
rand13_41,0.013180175,3.195881134723e-04
rand13_41,0.013420009,3.254072204041e-04
rand13_41,0.013664207,3.313323509063e-04
rand13_41,0.013912848,3.373654392202e-04
rand13_41,0.014166013,3.435084549672e-04
rand13_41,0.014423786,3.497634037936e-04
rand13_41,0.014686249,3.561323280405e-04
rand13_41,0.014953488,3.626173074135e-04
rand13_41,0.01522559,3.692204596730e-04
rand13_41,0.015502643,3.759439413313e-04
rand13_41,0.015784737,3.827899483714e-04
rand13_41,0.016071965,3.897607169633e-04
rand13_41,0.016364419,3.968585242151e-04
rand13_41,0.016662195,4.040856889208e-04
rand13_41,0.016965389,4.114445723269e-04
rand13_41,0.0172741,4.189375789181e-04
rand13_41,0.017588429,4.265671572121e-04
rand13_41,0.017908478,4.343358005706e-04
rand13_41,0.01823435,4.422460480267e-04
rand13_41,0.018566152,4.503004851258e-04
rand13_41,0.018903992,4.585017447855e-04
rand13_41,0.019247979,4.668525081671e-04
rand13_41,0.019598226,4.753555055667e-04
rand13_41,0.019954845,4.840135173220e-04
rand13_41,0.020317955,4.928293747346e-04
rand13_41,0.020687671,5.018059610128e-04
rand13_41,0.021064115,5.109462122304e-04
rand13_41,0.021447409,5.202531183012e-04
rand13_41,0.021837678,5.297297239734e-04
rand13_41,0.022235048,5.393791298464e-04
rand13_41,0.022639649,5.492044934004e-04
rand13_41,0.023051612,5.592090300484e-04
rand13_41,0.023471072,5.693960142107e-04
rand13_41,0.023898164,5.797687804017e-04
rand13_41,0.024333028,5.903307243468e-04
rand13_41,0.024775805,6.010853041113e-04
rand13_41,0.025226639,6.120360412587e-04
rand13_41,0.025685676,6.231865220251e-04
rand13_41,0.026153066,6.345403985157e-04
rand13_41,0.026628962,6.461013899299e-04
rand13_41,0.027113517,6.578732838022e-04
rand13_41,0.027606889,6.698599372684e-04
rand13_41,0.028109239,6.820652783614e-04
rand13_41,0.02862073,6.944933073224e-04
rand13_41,0.029141528,7.071480979450e-04
rand13_41,0.029671803,7.200337989369e-04
rand13_41,0.030211727,7.331546353163e-04
rand13_41,0.030761476,7.465149098270e-04
rand13_41,0.031321228,7.601190043853e-04
rand13_41,0.031891166,7.739713815489e-04
rand13_41,0.032471475,7.880765860208e-04
rand13_41,0.033062344,8.024392461790e-04
rand13_41,0.033663964,8.170640756283e-04
rand13_41,0.034276531,8.319558747942e-04
rand13_41,0.034900246,8.471195325373e-04
rand13_41,0.035535309,8.625600278021e-04
rand13_41,0.036181929,8.782824312976e-04
rand13_41,0.036840315,8.942919072064e-04
rand13_41,0.037510681,9.105937149350e-04
rand13_41,0.038193246,9.271932108851e-04
rand13_41,0.038888231,9.440958502684e-04
rand13_41,0.039595862,9.613071889542e-04
rand13_41,0.04031637,9.788328853480e-04
rand13_41,0.041049988,9.966787023118e-04
rand13_41,0.041796956,1.014850509118e-03
rand13_41,0.042557516,1.033354283440e-03
rand13_41,0.043331915,1.052196113384e-03
rand13_41,0.044120406,1.071382199557e-03
rand13_41,0.044923245,1.090918857178e-03
rand13_41,0.045740692,1.110812518223e-03
rand13_41,0.046573015,1.131069733622e-03
rand13_41,0.047420482,1.151697175487e-03
rand13_41,0.048283371,1.172701639391e-03
rand13_41,0.049161961,1.194090046687e-03
rand13_41,0.050056539,1.215869446874e-03
rand13_41,0.050967395,1.238047020007e-03
rand13_41,0.051894825,1.260630079153e-03
rand13_41,0.052839131,1.283626072899e-03
rand13_41,0.053800621,1.307042587905e-03
rand13_41,0.054779606,1.330887351503e-03
rand13_41,0.055776405,1.355168234359e-03
rand13_41,0.056791342,1.379893253168e-03
rand13_41,0.057824748,1.405070573421e-03
rand13_41,0.058876959,1.430708512211e-03
rand13_41,0.059948316,1.456815541101e-03
rand13_41,0.061039167,1.483400289049e-03
rand13_41,0.062149869,1.510471545385e-03
rand13_41,0.063280782,1.538038262848e-03
rand13_41,0.064432273,1.566109560686e-03
rand13_41,0.065604717,1.594694727811e-03
rand13_41,0.066798496,1.623803226024e-03
rand13_41,0.068013998,1.653444693293e-03
rand13_41,0.069251617,1.683628947102e-03
rand13_41,0.070511757,1.714365987867e-03
rand13_41,0.071794827,1.745666002415e-03
rand13_41,0.073101244,1.777539367532e-03
rand13_41,0.074431434,1.809996653586e-03
rand13_41,0.075785828,1.843048628219e-03
rand13_41,0.077164868,1.876706260104e-03
rand13_41,0.078569002,1.910980722791e-03
rand13_41,0.079998686,1.945883398619e-03
rand13_41,0.081454385,1.981425882710e-03
rand13_41,0.082936573,2.017619987037e-03
rand13_41,0.084445731,2.054477744581e-03
rand13_41,0.085982352,2.092011413567e-03
rand13_41,0.087546933,2.130233481778e-03
rand13_41,0.089139984,2.169156670969e-03
rand13_41,0.090762023,2.208793941358e-03
rand13_41,0.092413578,2.249158496204e-03
rand13_41,0.094095185,2.290263786496e-03
rand13_41,0.095807392,2.332123515712e-03
rand13_41,0.097550755,2.374751644689e-03
rand13_41,0.099325841,2.418162396585e-03
rand13_41,0.10113323,2.462370261943e-03
rand13_41,0.1029735,2.507390003857e-03
rand13_41,0.10484726,2.553236663237e-03
rand13_41,0.10675512,2.599925564192e-03
rand13_41,0.1086977,2.647472319508e-03
rand13_41,0.11067562,2.695892836245e-03
rand13_41,0.11268953,2.745203321447e-03
rand13_41,0.11474009,2.795420287969e-03
rand13_41,0.11682796,2.846560560413e-03
rand13_41,0.11895383,2.898641281198e-03
rand13_41,0.12111837,2.951679916744e-03
rand13_41,0.12332231,3.005694263787e-03
rand13_41,0.12556635,3.060702455819e-03
rand13_41,0.12785122,3.116722969664e-03
rand13_41,0.13017767,3.173774632186e-03
rand13_41,0.13254646,3.231876627130e-03
rand13_41,0.13495834,3.291048502114e-03
rand13_41,0.13741412,3.351310175757e-03
rand13_41,0.13991458,3.412681944950e-03
rand13_41,0.14246054,3.475184492286e-03
rand13_41,0.14505283,3.538838893637e-03
rand13_41,0.14769229,3.603666625887e-03
rand13_41,0.15037978,3.669689574827e-03
rand13_41,0.15311617,3.736930043213e-03
rand13_41,0.15590235,3.805410758991e-03
rand13_41,0.15873924,3.875154883684e-03
rand13_41,0.16162774,3.946186020969e-03
rand13_41,0.16456881,4.018528225416e-03
rand13_41,0.16756339,4.092206011423e-03
rand13_41,0.17061246,4.167244362317e-03
rand13_41,0.17371702,4.243668739669e-03
rand13_41,0.17687807,4.321505092783e-03
rand13_41,0.18009664,4.400779868395e-03
rand13_41,0.18337377,4.481520020563e-03
rand13_41,0.18671054,4.563753020778e-03
rand13_41,0.19010803,4.647506868274e-03
rand13_41,0.19356733,4.732810100563e-03
rand13_41,0.19708959,4.819691804178e-03
rand13_41,0.20067594,4.908181625659e-03
rand13_41,0.20432755,4.998309782752e-03
rand13_41,0.2080456,5.090107075858e-03
rand13_41,0.21183131,5.183604899708e-03
rand13_41,0.21568591,5.278835255296e-03
rand13_41,0.21961064,5.375830762059e-03
rand13_41,0.2236068,5.474624670304e-03
rand13_41,0.22767567,5.575250873918e-03
rand13_41,0.23181858,5.677743923319e-03
rand13_41,0.23603687,5.782139038706e-03
rand13_41,0.24033193,5.888472123570e-03
rand13_41,0.24470514,5.996779778496e-03
rand13_41,0.24915792,6.107099315263e-03
rand13_41,0.25369174,6.219468771231e-03
rand13_41,0.25830805,6.333926924037e-03
rand13_41,0.26300836,6.450513306603e-03
rand13_41,0.2677942,6.569268222461e-03
rand13_41,0.27266713,6.690232761400e-03
rand13_41,0.27762873,6.813448815440e-03
rand13_41,0.28268061,6.938959095156e-03
rand13_41,0.28782442,7.066807146332e-03
rand13_41,0.29306183,7.197037366981e-03
rand13_41,0.29839454,7.329695024715e-03
rand13_41,0.30382429,7.464826274482e-03
rand13_41,0.30935284,7.602478176686e-03
rand13_41,0.31498199,7.742698715686e-03
rand13_41,0.32071357,7.885536818676e-03
rand13_41,0.32654945,8.031042374981e-03
rand13_41,0.33249152,8.179266255741e-03
rand13_41,0.33854171,8.330260334029e-03
rand13_41,0.344702,8.484077505373e-03
rand13_41,0.35097438,8.640771708724e-03
rand13_41,0.3573609,8.800397947862e-03
rand13_41,0.36386363,8.963012313244e-03
rand13_41,0.37048469,9.128672004316e-03
rand13_41,0.37722623,9.297435352297e-03
rand13_41,0.38409044,9.469361843426e-03
rand13_41,0.39107956,9.644512142708e-03
rand13_41,0.39819586,9.822948118145e-03
rand13_41,0.40544164,1.000473286548e-02
rand13_41,0.41281928,1.018993073345e-02
rand13_41,0.42033116,1.037860734954e-02
rand13_41,0.42797973,1.057082964635e-02
rand13_41,0.43576748,1.076666588837e-02
rand13_41,0.44369694,1.096618569946e-02
rand13_41,0.45177069,1.116946009076e-02
rand13_41,0.45999135,1.137656148926e-02
rand13_41,0.46836161,1.158756376691e-02
rand13_41,0.47688417,1.180254227036e-02
rand13_41,0.48556181,1.202157385124e-02
rand13_41,0.49439735,1.224473689712e-02
rand13_41,0.50339367,1.247211136305e-02
rand13_41,0.5125537,1.270377880376e-02
rand13_41,0.5218804,1.293982240645e-02
rand13_41,0.53137682,1.318032702432e-02
rand13_41,0.54104604,1.342537921071e-02
rand13_41,0.5508912,1.367506725386e-02
rand13_41,0.56091551,1.392948121248e-02
rand13_41,0.57112224,1.418871295189e-02
rand13_41,0.58151468,1.445285618094e-02
rand13_41,0.59209624,1.472200648960e-02
rand13_41,0.60287034,1.499626138728e-02
rand13_41,0.6138405,1.527572034187e-02
rand13_41,0.62501027,1.556048481956e-02
rand13_41,0.63638329,1.585065832532e-02
rand13_41,0.64796327,1.614634644425e-02
rand13_41,0.65975396,1.644765688355e-02
rand13_41,0.67175919,1.675469951539e-02
rand13_41,0.68398289,1.706758642049e-02
rand13_41,0.69642901,1.738643193246e-02
rand13_41,0.70910161,1.771135268299e-02
rand13_41,0.7220048,1.804246764779e-02
rand13_41,0.73514279,1.837989819332e-02
rand13_41,0.74851985,1.872376812436e-02
rand13_41,0.76214032,1.907420373237e-02
rand13_41,0.77600863,1.943133384460e-02
rand13_41,0.7901293,1.979528987414e-02
rand13_41,0.80450692,2.016620587063e-02
rand13_41,0.81914617,2.054421857188e-02
rand13_41,0.83405179,2.092946745628e-02
rand13_41,0.84922865,2.132209479596e-02
rand13_41,0.86468167,2.172224571088e-02
rand13_41,0.88041588,2.213006822355e-02
rand13_41,0.89643641,2.254571331468e-02
rand13_41,0.91274845,2.296933497958e-02
rand13_41,0.92935731,2.340109028529e-02
rand13_41,0.9462684,2.384113942853e-02
rand13_41,0.96348721,2.428964579437e-02
rand13_41,0.98101934,2.474677601569e-02
rand13_41,0.9988705,2.521270003329e-02
rand13_41,1.0170465,2.568759115678e-02
rand13_41,1.0355532,2.617162612611e-02
rand13_41,1.0543967,2.666498517375e-02
rand13_41,1.0735831,2.716785208759e-02
rand13_41,1.0931186,2.768041427436e-02
rand13_41,1.1130095,2.820286282368e-02
rand13_41,1.1332625,2.873539257265e-02
rand13_41,1.1538839,2.927820217094e-02
rand13_41,1.1748806,2.983149414638e-02
rand13_41,1.1962594,3.039547497092e-02
rand13_41,1.2180272,3.097035512708e-02
rand13_41,1.240191,3.155634917462e-02
rand13_41,1.2627582,3.215367581756e-02
rand13_41,1.285736,3.276255797140e-02
rand13_41,1.309132,3.338322283050e-02
rand13_41,1.3329537,3.401590193556e-02
rand13_41,1.3572088,3.466083124111e-02
rand13_41,1.3819053,3.531825118295e-02
rand13_41,1.4070512,3.598840674548e-02
rand13_41,1.4326547,3.667154752872e-02
rand13_41,1.458724,3.736792781514e-02
rand13_41,1.4852678,3.807780663595e-02
rand13_41,1.5122945,3.880144783695e-02
rand13_41,1.539813,3.953912014372e-02
rand13_41,1.5678323,4.029109722602e-02
rand13_41,1.5963614,4.105765776141e-02
rand13_41,1.6254097,4.183908549770e-02
rand13_41,1.6549865,4.263566931442e-02
rand13_41,1.6851015,4.344770328286e-02
rand13_41,1.7157645,4.427548672471e-02
rand13_41,1.7469855,4.511932426904e-02
rand13_41,1.7787746,4.597952590749e-02
rand13_41,1.8111421,4.685640704749e-02
rand13_41,1.8440987,4.775028856326e-02
rand13_41,1.8776549,4.866149684444e-02
rand13_41,1.9118217,4.959036384208e-02
rand13_41,1.9466102,5.053722711187e-02
rand13_41,1.9820318,5.150242985423e-02
rand13_41,2.0180979,5.248632095108e-02
rand13_41,2.0548203,5.348925499905e-02
rand13_41,2.0922109,5.451159233882e-02
rand13_41,2.1302819,5.555369908031e-02
rand13_41,2.1690457,5.661594712338e-02
rand13_41,2.2085148,5.769871417379e-02
rand13_41,2.2487022,5.880238375407e-02
rand13_41,2.2896208,5.992734520890e-02
rand13_41,2.3312839,6.107399370468e-02
rand13_41,2.3737052,6.224273022295e-02
rand13_41,2.4168984,6.343396154720e-02
rand13_41,2.4608776,6.464810024264e-02
rand13_41,2.5056571,6.588556462861e-02
rand13_41,2.5512514,6.714677874311e-02
rand13_41,2.5976753,6.843217229894e-02
rand13_41,2.644944,6.974218063109e-02
rand13_41,2.6930729,7.107724463476e-02
rand13_41,2.7420775,7.243781069359e-02
rand13_41,2.7919738,7.382433059746e-02
rand13_41,2.842778,7.523726144942e-02
rand13_41,2.8945068,7.667706556103e-02
rand13_41,2.9471768,7.814421033570e-02
rand13_41,3.0008052,7.963916813922e-02
rand13_41,3.0554095,8.116241615695e-02
rand13_41,3.1110073,8.271443623711e-02
rand13_41,3.1676169,8.429571471923e-02
rand13_41,3.2252566,8.590674224743e-02
rand13_41,3.2839451,8.754801356749e-02
rand13_41,3.3437015,8.922002730731e-02
rand13_41,3.4045453,9.092328573976e-02
rand13_41,3.4664963,9.265829452741e-02
rand13_41,3.5295745,9.442556244828e-02
rand13_41,3.5938005,9.622560110190e-02
rand13_41,3.6591953,9.805892459497e-02
rand13_41,3.72578,9.992604920584e-02
rand13_41,3.7935763,1.018274930272e-01
rand13_41,3.8626062,1.037637755862e-01
rand13_41,3.9328923,1.057354174410e-01
rand13_41,4.0044573,1.077429397543e-01
rand13_41,4.0773246,1.097868638415e-01
rand13_41,4.1515178,1.118677106944e-01
rand13_41,4.227061,1.139860004793e-01
rand13_41,4.3039789,1.161422520095e-01
rand13_41,4.3822965,1.183369821917e-01
rand13_41,4.4620391,1.205707054458e-01
rand13_41,4.5432328,1.228439330993e-01
rand13_41,4.6259039,1.251571727549e-01
rand13_41,4.7100793,1.275109276332e-01
rand13_41,4.7957865,1.299056958897e-01
rand13_41,4.8830532,1.323419699084e-01
rand13_41,4.9719078,1.348202355716e-01
rand13_41,5.0623794,1.373409715086e-01
rand13_41,5.1544971,1.399046483249e-01
rand13_41,5.2482912,1.425117278133e-01
rand13_41,5.3437919,1.451626621507e-01
rand13_41,5.4410304,1.478578930832e-01
rand13_41,5.5400383,1.505978511030e-01
rand13_41,5.6408479,1.533829546216e-01
rand13_41,5.7434918,1.562136091445e-01
rand13_41,5.8480034,1.590902064514e-01
rand13_41,5.9544169,1.620131237896e-01
rand13_41,6.0627667,1.649827230861e-01
rand13_41,6.173088,1.679993501861e-01
rand13_41,6.2854169,1.710633341252e-01
rand13_41,6.3997897,1.741749864445e-01
rand13_41,6.5162437,1.773346005560e-01
rand13_41,6.6348168,1.805424511689e-01
rand13_41,6.7555475,1.837987937842e-01
rand13_41,6.8784751,1.871038642693e-01
rand13_41,7.0036396,1.904578785186e-01
rand13_41,7.1310816,1.938610322123e-01
rand13_41,7.2608426,1.973135006779e-01
rand13_41,7.3929648,2.008154388645e-01
rand13_41,7.5274911,2.043669814336e-01
rand13_41,7.6644654,2.079682429720e-01
rand13_41,7.8039322,2.116193183282e-01
rand13_41,7.9459367,2.153202830734e-01
rand13_41,8.0905253,2.190711940847e-01
rand13_41,8.2377449,2.228720902446e-01
rand13_41,8.3876433,2.267229932520e-01
rand13_41,8.5402694,2.306239085311e-01
rand13_41,8.6956727,2.345748262274e-01
rand13_41,8.8539039,2.385757222743e-01
rand13_41,9.0150143,2.426265595121e-01
rand13_41,9.1790564,2.467272888394e-01
rand13_41,9.3460834,2.508778503756e-01
rand13_41,9.5161498,2.550781746107e-01
rand13_41,9.6893108,2.593281835201e-01
rand13_41,9.8656227,2.636277916222e-01
rand13_41,10.045143,2.679769069540e-01
rand13_41,10.22793,2.723754319476e-01
rand13_41,10.414043,2.768232641861e-01
rand13_41,10.603542,2.813202970246e-01
rand13_41,10.79649,2.858664200624e-01
rand13_41,10.992949,2.904615194574e-01
rand13_41,11.192982,2.951054780743e-01
rand13_41,11.396656,2.997981754655e-01
rand13_41,11.604036,3.045394876838e-01
rand13_41,11.815189,3.093292869290e-01
rand13_41,12.030184,3.141674410355e-01
rand13_41,12.249092,3.190538128082e-01
rand13_41,12.471983,3.239882592162e-01
rand13_41,12.69893,3.289706304566e-01
rand13_41,12.930007,3.340007688991e-01
rand13_41,13.165288,3.390785079260e-01
rand13_41,13.404851,3.442036706793e-01
rand13_41,13.648773,3.493760687288e-01
rand13_41,13.897133,3.545955006719e-01
rand13_41,14.150013,3.598617506799e-01
rand13_41,14.407494,3.651745869986e-01
rand13_41,14.669661,3.705337604157e-01
rand13_41,14.936598,3.759390027030e-01
rand13_41,15.208392,3.813900250425e-01
rand13_41,15.485132,3.868865164425e-01
rand13_41,15.766908,3.924281421525e-01
rand13_41,16.053811,3.980145420795e-01
rand13_41,16.345935,4.036453292142e-01
rand13_41,16.643375,4.093200880689e-01
rand13_41,16.946226,4.150383731332e-01
rand13_41,17.254589,4.207997073497e-01
rand13_41,17.568563,4.266035806143e-01
rand13_41,17.88825,4.324494483042e-01
rand13_41,18.213754,4.383367298369e-01
rand13_41,18.545181,4.442648072628e-01
rand13_41,18.88264,4.502330238959e-01
rand13_41,19.226238,4.562406829851e-01
rand13_41,19.576089,4.622870464304e-01
rand13_41,19.932306,4.683713335463e-01
rand13_41,20.295005,4.744927198785e-01
rand13_41,20.664304,4.806503360748e-01
rand13_41,21.040323,4.868432668173e-01
rand13_41,21.423184,4.930705498181e-01
rand13_41,21.813012,4.993311748834e-01
rand13_41,22.209933,5.056240830504e-01
rand13_41,22.614077,5.119481658011e-01
rand13_41,23.025575,5.183022643576e-01
rand13_41,23.444561,5.246851690631e-01
rand13_41,23.871171,5.310956188527e-01
rand13_41,24.305544,5.375323008183e-01
rand13_41,24.74782,5.439938498713e-01
rand13_41,25.198145,5.504788485070e-01
rand13_41,25.656664,5.569858266746e-01
rand13_41,26.123527,5.635132617554e-01
rand13_41,26.598884,5.700595786532e-01
rand13_41,27.082892,5.766231499988e-01
rand13_41,27.575707,5.832022964718e-01
rand13_41,28.077489,5.897952872420e-01
rand13_41,28.588402,5.964003405320e-01
rand13_41,29.108612,6.030156243024e-01
rand13_41,29.638288,6.096392570625e-01
rand13_41,30.177603,6.162693088056e-01
rand13_41,30.726731,6.229038020715e-01
rand13_41,31.285851,6.295407131355e-01
rand13_41,31.855145,6.361779733255e-01
rand13_41,32.434798,6.428134704657e-01
rand13_41,33.025,6.494450504493e-01
rand13_41,33.62594,6.560705189364e-01
rand13_41,34.237816,6.626876431804e-01
rand13_41,34.860826,6.692941539793e-01
rand13_41,35.495172,6.758877477520e-01
rand13_41,36.141062,6.824660887396e-01
rand13_41,36.798704,6.890268113282e-01
rand13_41,37.468313,6.955675224939e-01
rand13_41,38.150106,7.020858043669e-01
rand13_41,38.844306,7.085792169142e-01
rand13_41,39.551138,7.150453007371e-01
rand13_41,40.270832,7.214815799833e-01
rand13_41,41.003622,7.278855653691e-01
rand13_41,41.749746,7.342547573102e-01
rand13_41,42.509447,7.405866491580e-01
rand13_41,43.282972,7.468787305370e-01
rand13_41,44.070572,7.531284907799e-01
rand13_41,44.872504,7.593334224579e-01
rand13_41,45.689028,7.654910249982e-01
rand13_41,46.52041,7.715988083876e-01
rand13_41,47.366921,7.776542969535e-01
rand13_41,48.228835,7.836550332186e-01
rand13_41,49.106433,7.895985818216e-01
rand13_41,50,7.954825334969e-01
rand13_42,0.001,2.030607737807e-05
rand13_42,0.0010181965,2.067558340259e-05
rand13_42,0.0010367242,2.105181336781e-05
rand13_42,0.001055589,2.143488963216e-05
rand13_42,0.0010747971,2.182493678220e-05
rand13_42,0.0010943546,2.222208167583e-05
rand13_42,0.0011142681,2.262645347043e-05
rand13_42,0.0011345439,2.303818368456e-05
rand13_42,0.0011551887,2.345740622344e-05
rand13_42,0.0011762091,2.388425742944e-05
rand13_42,0.0011976121,2.431887612847e-05
rand13_42,0.0012194045,2.476140367277e-05
rand13_42,0.0012415934,2.521198398830e-05
rand13_42,0.0012641861,2.567076361469e-05
rand13_42,0.0012871899,2.613789176542e-05
rand13_42,0.0013106123,2.661352036467e-05
rand13_42,0.0013344609,2.709780410575e-05
rand13_42,0.0013587435,2.759090049338e-05
rand13_42,0.0013834679,2.809296990049e-05
rand13_42,0.0014086423,2.860417561940e-05
rand13_42,0.0014342747,2.912468391261e-05
rand13_42,0.0014603735,2.965466406894e-05
rand13_42,0.0014869473,3.019428845977e-05
rand13_42,0.0015140046,3.074373259310e-05
rand13_42,0.0015415542,3.130317517020e-05
rand13_42,0.0015696052,3.187279814386e-05
rand13_42,0.0015981665,3.245278678094e-05
rand13_42,0.0016272476,3.304332971843e-05
rand13_42,0.0016568579,3.364461902751e-05
rand13_42,0.001687007,3.425685027449e-05
rand13_42,0.0017177047,3.488022258328e-05
rand13_42,0.001748961,3.551493870474e-05
rand13_42,0.001780786,3.616120508104e-05
rand13_42,0.0018131901,3.681923190623e-05
rand13_42,0.0018461839,3.748923320527e-05
rand13_42,0.0018797781,3.817142689532e-05
rand13_42,0.0019139835,3.886603486146e-05
rand13_42,0.0019488114,3.957328302697e-05
rand13_42,0.001984273,4.029340142546e-05
rand13_42,0.00202038,4.102662428003e-05
rand13_42,0.0020571439,4.177319007621e-05
rand13_42,0.0020945768,4.253334163580e-05
rand13_42,0.0021326908,4.330732620882e-05
rand13_42,0.0021714984,4.409539553843e-05
rand13_42,0.0022110122,4.489780595070e-05
rand13_42,0.0022512449,4.571481844194e-05
rand13_42,0.0022922098,4.654669875288e-05
rand13_42,0.0023339201,4.739371746364e-05
rand13_42,0.0023763894,4.825615008352e-05
rand13_42,0.0024196314,4.913427712640e-05
rand13_42,0.0024636603,5.002838422356e-05
rand13_42,0.0025084904,5.093876219556e-05
rand13_42,0.0025541363,5.186570716539e-05
rand13_42,0.0026006127,5.280952063868e-05
rand13_42,0.0026479349,5.377050961268e-05
rand13_42,0.0026961181,5.474898667075e-05
rand13_42,0.0027451782,5.574527009123e-05
rand13_42,0.0027951309,5.675968393771e-05
rand13_42,0.0028459926,5.779255817904e-05
rand13_42,0.0028977798,5.884422878905e-05
rand13_42,0.0029505094,5.991503785427e-05
rand13_42,0.0030041984,6.100533369157e-05
rand13_42,0.0030588645,6.211547095676e-05
rand13_42,0.0031145252,6.324581076252e-05
rand13_42,0.0031711988,6.439672079312e-05
rand13_42,0.0032289036,6.556857542834e-05
rand13_42,0.0032876585,6.676175586340e-05
rand13_42,0.0033474825,6.797665022697e-05
rand13_42,0.0034083951,6.921365371839e-05
rand13_42,0.0034704161,7.047316873308e-05
rand13_42,0.0035335657,7.175560498766e-05
rand13_42,0.0035978643,7.306137965421e-05
rand13_42,0.003663333,7.439091750925e-05
rand13_42,0.003729993,7.574465105225e-05
rand13_42,0.003797866,7.712302066168e-05
rand13_42,0.003866974,7.852647473287e-05
rand13_42,0.0039373395,7.995546981906e-05
rand13_42,0.0040089855,8.141047079051e-05
rand13_42,0.0040819351,8.289195098188e-05
rand13_42,0.0041562122,8.440039233730e-05
rand13_42,0.0042318409,8.593628558279e-05
rand13_42,0.0043088458,8.750013037420e-05
rand13_42,0.0043872519,8.909243546525e-05
rand13_42,0.0044670847,9.071371887262e-05
rand13_42,0.0045483701,9.236450804354e-05
rand13_42,0.0046311347,9.404534002615e-05
rand13_42,0.0047154054,9.575676165300e-05
rand13_42,0.0048012094,9.749932970325e-05
rand13_42,0.0048885748,9.927361110009e-05
rand13_42,0.00497753,1.010801830909e-04
rand13_42,0.0050681038,1.029196334207e-04
rand13_42,0.0051603257,1.047925605525e-04
rand13_42,0.0052542258,1.066995738343e-04
rand13_42,0.0053498345,1.086412937132e-04
rand13_42,0.005447183,1.106183519311e-04
rand13_42,0.0055463029,1.126313917377e-04
rand13_42,0.0056472264,1.146810680929e-04
rand13_42,0.0057499864,1.167680478795e-04
rand13_42,0.0058546163,1.188930101288e-04
rand13_42,0.00596115,1.210566462319e-04
rand13_42,0.0060696223,1.232596601727e-04
rand13_42,0.0061800684,1.255027687566e-04
rand13_42,0.0062925243,1.277867018340e-04
rand13_42,0.0064070265,1.301122025584e-04
rand13_42,0.0065236122,1.324800276040e-04
rand13_42,0.0066423193,1.348909474310e-04
rand13_42,0.0067631866,1.373457465310e-04
rand13_42,0.0068862532,1.398452236783e-04
rand13_42,0.0070115591,1.423901921991e-04
rand13_42,0.0071391452,1.449814802247e-04
rand13_42,0.007269053,1.476199309786e-04
rand13_42,0.0074013246,1.503064030309e-04
rand13_42,0.0075360031,1.530417705932e-04
rand13_42,0.0076731323,1.558269238005e-04
rand13_42,0.0078127567,1.586627689978e-04
rand13_42,0.0079549219,1.615502290371e-04
rand13_42,0.0080996739,1.644902435819e-04
rand13_42,0.0082470599,1.674837694068e-04
rand13_42,0.0083971279,1.705317807176e-04
rand13_42,0.0085499266,1.736352694641e-04
rand13_42,0.0087055056,1.767952456613e-04
rand13_42,0.0088639157,1.800127377244e-04
rand13_42,0.0090252083,1.832887928078e-04
rand13_42,0.0091894359,1.866244771288e-04
rand13_42,0.0093566518,1.900208763345e-04
rand13_42,0.0095269105,1.934790958505e-04
rand13_42,0.0097002673,1.970002612377e-04
rand13_42,0.0098767786,2.005855185619e-04
rand13_42,0.010056502,2.042360347691e-04
rand13_42,0.010239495,2.079529980603e-04
rand13_42,0.010425819,2.117376182931e-04
rand13_42,0.010615533,2.155911273597e-04
rand13_42,0.010808698,2.195147796008e-04
rand13_42,0.011005379,2.235098522100e-04
rand13_42,0.011205639,2.275776456498e-04
rand13_42,0.011409543,2.317194840824e-04
rand13_42,0.011617157,2.359367157951e-04
rand13_42,0.011828549,2.402307136425e-04
rand13_42,0.012043788,2.446028754987e-04
rand13_42,0.012262943,2.490546247073e-04
rand13_42,0.012486086,2.535874105524e-04
rand13_42,0.01271329,2.582027087297e-04
rand13_42,0.012944628,2.629020218201e-04
rand13_42,0.013180175,2.676868798003e-04
rand13_42,0.013420009,2.725588405231e-04
rand13_42,0.013664207,2.775194902344e-04
rand13_42,0.013912848,2.825704440965e-04
rand13_42,0.014166013,2.877133467049e-04
rand13_42,0.014423786,2.929498726334e-04
rand13_42,0.014686249,2.982817269796e-04
rand13_42,0.014953488,3.037106459219e-04
rand13_42,0.01522559,3.092383972862e-04
rand13_42,0.015502643,3.148667811283e-04
rand13_42,0.015784737,3.205976303141e-04
rand13_42,0.016071965,3.264328111276e-04
rand13_42,0.016364419,3.323742238758e-04
rand13_42,0.016662195,3.384238035130e-04
rand13_42,0.016965389,3.445835202710e-04
rand13_42,0.0172741,3.508553803045e-04
rand13_42,0.017588429,3.572414263526e-04
rand13_42,0.017908478,3.637437383963e-04
rand13_42,0.01823435,3.703644343493e-04
rand13_42,0.018566152,3.771056707477e-04
rand13_42,0.018903992,3.839696434504e-04
rand13_42,0.019247979,3.909585883714e-04
rand13_42,0.019598226,3.980747821956e-04
rand13_42,0.019954845,4.053205431309e-04
rand13_42,0.020317955,4.126982316791e-04
rand13_42,0.020687671,4.202102513854e-04
rand13_42,0.021064115,4.278590496476e-04
rand13_42,0.021447409,4.356471185002e-04
rand13_42,0.021837678,4.435769954471e-04
rand13_42,0.022235048,4.516512642788e-04
rand13_42,0.022639649,4.598725559279e-04
rand13_42,0.023051612,4.682435493333e-04
rand13_42,0.023471072,4.767669723028e-04
rand13_42,0.023898164,4.854456024313e-04
rand13_42,0.024333028,4.942822679899e-04
rand13_42,0.024775805,5.032798488671e-04
rand13_42,0.025226639,5.124412775063e-04
rand13_42,0.025685676,5.217695398685e-04
rand13_42,0.026153066,5.312676764131e-04
rand13_42,0.026628962,5.409387831022e-04
rand13_42,0.027113517,5.507860124047e-04
rand13_42,0.027606889,5.608125743368e-04
rand13_42,0.028109239,5.710217375203e-04
rand13_42,0.02862073,5.814168302444e-04
rand13_42,0.029141528,5.920012415697e-04
rand13_42,0.029671803,6.027784224367e-04
rand13_42,0.030211727,6.137518868018e-04
rand13_42,0.030761476,6.249252127868e-04
rand13_42,0.031321228,6.363020438617e-04
rand13_42,0.031891166,6.478860900368e-04
rand13_42,0.032471475,6.596811290855e-04
rand13_42,0.033062344,6.716910077836e-04
rand13_42,0.033663964,6.839196431775e-04
rand13_42,0.034276531,6.963710238742e-04
rand13_42,0.034900246,7.090492113495e-04
rand13_42,0.035535309,7.219583412819e-04
rand13_42,0.036181929,7.351026249240e-04
rand13_42,0.036840315,7.484863504831e-04
rand13_42,0.037510681,7.621138845287e-04
rand13_42,0.038193246,7.759896734385e-04
rand13_42,0.038888231,7.901182448591e-04
rand13_42,0.039595862,8.045042092015e-04
rand13_42,0.04031637,8.191522611542e-04
rand13_42,0.041049988,8.340671812398e-04
rand13_42,0.041796956,8.492538373796e-04
rand13_42,0.042557516,8.647171865149e-04
rand13_42,0.043331915,8.804622762257e-04
rand13_42,0.044120406,8.964942464080e-04
rand13_42,0.044923245,9.128183309669e-04
rand13_42,0.045740692,9.294398595440e-04
rand13_42,0.046573015,9.463642592781e-04
rand13_42,0.047420482,9.635970565943e-04
rand13_42,0.048283371,9.811438790401e-04
rand13_42,0.049161961,9.990104571369e-04
rand13_42,0.050056539,1.017202626274e-03
rand13_42,0.050967395,1.035726328641e-03
rand13_42,0.051894825,1.054587615200e-03
rand13_42,0.052839131,1.073792647673e-03
rand13_42,0.053800621,1.093347700599e-03
rand13_42,0.054779606,1.113259163395e-03
rand13_42,0.055776405,1.133533542484e-03
rand13_42,0.056791342,1.154177463445e-03
rand13_42,0.057824748,1.175197673211e-03
rand13_42,0.058876959,1.196601042307e-03
rand13_42,0.059948316,1.218394567121e-03
rand13_42,0.061039167,1.240585372239e-03
rand13_42,0.062149869,1.263180712794e-03
rand13_42,0.063280782,1.286187976883e-03
rand13_42,0.064432273,1.309614688025e-03
rand13_42,0.065604717,1.333468507646e-03
rand13_42,0.066798496,1.357757237640e-03
rand13_42,0.068013998,1.382488822952e-03
rand13_42,0.069251617,1.407671354230e-03
rand13_42,0.070511757,1.433313070505e-03
rand13_42,0.071794827,1.459422361947e-03
rand13_42,0.073101244,1.486007772645e-03
rand13_42,0.074431434,1.513078003464e-03
rand13_42,0.075785828,1.540641914938e-03
rand13_42,0.077164868,1.568708530228e-03
rand13_42,0.078569002,1.597287038124e-03
rand13_42,0.079998686,1.626386796121e-03
rand13_42,0.081454385,1.656017333535e-03
rand13_42,0.082936573,1.686188354687e-03
rand13_42,0.084445731,1.716909742147e-03
rand13_42,0.085982352,1.748191560037e-03
rand13_42,0.087546933,1.780044057389e-03
rand13_42,0.089139984,1.812477671588e-03
rand13_42,0.090762023,1.845503031850e-03
rand13_42,0.092413578,1.879130962793e-03
rand13_42,0.094095185,1.913372488060e-03
rand13_42,0.095807392,1.948238834009e-03
rand13_42,0.097550755,1.983741433485e-03
rand13_42,0.099325841,2.019891929648e-03
rand13_42,0.10113323,2.056702179894e-03
rand13_42,0.1029735,2.094184259824e-03
rand13_42,0.10484726,2.132350467310e-03
rand13_42,0.10675512,2.171213326626e-03
rand13_42,0.1086977,2.210785592668e-03
rand13_42,0.11067562,2.251080255237e-03
rand13_42,0.11268953,2.292110543420e-03
rand13_42,0.11474009,2.333889930049e-03
rand13_42,0.11682796,2.376432136243e-03
rand13_42,0.11895383,2.419751136030e-03
rand13_42,0.12111837,2.463861161075e-03
rand13_42,0.12332231,2.508776705478e-03
rand13_42,0.12556635,2.554512530679e-03
rand13_42,0.12785122,2.601083670445e-03
rand13_42,0.13017767,2.648505435959e-03
rand13_42,0.13254646,2.696793421008e-03
rand13_42,0.13495834,2.745963507258e-03
rand13_42,0.13741412,2.796031869649e-03
rand13_42,0.13991458,2.847014981874e-03
rand13_42,0.14246054,2.898929621972e-03
rand13_42,0.14505283,2.951792878037e-03
rand13_42,0.14769229,3.005622154013e-03
rand13_42,0.15037978,3.060435175626e-03
rand13_42,0.15311617,3.116249996409e-03
rand13_42,0.15590235,3.173085003863e-03
rand13_42,0.15873924,3.230958925713e-03
rand13_42,0.16162774,3.289890836306e-03
rand13_42,0.16456881,3.349900163114e-03
rand13_42,0.16756339,3.411006693383e-03
rand13_42,0.17061246,3.473230580887e-03
rand13_42,0.17371702,3.536592352831e-03
rand13_42,0.17687807,3.601112916876e-03
rand13_42,0.18009664,3.666813568306e-03
rand13_42,0.18337377,3.733715997328e-03
rand13_42,0.18671054,3.801842296522e-03
rand13_42,0.19010803,3.871214968423e-03
rand13_42,0.19356733,3.941856933266e-03
rand13_42,0.19708959,4.013791536859e-03
rand13_42,0.20067594,4.087042558633e-03
rand13_42,0.20432755,4.161634219834e-03
rand13_42,0.2080456,4.237591191873e-03
rand13_42,0.21183131,4.314938604847e-03
rand13_42,0.21568591,4.393702056224e-03
rand13_42,0.21961064,4.473907619684e-03
rand13_42,0.2236068,4.555581854156e-03
rand13_42,0.22767567,4.638751813010e-03
rand13_42,0.23181858,4.723445053440e-03
rand13_42,0.23603687,4.809689646027e-03
rand13_42,0.24033193,4.897514184485e-03
rand13_42,0.24470514,4.986947795610e-03
rand13_42,0.24915792,5.078020149400e-03
rand13_42,0.25369174,5.170761469414e-03
rand13_42,0.25830805,5.265202543282e-03
rand13_42,0.26300836,5.361374733463e-03
rand13_42,0.2677942,5.459309988194e-03
rand13_42,0.27266713,5.559040852667e-03
rand13_42,0.27762873,5.660600480402e-03
rand13_42,0.28268061,5.764022644878e-03
rand13_42,0.28782442,5.869341751362e-03
rand13_42,0.29306183,5.976592848985e-03
rand13_42,0.29839454,6.085811643061e-03
rand13_42,0.30382429,6.197034507636e-03
rand13_42,0.30935284,6.310298498293e-03
rand13_42,0.31498199,6.425641365211e-03
rand13_42,0.32071357,6.543101566471e-03
rand13_42,0.32654945,6.662718281639e-03
rand13_42,0.33249152,6.784531425613e-03
rand13_42,0.33854171,6.908581662735e-03
rand13_42,0.344702,7.034910421197e-03
rand13_42,0.35097438,7.163559907719e-03
rand13_42,0.3573609,7.294573122529e-03
rand13_42,0.36386363,7.427993874631e-03
rand13_42,0.37048469,7.563866797378e-03
rand13_42,0.37722623,7.702237364364e-03
rand13_42,0.38409044,7.843151905611e-03
rand13_42,0.39107956,7.986657624097e-03
rand13_42,0.39819586,8.132802612603e-03
rand13_42,0.40544164,8.281635870892e-03
rand13_42,0.41281928,8.433207323237e-03
rand13_42,0.42033116,8.587567836291e-03
rand13_42,0.42797973,8.744769237318e-03
rand13_42,0.43576748,8.904864332775e-03
rand13_42,0.44369694,9.067906927279e-03
rand13_42,0.45177069,9.233951842941e-03
rand13_42,0.45999135,9.403054939081e-03
rand13_42,0.46836161,9.575273132349e-03
rand13_42,0.47688417,9.750664417225e-03
rand13_42,0.48556181,9.929287886952e-03
rand13_42,0.49439735,1.011120375486e-02
rand13_42,0.50339367,1.029647337613e-02
rand13_42,0.5125537,1.048515926999e-02
rand13_42,0.5218804,1.067732514231e-02
rand13_42,0.53137682,1.087303590875e-02
rand13_42,0.54104604,1.107235771823e-02
rand13_42,0.5508912,1.127535797696e-02
rand13_42,0.56091551,1.148210537295e-02
rand13_42,0.57112224,1.169266990089e-02
rand13_42,0.58151468,1.190712288771e-02
rand13_42,0.59209624,1.212553701846e-02
rand13_42,0.60287034,1.234798636281e-02
rand13_42,0.6138405,1.257454640205e-02
rand13_42,0.62501027,1.280529405659e-02
rand13_42,0.63638329,1.304030771406e-02
rand13_42,0.64796327,1.327966725790e-02
rand13_42,0.65975396,1.352345409654e-02
rand13_42,0.67175919,1.377175119315e-02
rand13_42,0.68398289,1.402464309598e-02
rand13_42,0.69642901,1.428221596927e-02
rand13_42,0.70910161,1.454455762478e-02
rand13_42,0.7220048,1.481175755389e-02
rand13_42,0.73514279,1.508390696043e-02
rand13_42,0.74851985,1.536109879399e-02
rand13_42,0.76214032,1.564342778401e-02
rand13_42,0.77600863,1.593099047443e-02
rand13_42,0.7901293,1.622388525908e-02
rand13_42,0.80450692,1.652221241767e-02
rand13_42,0.81914617,1.682607415253e-02
rand13_42,0.83405179,1.713557462603e-02
rand13_42,0.84922865,1.745081999866e-02
rand13_42,0.86468167,1.777191846789e-02
rand13_42,0.88041588,1.809898030775e-02
rand13_42,0.89643641,1.843211790910e-02
rand13_42,0.91274845,1.877144582072e-02
rand13_42,0.92935731,1.911708079108e-02
rand13_42,0.9462684,1.946914181096e-02
rand13_42,0.96348721,1.982775015679e-02
rand13_42,0.98101934,2.019302943479e-02
rand13_42,0.9988705,2.056510562593e-02
rand13_42,1.0170465,2.094410713169e-02
rand13_42,1.0355532,2.133016482062e-02
rand13_42,1.0543967,2.172341207571e-02
rand13_42,1.0735831,2.212398484268e-02
rand13_42,1.0931186,2.253202167898e-02
rand13_42,1.1130095,2.294766380372e-02
rand13_42,1.1332625,2.337105514847e-02
rand13_42,1.1538839,2.380234240884e-02
rand13_42,1.1748806,2.424167509703e-02
rand13_42,1.1962594,2.468920559513e-02
rand13_42,1.2180272,2.514508920940e-02
rand13_42,1.240191,2.560948422537e-02
rand13_42,1.2627582,2.608255196384e-02
rand13_42,1.285736,2.656445683777e-02
rand13_42,1.309132,2.705536641001e-02
rand13_42,1.3329537,2.755545145197e-02
rand13_42,1.3572088,2.806488600315e-02
rand13_42,1.3819053,2.858384743149e-02
rand13_42,1.4070512,2.911251649470e-02
rand13_42,1.4326547,2.965107740237e-02
rand13_42,1.458724,3.019971787897e-02
rand13_42,1.4852678,3.075862922772e-02
rand13_42,1.5122945,3.132800639523e-02
rand13_42,1.539813,3.190804803708e-02
rand13_42,1.5678323,3.249895658409e-02
rand13_42,1.5963614,3.310093830947e-02
rand13_42,1.6254097,3.371420339674e-02
rand13_42,1.6549865,3.433896600833e-02
rand13_42,1.6851015,3.497544435498e-02
rand13_42,1.7157645,3.562386076584e-02
rand13_42,1.7469855,3.628444175921e-02
rand13_42,1.7787746,3.695741811390e-02
rand13_42,1.8111421,3.764302494126e-02
rand13_42,1.8440987,3.834150175771e-02
rand13_42,1.8776549,3.905309255779e-02
rand13_42,1.9118217,3.977804588769e-02
rand13_42,1.9466102,4.051661491920e-02
rand13_42,1.9820318,4.126905752401e-02
rand13_42,2.0180979,4.203563634823e-02
rand13_42,2.0548203,4.281661888731e-02
rand13_42,2.0922109,4.361227756087e-02
rand13_42,2.1302819,4.442288978783e-02
rand13_42,2.1690457,4.524873806136e-02
rand13_42,2.2085148,4.609011002384e-02
rand13_42,2.2487022,4.694729854152e-02
rand13_42,2.2896208,4.782060177892e-02
rand13_42,2.3312839,4.871032327284e-02
rand13_42,2.3737052,4.961677200572e-02
rand13_42,2.4168984,5.054026247847e-02
rand13_42,2.4608776,5.148111478234e-02
rand13_42,2.5056571,5.243965466993e-02
rand13_42,2.5512514,5.341621362506e-02
rand13_42,2.5976753,5.441112893135e-02
rand13_42,2.644944,5.542474373930e-02
rand13_42,2.6930729,5.645740713178e-02
rand13_42,2.7420775,5.750947418767e-02
rand13_42,2.7919738,5.858130604334e-02
rand13_42,2.842778,5.967326995195e-02
rand13_42,2.8945068,6.078573934016e-02
rand13_42,2.9471768,6.191909386211e-02
rand13_42,3.0008052,6.307371945023e-02
rand13_42,3.0554095,6.425000836291e-02
rand13_42,3.1110073,6.544835922834e-02
rand13_42,3.1676169,6.666917708460e-02
rand13_42,3.2252566,6.791287341531e-02
rand13_42,3.2839451,6.917986618081e-02
rand13_42,3.3437015,7.047057984427e-02
rand13_42,3.4045453,7.178544539251e-02
rand13_42,3.4664963,7.312490035101e-02
rand13_42,3.5295745,7.448938879279e-02
rand13_42,3.5938005,7.587936134068e-02
rand13_42,3.6591953,7.729527516257e-02
rand13_42,3.72578,7.873759395903e-02
rand13_42,3.7935763,8.020678794306e-02
rand13_42,3.8626062,8.170333381120e-02
rand13_42,3.9328923,8.322771470569e-02
rand13_42,4.0044573,8.478042016697e-02
rand13_42,4.0773246,8.636194607609e-02
rand13_42,4.1515178,8.797279458639e-02
rand13_42,4.227061,8.961347404388e-02
rand13_42,4.3039789,9.128449889570e-02
rand13_42,4.3822965,9.298638958616e-02
rand13_42,4.4620391,9.471967243954e-02
rand13_42,4.5432328,9.648487952928e-02
rand13_42,4.6259039,9.828254853268e-02
rand13_42,4.7100793,1.001132225708e-01
rand13_42,4.7957865,1.019774500325e-01
rand13_42,4.8830532,1.038757843826e-01
rand13_42,4.9719078,1.058087839532e-01
rand13_42,5.0623794,1.077770117175e-01
rand13_42,5.1544971,1.097810350457e-01
rand13_42,5.2482912,1.118214254432e-01
rand13_42,5.3437919,1.138987582694e-01
rand13_42,5.4410304,1.160136124372e-01
rand13_42,5.5400383,1.181665700940e-01
rand13_42,5.6408479,1.203582162820e-01
rand13_42,5.7434918,1.225891385793e-01
rand13_42,5.8480034,1.248599267208e-01
rand13_42,5.9544169,1.271711721998e-01
rand13_42,6.0627667,1.295234678495e-01
rand13_42,6.173088,1.319174074061e-01
rand13_42,6.2854169,1.343535850526e-01
rand13_42,6.3997897,1.368325949452e-01
rand13_42,6.5162437,1.393550307226e-01
rand13_42,6.6348168,1.419214849996e-01
rand13_42,6.7555475,1.445325488464e-01
rand13_42,6.8784751,1.471888112544e-01
rand13_42,7.0036396,1.498908585917e-01
rand13_42,7.1310816,1.526392740494e-01
rand13_42,7.2608426,1.554346370804e-01
rand13_42,7.3929648,1.582775228356e-01
rand13_42,7.5274911,1.611685015967e-01
rand13_42,7.6644654,1.641081382122e-01
rand13_42,7.8039322,1.670969915364e-01
rand13_42,7.9459367,1.701356138772e-01
rand13_42,8.0905253,1.732245504539e-01
rand13_42,8.2377449,1.763643388701e-01
rand13_42,8.3876433,1.795555086032e-01
rand13_42,8.5402694,1.827985805147e-01
rand13_42,8.6956727,1.860940663833e-01
rand13_42,8.8539039,1.894424684644e-01
rand13_42,9.0150143,1.928442790759e-01
rand13_42,9.1790564,1.962999802147e-01
rand13_42,9.3460834,1.998100432017e-01
rand13_42,9.5161498,2.033749283573e-01
rand13_42,9.6893108,2.069950847054e-01
rand13_42,9.8656227,2.106709497055e-01
rand13_42,10.045143,2.144029490080e-01
rand13_42,10.22793,2.181914962309e-01
rand13_42,10.414043,2.220369927517e-01
rand13_42,10.603542,2.259398275095e-01
rand13_42,10.79649,2.299003768094e-01
rand13_42,10.992949,2.339190041227e-01
rand13_42,11.192982,2.379960598735e-01
rand13_42,11.396656,2.421318812030e-01
rand13_42,11.604036,2.463267917028e-01
rand13_42,11.815189,2.505811011064e-01
rand13_42,12.030184,2.548951049310e-01
rand13_42,12.249092,2.592690840589e-01
rand13_42,12.471983,2.637033042518e-01
rand13_42,12.69893,2.681980155890e-01
rand13_42,12.930007,2.727534518228e-01
rand13_42,13.165288,2.773698296460e-01
rand13_42,13.404851,2.820473478676e-01
rand13_42,13.648773,2.867861864917e-01
rand13_42,13.897133,2.915865057010e-01
rand13_42,14.150013,2.964484447421e-01
rand13_42,14.407494,3.013721207151e-01
rand13_42,14.669661,3.063576272697e-01
rand13_42,14.936598,3.114050332120e-01
rand13_42,15.208392,3.165143810257e-01
rand13_42,15.485132,3.216856853137e-01
rand13_42,15.766908,3.269189311679e-01
rand13_42,16.053811,3.322140724711e-01
rand13_42,16.345935,3.375710301425e-01
rand13_42,16.643375,3.429896903313e-01
rand13_42,16.946226,3.484699025674e-01
rand13_42,17.254589,3.540114778789e-01
rand13_42,17.568563,3.596141868819e-01
rand13_42,17.88825,3.652777578526e-01
rand13_42,18.213754,3.710018747888e-01
rand13_42,18.545181,3.767861754691e-01
rand13_42,18.88264,3.826302495172e-01
rand13_42,19.226238,3.885336364784e-01
rand13_42,19.576089,3.944958239170e-01
rand13_42,19.932306,4.005162455400e-01
rand13_42,20.295005,4.065942793561e-01
rand13_42,20.664304,4.127292458755e-01
rand13_42,21.040323,4.189204063588e-01
rand13_42,21.423184,4.251669611207e-01
rand13_42,21.813012,4.314680478967e-01
rand13_42,22.209933,4.378227402793e-01
rand13_42,22.614077,4.442300462296e-01
rand13_42,23.025575,4.506889066746e-01
rand13_42,23.444561,4.571981941929e-01
rand13_42,23.871171,4.637567118002e-01
rand13_42,24.305544,4.703631918394e-01
rand13_42,24.74782,4.770162949830e-01
rand13_42,25.198145,4.837146093563e-01
rand13_42,25.656664,4.904566497874e-01
rand13_42,26.123527,4.972408571922e-01
rand13_42,26.598884,5.040655981016e-01
rand13_42,27.082892,5.109291643377e-01
rand13_42,27.575707,5.178297728469e-01
rand13_42,28.077489,5.247655656961e-01
rand13_42,28.588402,5.317346102393e-01
rand13_42,29.108612,5.387348994603e-01
rand13_42,29.638288,5.457643524989e-01
rand13_42,30.177603,5.528208153649e-01
rand13_42,30.726731,5.599020618460e-01
rand13_42,31.285851,5.670057946150e-01
rand13_42,31.855145,5.741296465389e-01
rand13_42,32.434798,5.812711821957e-01
rand13_42,33.025,5.884278995997e-01
rand13_42,33.62594,5.955972321402e-01
rand13_42,34.237816,6.027765507327e-01
rand13_42,34.860826,6.099631661850e-01
rand13_42,35.495172,6.171543317778e-01
rand13_42,36.141062,6.243472460587e-01
rand13_42,36.798704,6.315390558478e-01
rand13_42,37.468313,6.387268594527e-01
rand13_42,38.150106,6.459077100888e-01
rand13_42,38.844306,6.530786194999e-01
rand13_42,39.551138,6.602365617747e-01
rand13_42,40.270832,6.673784773516e-01
rand13_42,41.003622,6.745012772045e-01
rand13_42,41.749746,6.816018472018e-01
rand13_42,42.509447,6.886770526279e-01
rand13_42,43.282972,6.957237428582e-01
rand13_42,44.070572,7.027387561757e-01
rand13_42,44.872504,7.097189247171e-01
rand13_42,45.689028,7.166610795356e-01
rand13_42,46.52041,7.235620557676e-01
rand13_42,47.366921,7.304186978868e-01
rand13_42,48.228835,7.372278650335e-01
rand13_42,49.106433,7.439864364011e-01
rand13_42,50,7.506913166654e-01
rand20_51,0.001,5.720264880198e-06
rand20_51,0.0010181965,5.824354123500e-06
rand20_51,0.0010367242,5.930337438611e-06
rand20_51,0.001055589,6.038249291768e-06
rand20_51,0.0010747971,6.148124775698e-06
rand20_51,0.0010943546,6.259999622168e-06
rand20_51,0.0011142681,6.373910213081e-06
rand20_51,0.0011345439,6.489893591852e-06
rand20_51,0.0011551887,6.607987476790e-06
rand20_51,0.0011762091,6.728230272032e-06
rand20_51,0.0011976121,6.850661080653e-06
rand20_51,0.0012194045,6.975319717317e-06
rand20_51,0.0012415934,7.102246721445e-06
rand20_51,0.0012641861,7.231483369520e-06
rand20_51,0.0012871899,7.363071689839e-06
rand20_51,0.0013106123,7.497054474913e-06
rand20_51,0.0013344609,7.633475296287e-06
rand20_51,0.0013587435,7.772378518040e-06
rand20_51,0.0013834679,7.913809312180e-06
rand20_51,0.0014086423,8.057813672037e-06
rand20_51,0.0014342747,8.204438428114e-06
rand20_51,0.0014603735,8.353731263257e-06
rand20_51,0.0014869473,8.505740727954e-06
rand20_51,0.0015140046,8.660516255763e-06
rand20_51,0.0015415542,8.818108180173e-06
rand20_51,0.0015696052,8.978567750678e-06
rand20_51,0.0015981665,9.141947149011e-06
rand20_51,0.0016272476,9.308299506653e-06
rand20_51,0.0016568579,9.477678922030e-06
rand20_51,0.001687007,9.650140477747e-06
rand20_51,0.0017177047,9.825740258790e-06
rand20_51,0.001748961,1.000453537102e-05
rand20_51,0.001780786,1.018658395916e-05
rand20_51,0.0018131901,1.037194522588e-05
rand20_51,0.0018461839,1.056067945159e-05
rand20_51,0.0018797781,1.075284801339e-05
rand20_51,0.0019139835,1.094851340521e-05
rand20_51,0.0019488114,1.114773925833e-05
rand20_51,0.001984273,1.135059036161e-05
rand20_51,0.00202038,1.155713268352e-05
rand20_51,0.0020571439,1.176743339232e-05
rand20_51,0.0020945768,1.198156087880e-05
rand20_51,0.0021326908,1.219958477839e-05
rand20_51,0.0021714984,1.242157599364e-05
rand20_51,0.0022110122,1.264760671690e-05
rand20_51,0.0022512449,1.287775045488e-05
rand20_51,0.0022922098,1.311208205146e-05
rand20_51,0.0023339201,1.335067771275e-05
rand20_51,0.0023763894,1.359361503134e-05
rand20_51,0.0024196314,1.384097301168e-05
rand20_51,0.0024636603,1.409283209653e-05
rand20_51,0.0025084904,1.434927419190e-05
rand20_51,0.0025541363,1.461038269456e-05
rand20_51,0.0026006127,1.487624251842e-05
rand20_51,0.0026479349,1.514694012328e-05
rand20_51,0.0026961181,1.542256354167e-05
rand20_51,0.0027451782,1.570320240852e-05
rand20_51,0.0027951309,1.598894798947e-05
rand20_51,0.0028459926,1.627989321147e-05
rand20_51,0.0028977798,1.657613269198e-05
rand20_51,0.0029505094,1.687776277056e-05
rand20_51,0.0030041984,1.718488153976e-05
rand20_51,0.0030588645,1.749758887720e-05
rand20_51,0.0031145252,1.781598647821e-05
rand20_51,0.0031711988,1.814017788832e-05
rand20_51,0.0032289036,1.847026853756e-05
rand20_51,0.0032876585,1.880636577476e-05
rand20_51,0.0033474825,1.914857890159e-05
rand20_51,0.0034083951,1.949701920968e-05
rand20_51,0.0034704161,1.985180001469e-05
rand20_51,0.0035335657,2.021303669545e-05
rand20_51,0.0035978643,2.058084672972e-05
rand20_51,0.003663333,2.095534973359e-05
rand20_51,0.003729993,2.133666749928e-05
rand20_51,0.003797866,2.172492403601e-05
rand20_51,0.003866974,2.212024560890e-05
rand20_51,0.0039373395,2.252276078168e-05
rand20_51,0.0040089855,2.293260045680e-05
rand20_51,0.0040819351,2.334989791963e-05
rand20_51,0.0041562122,2.377478888023e-05
rand20_51,0.0042318409,2.420741151893e-05
rand20_51,0.0043088458,2.464790653037e-05
rand20_51,0.0043872519,2.509641716957e-05
rand20_51,0.0044670847,2.555308929841e-05
rand20_51,0.0045483701,2.601807143312e-05
rand20_51,0.0046311347,2.649151479268e-05
rand20_51,0.0047154054,2.697357334822e-05
rand20_51,0.0048012094,2.746440387225e-05
rand20_51,0.0048885748,2.796416599067e-05
rand20_51,0.00497753,2.847302223377e-05
rand20_51,0.0050681038,2.899113809031e-05
rand20_51,0.0051603257,2.951868206010e-05
rand20_51,0.0052542258,3.005582570940e-05
rand20_51,0.0053498345,3.060274372654e-05
rand20_51,0.005447183,3.115961397913e-05
rand20_51,0.0055463029,3.172661757130e-05
rand20_51,0.0056472264,3.230393890341e-05
rand20_51,0.0057499864,3.289176573116e-05
rand20_51,0.0058546163,3.349028922717e-05
rand20_51,0.00596115,3.409970404307e-05
rand20_51,0.0060696223,3.472020837310e-05
rand20_51,0.0061800684,3.535200401772e-05
rand20_51,0.0062925243,3.599529645043e-05
rand20_51,0.0064070265,3.665029488372e-05
rand20_51,0.0065236122,3.731721233733e-05
rand20_51,0.0066423193,3.799626570775e-05
rand20_51,0.0067631866,3.868767583893e-05
rand20_51,0.0068862532,3.939166759336e-05
rand20_51,0.0070115591,4.010846992588e-05
rand20_51,0.0071391452,4.083831595829e-05
rand20_51,0.007269053,4.158144305436e-05
rand20_51,0.0074013246,4.233809289810e-05
rand20_51,0.0075360031,4.310851157137e-05
rand20_51,0.0076731323,4.389294963490e-05
rand20_51,0.0078127567,4.469166220886e-05
rand20_51,0.0079549219,4.550490905661e-05
rand20_51,0.0080996739,4.633295466888e-05
rand20_51,0.0082470599,4.717606834973e-05
rand20_51,0.0083971279,4.803452430441e-05
rand20_51,0.0085499266,4.890860172811e-05
rand20_51,0.0087055056,4.979858489777e-05
rand20_51,0.0088639157,5.070476326320e-05
rand20_51,0.0090252083,5.162743154236e-05
rand20_51,0.0091894359,5.256688981674e-05
rand20_51,0.0093566518,5.352344362893e-05
rand20_51,0.0095269105,5.449740408254e-05
rand20_51,0.0097002673,5.548908794262e-05
rand20_51,0.0098767786,5.649881773953e-05
rand20_51,0.010056502,5.752692187330e-05
rand20_51,0.010239495,5.857373472050e-05
rand20_51,0.010425819,5.963959674377e-05
rand20_51,0.010615533,6.072485460142e-05
rand20_51,0.010808698,6.182986126136e-05
rand20_51,0.011005379,6.295497611489e-05
rand20_51,0.011205639,6.410056509422e-05
rand20_51,0.011409543,6.526700079195e-05
rand20_51,0.011617157,6.645466258143e-05
rand20_51,0.011828549,6.766393674051e-05
rand20_51,0.012043788,6.889521657763e-05
rand20_51,0.012262943,7.014890255912e-05
rand20_51,0.012486086,7.142540243994e-05
rand20_51,0.01271329,7.272513139663e-05
rand20_51,0.012944628,7.404851216173e-05
rand20_51,0.013180175,7.539597516140e-05
rand20_51,0.013420009,7.676795865614e-05
rand20_51,0.013664207,7.816490888274e-05
rand20_51,0.013912848,7.958728020010e-05
rand20_51,0.014166013,8.103553523618e-05
rand20_51,0.014423786,8.251014503977e-05
rand20_51,0.014686249,8.401158923244e-05
rand20_51,0.014953488,8.554035616561e-05
rand20_51,0.01522559,8.709694307917e-05
rand20_51,0.015502643,8.868185626297e-05
rand20_51,0.015784737,9.029561122207e-05
rand20_51,0.016071965,9.193873284451e-05
rand20_51,0.016364419,9.361175557170e-05
rand20_51,0.016662195,9.531522357254e-05
rand20_51,0.016965389,9.704969092074e-05
rand20_51,0.0172741,9.881572177473e-05
rand20_51,0.017588429,1.006138905617e-04
rand20_51,0.017908478,1.024447821644e-04
rand20_51,0.01823435,1.043089921114e-04
rand20_51,0.018566152,1.062071267710e-04
rand20_51,0.018903992,1.081398035484e-04
rand20_51,0.019247979,1.101076510873e-04
rand20_51,0.019598226,1.121113094735e-04
rand20_51,0.019954845,1.141514304440e-04
rand20_51,0.020317955,1.162286775993e-04
rand20_51,0.020687671,1.183437266185e-04
rand20_51,0.021064115,1.204972654801e-04
rand20_51,0.021447409,1.226899946854e-04
rand20_51,0.021837678,1.249226274870e-04
rand20_51,0.022235048,1.271958901207e-04
rand20_51,0.022639649,1.295105220419e-04
rand20_51,0.023051612,1.318672761663e-04
rand20_51,0.023471072,1.342669191153e-04
rand20_51,0.023898164,1.367102314650e-04
rand20_51,0.024333028,1.391980080011e-04
rand20_51,0.024775805,1.417310579771e-04
rand20_51,0.025226639,1.443102053778e-04
rand20_51,0.025685676,1.469362891876e-04
rand20_51,0.026153066,1.496101636643e-04
rand20_51,0.026628962,1.523326986157e-04
rand20_51,0.027113517,1.551047796849e-04
rand20_51,0.027606889,1.579273086368e-04
rand20_51,0.028109239,1.608012036525e-04
rand20_51,0.02862073,1.637273996288e-04
rand20_51,0.029141528,1.667068484815e-04
rand20_51,0.029671803,1.697405194562e-04
rand20_51,0.030211727,1.728293994438e-04
rand20_51,0.030761476,1.759744933016e-04
rand20_51,0.031321228,1.791768241809e-04
rand20_51,0.031891166,1.824374338598e-04
rand20_51,0.032471475,1.857573830825e-04
rand20_51,0.033062344,1.891377519058e-04
rand20_51,0.033663964,1.925796400491e-04
rand20_51,0.034276531,1.960841672539e-04
rand20_51,0.034900246,1.996524736484e-04
rand20_51,0.035535309,2.032857201176e-04
rand20_51,0.036181929,2.069850886838e-04
rand20_51,0.036840315,2.107517828891e-04
rand20_51,0.037510681,2.145870281889e-04
rand20_51,0.038193246,2.184920723509e-04
rand20_51,0.038888231,2.224681858616e-04
rand20_51,0.039595862,2.265166623395e-04
rand20_51,0.04031637,2.306388189577e-04
rand20_51,0.041049988,2.348359968721e-04
rand20_51,0.041796956,2.391095616581e-04
rand20_51,0.042557516,2.434609037574e-04
rand20_51,0.043331915,2.478914389286e-04
rand20_51,0.044120406,2.524026087099e-04
rand20_51,0.044923245,2.569958808888e-04
rand20_51,0.045740692,2.616727499798e-04
rand20_51,0.046573015,2.664347377123e-04
rand20_51,0.047420482,2.712833935252e-04
rand20_51,0.048283371,2.762202950730e-04
rand20_51,0.049161961,2.812470487399e-04
rand20_51,0.050056539,2.863652901622e-04
rand20_51,0.050967395,2.915766847629e-04
rand20_51,0.051894825,2.968829282938e-04
rand20_51,0.052839131,3.022857473875e-04
rand20_51,0.053800621,3.077869001222e-04
rand20_51,0.054779606,3.133881765926e-04
rand20_51,0.055776405,3.190913994951e-04
rand20_51,0.056791342,3.248984247208e-04
rand20_51,0.057824748,3.308111419616e-04
rand20_51,0.058876959,3.368314753256e-04
rand20_51,0.059948316,3.429613839646e-04
rand20_51,0.061039167,3.492028627131e-04
rand20_51,0.062149869,3.555579427386e-04
rand20_51,0.063280782,3.620286922041e-04
rand20_51,0.064432273,3.686172169420e-04
rand20_51,0.065604717,3.753256611419e-04
rand20_51,0.066798496,3.821562080487e-04
rand20_51,0.068013998,3.891110806756e-04
rand20_51,0.069251617,3.961925425286e-04
rand20_51,0.070511757,4.034028983452e-04
rand20_51,0.071794827,4.107444948460e-04
rand20_51,0.073101244,4.182197214999e-04
rand20_51,0.074431434,4.258310113047e-04
rand20_51,0.075785828,4.335808415794e-04
rand20_51,0.077164868,4.414717347738e-04
rand20_51,0.078569002,4.495062592907e-04
rand20_51,0.079998686,4.576870303241e-04
rand20_51,0.081454385,4.660167107132e-04
rand20_51,0.082936573,4.744980118101e-04
rand20_51,0.084445731,4.831336943663e-04
rand20_51,0.085982352,4.919265694324e-04
rand20_51,0.087546933,5.008794992763e-04
rand20_51,0.089139984,5.099953983172e-04
rand20_51,0.090762023,5.192772340772e-04
rand20_51,0.092413578,5.287280281496e-04
rand20_51,0.094095185,5.383508571865e-04
rand20_51,0.095807392,5.481488539011e-04
rand20_51,0.097550755,5.581252080933e-04
rand20_51,0.099325841,5.682831676891e-04
rand20_51,0.10113323,5.786260398023e-04
rand20_51,0.1029735,5.891571918145e-04
rand20_51,0.10484726,5.998800524743e-04
rand20_51,0.10675512,6.107981130178e-04
rand20_51,0.1086977,6.219149283087e-04
rand20_51,0.11067562,6.332341179994e-04
rand20_51,0.11268953,6.447593677135e-04
rand20_51,0.11474009,6.564944302508e-04
rand20_51,0.11682796,6.684431268123e-04
rand20_51,0.11895383,6.806093482491e-04
rand20_51,0.12111837,6.929970563342e-04
rand20_51,0.12332231,7.056102850571e-04
rand20_51,0.12556635,7.184531419419e-04
rand20_51,0.12785122,7.315298093905e-04
rand20_51,0.13017767,7.448445460490e-04
rand20_51,0.13254646,7.584016882003e-04
rand20_51,0.13495834,7.722056511815e-04
rand20_51,0.13741412,7.862609308280e-04
rand20_51,0.13991458,8.005721049426e-04
rand20_51,0.14246054,8.151438347937e-04
rand20_51,0.14505283,8.299808666386e-04
rand20_51,0.14769229,8.450880332761e-04
rand20_51,0.15037978,8.604702556280e-04
rand20_51,0.15311617,8.761325443475e-04
rand20_51,0.15590235,8.920800014594e-04
rand20_51,0.15873924,9.083178220287e-04
rand20_51,0.16162774,9.248512958607e-04
rand20_51,0.16456881,9.416858092318e-04
rand20_51,0.16756339,9.588268466526e-04
rand20_51,0.17061246,9.762799926619e-04
rand20_51,0.17371702,9.940509336556e-04
rand20_51,0.17687807,1.012145459747e-03
rand20_51,0.18009664,1.030569466664e-03
rand20_51,0.18337377,1.049328957677e-03
rand20_51,0.18671054,1.068430045566e-03
rand20_51,0.19010803,1.087878954623e-03
rand20_51,0.19356733,1.107682022687e-03
rand20_51,0.19708959,1.127845703225e-03
rand20_51,0.20067594,1.148376567441e-03
rand20_51,0.20432755,1.169281306429e-03
rand20_51,0.2080456,1.190566733370e-03
rand20_51,0.21183131,1.212239785757e-03
rand20_51,0.21568591,1.234307527675e-03
rand20_51,0.21961064,1.256777152109e-03
rand20_51,0.2236068,1.279655983308e-03
rand20_51,0.22767567,1.302951479180e-03
rand20_51,0.23181858,1.326671233742e-03
rand20_51,0.23603687,1.350822979603e-03
rand20_51,0.24033193,1.375414590505e-03
rand20_51,0.24470514,1.400454083902e-03
rand20_51,0.24915792,1.425949623589e-03
rand20_51,0.25369174,1.451909522378e-03
rand20_51,0.25830805,1.478342244827e-03
rand20_51,0.26300836,1.505256410016e-03
rand20_51,0.2677942,1.532660794372e-03
rand20_51,0.27266713,1.560564334550e-03
rand20_51,0.27762873,1.588976130365e-03
rand20_51,0.28268061,1.617905447776e-03
rand20_51,0.28782442,1.647361721930e-03
rand20_51,0.29306183,1.677354560256e-03
rand20_51,0.29839454,1.707893745618e-03
rand20_51,0.30382429,1.738989239526e-03
rand20_51,0.30935284,1.770651185410e-03
rand20_51,0.31498199,1.802889911942e-03
rand20_51,0.32071357,1.835715936436e-03
rand20_51,0.32654945,1.869139968295e-03
rand20_51,0.33249152,1.903172912530e-03
rand20_51,0.33854171,1.937825873342e-03
rand20_51,0.344702,1.973110157765e-03
rand20_51,0.35097438,2.009037279387e-03
rand20_51,0.3573609,2.045618962124e-03
rand20_51,0.36386363,2.082867144077e-03
rand20_51,0.37048469,2.120793981449e-03
rand20_51,0.37722623,2.159411852544e-03
rand20_51,0.38409044,2.198733361831e-03
rand20_51,0.39107956,2.238771344084e-03
rand20_51,0.39819586,2.279538868605e-03
rand20_51,0.40544164,2.321049243511e-03
rand20_51,0.41281928,2.363316020117e-03
rand20_51,0.42033116,2.406352997381e-03
rand20_51,0.42797973,2.450174226443e-03
rand20_51,0.43576748,2.494794015244e-03
rand20_51,0.44369694,2.540226933228e-03
rand20_51,0.45177069,2.586487816131e-03
rand20_51,0.45999135,2.633591770856e-03
rand20_51,0.46836161,2.681554180444e-03
rand20_51,0.47688417,2.730390709123e-03
rand20_51,0.48556181,2.780117307465e-03
rand20_51,0.49439735,2.830750217625e-03
rand20_51,0.50339367,2.882305978680e-03
rand20_51,0.5125537,2.934801432069e-03
rand20_51,0.5218804,2.988253727127e-03
rand20_51,0.53137682,3.042680326722e-03
rand20_51,0.54104604,3.098099012997e-03
rand20_51,0.5508912,3.154527893212e-03
rand20_51,0.56091551,3.211985405700e-03
rand20_51,0.57112224,3.270490325923e-03
rand20_51,0.58151468,3.330061772646e-03
rand20_51,0.59209624,3.390719214216e-03
rand20_51,0.60287034,3.452482474963e-03
rand20_51,0.6138405,3.515371741715e-03
rand20_51,0.62501027,3.579407570423e-03
rand20_51,0.63638329,3.644610892924e-03
rand20_51,0.64796327,3.711003023809e-03
rand20_51,0.65975396,3.778605667426e-03
rand20_51,0.67175919,3.847440925009e-03
rand20_51,0.68398289,3.917531301933e-03
rand20_51,0.69642901,3.988899715101e-03
rand20_51,0.70910161,4.061569500471e-03
rand20_51,0.7220048,4.135564420707e-03
rand20_51,0.73514279,4.210908672983e-03
rand20_51,0.74851985,4.287626896914e-03
rand20_51,0.76214032,4.365744182643e-03
rand20_51,0.77600863,4.445286079061e-03
rand20_51,0.7901293,4.526278602186e-03
rand20_51,0.80450692,4.608748243687e-03
rand20_51,0.81914617,4.692721979562e-03
rand20_51,0.83405179,4.778227278974e-03
rand20_51,0.84922865,4.865292113243e-03
rand20_51,0.86468167,4.953944964999e-03
rand20_51,0.88041588,5.044214837501e-03
rand20_51,0.89643641,5.136131264123e-03
rand20_51,0.91274845,5.229724318004e-03
rand20_51,0.92935731,5.325024621877e-03
rand20_51,0.9462684,5.422063358070e-03
rand20_51,0.96348721,5.520872278679e-03
rand20_51,0.98101934,5.621483715936e-03
rand20_51,0.9988705,5.723930592743e-03
rand20_51,1.0170465,5.828246433408e-03
rand20_51,1.0355532,5.934465374557e-03
rand20_51,1.0543967,6.042622176252e-03
rand20_51,1.0735831,6.152752233293e-03
rand20_51,1.0931186,6.264891586723e-03
rand20_51,1.1130095,6.379076935537e-03
rand20_51,1.1332625,6.495345648592e-03
rand20_51,1.1538839,6.613735776729e-03
rand20_51,1.1748806,6.734286065098e-03
rand20_51,1.1962594,6.857035965707e-03
rand20_51,1.2180272,6.982025650185e-03
rand20_51,1.240191,7.109296022757e-03
rand20_51,1.2627582,7.238888733462e-03
rand20_51,1.285736,7.370846191577e-03
rand20_51,1.309132,7.505211579285e-03
rand20_51,1.3329537,7.642028865572e-03
rand20_51,1.3572088,7.781342820361e-03
rand20_51,1.3819053,7.923199028888e-03
rand20_51,1.4070512,8.067643906319e-03
rand20_51,1.4326547,8.214724712616e-03
rand20_51,1.458724,8.364489567649e-03
rand20_51,1.4852678,8.516987466572e-03
rand20_51,1.5122945,8.672268295438e-03
rand20_51,1.539813,8.830382847092e-03
rand20_51,1.5678323,8.991382837318e-03
rand20_51,1.5963614,9.155320921252e-03
rand20_51,1.6254097,9.322250710067e-03
rand20_51,1.6549865,9.492226787932e-03
rand20_51,1.6851015,9.665304729244e-03
rand20_51,1.7157645,9.841541116144e-03
rand20_51,1.7469855,1.002099355631e-02
rand20_51,1.7787746,1.020372070103e-02
rand20_51,1.8111421,1.038978226360e-02
rand20_51,1.8440987,1.057923903795e-02
rand20_51,1.8776549,1.077215291760e-02
rand20_51,1.9118217,1.096858691496e-02
rand20_51,1.9466102,1.116860518082e-02
rand20_51,1.9820318,1.137227302426e-02
rand20_51,2.0180979,1.157965693275e-02
rand20_51,2.0548203,1.179082459268e-02
rand20_51,2.0922109,1.200584491010e-02
rand20_51,2.1302819,1.222478803185e-02
rand20_51,2.1690457,1.244772536690e-02
rand20_51,2.2085148,1.267472960815e-02
rand20_51,2.2487022,1.290587475441e-02
rand20_51,2.2896208,1.314123613283e-02
rand20_51,2.3312839,1.338089042151e-02
rand20_51,2.3737052,1.362491567258e-02
rand20_51,2.4168984,1.387339133549e-02
rand20_51,2.4608776,1.412639828070e-02
rand20_51,2.5056571,1.438401882368e-02
rand20_51,2.5512514,1.464633674919e-02
rand20_51,2.5976753,1.491343733598e-02
rand20_51,2.644944,1.518540738174e-02
rand20_51,2.6930729,1.546233522843e-02
rand20_51,2.7420775,1.574431078789e-02
rand20_51,2.7919738,1.603142556789e-02
rand20_51,2.842778,1.632377269832e-02
rand20_51,2.8945068,1.662144695793e-02
rand20_51,2.9471768,1.692454480122e-02
rand20_51,3.0008052,1.723316438576e-02
rand20_51,3.0554095,1.754740559980e-02
rand20_51,3.1110073,1.786737009020e-02
rand20_51,3.1676169,1.819316129067e-02
rand20_51,3.2252566,1.852488445041e-02
rand20_51,3.2839451,1.886264666290e-02
rand20_51,3.3437015,1.920655689523e-02
rand20_51,3.4045453,1.955672601749e-02
rand20_51,3.4664963,1.991326683269e-02
rand20_51,3.5295745,2.027629410681e-02
rand20_51,3.5938005,2.064592459927e-02
rand20_51,3.6591953,2.102227709359e-02
rand20_51,3.72578,2.140547242840e-02
rand20_51,3.7935763,2.179563352873e-02
rand20_51,3.8626062,2.219288543751e-02
rand20_51,3.9328923,2.259735534740e-02
rand20_51,4.0044573,2.300917263286e-02
rand20_51,4.0773246,2.342846888245e-02
rand20_51,4.1515178,2.385537793138e-02
rand20_51,4.227061,2.429003589431e-02
rand20_51,4.3039789,2.473258119833e-02
rand20_51,4.3822965,2.518315461621e-02
rand20_51,4.4620391,2.564189929979e-02
rand20_51,4.5432328,2.610896081360e-02
rand20_51,4.6259039,2.658448716863e-02
rand20_51,4.7100793,2.706862885631e-02
rand20_51,4.7957865,2.756153888257e-02
rand20_51,4.8830532,2.806337280211e-02
rand20_51,4.9719078,2.857428875274e-02
rand20_51,5.0623794,2.909444748986e-02
rand20_51,5.1544971,2.962401242101e-02
rand20_51,5.2482912,3.016314964053e-02
rand20_51,5.3437919,3.071202796421e-02
rand20_51,5.4410304,3.127081896410e-02
rand20_51,5.5400383,3.183969700320e-02
rand20_51,5.6408479,3.241883927027e-02
rand20_51,5.7434918,3.300842581456e-02
rand20_51,5.8480034,3.360863958053e-02
rand20_51,5.9544169,3.421966644251e-02
rand20_51,6.0627667,3.484169523928e-02
rand20_51,6.173088,3.547491780851e-02
rand20_51,6.2854169,3.611952902118e-02
rand20_51,6.3997897,3.677572681572e-02
rand20_51,6.5162437,3.744371223208e-02
rand20_51,6.6348168,3.812368944552e-02
rand20_51,6.7555475,3.881586580027e-02
rand20_51,6.8784751,3.952045184282e-02
rand20_51,7.0036396,4.023766135503e-02
rand20_51,7.1310816,4.096771138687e-02
rand20_51,7.2608426,4.171082228887e-02
rand20_51,7.3929648,4.246721774412e-02
rand20_51,7.5274911,4.323712479995e-02
rand20_51,7.6644654,4.402077389914e-02
rand20_51,7.8039322,4.481839891064e-02
rand20_51,7.9459367,4.563023715983e-02
rand20_51,8.0905253,4.645652945819e-02
rand20_51,8.2377449,4.729752013243e-02
rand20_51,8.3876433,4.815345705296e-02
rand20_51,8.5402694,4.902459166177e-02
rand20_51,8.6956727,4.991117899952e-02
rand20_51,8.8539039,5.081347773194e-02
rand20_51,9.0150143,5.173175017545e-02
rand20_51,9.1790564,5.266626232187e-02
rand20_51,9.3460834,5.361728386233e-02
rand20_51,9.5161498,5.458508821017e-02
rand20_51,9.6893108,5.556995252286e-02
rand20_51,9.8656227,5.657215772290e-02
rand20_51,10.045143,5.759198851753e-02
rand20_51,10.22793,5.862973341734e-02
rand20_51,10.414043,5.968568475358e-02
rand20_51,10.603542,6.076013869419e-02
rand20_51,10.79649,6.185339525840e-02
rand20_51,10.992949,6.296575832987e-02
rand20_51,11.192982,6.409753566828e-02
rand20_51,11.396656,6.524903891934e-02
rand20_51,11.604036,6.642058362290e-02
rand20_51,11.815189,6.761248921941e-02
rand20_51,12.030184,6.882507905434e-02
rand20_51,12.249092,7.005868038055e-02
rand20_51,12.471983,7.131362435855e-02
rand20_51,12.69893,7.259024605441e-02
rand20_51,12.930007,7.388888443531e-02
rand20_51,13.165288,7.520988236249e-02
rand20_51,13.404851,7.655358658152e-02
rand20_51,13.648773,7.792034770972e-02
rand20_51,13.897133,7.931052022058e-02
rand20_51,14.150013,8.072446242495e-02
rand20_51,14.407494,8.216253644899e-02
rand20_51,14.669661,8.362510820842e-02
rand20_51,14.936598,8.511254737920e-02
rand20_51,15.208392,8.662522736418e-02
rand20_51,15.485132,8.816352525566e-02
rand20_51,15.766908,8.972782179356e-02
rand20_51,16.053811,9.131850131907e-02
rand20_51,16.345935,9.293595172345e-02
rand20_51,16.643375,9.458056439183e-02
rand20_51,16.946226,9.625273414169e-02
rand20_51,17.254589,9.795285915585e-02
rand20_51,17.568563,9.968134090969e-02
rand20_51,17.88825,1.014385840923e-01
rand20_51,18.213754,1.032249965213e-01
rand20_51,18.545181,1.050409890515e-01
rand20_51,18.88264,1.068869754761e-01
rand20_51,19.226238,1.087633724212e-01
rand20_51,19.576089,1.106705992334e-01
rand20_51,19.932306,1.126090778593e-01
rand20_51,20.295005,1.145792327170e-01
rand20_51,20.664304,1.165814905608e-01
rand20_51,21.040323,1.186162803361e-01
rand20_51,21.423184,1.206840330270e-01
rand20_51,21.813012,1.227851814951e-01
rand20_51,22.209933,1.249201603089e-01
rand20_51,22.614077,1.270894055648e-01
rand20_51,23.025575,1.292933546989e-01
rand20_51,23.444561,1.315324462898e-01
rand20_51,23.871171,1.338071198512e-01
rand20_51,24.305544,1.361178156161e-01
rand20_51,24.74782,1.384649743113e-01
rand20_51,25.198145,1.408490369220e-01
rand20_51,25.656664,1.432704444472e-01
rand20_51,26.123527,1.457296376460e-01
rand20_51,26.598884,1.482270567741e-01
rand20_51,27.082892,1.507631413107e-01
rand20_51,27.575707,1.533383296770e-01
rand20_51,28.077489,1.559530589449e-01
rand20_51,28.588402,1.586077645372e-01
rand20_51,29.108612,1.613028799184e-01
rand20_51,29.638288,1.640388362781e-01
rand20_51,30.177603,1.668160622044e-01
rand20_51,30.726731,1.696349833507e-01
rand20_51,31.285851,1.724960220937e-01
rand20_51,31.855145,1.753995971838e-01
rand20_51,32.434798,1.783461233884e-01
rand20_51,33.025,1.813360111279e-01
rand20_51,33.62594,1.843696661048e-01
rand20_51,34.237816,1.874474889266e-01
rand20_51,34.860826,1.905698747216e-01
rand20_51,35.495172,1.937372127499e-01
rand20_51,36.141062,1.969498860072e-01
rand20_51,36.798704,2.002082708247e-01
rand20_51,37.468313,2.035127364625e-01
rand20_51,38.150106,2.068636446989e-01
rand20_51,38.844306,2.102613494146e-01
rand20_51,39.551138,2.137061961730e-01
rand20_51,40.270832,2.171985217955e-01
rand20_51,41.003622,2.207386539334e-01
rand20_51,41.749746,2.243269106360e-01
rand20_51,42.509447,2.279635999147e-01
rand20_51,43.282972,2.316490193038e-01
rand20_51,44.070572,2.353834554181e-01
rand20_51,44.872504,2.391671835068e-01
rand20_51,45.689028,2.430004670043e-01
rand20_51,46.52041,2.468835570782e-01
rand20_51,47.366921,2.508166921724e-01
rand20_51,48.228835,2.548000975492e-01
rand20_51,49.106433,2.588339848251e-01
rand20_51,50,2.629185515048e-01
rand20_52,0.001,7.923098774622e-06
rand20_52,0.0010181965,8.067273137413e-06
rand20_52,0.0010367242,8.214071025576e-06
rand20_52,0.001055589,8.363540179901e-06
rand20_52,0.0010747971,8.515729210078e-06
rand20_52,0.0010943546,8.670687610704e-06
rand20_52,0.0011142681,8.828465776489e-06
rand20_52,0.0011345439,8.989115019755e-06
rand20_52,0.0011551887,9.152687586400e-06
rand20_52,0.0011762091,9.319236673225e-06
rand20_52,0.0011976121,9.488816444556e-06
rand20_52,0.0012194045,9.661482051367e-06
rand20_52,0.0012415934,9.837289647367e-06
rand20_52,0.0012641861,1.001629640880e-05
rand20_52,0.0012871899,1.019856055220e-05
rand20_52,0.0013106123,1.038414135339e-05
rand20_52,0.0013344609,1.057309916705e-05
rand20_52,0.0013587435,1.076549544625e-05
rand20_52,0.0013834679,1.096139276212e-05
rand20_52,0.0014086423,1.116085482543e-05
rand20_52,0.0014342747,1.136394650495e-05
rand20_52,0.0014603735,1.157073385096e-05
rand20_52,0.0014869473,1.178128411549e-05
rand20_52,0.0015140046,1.199566577459e-05
rand20_52,0.0015415542,1.221394855026e-05
rand20_52,0.0015696052,1.243620343338e-05
rand20_52,0.0015981665,1.266250270691e-05
rand20_52,0.0016272476,1.289291996927e-05
rand20_52,0.0016568579,1.312753015803e-05
rand20_52,0.001687007,1.336640957470e-05
rand20_52,0.0017177047,1.360963590938e-05
rand20_52,0.001748961,1.385728826632e-05
rand20_52,0.001780786,1.410944718881e-05
rand20_52,0.0018131901,1.436619468633e-05
rand20_52,0.0018461839,1.462761426085e-05
rand20_52,0.0018797781,1.489379093372e-05
rand20_52,0.0019139835,1.516481127415e-05
rand20_52,0.0019488114,1.544076342602e-05
rand20_52,0.001984273,1.572173713822e-05
rand20_52,0.00202038,1.600782379227e-05
rand20_52,0.0020571439,1.629911643326e-05
rand20_52,0.0020945768,1.659570979947e-05
rand20_52,0.0021326908,1.689770035329e-05
rand20_52,0.0021714984,1.720518631274e-05
rand20_52,0.0022110122,1.751826768358e-05
rand20_52,0.0022512449,1.783704629100e-05
rand20_52,0.0022922098,1.816162581394e-05
rand20_52,0.0023339201,1.849211181834e-05
rand20_52,0.0023763894,1.882861179086e-05
rand20_52,0.0024196314,1.917123517476e-05
rand20_52,0.0024636603,1.952009340519e-05
rand20_52,0.0025084904,1.987529994507e-05
rand20_52,0.0025541363,2.023697032275e-05
rand20_52,0.0026006127,2.060522216895e-05
rand20_52,0.0026479349,2.098017525525e-05
rand20_52,0.0026961181,2.136195153349e-05
rand20_52,0.0027451782,2.175067517430e-05
rand20_52,0.0027951309,2.214647260889e-05
rand20_52,0.0028459926,2.254947256956e-05
rand20_52,0.0028977798,2.295980613104e-05
rand20_52,0.0029505094,2.337760675401e-05
rand20_52,0.0030041984,2.380301032862e-05
rand20_52,0.0030588645,2.423615521758e-05
rand20_52,0.0031145252,2.467718230212e-05
rand20_52,0.0031711988,2.512623502816e-05
rand20_52,0.0032289036,2.558345945149e-05
rand20_52,0.0032876585,2.604900428728e-05
rand20_52,0.0033474825,2.652302095638e-05
rand20_52,0.0034083951,2.700566363660e-05
rand20_52,0.0034704161,2.749708931157e-05
rand20_52,0.0035335657,2.799745782228e-05
rand20_52,0.0035978643,2.850693191871e-05
rand20_52,0.003663333,2.902567731372e-05
rand20_52,0.003729993,2.955386273580e-05
rand20_52,0.003797866,3.009165998520e-05
rand20_52,0.003866974,3.063924398854e-05
rand20_52,0.0039373395,3.119679285669e-05
rand20_52,0.0040089855,3.176448794283e-05
rand20_52,0.0040819351,3.234251390061e-05
rand20_52,0.0041562122,3.293105874495e-05
rand20_52,0.0042318409,3.353031391308e-05
rand20_52,0.0043088458,3.414047432673e-05
rand20_52,0.0043872519,3.476173845589e-05
rand20_52,0.0044670847,3.539430838289e-05
rand20_52,0.0045483701,3.603838986873e-05
rand20_52,0.0046311347,3.669419241952e-05
rand20_52,0.0047154054,3.736192935518e-05
rand20_52,0.0048012094,3.804181787880e-05
rand20_52,0.0048885748,3.873407914689e-05
rand20_52,0.00497753,3.943893834184e-05
rand20_52,0.0050681038,4.015662474533e-05
rand20_52,0.0051603257,4.088737181236e-05
rand20_52,0.0052542258,4.163141724792e-05
rand20_52,0.0053498345,4.238900308384e-05
rand20_52,0.005447183,4.316037575804e-05
rand20_52,0.0055463029,4.394578619425e-05
rand20_52,0.0056472264,4.474548988483e-05
rand20_52,0.0057499864,4.555974697207e-05
rand20_52,0.0058546163,4.638882233463e-05
rand20_52,0.00596115,4.723298567317e-05
rand20_52,0.0060696223,4.809251159789e-05
rand20_52,0.0061800684,4.896767971802e-05
rand20_52,0.0062925243,4.985877473342e-05
rand20_52,0.0064070265,5.076608652688e-05
rand20_52,0.0065236122,5.168991025849e-05
rand20_52,0.0066423193,5.263054646154e-05
rand20_52,0.0067631866,5.358830114110e-05
rand20_52,0.0068862532,5.456348587282e-05
rand20_52,0.0070115591,5.555641790537e-05
rand20_52,0.0071391452,5.656742026287e-05
rand20_52,0.007269053,5.759682185031e-05
rand20_52,0.0074013246,5.864495756130e-05
rand20_52,0.0075360031,5.971216838644e-05
rand20_52,0.0076731323,6.079880152455e-05
rand20_52,0.0078127567,6.190521049608e-05
rand20_52,0.0079549219,6.303175525746e-05
rand20_52,0.0080996739,6.417880231988e-05
rand20_52,0.0082470599,6.534672486683e-05
rand20_52,0.0083971279,6.653590287706e-05
rand20_52,0.0085499266,6.774672324810e-05
rand20_52,0.0087055056,6.897957992144e-05
rand20_52,0.0088639157,7.023487401201e-05
rand20_52,0.0090252083,7.151301393836e-05
rand20_52,0.0091894359,7.281441555572e-05
rand20_52,0.0093566518,7.413950229176e-05
rand20_52,0.0095269105,7.548870528407e-05
rand20_52,0.0097002673,7.686246352094e-05
rand20_52,0.0098767786,7.826122398470e-05
rand20_52,0.010056502,7.968544179694e-05
rand20_52,0.010239495,8.113558036725e-05
rand20_52,0.010425819,8.261211154364e-05
rand20_52,0.010615533,8.411551576709e-05
rand20_52,0.010808698,8.564628222728e-05
rand20_52,0.011005379,8.720490902310e-05
rand20_52,0.011205639,8.879190332361e-05
rand20_52,0.011409543,9.040778153538e-05
rand20_52,0.011617157,9.205306946852e-05
rand20_52,0.011828549,9.372830250984e-05
rand20_52,0.012043788,9.543402579676e-05
rand20_52,0.012262943,9.717079439465e-05
rand20_52,0.012486086,9.893917347877e-05
rand20_52,0.01271329,1.007397385175e-04
rand20_52,0.012944628,1.025730754607e-04
rand20_52,0.013180175,1.044397809312e-04
rand20_52,0.013420009,1.063404624176e-04
rand20_52,0.013664207,1.082757384743e-04
rand20_52,0.013912848,1.102462389224e-04
rand20_52,0.014166013,1.122526050553e-04
rand20_52,0.014423786,1.142954898474e-04
rand20_52,0.014686249,1.163755581678e-04
rand20_52,0.014953488,1.184934869968e-04
rand20_52,0.01522559,1.206499656471e-04
rand20_52,0.015502643,1.228456959879e-04
rand20_52,0.015784737,1.250813926745e-04
rand20_52,0.016071965,1.273577833823e-04
rand20_52,0.016364419,1.296756090420e-04
rand20_52,0.016662195,1.320356240836e-04
rand20_52,0.016965389,1.344385966815e-04
rand20_52,0.0172741,1.368853090058e-04
rand20_52,0.017588429,1.393765574767e-04
rand20_52,0.017908478,1.419131530251e-04
rand20_52,0.01823435,1.444959213577e-04
rand20_52,0.018566152,1.471257032258e-04
rand20_52,0.018903992,1.498033546999e-04
rand20_52,0.019247979,1.525297474493e-04
rand20_52,0.019598226,1.553057690273e-04
rand20_52,0.019954845,1.581323231601e-04
rand20_52,0.020317955,1.610103300422e-04
rand20_52,0.020687671,1.639407266374e-04
rand20_52,0.021064115,1.669244669844e-04
rand20_52,0.021447409,1.699625225085e-04
rand20_52,0.021837678,1.730558823387e-04
rand20_52,0.022235048,1.762055536317e-04
rand20_52,0.022639649,1.794125618994e-04
rand20_52,0.023051612,1.826779513459e-04
rand20_52,0.023471072,1.860027852069e-04
rand20_52,0.023898164,1.893881460984e-04
rand20_52,0.024333028,1.928351363703e-04
rand20_52,0.024775805,1.963448784661e-04
rand20_52,0.025226639,1.999185152905e-04
rand20_52,0.025685676,2.035572105826e-04
rand20_52,0.026153066,2.072621492963e-04
rand20_52,0.026628962,2.110345379885e-04
rand20_52,0.027113517,2.148756052127e-04
rand20_52,0.027606889,2.187866019215e-04
rand20_52,0.028109239,2.227688018750e-04
rand20_52,0.02862073,2.268235020581e-04
rand20_52,0.029141528,2.309520231047e-04
rand20_52,0.029671803,2.351557097290e-04
rand20_52,0.030211727,2.394359311667e-04
rand20_52,0.030761476,2.437940816224e-04
rand20_52,0.031321228,2.482315807251e-04
rand20_52,0.031891166,2.527498739949e-04
rand20_52,0.032471475,2.573504333137e-04
rand20_52,0.033062344,2.620347574092e-04
rand20_52,0.033663964,2.668043723435e-04
rand20_52,0.034276531,2.716608320153e-04
rand20_52,0.034900246,2.766057186664e-04
rand20_52,0.035535309,2.816406434012e-04
rand20_52,0.036181929,2.867672467143e-04
rand20_52,0.036840315,2.919871990277e-04
rand20_52,0.037510681,2.973022012378e-04
rand20_52,0.038193246,3.027139852739e-04
rand20_52,0.038888231,3.082243146643e-04
rand20_52,0.039595862,3.138349851153e-04
rand20_52,0.04031637,3.195478250995e-04
rand20_52,0.041049988,3.253646964555e-04
rand20_52,0.041796956,3.312874949980e-04
rand20_52,0.042557516,3.373181511400e-04
rand20_52,0.043331915,3.434586305254e-04
rand20_52,0.044120406,3.497109346743e-04
rand20_52,0.044923245,3.560771016392e-04
rand20_52,0.045740692,3.625592066741e-04
rand20_52,0.046573015,3.691593629156e-04
rand20_52,0.047420482,3.758797220759e-04
rand20_52,0.048283371,3.827224751499e-04
rand20_52,0.049161961,3.896898531340e-04
rand20_52,0.050056539,3.967841277589e-04
rand20_52,0.050967395,4.040076122360e-04
rand20_52,0.051894825,4.113626620163e-04
rand20_52,0.052839131,4.188516755658e-04
rand20_52,0.053800621,4.264770951517e-04
rand20_52,0.054779606,4.342414076469e-04
rand20_52,0.055776405,4.421471453460e-04
rand20_52,0.056791342,4.501968867986e-04
rand20_52,0.057824748,4.583932576572e-04
rand20_52,0.058876959,4.667389315396e-04
rand20_52,0.059948316,4.752366309100e-04
rand20_52,0.061039167,4.838891279735e-04
rand20_52,0.062149869,4.926992455886e-04
rand20_52,0.063280782,5.016698581964e-04
rand20_52,0.064432273,5.108038927665e-04
rand20_52,0.065604717,5.201043297611e-04
rand20_52,0.066798496,5.295742041157e-04
rand20_52,0.068013998,5.392166062400e-04
rand20_52,0.069251617,5.490346830343e-04
rand20_52,0.070511757,5.590316389279e-04
rand20_52,0.071794827,5.692107369345e-04
rand20_52,0.073101244,5.795752997276e-04
rand20_52,0.074431434,5.901287107366e-04
rand20_52,0.075785828,6.008744152621e-04
rand20_52,0.077164868,6.118159216126e-04
rand20_52,0.078569002,6.229568022615e-04
rand20_52,0.079998686,6.343006950268e-04
rand20_52,0.081454385,6.458513042709e-04
rand20_52,0.082936573,6.576124021241e-04
rand20_52,0.084445731,6.695878297306e-04
rand20_52,0.085982352,6.817814985160e-04
rand20_52,0.087546933,6.941973914804e-04
rand20_52,0.089139984,7.068395645147e-04
rand20_52,0.090762023,7.197121477407e-04
rand20_52,0.092413578,7.328193468766e-04
rand20_52,0.094095185,7.461654446283e-04
rand20_52,0.095807392,7.597548021052e-04
rand20_52,0.097550755,7.735918602639e-04
rand20_52,0.099325841,7.876811413770e-04
rand20_52,0.10113323,8.020272505309e-04
rand20_52,0.1029735,8.166348771504e-04
rand20_52,0.10484726,8.315087965512e-04
rand20_52,0.10675512,8.466538715229e-04
rand20_52,0.1086977,8.620750539394e-04
rand20_52,0.11067562,8.777773864011e-04
rand20_52,0.11268953,8.937660039061e-04
rand20_52,0.11474009,9.100461355536e-04
rand20_52,0.11682796,9.266231062787e-04
rand20_52,0.11895383,9.435023386186e-04
rand20_52,0.12111837,9.606893545138e-04
rand20_52,0.12332231,9.781897771403e-04
rand20_52,0.12556635,9.960093327774e-04
rand20_52,0.12785122,1.014153852711e-03
rand20_52,0.13017767,1.032629275169e-03
rand20_52,0.13254646,1.051441647298e-03
rand20_52,0.13495834,1.070597127174e-03
rand20_52,0.13741412,1.090101985847e-03
rand20_52,0.13991458,1.109962609433e-03
rand20_52,0.14246054,1.130185501232e-03
rand20_52,0.14505283,1.150777283902e-03
rand20_52,0.14769229,1.171744701657e-03
rand20_52,0.15037978,1.193094622517e-03
rand20_52,0.15311617,1.214834040597e-03
rand20_52,0.15590235,1.236970078438e-03
rand20_52,0.15873924,1.259509989380e-03
rand20_52,0.16162774,1.282461159983e-03
rand20_52,0.16456881,1.305831112492e-03
rand20_52,0.16756339,1.329627507348e-03
rand20_52,0.17061246,1.353858145744e-03
rand20_52,0.17371702,1.378530972231e-03
rand20_52,0.17687807,1.403654077373e-03
rand20_52,0.18009664,1.429235700450e-03
rand20_52,0.18337377,1.455284232215e-03
rand20_52,0.18671054,1.481808217697e-03
rand20_52,0.19010803,1.508816359061e-03
rand20_52,0.19356733,1.536317518519e-03
rand20_52,0.19708959,1.564320721302e-03
rand20_52,0.20067594,1.592835158676e-03
rand20_52,0.20432755,1.621870191024e-03
rand20_52,0.2080456,1.651435350984e-03
rand20_52,0.21183131,1.681540346642e-03
rand20_52,0.21568591,1.712195064791e-03
rand20_52,0.21961064,1.743409574244e-03
rand20_52,0.2236068,1.775194129216e-03
rand20_52,0.22767567,1.807559172765e-03
rand20_52,0.23181858,1.840515340300e-03
rand20_52,0.23603687,1.874073463151e-03
rand20_52,0.24033193,1.908244572214e-03
rand20_52,0.24470514,1.943039901653e-03
rand20_52,0.24915792,1.978470892685e-03
rand20_52,0.25369174,2.014549197421e-03
rand20_52,0.25830805,2.051286682795e-03
rand20_52,0.26300836,2.088695434553e-03
rand20_52,0.2677942,2.126787761324e-03
rand20_52,0.27266713,2.165576198771e-03
rand20_52,0.27762873,2.205073513809e-03
rand20_52,0.28268061,2.245292708911e-03
rand20_52,0.28782442,2.286247026494e-03
rand20_52,0.29306183,2.327949953385e-03
rand20_52,0.29839454,2.370415225371e-03
rand20_52,0.30382429,2.413656831835e-03
rand20_52,0.30935284,2.457689020485e-03
rand20_52,0.31498199,2.502526302156e-03
rand20_52,0.32071357,2.548183455723e-03
rand20_52,0.32654945,2.594675533090e-03
rand20_52,0.33249152,2.642017864281e-03
rand20_52,0.33854171,2.690226062623e-03
rand20_52,0.344702,2.739316030028e-03
rand20_52,0.35097438,2.789303962375e-03
rand20_52,0.3573609,2.840206354993e-03
rand20_52,0.36386363,2.892040008240e-03
rand20_52,0.37048469,2.944822033201e-03
rand20_52,0.37722623,2.998569857477e-03
rand20_52,0.38409044,3.053301231098e-03
rand20_52,0.39107956,3.109034232531e-03
rand20_52,0.39819586,3.165787274814e-03
rand20_52,0.40544164,3.223579111800e-03
rand20_52,0.41281928,3.282428844516e-03
rand20_52,0.42033116,3.342355927642e-03
rand20_52,0.42797973,3.403380176116e-03
rand20_52,0.43576748,3.465521771857e-03
rand20_52,0.44369694,3.528801270613e-03
rand20_52,0.45177069,3.593239608946e-03
rand20_52,0.45999135,3.658858111337e-03
rand20_52,0.46836161,3.725678497428e-03
rand20_52,0.47688417,3.793722889402e-03
rand20_52,0.48556181,3.863013819496e-03
rand20_52,0.49439735,3.933574237658e-03
rand20_52,0.50339367,4.005427519342e-03
rand20_52,0.5125537,4.078597473455e-03
rand20_52,0.5218804,4.153108350444e-03
rand20_52,0.53137682,4.228984850539e-03
rand20_52,0.54104604,4.306252132148e-03
rand20_52,0.5508912,4.384935820405e-03
rand20_52,0.56091551,4.465062015881e-03
rand20_52,0.57112224,4.546657303451e-03
rand20_52,0.58151468,4.629748761331e-03
rand20_52,0.59209624,4.714363970276e-03
rand20_52,0.60287034,4.800531022953e-03
rand20_52,0.6138405,4.888278533482e-03
rand20_52,0.62501027,4.977635647157e-03
rand20_52,0.63638329,5.068632050344e-03
rand20_52,0.64796327,5.161297980557e-03
rand20_52,0.65975396,5.255664236728e-03
rand20_52,0.67175919,5.351762189654e-03
rand20_52,0.68398289,5.449623792642e-03
rand20_52,0.69642901,5.549281592347e-03
rand20_52,0.70910161,5.650768739805e-03
rand20_52,0.7220048,5.754119001670e-03
rand20_52,0.73514279,5.859366771651e-03
rand20_52,0.74851985,5.966547082160e-03
rand20_52,0.76214032,6.075695616168e-03
rand20_52,0.77600863,6.186848719275e-03
rand20_52,0.7901293,6.300043411997e-03
rand20_52,0.80450692,6.415317402275e-03
rand20_52,0.81914617,6.532709098208e-03
rand20_52,0.83405179,6.652257621009e-03
rand20_52,0.84922865,6.774002818200e-03
rand20_52,0.86468167,6.897985277030e-03
rand20_52,0.88041588,7.024246338145e-03
rand20_52,0.89643641,7.152828109487e-03
rand20_52,0.91274845,7.283773480440e-03
rand20_52,0.92935731,7.417126136235e-03
rand20_52,0.9462684,7.552930572589e-03
rand20_52,0.96348721,7.691232110619e-03
rand20_52,0.98101934,7.832076911995e-03
rand20_52,0.9988705,7.975511994373e-03
rand20_52,1.0170465,8.121585247085e-03
rand20_52,1.0355532,8.270345447098e-03
rand20_52,1.0543967,8.421842275250e-03
rand20_52,1.0735831,8.576126332760e-03
rand20_52,1.0931186,8.733249158021e-03
rand20_52,1.1130095,8.893263243670e-03
rand20_52,1.1332625,9.056222053955e-03
rand20_52,1.1538839,9.222180042385e-03
rand20_52,1.1748806,9.391192669672e-03
rand20_52,1.1962594,9.563316421979e-03
rand20_52,1.2180272,9.738608829461e-03
rand20_52,1.240191,9.917128485112e-03
rand20_52,1.2627582,1.009893506392e-02
rand20_52,1.285736,1.028408934232e-02
rand20_52,1.309132,1.047265321801e-02
rand20_52,1.3329537,1.066468972997e-02
rand20_52,1.3572088,1.086026307896e-02
rand20_52,1.3819053,1.105943864820e-02
rand20_52,1.4070512,1.126228302442e-02
rand20_52,1.4326547,1.146886401931e-02
rand20_52,1.458724,1.167925069116e-02
rand20_52,1.4852678,1.189351336696e-02
rand20_52,1.5122945,1.211172366476e-02
rand20_52,1.539813,1.233395451640e-02
rand20_52,1.5678323,1.256028019056e-02
rand20_52,1.5963614,1.279077631617e-02
rand20_52,1.6254097,1.302551990615e-02
rand20_52,1.6549865,1.326458938149e-02
rand20_52,1.6851015,1.350806459570e-02
rand20_52,1.7157645,1.375602685956e-02
rand20_52,1.7469855,1.400855896629e-02
rand20_52,1.7787746,1.426574521700e-02
rand20_52,1.8111421,1.452767144650e-02
rand20_52,1.8440987,1.479442504954e-02
rand20_52,1.8776549,1.506609500727e-02
rand20_52,1.9118217,1.534277191417e-02
rand20_52,1.9466102,1.562454800523e-02
rand20_52,1.9820318,1.591151718359e-02
rand20_52,2.0180979,1.620377504841e-02
rand20_52,2.0548203,1.650141892319e-02
rand20_52,2.0922109,1.680454788437e-02
rand20_52,2.1302819,1.711326279029e-02
rand20_52,2.1690457,1.742766631052e-02
rand20_52,2.2085148,1.774786295551e-02
rand20_52,2.2487022,1.807395910656e-02
rand20_52,2.2896208,1.840606304615e-02
rand20_52,2.3312839,1.874428498860e-02
rand20_52,2.3737052,1.908873711104e-02
rand20_52,2.4168984,1.943953358474e-02
rand20_52,2.4608776,1.979679060667e-02
rand20_52,2.5056571,2.016062643149e-02
rand20_52,2.5512514,2.053116140379e-02
rand20_52,2.5976753,2.090851799056e-02
rand20_52,2.644944,2.129282081411e-02
rand20_52,2.6930729,2.168419668514e-02
rand20_52,2.7420775,2.208277463612e-02
rand20_52,2.7919738,2.248868595501e-02
rand20_52,2.842778,2.290206421915e-02
rand20_52,2.8945068,2.332304532942e-02
rand20_52,2.9471768,2.375176754471e-02
rand20_52,3.0008052,2.418837151652e-02
rand20_52,3.0554095,2.463300032383e-02
rand20_52,3.1110073,2.508579950818e-02
rand20_52,3.1676169,2.554691710893e-02
rand20_52,3.2252566,2.601650369867e-02
rand20_52,3.2839451,2.649471241885e-02
rand20_52,3.3437015,2.698169901549e-02
rand20_52,3.4045453,2.747762187509e-02
rand20_52,3.4664963,2.798264206057e-02
rand20_52,3.5295745,2.849692334738e-02
rand20_52,3.5938005,2.902063225963e-02
rand20_52,3.6591953,2.955393810633e-02
rand20_52,3.72578,3.009701301757e-02
rand20_52,3.7935763,3.065003198081e-02
rand20_52,3.8626062,3.121317287708e-02
rand20_52,3.9328923,3.178661651718e-02
rand20_52,4.0044573,3.237054667781e-02
rand20_52,4.0773246,3.296515013757e-02
rand20_52,4.1515178,3.357061671289e-02
rand20_52,4.227061,3.418713929377e-02
rand20_52,4.3039789,3.481491387934e-02
rand20_52,4.3822965,3.545413961321e-02
rand20_52,4.4620391,3.610501881858e-02
rand20_52,4.5432328,3.676775703301e-02
rand20_52,4.6259039,3.744256304296e-02
rand20_52,4.7100793,3.812964891783e-02
rand20_52,4.7957865,3.882923004373e-02
rand20_52,4.8830532,3.954152515671e-02
rand20_52,4.9719078,4.026675637550e-02
rand20_52,5.0623794,4.100514923380e-02
rand20_52,5.1544971,4.175693271184e-02
rand20_52,5.2482912,4.252233926743e-02
rand20_52,5.3437919,4.330160486623e-02
rand20_52,5.4410304,4.409496901131e-02
rand20_52,5.5400383,4.490267477190e-02
rand20_52,5.6408479,4.572496881130e-02
rand20_52,5.7434918,4.656210141380e-02
rand20_52,5.8480034,4.741432651071e-02
rand20_52,5.9544169,4.828190170524e-02
rand20_52,6.0627667,4.916508829630e-02
rand20_52,6.173088,5.006415130114e-02
rand20_52,6.2854169,5.097935947664e-02
rand20_52,6.3997897,5.191098533933e-02
rand20_52,6.5162437,5.285930518397e-02
rand20_52,6.6348168,5.382459910055e-02
rand20_52,6.7555475,5.480715098985e-02
rand20_52,6.8784751,5.580724857717e-02
rand20_52,7.0036396,5.682518342436e-02
rand20_52,7.1310816,5.786125094002e-02
rand20_52,7.2608426,5.891575038766e-02
rand20_52,7.3929648,5.998898489188e-02
rand20_52,7.5274911,6.108126144234e-02
rand20_52,7.6644654,6.219289089550e-02
rand20_52,7.8039322,6.332418797395e-02
rand20_52,7.9459367,6.447547126330e-02
rand20_52,8.0905253,6.564706320642e-02
rand20_52,8.2377449,6.683929009504e-02
rand20_52,8.3876433,6.805248205846e-02
rand20_52,8.5402694,6.928697304931e-02
rand20_52,8.6956727,7.054310082625e-02
rand20_52,8.8539039,7.182120693347e-02
rand20_52,9.0150143,7.312163667686e-02
rand20_52,9.1790564,7.444473909667e-02
rand20_52,9.3460834,7.579086693665e-02
rand20_52,9.5161498,7.716037660940e-02
rand20_52,9.6893108,7.855362815785e-02
rand20_52,9.8656227,7.997098521283e-02
rand20_52,10.045143,8.141281494637e-02
rand20_52,10.22793,8.287948802080e-02
rand20_52,10.414043,8.437137853346e-02
rand20_52,10.603542,8.588886395678e-02
rand20_52,10.79649,8.743232507370e-02
rand20_52,10.992949,8.900214590832e-02
rand20_52,11.192982,9.059871365151e-02
rand20_52,11.396656,9.222241858147e-02
rand20_52,11.604036,9.387365397906e-02
rand20_52,11.815189,9.555281603778e-02
rand20_52,12.030184,9.726030376831e-02
rand20_52,12.249092,9.899651889741e-02
rand20_52,12.471983,1.007618657611e-01
rand20_52,12.69893,1.025567511923e-01
rand20_52,12.930007,1.043815844019e-01
rand20_52,13.165288,1.062367768549e-01
rand20_52,13.404851,1.081227421391e-01
rand20_52,13.648773,1.100398958292e-01
rand20_52,13.897133,1.119886553430e-01
rand20_52,14.150013,1.139694397928e-01
rand20_52,14.407494,1.159826698295e-01
rand20_52,14.669661,1.180287674809e-01
rand20_52,14.936598,1.201081559832e-01
rand20_52,15.208392,1.222212596063e-01
rand20_52,15.485132,1.243685034729e-01
rand20_52,15.766908,1.265503133709e-01
rand20_52,16.053811,1.287671155597e-01
rand20_52,16.345935,1.310193365704e-01
rand20_52,16.643375,1.333074029993e-01
rand20_52,16.946226,1.356317412954e-01
rand20_52,17.254589,1.379927775426e-01
rand20_52,17.568563,1.403909372350e-01
rand20_52,17.88825,1.428266450473e-01
rand20_52,18.213754,1.453003245985e-01
rand20_52,18.545181,1.478123982118e-01
rand20_52,18.88264,1.503632866674e-01
rand20_52,19.226238,1.529534089514e-01
rand20_52,19.576089,1.555831819998e-01
rand20_52,19.932306,1.582530204371e-01
rand20_52,20.295005,1.609633363114e-01
rand20_52,20.664304,1.637145388242e-01
rand20_52,21.040323,1.665070340576e-01
rand20_52,21.423184,1.693412246964e-01
rand20_52,21.813012,1.722175097477e-01
rand20_52,22.209933,1.751362842565e-01
rand20_52,22.614077,1.780979390189e-01
rand20_52,23.025575,1.811028602916e-01
rand20_52,23.444561,1.841514294999e-01
rand20_52,23.871171,1.872440229417e-01
rand20_52,24.305544,1.903810114902e-01
rand20_52,24.74782,1.935627602938e-01
rand20_52,25.198145,1.967896284742e-01
rand20_52,25.656664,2.000619688210e-01
rand20_52,26.123527,2.033801274856e-01
rand20_52,26.598884,2.067444436716e-01
rand20_52,27.082892,2.101552493226e-01
rand20_52,27.575707,2.136128688076e-01
rand20_52,28.077489,2.171176186028e-01
rand20_52,28.588402,2.206698069702e-01
rand20_52,29.108612,2.242697336314e-01
rand20_52,29.638288,2.279176894376e-01
rand20_52,30.177603,2.316139560334e-01
rand20_52,30.726731,2.353588055154e-01
rand20_52,31.285851,2.391525000827e-01
rand20_52,31.855145,2.429952916808e-01
rand20_52,32.434798,2.468874216353e-01
rand20_52,33.025,2.508291202767e-01
rand20_52,33.62594,2.548206065527e-01
rand20_52,34.237816,2.588620876294e-01
rand20_52,34.860826,2.629537584772e-01
rand20_52,35.495172,2.670958014427e-01
rand20_52,36.141062,2.712883858034e-01
rand20_52,36.798704,2.755316673043e-01
rand20_52,37.468313,2.798257876750e-01
rand20_52,38.150106,2.841708741267e-01
rand20_52,38.844306,2.885670388258e-01
rand20_52,39.551138,2.930143783449e-01
rand20_52,40.270832,2.975129730885e-01
rand20_52,41.003622,3.020628866932e-01
rand20_52,41.749746,3.066641654007e-01
rand20_52,42.509447,3.113168374039e-01
rand20_52,43.282972,3.160209121634e-01
rand20_52,44.070572,3.207763796971e-01
rand20_52,44.872504,3.255832098389e-01
rand20_52,45.689028,3.304413514705e-01
rand20_52,46.52041,3.353507317227e-01
rand20_52,47.366921,3.403112551505e-01
rand20_52,48.228835,3.453228028794e-01
rand20_52,49.106433,3.503852317268e-01
rand20_52,50,3.554983732985e-01
rand25_55,0.001,8.753311697092e-06
rand25_55,0.0010181965,8.912625178838e-06
rand25_55,0.0010367242,9.074838844983e-06
rand25_55,0.001055589,9.240005513593e-06
rand25_55,0.0010747971,9.408178966117e-06
rand25_55,0.0010943546,9.579413964031e-06
rand25_55,0.0011142681,9.753766267510e-06
rand25_55,0.0011345439,9.931292652559e-06
rand25_55,0.0011551887,1.011205093077e-05
rand25_55,0.0011762091,1.029609996754e-05
rand25_55,0.0011976121,1.048349970114e-05
rand25_55,0.0012194045,1.067431116310e-05
rand25_55,0.0012415934,1.086859649771e-05
rand25_55,0.0012641861,1.106641898190e-05
rand25_55,0.0012871899,1.126784304674e-05
rand25_55,0.0013106123,1.147293429844e-05
rand25_55,0.0013344609,1.168175953891e-05
rand25_55,0.0013587435,1.189438678898e-05
rand25_55,0.0013834679,1.211088530946e-05
rand25_55,0.0014086423,1.233132562455e-05
rand25_55,0.0014342747,1.255577954449e-05
rand25_55,0.0014603735,1.278432018957e-05
rand25_55,0.0014869473,1.301702201367e-05
rand25_55,0.0015140046,1.325396082857e-05
rand25_55,0.0015415542,1.349521382944e-05
rand25_55,0.0015696052,1.374085961915e-05
rand25_55,0.0015981665,1.399097823465e-05
rand25_55,0.0016272476,1.424565117353e-05
rand25_55,0.0016568579,1.450496141976e-05
rand25_55,0.001687007,1.476899347133e-05
rand25_55,0.0017177047,1.503783336875e-05
rand25_55,0.001748961,1.531156872191e-05
rand25_55,0.001780786,1.559028873984e-05
rand25_55,0.0018131901,1.587408425919e-05
rand25_55,0.0018461839,1.616304777486e-05
rand25_55,0.0018797781,1.645727346917e-05
rand25_55,0.0019139835,1.675685724463e-05
rand25_55,0.0019488114,1.706189675323e-05
rand25_55,0.001984273,1.737249142998e-05
rand25_55,0.00202038,1.768874252530e-05
rand25_55,0.0020571439,1.801075313766e-05
rand25_55,0.0020945768,1.833862824804e-05
rand25_55,0.0021326908,1.867247475461e-05
rand25_55,0.0021714984,1.901240150681e-05
rand25_55,0.0022110122,1.935851934212e-05
rand25_55,0.0022512449,1.971094112248e-05
rand25_55,0.0022922098,2.006978177030e-05
rand25_55,0.0023339201,2.043515830759e-05
rand25_55,0.0023763894,2.080718989355e-05
rand25_55,0.0024196314,2.118599786428e-05
rand25_55,0.0024636603,2.157170577246e-05
rand25_55,0.0025084904,2.196443942787e-05
rand25_55,0.0025541363,2.236432693881e-05
rand25_55,0.0026006127,2.277149875498e-05
rand25_55,0.0026479349,2.318608770924e-05
rand25_55,0.0026961181,2.360822906215e-05
rand25_55,0.0027451782,2.403806054678e-05
rand25_55,0.0027951309,2.447572241283e-05
rand25_55,0.0028459926,2.492135747471e-05
rand25_55,0.0028977798,2.537511115647e-05
rand25_55,0.0029505094,2.583713154189e-05
rand25_55,0.0030041984,2.630756942145e-05
rand25_55,0.0030588645,2.678657834363e-05
rand25_55,0.0031145252,2.727431466419e-05
rand25_55,0.0031711988,2.777093759887e-05
rand25_55,0.0032289036,2.827660927556e-05
rand25_55,0.0032876585,2.879149478734e-05
rand25_55,0.0033474825,2.931576224807e-05
rand25_55,0.0034083951,2.984958284704e-05
rand25_55,0.0034704161,3.039313090571e-05
rand25_55,0.0035335657,3.094658393582e-05
rand25_55,0.0035978643,3.151012269721e-05
rand25_55,0.003663333,3.208393125896e-05
rand25_55,0.003729993,3.266819705879e-05
rand25_55,0.003797866,3.326311096610e-05
rand25_55,0.003866974,3.386886734492e-05
rand25_55,0.0039373395,3.448566411811e-05
rand25_55,0.0040089855,3.511370283291e-05
rand25_55,0.0040819351,3.575318872821e-05
rand25_55,0.0041562122,3.640433080220e-05
rand25_55,0.0042318409,3.706734188163e-05
rand25_55,0.0043088458,3.774243869242e-05
rand25_55,0.0043872519,3.842984193216e-05
rand25_55,0.0044670847,3.912977634250e-05
rand25_55,0.0045483701,3.984247078427e-05
rand25_55,0.0046311347,4.056815831393e-05
rand25_55,0.0047154054,4.130707626004e-05
rand25_55,0.0048012094,4.205946630305e-05
rand25_55,0.0048885748,4.282557455505e-05
rand25_55,0.00497753,4.360565164219e-05
rand25_55,0.0050681038,4.439995278814e-05
rand25_55,0.0051603257,4.520873789832e-05
rand25_55,0.0052542258,4.603227164709e-05
rand25_55,0.0053498345,4.687082356677e-05
rand25_55,0.005447183,4.772466813553e-05
rand25_55,0.0055463029,4.859408487062e-05
rand25_55,0.0056472264,4.947935842143e-05
rand25_55,0.0057499864,5.038077866369e-05
rand25_55,0.0058546163,5.129864079709e-05
rand25_55,0.00596115,5.223324544419e-05
rand25_55,0.0060696223,5.318489874985e-05
rand25_55,0.0061800684,5.415391248457e-05
rand25_55,0.0062925243,5.514060414879e-05
rand25_55,0.0064070265,5.614529707884e-05
rand25_55,0.0065236122,5.716832055550e-05
rand25_55,0.0066423193,5.821000991433e-05
rand25_55,0.0067631866,5.927070665827e-05
rand25_55,0.0068862532,6.035075857233e-05
rand25_55,0.0070115591,6.145051983996e-05
rand25_55,0.0071391452,6.257035116248e-05
rand25_55,0.007269053,6.371061988030e-05
rand25_55,0.0074013246,6.487170009625e-05
rand25_55,0.0075360031,6.605397280168e-05
rand25_55,0.0076731323,6.725782600479e-05
rand25_55,0.0078127567,6.848365486129e-05
rand25_55,0.0079549219,6.973186180760e-05
rand25_55,0.0080996739,7.100285669708e-05
rand25_55,0.0082470599,7.229705693744e-05
rand25_55,0.0083971279,7.361488763356e-05
rand25_55,0.0085499266,7.495678172875e-05
rand25_55,0.0087055056,7.632318015308e-05
rand25_55,0.0088639157,7.771453197263e-05
rand25_55,0.0090252083,7.913129454028e-05
rand25_55,0.0091894359,8.057393365196e-05
rand25_55,0.0093566518,8.204292370441e-05
rand25_55,0.0095269105,8.353874785621e-05
rand25_55,0.0097002673,8.506189819152e-05
rand25_55,0.0098767786,8.661287588832e-05
rand25_55,0.010056502,8.819219138783e-05
rand25_55,0.010239495,8.980036456981e-05
rand25_55,0.010425819,9.143792492801e-05
rand25_55,0.010615533,9.310541175222e-05
rand25_55,0.010808698,9.480337431167e-05
rand25_55,0.011005379,9.653237204310e-05
rand25_55,0.011205639,9.829297474150e-05
rand25_55,0.011409543,1.000857627560e-04
rand25_55,0.011617157,1.019113271878e-04
rand25_55,0.011828549,1.037702700934e-04
rand25_55,0.012043788,1.056632046912e-04
rand25_55,0.012262943,1.075907555715e-04
rand25_55,0.012486086,1.095535589125e-04
rand25_55,0.01271329,1.115522626980e-04
rand25_55,0.012944628,1.135875269416e-04
rand25_55,0.013180175,1.156600239133e-04
rand25_55,0.013420009,1.177704383726e-04
rand25_55,0.013664207,1.199194678045e-04
rand25_55,0.013912848,1.221078226607e-04
rand25_55,0.014166013,1.243362266059e-04
rand25_55,0.014423786,1.266054167686e-04
rand25_55,0.014686249,1.289161439967e-04
rand25_55,0.014953488,1.312691731182e-04
rand25_55,0.01522559,1.336652832082e-04
rand25_55,0.015502643,1.361052678581e-04
rand25_55,0.015784737,1.385899354547e-04
rand25_55,0.016071965,1.411201094603e-04
rand25_55,0.016364419,1.436966287016e-04
rand25_55,0.016662195,1.463203476623e-04
rand25_55,0.016965389,1.489921367834e-04
rand25_55,0.0172741,1.517128827672e-04
rand25_55,0.017588429,1.544834888894e-04
rand25_55,0.017908478,1.573048753167e-04
rand25_55,0.01823435,1.601779794306e-04
rand25_55,0.018566152,1.631037561575e-04
rand25_55,0.018903992,1.660831783058e-04
rand25_55,0.019247979,1.691172369107e-04
rand25_55,0.019598226,1.722069415833e-04
rand25_55,0.019954845,1.753533208698e-04
rand25_55,0.020317955,1.785574226159e-04
rand25_55,0.020687671,1.818203143398e-04
rand25_55,0.021064115,1.851430836112e-04
rand25_55,0.021447409,1.885268384398e-04
rand25_55,0.021837678,1.919727076713e-04
rand25_55,0.022235048,1.954818413899e-04
rand25_55,0.022639649,1.990554113304e-04
rand25_55,0.023051612,2.026946112998e-04
rand25_55,0.023471072,2.064006576046e-04
rand25_55,0.023898164,2.101747894892e-04
rand25_55,0.024333028,2.140182695827e-04
rand25_55,0.024775805,2.179323843542e-04
rand25_55,0.025226639,2.219184445791e-04
rand25_55,0.025685676,2.259777858126e-04
rand25_55,0.026153066,2.301117688753e-04
rand25_55,0.026628962,2.343217803480e-04
rand25_55,0.027113517,2.386092330761e-04
rand25_55,0.027606889,2.429755666853e-04
rand25_55,0.028109239,2.474222481079e-04
rand25_55,0.02862073,2.519507721205e-04
rand25_55,0.029141528,2.565626618914e-04
rand25_55,0.029671803,2.612594695411e-04
rand25_55,0.030211727,2.660427767143e-04
rand25_55,0.030761476,2.709141951628e-04
rand25_55,0.031321228,2.758753673418e-04
rand25_55,0.031891166,2.809279670195e-04
rand25_55,0.032471475,2.860736998963e-04
rand25_55,0.033062344,2.913143042417e-04
rand25_55,0.033663964,2.966515515410e-04
rand25_55,0.034276531,3.020872471578e-04
rand25_55,0.034900246,3.076232310093e-04
rand25_55,0.035535309,3.132613782576e-04
rand25_55,0.036181929,3.190036000143e-04
rand25_55,0.036840315,3.248518440609e-04
rand25_55,0.037510681,3.308080955850e-04
rand25_55,0.038193246,3.368743779312e-04
rand25_55,0.038888231,3.430527533698e-04
rand25_55,0.039595862,3.493453238811e-04
rand25_55,0.04031637,3.557542319560e-04
rand25_55,0.041049988,3.622816614166e-04
rand25_55,0.041796956,3.689298382514e-04
rand25_55,0.042557516,3.757010314712e-04
rand25_55,0.043331915,3.825975539824e-04
rand25_55,0.044120406,3.896217634801e-04
rand25_55,0.044923245,3.967760633603e-04
rand25_55,0.045740692,4.040629036528e-04
rand25_55,0.046573015,4.114847819741e-04
rand25_55,0.047420482,4.190442445015e-04
rand25_55,0.048283371,4.267438869694e-04
rand25_55,0.049161961,4.345863556862e-04
rand25_55,0.050056539,4.425743485765e-04
rand25_55,0.050967395,4.507106162432e-04
rand25_55,0.051894825,4.589979630561e-04
rand25_55,0.052839131,4.674392482638e-04
rand25_55,0.053800621,4.760373871302e-04
rand25_55,0.054779606,4.847953520980e-04
rand25_55,0.055776405,4.937161739764e-04
rand25_55,0.056791342,5.028029431575e-04
rand25_55,0.057824748,5.120588108594e-04
rand25_55,0.058876959,5.214869903981e-04
rand25_55,0.059948316,5.310907584875e-04
rand25_55,0.061039167,5.408734565701e-04
rand25_55,0.062149869,5.508384921776e-04
rand25_55,0.063280782,5.609893403227e-04
rand25_55,0.064432273,5.713295449232e-04
rand25_55,0.065604717,5.818627202590e-04
rand25_55,0.066798496,5.925925524617e-04
rand25_55,0.068013998,6.035228010410e-04
rand25_55,0.069251617,6.146573004441e-04
rand25_55,0.070511757,6.259999616526e-04
rand25_55,0.071794827,6.375547738170e-04
rand25_55,0.073101244,6.493258059283e-04
rand25_55,0.074431434,6.613172085298e-04
rand25_55,0.075785828,6.735332154688e-04
rand25_55,0.077164868,6.859781456895e-04
rand25_55,0.078569002,6.986564050684e-04
rand25_55,0.079998686,7.115724882922e-04
rand25_55,0.081454385,7.247309807825e-04
rand25_55,0.082936573,7.381365606636e-04
rand25_55,0.084445731,7.517940007791e-04
rand25_55,0.085982352,7.657081707561e-04
rand25_55,0.087546933,7.798840391180e-04
rand25_55,0.089139984,7.943266754500e-04
rand25_55,0.090762023,8.090412526143e-04
rand25_55,0.092413578,8.240330490213e-04
rand25_55,0.094095185,8.393074509520e-04
rand25_55,0.095807392,8.548699549424e-04
rand25_55,0.097550755,8.707261702191e-04
rand25_55,0.099325841,8.868818211994e-04
rand25_55,0.10113323,9.033427500498e-04
rand25_55,0.1029735,9.201149193082e-04
rand25_55,0.10484726,9.372044145690e-04
rand25_55,0.10675512,9.546174472358e-04
rand25_55,0.1086977,9.723603573409e-04
rand25_55,0.11067562,9.904396164338e-04
rand25_55,0.11268953,1.008861830543e-03
rand25_55,0.11474009,1.027633743209e-03
rand25_55,0.11682796,1.046762238594e-03
rand25_55,0.11895383,1.066254344668e-03
rand25_55,0.12111837,1.086117236475e-03
rand25_55,0.12332231,1.106358239483e-03
rand25_55,0.12556635,1.126984833011e-03
rand25_55,0.12785122,1.148004653749e-03
rand25_55,0.13017767,1.169425499365e-03
rand25_55,0.13254646,1.191255332200e-03
rand25_55,0.13495834,1.213502283059e-03
rand25_55,0.13741412,1.236174655096e-03
rand25_55,0.13991458,1.259280927798e-03
rand25_55,0.14246054,1.282829761073e-03
rand25_55,0.14505283,1.306829999435e-03
rand25_55,0.14769229,1.331290676306e-03
rand25_55,0.15037978,1.356221018414e-03
rand25_55,0.15311617,1.381630450319e-03
rand25_55,0.15590235,1.407528599040e-03
rand25_55,0.15873924,1.433925298813e-03
rand25_55,0.16162774,1.460830595966e-03
rand25_55,0.16456881,1.488254753914e-03
rand25_55,0.16756339,1.516208258295e-03
rand25_55,0.17061246,1.544701822226e-03
rand25_55,0.17371702,1.573746391708e-03
rand25_55,0.17687807,1.603353151155e-03
rand25_55,0.18009664,1.633533529085e-03
rand25_55,0.18337377,1.664299203939e-03
rand25_55,0.18671054,1.695662110071e-03
rand25_55,0.19010803,1.727634443877e-03
rand25_55,0.19356733,1.760228670098e-03
rand25_55,0.19708959,1.793457528276e-03
rand25_55,0.20067594,1.827334039385e-03
rand25_55,0.20432755,1.861871512636e-03
rand25_55,0.2080456,1.897083552460e-03
rand25_55,0.21183131,1.932984065671e-03
rand25_55,0.21568591,1.969587268819e-03
rand25_55,0.21961064,2.006907695739e-03
rand25_55,0.2236068,2.044960205296e-03
rand25_55,0.22767567,2.083759989335e-03
rand25_55,0.23181858,2.123322580838e-03
rand25_55,0.23603687,2.163663862303e-03
rand25_55,0.24033193,2.204800074338e-03
rand25_55,0.24470514,2.246747824486e-03
rand25_55,0.24915792,2.289524096278e-03
rand25_55,0.25369174,2.333146258536e-03
rand25_55,0.25830805,2.377632074911e-03
rand25_55,0.26300836,2.422999713685e-03
rand25_55,0.2677942,2.469267757820e-03
rand25_55,0.27266713,2.516455215288e-03
rand25_55,0.27762873,2.564581529666e-03
rand25_55,0.28268061,2.613666591014e-03
rand25_55,0.28782442,2.663730747042e-03
rand25_55,0.29306183,2.714794814580e-03
rand25_55,0.29839454,2.766880091341e-03
rand25_55,0.30382429,2.820008368009e-03
rand25_55,0.30935284,2.874201940640e-03
rand25_55,0.31498199,2.929483623398e-03
rand25_55,0.32071357,2.985876761625e-03
rand25_55,0.32654945,3.043405245262e-03
rand25_55,0.33249152,3.102093522630e-03
rand25_55,0.33854171,3.161966614568e-03
rand25_55,0.344702,3.223050128954e-03
rand25_55,0.35097438,3.285370275611e-03
rand25_55,0.3573609,3.348953881608e-03
rand25_55,0.36386363,3.413828406966e-03
rand25_55,0.37048469,3.480021960784e-03
rand25_55,0.37722623,3.547563317789e-03
rand25_55,0.38409044,3.616481935325e-03
rand25_55,0.39107956,3.686807970798e-03
rand25_55,0.39819586,3.758572299573e-03
rand25_55,0.40544164,3.831806533354e-03
rand25_55,0.41281928,3.906543039039e-03
rand25_55,0.42033116,3.982814958085e-03
rand25_55,0.42797973,4.060656226373e-03
rand25_55,0.43576748,4.140101594599e-03
rand25_55,0.44369694,4.221186649209e-03
rand25_55,0.45177069,4.303947833871e-03
rand25_55,0.45999135,4.388422471519e-03
rand25_55,0.46836161,4.474648786975e-03
rand25_55,0.47688417,4.562665930157e-03
rand25_55,0.48556181,4.652513999895e-03
rand25_55,0.49439735,4.744234068375e-03
rand25_55,0.50339367,4.837868206208e-03
rand25_55,0.5125537,4.933459508156e-03
rand25_55,0.5218804,5.031052119526e-03
rand25_55,0.53137682,5.130691263247e-03
rand25_55,0.54104604,5.232423267640e-03
rand25_55,0.5508912,5.336295594909e-03
rand25_55,0.56091551,5.442356870367e-03
rand25_55,0.57112224,5.550656912403e-03
rand25_55,0.58151468,5.661246763218e-03
rand25_55,0.59209624,5.774178720352e-03
rand25_55,0.60287034,5.889506369005e-03
rand25_55,0.6138405,6.007284615177e-03
rand25_55,0.62501027,6.127569719653e-03
rand25_55,0.63638329,6.250419332839e-03
rand25_55,0.64796327,6.375892530476e-03
rand25_55,0.65975396,6.504049850245e-03
rand25_55,0.67175919,6.634953329293e-03
rand25_55,0.68398289,6.768666542681e-03
rand25_55,0.69642901,6.905254642795e-03
rand25_55,0.70910161,7.044784399724e-03
rand25_55,0.7220048,7.187324242631e-03
rand25_55,0.73514279,7.332944302136e-03
rand25_55,0.74851985,7.481716453737e-03
rand25_55,0.76214032,7.633714362274e-03
rand25_55,0.77600863,7.789013527477e-03
rand25_55,0.7901293,7.947691330605e-03
rand25_55,0.80450692,8.109827082193e-03
rand25_55,0.81914617,8.275502070946e-03
rand25_55,0.83405179,8.444799613780e-03
rand25_55,0.84922865,8.617805107045e-03
rand25_55,0.86468167,8.794606078940e-03
rand25_55,0.88041588,8.975292243154e-03
rand25_55,0.89643641,9.159955553735e-03
rand25_55,0.91274845,9.348690261225e-03
rand25_55,0.92935731,9.541592970068e-03
rand25_55,0.9462684,9.738762697319e-03
rand25_55,0.96348721,9.940300932666e-03
rand25_55,0.98101934,1.014631169979e-02
rand25_55,0.9988705,1.035690161910e-02
rand25_55,1.0170465,1.057217997176e-02
rand25_55,1.0355532,1.079225876524e-02
rand25_55,1.0543967,1.101725280015e-02
rand25_55,1.0735831,1.124727973855e-02
rand25_55,1.0931186,1.148246017371e-02
rand25_55,1.1130095,1.172291770127e-02
rand25_55,1.1332625,1.196877899193e-02
rand25_55,1.1538839,1.222017386557e-02
rand25_55,1.1748806,1.247723536686e-02
rand25_55,1.1962594,1.274009984238e-02
rand25_55,1.2180272,1.300890701924e-02
rand25_55,1.240191,1.328380008524e-02
rand25_55,1.2627582,1.356492577047e-02
rand25_55,1.285736,1.385243443050e-02
rand25_55,1.309132,1.414648013105e-02
rand25_55,1.3329537,1.444722073421e-02
rand25_55,1.3572088,1.475481798610e-02
rand25_55,1.3819053,1.506943760612e-02
rand25_55,1.4070512,1.539124937762e-02
rand25_55,1.4326547,1.572042724012e-02
rand25_55,1.458724,1.605714938290e-02
rand25_55,1.4852678,1.640159834010e-02
rand25_55,1.5122945,1.675396108722e-02
rand25_55,1.539813,1.711442913900e-02
rand25_55,1.5678323,1.748319864861e-02
rand25_55,1.5963614,1.786047050821e-02
rand25_55,1.6254097,1.824645045076e-02
rand25_55,1.6549865,1.864134915297e-02
rand25_55,1.6851015,1.904538233950e-02
rand25_55,1.7157645,1.945877088818e-02
rand25_55,1.7469855,1.988174093626e-02
rand25_55,1.7787746,2.031452398758e-02
rand25_55,1.8111421,2.075735702060e-02
rand25_55,1.8440987,2.121048259709e-02
rand25_55,1.8776549,2.167414897157e-02
rand25_55,1.9118217,2.214861020111e-02
rand25_55,1.9466102,2.263412625559e-02
rand25_55,1.9820318,2.313096312812e-02
rand25_55,2.0180979,2.363939294552e-02
rand25_55,2.0548203,2.415969407870e-02
rand25_55,2.0922109,2.469215125265e-02
rand25_55,2.1302819,2.523705565592e-02
rand25_55,2.1690457,2.579470504937e-02
rand25_55,2.2085148,2.636540387377e-02
rand25_55,2.2487022,2.694946335623e-02
rand25_55,2.2896208,2.754720161490e-02
rand25_55,2.3312839,2.815894376178e-02
rand25_55,2.3737052,2.878502200323e-02
rand25_55,2.4168984,2.942577573773e-02
rand25_55,2.4608776,3.008155165064e-02
rand25_55,2.5056571,3.075270380523e-02
rand25_55,2.5512514,3.143959372976e-02
rand25_55,2.5976753,3.214259049985e-02
rand25_55,2.644944,3.286207081574e-02
rand25_55,2.6930729,3.359841907354e-02
rand25_55,2.7420775,3.435202743015e-02
rand25_55,2.7919738,3.512329586072e-02
rand25_55,2.842778,3.591263220808e-02
rand25_55,2.8945068,3.672045222319e-02
rand25_55,2.9471768,3.754717959568e-02
rand25_55,3.0008052,3.839324597334e-02
rand25_55,3.0554095,3.925909096967e-02
rand25_55,3.1110073,4.014516215806e-02
rand25_55,3.1676169,4.105191505143e-02
rand25_55,3.2252566,4.197981306595e-02
rand25_55,3.2839451,4.292932746725e-02
rand25_55,3.3437015,4.390093729761e-02
rand25_55,3.4045453,4.489512928225e-02
rand25_55,3.4664963,4.591239771314e-02
rand25_55,3.5295745,4.695324430801e-02
rand25_55,3.5938005,4.801817804274e-02
rand25_55,3.6591953,4.910771495477e-02
rand25_55,3.72578,5.022237791527e-02
rand25_55,3.7935763,5.136269636744e-02
rand25_55,3.8626062,5.252920602862e-02
rand25_55,3.9328923,5.372244855336e-02
rand25_55,4.0044573,5.494297115483e-02
rand25_55,4.0773246,5.619132618187e-02
rand25_55,4.1515178,5.746807064889e-02
rand25_55,4.227061,5.877376571608e-02
rand25_55,4.3039789,6.010897611744e-02
rand25_55,4.3822965,6.147426953452e-02
rand25_55,4.4620391,6.287021591397e-02
rand25_55,4.5432328,6.429738672776e-02
rand25_55,4.6259039,6.575635417565e-02
rand25_55,4.7100793,6.724769033017e-02
rand25_55,4.7957865,6.877196622610e-02
rand25_55,4.8830532,7.032975089745e-02
rand25_55,4.9719078,7.192161036734e-02
rand25_55,5.0623794,7.354810659803e-02
rand25_55,5.1544971,7.520979641130e-02
rand25_55,5.2482912,7.690723039259e-02
rand25_55,5.3437919,7.864095179565e-02
rand25_55,5.4410304,8.041149546863e-02
rand25_55,5.5400383,8.221938682691e-02
rand25_55,5.6408479,8.406514090217e-02
rand25_55,5.7434918,8.594926150217e-02
rand25_55,5.8480034,8.787224051948e-02
rand25_55,5.9544169,8.983455743119e-02
rand25_55,6.0627667,9.183667903394e-02
rand25_55,6.173088,9.387905945953e-02
rand25_55,6.2854169,9.596214051467e-02
rand25_55,6.3997897,9.808635238431e-02
rand25_55,6.5162437,1.002521147305e-01
rand25_55,6.6348168,1.024598382073e-01
rand25_55,6.7555475,1.047099263971e-01
rand25_55,6.8784751,1.070027781565e-01
rand25_55,7.0036396,1.093387903362e-01
rand25_55,7.1310816,1.117183608205e-01
rand25_55,7.2608426,1.141418918050e-01
rand25_55,7.3929648,1.166097932148e-01
rand25_55,7.5274911,1.191224861461e-01
rand25_55,7.6644654,1.216804062054e-01
rand25_55,7.8039322,1.242840066184e-01
rand25_55,7.9459367,1.269337609850e-01
rand25_55,8.0905253,1.296301655729e-01
rand25_55,8.2377449,1.323737410628e-01
rand25_55,8.3876433,1.351650336866e-01
rand25_55,8.5402694,1.380046157291e-01
rand25_55,8.6956727,1.408930853958e-01
rand25_55,8.8539039,1.438310660764e-01
rand25_55,9.0150143,1.468192050598e-01
rand25_55,9.1790564,1.498581717715e-01
rand25_55,9.3460834,1.529486556184e-01
rand25_55,9.5161498,1.560913635312e-01
rand25_55,9.6893108,1.592870172897e-01
rand25_55,9.8656227,1.625363507160e-01
rand25_55,10.045143,1.658401068064e-01
rand25_55,10.22793,1.691990348648e-01
rand25_55,10.414043,1.726138876854e-01
rand25_55,10.603542,1.760854188217e-01
rand25_55,10.79649,1.796143799672e-01
rand25_55,10.992949,1.832015184622e-01
rand25_55,11.192982,1.868475749336e-01
rand25_55,11.396656,1.905532810677e-01
rand25_55,11.604036,1.943193575095e-01
rand25_55,11.815189,1.981465118812e-01
rand25_55,12.030184,2.020354369068e-01
rand25_55,12.249092,2.059868086316e-01
rand25_55,12.471983,2.100012847215e-01
rand25_55,12.69893,2.140795028317e-01
rand25_55,12.930007,2.182220790299e-01
rand25_55,13.165288,2.224296062637e-01
rand25_55,13.404851,2.267026528620e-01
rand25_55,13.648773,2.310417610604e-01
rand25_55,13.897133,2.354474455435e-01
rand25_55,14.150013,2.399201919963e-01
rand25_55,14.407494,2.444604556607e-01
rand25_55,14.669661,2.490686598909e-01
rand25_55,14.936598,2.537451947049e-01
rand25_55,15.208392,2.584904153307e-01
rand25_55,15.485132,2.633046407428e-01
rand25_55,15.766908,2.681881521905e-01
rand25_55,16.053811,2.731411917170e-01
rand25_55,16.345935,2.781639606677e-01
rand25_55,16.643375,2.832566181917e-01
rand25_55,16.946226,2.884192797350e-01
rand25_55,17.254589,2.936520155276e-01
rand25_55,17.568563,2.989548490680e-01
rand25_55,17.88825,3.043277556050e-01
rand25_55,18.213754,3.097706606212e-01
rand25_55,18.545181,3.152834383207e-01
rand25_55,18.88264,3.208659101227e-01
rand25_55,19.226238,3.265178431669e-01
rand25_55,19.576089,3.322389488313e-01
rand25_55,19.932306,3.380288812685e-01
rand25_55,20.295005,3.438872359628e-01
rand25_55,20.664304,3.498135483130e-01
rand25_55,21.040323,3.558072922447e-01
rand25_55,21.423184,3.618678788571e-01
rand25_55,21.813012,3.679946551076e-01
rand25_55,22.209933,3.741869025408e-01
rand25_55,22.614077,3.804438360655e-01
rand25_55,23.025575,3.867646027845e-01
rand25_55,23.444561,3.931482808841e-01
rand25_55,23.871171,3.995938785870e-01
rand25_55,24.305544,4.061003331754e-01
rand25_55,24.74782,4.126665100893e-01
rand25_55,25.198145,4.192912021061e-01
rand25_55,25.656664,4.259731286080e-01
rand25_55,26.123527,4.327109349427e-01
rand25_55,26.598884,4.395031918840e-01
rand25_55,27.082892,4.463483951984e-01
rand25_55,27.575707,4.532449653244e-01
rand25_55,28.077489,4.601912471705e-01
rand25_55,28.588402,4.671855100387e-01
rand25_55,29.108612,4.742259476790e-01
rand25_55,29.638288,4.813106784814e-01
rand25_55,30.177603,4.884377458121e-01
rand25_55,30.726731,4.956051184984e-01
rand25_55,31.285851,5.028106914677e-01
rand25_55,31.855145,5.100522865471e-01
rand25_55,32.434798,5.173276534267e-01
rand25_55,33.025,5.246344707911e-01
rand25_55,33.62594,5.319703476233e-01
rand25_55,34.237816,5.393328246832e-01
rand25_55,34.860826,5.467193761638e-01
rand25_55,35.495172,5.541274115259e-01
rand25_55,36.141062,5.615542775132e-01
rand25_55,36.798704,5.689972603471e-01
rand25_55,37.468313,5.764535881006e-01
rand25_55,38.150106,5.839204332512e-01
rand25_55,38.844306,5.913949154082e-01
rand25_55,39.551138,5.988741042134e-01
rand25_55,40.270832,6.063550224102e-01
rand25_55,41.003622,6.138346490772e-01
rand25_55,41.749746,6.213099230204e-01
rand25_55,42.509447,6.287777463180e-01
rand25_55,43.282972,6.362349880118e-01
rand25_55,44.070572,6.436784879374e-01
rand25_55,44.872504,6.511050606861e-01
rand25_55,45.689028,6.585114996900e-01
rand25_55,46.52041,6.658945814221e-01
rand25_55,47.366921,6.732510697030e-01
rand25_55,48.228835,6.805777201054e-01
rand25_55,49.106433,6.878712844470e-01
rand25_55,50,6.951285153640e-01
rand30_61,0.001,-7.967517126805e-07
rand30_61,0.0010181965,-8.111719326276e-07
rand30_61,0.0010367242,-8.258516902707e-07
rand30_61,0.001055589,-8.407956033540e-07
rand30_61,0.0010747971,-8.560083696452e-07
rand30_61,0.0010943546,-8.714947684841e-07
rand30_61,0.0011142681,-8.872596621435e-07
rand30_61,0.0011345439,-9.033079971815e-07
rand30_61,0.0011551887,-9.196448046494e-07
rand30_61,0.0011762091,-9.362752042938e-07
rand30_61,0.0011976121,-9.532044029095e-07
rand30_61,0.0012194045,-9.704376975453e-07
rand30_61,0.0012415934,-9.879804764242e-07
rand30_61,0.0012641861,-1.005838220647e-06
rand30_61,0.0012871899,-1.024016505365e-06
rand30_61,0.0013106123,-1.042521000843e-06
rand30_61,0.0013344609,-1.061357476214e-06
rand30_61,0.0013587435,-1.080531797995e-06
rand30_61,0.0013834679,-1.100049933053e-06
rand30_61,0.0014086423,-1.119917951017e-06
rand30_61,0.0014342747,-1.140142024969e-06
rand30_61,0.0014603735,-1.160728432780e-06
rand30_61,0.0014869473,-1.181683559436e-06
rand30_61,0.0015140046,-1.203013898057e-06
rand30_61,0.0015415542,-1.224726052757e-06
rand30_61,0.0015696052,-1.246826738972e-06
rand30_61,0.0015981665,-1.269322786116e-06
rand30_61,0.0016272476,-1.292221139016e-06
rand30_61,0.0016568579,-1.315528859565e-06
rand30_61,0.001687007,-1.339253129128e-06
rand30_61,0.0017177047,-1.363401248892e-06
rand30_61,0.001748961,-1.387980643925e-06
rand30_61,0.001780786,-1.412998863039e-06
rand30_61,0.0018131901,-1.438463581568e-06
rand30_61,0.0018461839,-1.464382603653e-06
rand30_61,0.0018797781,-1.490763862945e-06
rand30_61,0.0019139835,-1.517615425772e-06
rand30_61,0.0019488114,-1.544945492163e-06
rand30_61,0.001984273,-1.572762398498e-06
rand30_61,0.00202038,-1.601074619406e-06
rand30_61,0.0020571439,-1.629890769524e-06
rand30_61,0.0020945768,-1.659219605011e-06
rand30_61,0.0021326908,-1.689070027199e-06
rand30_61,0.0021714984,-1.719451083212e-06
rand30_61,0.0022110122,-1.750371968386e-06
rand30_61,0.0022512449,-1.781842028404e-06
rand30_61,0.0022922098,-1.813870761985e-06
rand30_61,0.0023339201,-1.846467822523e-06
rand30_61,0.0023763894,-1.879643019249e-06
rand30_61,0.0024196314,-1.913406321573e-06
rand30_61,0.0024636603,-1.947767859940e-06
rand30_61,0.0025084904,-1.982737927597e-06
rand30_61,0.0025541363,-2.018326983758e-06
rand30_61,0.0026006127,-2.054545655375e-06
rand30_61,0.0026479349,-2.091404739371e-06
rand30_61,0.0026961181,-2.128915204910e-06
rand30_61,0.0027451782,-2.167088195997e-06
rand30_61,0.0027951309,-2.205935032759e-06
rand30_61,0.0028459926,-2.245467215106e-06
rand30_61,0.0028977798,-2.285696423443e-06
rand30_61,0.0029505094,-2.326634522442e-06
rand30_61,0.0030041984,-2.368293562665e-06
rand30_61,0.0030588645,-2.410685782193e-06
rand30_61,0.0031145252,-2.453823609299e-06
rand30_61,0.0031711988,-2.497719666403e-06
rand30_61,0.0032289036,-2.542386769762e-06
rand30_61,0.0032876585,-2.587837932567e-06
rand30_61,0.0033474825,-2.634086368761e-06
rand30_61,0.0034083951,-2.681145492869e-06
rand30_61,0.0034704161,-2.729028924356e-06
rand30_61,0.0035335657,-2.777750488439e-06
rand30_61,0.0035978643,-2.827324218862e-06
rand30_61,0.003663333,-2.877764360854e-06
rand30_61,0.003729993,-2.929085371412e-06
rand30_61,0.003797866,-2.981301923725e-06
rand30_61,0.003866974,-3.034428907372e-06
rand30_61,0.0039373395,-3.088481431853e-06
rand30_61,0.0040089855,-3.143474828421e-06
rand30_61,0.0040819351,-3.199424650952e-06
rand30_61,0.0041562122,-3.256346680543e-06
rand30_61,0.0042318409,-3.314256923900e-06
rand30_61,0.0043088458,-3.373171619013e-06
rand30_61,0.0043872519,-3.433107234957e-06
rand30_61,0.0044670847,-3.494080473510e-06
rand30_61,0.0045483701,-3.556108272429e-06
rand30_61,0.0046311347,-3.619207805858e-06
rand30_61,0.0047154054,-3.683396487691e-06
rand30_61,0.0048012094,-3.748691970489e-06
rand30_61,0.0048885748,-3.815112150193e-06
rand30_61,0.00497753,-3.882675165353e-06
rand30_61,0.0050681038,-3.951399399430e-06
rand30_61,0.0051603257,-4.021303482062e-06
rand30_61,0.0052542258,-4.092406290346e-06
rand30_61,0.0053498345,-4.164726949959e-06
rand30_61,0.005447183,-4.238284835897e-06
rand30_61,0.0055463029,-4.313099573659e-06
rand30_61,0.0056472264,-4.389191041032e-06
rand30_61,0.0057499864,-4.466579366329e-06
rand30_61,0.0058546163,-4.545284931379e-06
rand30_61,0.00596115,-4.625328371118e-06
rand30_61,0.0060696223,-4.706730573453e-06
rand30_61,0.0061800684,-4.789512679919e-06
rand30_61,0.0062925243,-4.873696085797e-06
rand30_61,0.0064070265,-4.959302439578e-06
rand30_61,0.0065236122,-5.046353642455e-06
rand30_61,0.0066423193,-5.134871847929e-06
rand30_61,0.0067631866,-5.224879461434e-06
rand30_61,0.0068862532,-5.316399138862e-06
rand30_61,0.0070115591,-5.409453786305e-06
rand30_61,0.0071391452,-5.504066556624e-06
rand30_61,0.007269053,-5.600260850072e-06
rand30_61,0.0074013246,-5.698060311137e-06
rand30_61,0.0075360031,-5.797488826701e-06
rand30_61,0.0076731323,-5.898570523771e-06
rand30_61,0.0078127567,-6.001329766115e-06
rand30_61,0.0079549219,-6.105791151449e-06
rand30_61,0.0080996739,-6.211979508969e-06
rand30_61,0.0082470599,-6.319919894253e-06
rand30_61,0.0083971279,-6.429637585166e-06
rand30_61,0.0085499266,-6.541158079890e-06
rand30_61,0.0087055056,-6.654507088098e-06
rand30_61,0.0088639157,-6.769710529588e-06
rand30_61,0.0090252083,-6.886794525103e-06
rand30_61,0.0091894359,-7.005785393417e-06
rand30_61,0.0093566518,-7.126709642673e-06
rand30_61,0.0095269105,-7.249593963558e-06
rand30_61,0.0097002673,-7.374465222318e-06
rand30_61,0.0098767786,-7.501350452245e-06
rand30_61,0.010056502,-7.630276845381e-06
rand30_61,0.010239495,-7.761271742332e-06
rand30_61,0.010425819,-7.894362623193e-06
rand30_61,0.010615533,-8.029577096950e-06
rand30_61,0.010808698,-8.166942889641e-06
rand30_61,0.011005379,-8.306487833685e-06
rand30_61,0.011205639,-8.448239853357e-06
rand30_61,0.011409543,-8.592226953745e-06
rand30_61,0.011617157,-8.738477204954e-06
rand30_61,0.011828549,-8.887018727234e-06
rand30_61,0.012043788,-9.037879675779e-06
rand30_61,0.012262943,-9.191088223722e-06
rand30_61,0.012486086,-9.346672544305e-06
rand30_61,0.01271329,-9.504660791656e-06
rand30_61,0.012944628,-9.665081082964e-06
rand30_61,0.013180175,-9.827961475986e-06
rand30_61,0.013420009,-9.993329947445e-06
rand30_61,0.013664207,-1.016121437051e-05
rand30_61,0.013912848,-1.033164249109e-05
rand30_61,0.014166013,-1.050464190074e-05
rand30_61,0.014423786,-1.068024001211e-05
rand30_61,0.014686249,-1.085846402878e-05
rand30_61,0.014953488,-1.103934091692e-05
rand30_61,0.01522559,-1.122289737497e-05
rand30_61,0.015502643,-1.140915979954e-05
rand30_61,0.015784737,-1.159815425206e-05
rand30_61,0.016071965,-1.178990642321e-05
rand30_61,0.016364419,-1.198444159583e-05
rand30_61,0.016662195,-1.218178460485e-05
rand30_61,0.016965389,-1.238195979684e-05
rand30_61,0.0172741,-1.258499098613e-05
rand30_61,0.017588429,-1.279090141130e-05
rand30_61,0.017908478,-1.299971368598e-05
rand30_61,0.01823435,-1.321144975187e-05
rand30_61,0.018566152,-1.342613082482e-05
rand30_61,0.018903992,-1.364377734288e-05
rand30_61,0.019247979,-1.386440890826e-05
rand30_61,0.019598226,-1.408804422937e-05
rand30_61,0.019954845,-1.431470105942e-05
rand30_61,0.020317955,-1.454439613107e-05
rand30_61,0.020687671,-1.477714509027e-05
rand30_61,0.021064115,-1.501296242543e-05
rand30_61,0.021447409,-1.525186139407e-05
rand30_61,0.021837678,-1.549385394716e-05
rand30_61,0.022235048,-1.573895064865e-05
rand30_61,0.022639649,-1.598716059225e-05
rand30_61,0.023051612,-1.623849131498e-05
rand30_61,0.023471072,-1.649294870552e-05
rand30_61,0.023898164,-1.675053691159e-05
rand30_61,0.024333028,-1.701125823948e-05
rand30_61,0.024775805,-1.727511305271e-05
rand30_61,0.025226639,-1.754209966431e-05
rand30_61,0.025685676,-1.781221422558e-05
rand30_61,0.026153066,-1.808545060948e-05
rand30_61,0.026628962,-1.836180029038e-05
rand30_61,0.027113517,-1.864125221652e-05
rand30_61,0.027606889,-1.892379267997e-05
rand30_61,0.028109239,-1.920940517963e-05
rand30_61,0.02862073,-1.949807027748e-05
rand30_61,0.029141528,-1.978976545191e-05
rand30_61,0.029671803,-2.008446494209e-05
rand30_61,0.030211727,-2.038213958827e-05
rand30_61,0.030761476,-2.068275666327e-05
rand30_61,0.031321228,-2.098627969983e-05
rand30_61,0.031891166,-2.129266830828e-05
rand30_61,0.032471475,-2.160187798874e-05
rand30_61,0.033062344,-2.191385993561e-05
rand30_61,0.033663964,-2.222856083203e-05
rand30_61,0.034276531,-2.254592263960e-05
rand30_61,0.034900246,-2.286588237722e-05
rand30_61,0.035535309,-2.318837189180e-05
rand30_61,0.036181929,-2.351331761983e-05
rand30_61,0.036840315,-2.384064033920e-05
rand30_61,0.037510681,-2.417025491272e-05
rand30_61,0.038193246,-2.450207001987e-05
rand30_61,0.038888231,-2.483598787742e-05
rand30_61,0.039595862,-2.517190395212e-05
rand30_61,0.04031637,-2.550970665917e-05
rand30_61,0.041049988,-2.584927704971e-05
rand30_61,0.041796956,-2.619048848794e-05
rand30_61,0.042557516,-2.653320631251e-05
rand30_61,0.043331915,-2.687728748750e-05
rand30_61,0.044120406,-2.722258023877e-05
rand30_61,0.044923245,-2.756892367610e-05
rand30_61,0.045740692,-2.791614740203e-05
rand30_61,0.046573015,-2.826407110388e-05
rand30_61,0.047420482,-2.861250413140e-05
rand30_61,0.048283371,-2.896124505782e-05
rand30_61,0.049161961,-2.931008122546e-05
rand30_61,0.050056539,-2.965878827097e-05
rand30_61,0.050967395,-3.000712963598e-05
rand30_61,0.051894825,-3.035485605655e-05
rand30_61,0.052839131,-3.070170503613e-05
rand30_61,0.053800621,-3.104740029549e-05
rand30_61,0.054779606,-3.139165120366e-05
rand30_61,0.055776405,-3.173415218837e-05
rand30_61,0.056791342,-3.207458212229e-05
rand30_61,0.057824748,-3.241260368703e-05
rand30_61,0.058876959,-3.274786271527e-05
rand30_61,0.059948316,-3.307998750493e-05
rand30_61,0.061039167,-3.340858811112e-05
rand30_61,0.062149869,-3.373325560994e-05
rand30_61,0.063280782,-3.405356133522e-05
rand30_61,0.064432273,-3.436905608698e-05
rand30_61,0.065604717,-3.467926931303e-05
rand30_61,0.066798496,-3.498370825607e-05
rand30_61,0.068013998,-3.528185707312e-05
rand30_61,0.069251617,-3.557317592090e-05
rand30_61,0.070511757,-3.585710000878e-05
rand30_61,0.071794827,-3.613303861622e-05
rand30_61,0.073101244,-3.640037407452e-05
rand30_61,0.074431434,-3.665846071284e-05
rand30_61,0.075785828,-3.690662376415e-05
rand30_61,0.077164868,-3.714415823216e-05
rand30_61,0.078569002,-3.737032771826e-05
rand30_61,0.079998686,-3.758436320492e-05
rand30_61,0.081454385,-3.778546179575e-05
rand30_61,0.082936573,-3.797278541071e-05
rand30_61,0.084445731,-3.814545943367e-05
rand30_61,0.085982352,-3.830257131194e-05
rand30_61,0.087546933,-3.844316910707e-05
rand30_61,0.089139984,-3.856625999157e-05
rand30_61,0.090762023,-3.867080869416e-05
rand30_61,0.092413578,-3.875573588932e-05
rand30_61,0.094095185,-3.881991652978e-05
rand30_61,0.095807392,-3.886217811897e-05
rand30_61,0.097550755,-3.888129892604e-05
rand30_61,0.099325841,-3.887600613345e-05
rand30_61,0.10113323,-3.884497392375e-05
rand30_61,0.1029735,-3.878682149577e-05
rand30_61,0.10484726,-3.870011101576e-05
rand30_61,0.10675512,-3.858334549227e-05
rand30_61,0.1086977,-3.843496658133e-05
rand30_61,0.11067562,-3.825335231280e-05
rand30_61,0.11268953,-3.803681474010e-05
rand30_61,0.11474009,-3.778359750682e-05
rand30_61,0.11682796,-3.749187333154e-05
rand30_61,0.11895383,-3.715974140405e-05
rand30_61,0.12111837,-3.678522469550e-05
rand30_61,0.12332231,-3.636626717279e-05
rand30_61,0.12556635,-3.590073092212e-05
rand30_61,0.12785122,-3.538639317100e-05
rand30_61,0.13017767,-3.482094321216e-05
rand30_61,0.13254646,-3.420197922214e-05
rand30_61,0.13495834,-3.352700497309e-05
rand30_61,0.13741412,-3.279342643315e-05
rand30_61,0.13991458,-3.199854825498e-05
rand30_61,0.14246054,-3.113957014471e-05
rand30_61,0.14505283,-3.021358311097e-05
rand30_61,0.14769229,-2.921756558916e-05
rand30_61,0.15037978,-2.814837943839e-05
rand30_61,0.15311617,-2.700276580352e-05
rand30_61,0.15590235,-2.577734084452e-05
rand30_61,0.15873924,-2.446859132435e-05
rand30_61,0.16162774,-2.307287005011e-05
rand30_61,0.16456881,-2.158639117097e-05
rand30_61,0.16756339,-2.000522531890e-05
rand30_61,0.17061246,-1.832529459436e-05
rand30_61,0.17371702,-1.654236738982e-05
rand30_61,0.17687807,-1.465205304689e-05
rand30_61,0.18009664,-1.264979634410e-05
rand30_61,0.18337377,-1.053087180686e-05
rand30_61,0.18671054,-8.290377838318e-06
rand30_61,0.19010803,-5.923230664096e-06
rand30_61,0.19356733,-3.424158087126e-06
rand30_61,0.19708959,-7.876930464836e-07
rand30_61,0.20067594,1.991833024705e-06
rand30_61,0.20432755,4.920297047681e-06
rand30_61,0.2080456,8.003791358707e-06
rand30_61,0.21183131,1.124863098488e-05
rand30_61,0.21568591,1.466136114506e-05
rand30_61,0.21961064,1.824876497755e-05
rand30_61,0.2236068,2.201787150375e-05
rand30_61,0.22767567,2.597596382867e-05
rand30_61,0.23181858,3.013058759058e-05
rand30_61,0.23603687,3.448955966080e-05
rand30_61,0.24033193,3.906097710094e-05
rand30_61,0.24470514,4.385322638461e-05
rand30_61,0.24915792,4.887499288905e-05
rand30_61,0.25369174,5.413527066170e-05
rand30_61,0.25830805,5.964337247164e-05
rand30_61,0.26300836,6.540894014448e-05
rand30_61,0.2677942,7.144195519748e-05
rand30_61,0.27266713,7.775274977091e-05
rand30_61,0.27762873,8.435201786752e-05
rand30_61,0.28268061,9.125082690657e-05
rand30_61,0.28782442,9.846062959463e-05
rand30_61,0.29306183,1.059932761224e-04
rand30_61,0.29839454,1.138610266928e-04
rand30_61,0.30382429,1.220765643855e-04
rand30_61,0.30935284,1.306530083645e-04
rand30_61,0.31498199,1.396039274340e-04
rand30_61,0.32071357,1.489433539477e-04
rand30_61,0.32654945,1.586857980778e-04
rand30_61,0.33249152,1.688462624490e-04
rand30_61,0.33854171,1.794402571389e-04
rand30_61,0.344702,1.904838150565e-04
rand30_61,0.35097438,2.019935076950e-04
rand30_61,0.3573609,2.139864612705e-04
rand30_61,0.36386363,2.264803732431e-04
rand30_61,0.37048469,2.394935292319e-04
rand30_61,0.37722623,2.530448203172e-04
rand30_61,0.38409044,2.671537607431e-04
rand30_61,0.39107956,2.818405060117e-04
rand30_61,0.39819586,2.971258713786e-04
rand30_61,0.40544164,3.130313507480e-04
rand30_61,0.41281928,3.295791359630e-04
rand30_61,0.42033116,3.467921364992e-04
rand30_61,0.42797973,3.646939995520e-04
rand30_61,0.43576748,3.833091305191e-04
rand30_61,0.44369694,4.026627138782e-04
rand30_61,0.45177069,4.227807344474e-04
rand30_61,0.45999135,4.436899990307e-04
rand30_61,0.46836161,4.654181584407e-04
rand30_61,0.47688417,4.879937298873e-04
rand30_61,0.48556181,5.114461197275e-04
rand30_61,0.49439735,5.358056465648e-04
rand30_61,0.50339367,5.611035646869e-04
rand30_61,0.5125537,5.873720878253e-04
rand30_61,0.5218804,6.146444132266e-04
rand30_61,0.53137682,6.429547460150e-04
rand30_61,0.54104604,6.723383238277e-04
rand30_61,0.5508912,7.028314417037e-04
rand30_61,0.56091551,7.344714772002e-04
rand30_61,0.57112224,7.672969157141e-04
rand30_61,0.58151468,8.013473759773e-04
rand30_61,0.59209624,8.366636356986e-04
rand30_61,0.60287034,8.732876573152e-04
rand30_61,0.6138405,9.112626138206e-04
rand30_61,0.62501027,9.506329146262e-04
rand30_61,0.63638329,9.914442314168e-04
rand30_61,0.64796327,1.033743523951e-03
rand30_61,0.65975396,1.077579065762e-03
rand30_61,0.67175919,1.123000469692e-03
rand30_61,0.68398289,1.170058713227e-03
rand30_61,0.69642901,1.218806163538e-03
rand30_61,0.70910161,1.269296602195e-03
rand30_61,0.7220048,1.321585249457e-03
rand30_61,0.73514279,1.375728788086e-03
rand30_61,0.74851985,1.431785386580e-03
rand30_61,0.76214032,1.489814721769e-03
rand30_61,0.77600863,1.549878000657e-03
rand30_61,0.7901293,1.612037981438e-03
rand30_61,0.80450692,1.676358993574e-03
rand30_61,0.81914617,1.742906956825e-03
rand30_61,0.83405179,1.811749399144e-03
rand30_61,0.84922865,1.882955473292e-03
rand30_61,0.86468167,1.956595972071e-03
rand30_61,0.88041588,2.032743342054e-03
rand30_61,0.89643641,2.111471695660e-03
rand30_61,0.91274845,2.192856821460e-03
rand30_61,0.92935731,2.276976192570e-03
rand30_61,0.9462684,2.363908972980e-03
rand30_61,0.96348721,2.453736021682e-03
rand30_61,0.98101934,2.546539894447e-03
rand30_61,0.9988705,2.642404843094e-03
rand30_61,1.0170465,2.741416812114e-03
rand30_61,1.0355532,2.843663432478e-03
rand30_61,1.0543967,2.949234012497e-03
rand30_61,1.0735831,3.058219525577e-03
rand30_61,1.0931186,3.170712594731e-03
rand30_61,1.1130095,3.286807473706e-03
rand30_61,1.1332625,3.406600024607e-03
rand30_61,1.1538839,3.530187691882e-03
rand30_61,1.1748806,3.657669472589e-03
rand30_61,1.1962594,3.789145882833e-03
rand30_61,1.2180272,3.924718920309e-03
rand30_61,1.240191,4.064492022915e-03
rand30_61,1.2627582,4.208570023394e-03
rand30_61,1.285736,4.357059100026e-03
rand30_61,1.309132,4.510066723399e-03
rand30_61,1.3329537,4.667701599346e-03
rand30_61,1.3572088,4.830073608161e-03
rand30_61,1.3819053,4.997293740253e-03
rand30_61,1.4070512,5.169474028473e-03
rand30_61,1.4326547,5.346727477353e-03
rand30_61,1.458724,5.529167989611e-03
rand30_61,1.4852678,5.716910290299e-03
rand30_61,1.5122945,5.910069849049e-03
rand30_61,1.539813,6.108762800946e-03
rand30_61,1.5678323,6.313105866617e-03
rand30_61,1.5963614,6.523216272206e-03
rand30_61,1.6254097,6.739211669964e-03
rand30_61,1.6549865,6.961210060276e-03
rand30_61,1.6851015,7.189329715985e-03
rand30_61,1.7157645,7.423689109961e-03
rand30_61,1.7469855,7.664406846915e-03
rand30_61,1.7787746,7.911601600489e-03
rand30_61,1.8111421,8.165392056733e-03
rand30_61,1.8440987,8.425896865056e-03
rand30_61,1.8776549,8.693234597801e-03
rand30_61,1.9118217,8.967523719555e-03
rand30_61,1.9466102,9.248882567309e-03
rand30_61,1.9820318,9.537429342526e-03
rand30_61,2.0180979,9.833282116124e-03
rand30_61,2.0548203,1.013655884730e-02
rand30_61,2.0922109,1.044737741699e-02
rand30_61,2.1302819,1.076585567674e-02
rand30_61,2.1690457,1.109211151335e-02
rand30_61,2.2085148,1.142626292993e-02
rand30_61,2.2487022,1.176842814326e-02
rand30_61,2.2896208,1.211872569778e-02
rand30_61,2.3312839,1.247727459564e-02
rand30_61,2.3737052,1.284419444269e-02
rand30_61,2.4168984,1.321960560955e-02
rand30_61,2.4608776,1.360362940705e-02
rand30_61,2.5056571,1.399638827480e-02
rand30_61,2.5512514,1.439800598182e-02
rand30_61,2.5976753,1.480860783766e-02
rand30_61,2.644944,1.522832091247e-02
rand30_61,2.6930729,1.565727426436e-02
rand30_61,2.7420775,1.609559917219e-02
rand30_61,2.7919738,1.654342937198e-02
rand30_61,2.842778,1.700090129508e-02
rand30_61,2.8945068,1.746815430619e-02
rand30_61,2.9471768,1.794533093951e-02
rand30_61,3.0008052,1.843257713122e-02
rand30_61,3.0554095,1.893004244665e-02
rand30_61,3.1110073,1.943788030078e-02
rand30_61,3.1676169,1.995624817060e-02
rand30_61,3.2252566,2.048530779825e-02
rand30_61,3.2839451,2.102522538401e-02
rand30_61,3.3437015,2.157617176825e-02
rand30_61,3.4045453,2.213832260190e-02
rand30_61,3.4664963,2.271185850492e-02
rand30_61,3.5295745,2.329696521271e-02
rand30_61,3.5938005,2.389383371021e-02
rand30_61,3.6591953,2.450266035407e-02
rand30_61,3.72578,2.512364698292e-02
rand30_61,3.7935763,2.575700101636e-02
rand30_61,3.8626062,2.640293554284e-02
rand30_61,3.9328923,2.706166939739e-02
rand30_61,4.0044573,2.773342722950e-02
rand30_61,4.0773246,2.841843956203e-02
rand30_61,4.1515178,2.911694284177e-02
rand30_61,4.227061,2.982917948247e-02
rand30_61,4.3039789,3.055539790087e-02
rand30_61,4.3822965,3.129585254671e-02
rand30_61,4.4620391,3.205080392709e-02
rand30_61,4.5432328,3.282051862614e-02
rand30_61,4.6259039,3.360526932030e-02
rand30_61,4.7100793,3.440533479003e-02
rand30_61,4.7957865,3.522099992827e-02
rand30_61,4.8830532,3.605255574625e-02
rand30_61,4.9719078,3.690029937688e-02
rand30_61,5.0623794,3.776453407631e-02
rand30_61,5.1544971,3.864556922368e-02
rand30_61,5.2482912,3.954372031961e-02
rand30_61,5.3437919,4.045930898332e-02
rand30_61,5.4410304,4.139266294888e-02
rand30_61,5.5400383,4.234411606033e-02
rand30_61,5.6408479,4.331400826613e-02
rand30_61,5.7434918,4.430268561271e-02
rand30_61,5.8480034,4.531050023725e-02
rand30_61,5.9544169,4.633781035974e-02
rand30_61,6.0627667,4.738498027408e-02
rand30_61,6.173088,4.845238033848e-02
rand30_61,6.2854169,4.954038696475e-02
rand30_61,6.3997897,5.064938260671e-02
rand30_61,6.5162437,5.177975574736e-02
rand30_61,6.6348168,5.293190088490e-02
rand30_61,6.7555475,5.410621851737e-02
rand30_61,6.8784751,5.530311512585e-02
rand30_61,7.0036396,5.652300315610e-02
rand30_61,7.1310816,5.776630099846e-02
rand30_61,7.2608426,5.903343296593e-02
rand30_61,7.3929648,6.032482927032e-02
rand30_61,7.5274911,6.164092599630e-02
rand30_61,7.6644654,6.298216507326e-02
rand30_61,7.8039322,6.434899424483e-02
rand30_61,7.9459367,6.574186703592e-02
rand30_61,8.0905253,6.716124271729e-02
rand30_61,8.2377449,6.860758626731e-02
rand30_61,8.3876433,7.008136833099e-02
rand30_61,8.5402694,7.158306517605e-02
rand30_61,8.6956727,7.311315864598e-02
rand30_61,8.8539039,7.467213610990e-02
rand30_61,9.0150143,7.626049040915e-02
rand30_61,9.1790564,7.787871980050e-02
rand30_61,9.3460834,7.952732789583e-02
rand30_61,9.5161498,8.120682359807e-02
rand30_61,9.6893108,8.291772103346e-02
rand30_61,9.8656227,8.466053947977e-02
rand30_61,10.045143,8.643580329046e-02
rand30_61,10.22793,8.824404181454e-02
rand30_61,10.414043,9.008578931204e-02
rand30_61,10.603542,9.196158486477e-02
rand30_61,10.79649,9.387197228224e-02
rand30_61,10.992949,9.581750000254e-02
rand30_61,11.192982,9.779872098785e-02
rand30_61,11.396656,9.981619261430e-02
rand30_61,11.604036,1.018704765560e-01
rand30_61,11.815189,1.039621386629e-01
rand30_61,12.030184,1.060917488319e-01
rand30_61,12.249092,1.082598808708e-01
rand30_61,12.471983,1.104671123559e-01
rand30_61,12.69893,1.127140244802e-01
rand30_61,12.930007,1.150012018946e-01
rand30_61,13.165288,1.173292325399e-01
rand30_61,13.404851,1.196987074686e-01
rand30_61,13.648773,1.221102206586e-01
rand30_61,13.897133,1.245643688141e-01
rand30_61,14.150013,1.270617511567e-01
rand30_61,14.407494,1.296029692042e-01
rand30_61,14.669661,1.321886265362e-01
rand30_61,14.936598,1.348193285469e-01
rand30_61,15.208392,1.374956821828e-01
rand30_61,15.485132,1.402182956660e-01
rand30_61,15.766908,1.429877782005e-01
rand30_61,16.053811,1.458047396624e-01
rand30_61,16.345935,1.486697902716e-01
rand30_61,16.643375,1.515835402447e-01
rand30_61,16.946226,1.545465994283e-01
rand30_61,17.254589,1.575595769108e-01
rand30_61,17.568563,1.606230806133e-01
rand30_61,17.88825,1.637377168566e-01
rand30_61,18.213754,1.669040899048e-01
rand30_61,18.545181,1.701228014847e-01
rand30_61,18.88264,1.733944502782e-01
rand30_61,19.226238,1.767196313888e-01
rand30_61,19.576089,1.800989357807e-01
rand30_61,19.932306,1.835329496888e-01
rand30_61,20.295005,1.870222540002e-01
rand30_61,20.664304,1.905674236051e-01
rand30_61,21.040323,1.941690267183e-01
rand30_61,21.423184,1.978276241683e-01
rand30_61,21.813012,2.015437686560e-01
rand30_61,22.209933,2.053180039809e-01
rand30_61,22.614077,2.091508642354e-01
rand30_61,23.025575,2.130428729671e-01
rand30_61,23.444561,2.169945423087e-01
rand30_61,23.871171,2.210063720755e-01
rand30_61,24.305544,2.250788488317e-01
rand30_61,24.74782,2.292124449250e-01
rand30_61,25.198145,2.334076174904e-01
rand30_61,25.656664,2.376648074234e-01
rand30_61,26.123527,2.419844383246e-01
rand30_61,26.598884,2.463669154154e-01
rand30_61,27.082892,2.508126244262e-01
rand30_61,27.575707,2.553219304589e-01
rand30_61,28.077489,2.598951768244e-01
rand30_61,28.588402,2.645326838564e-01
rand30_61,29.108612,2.692347477039e-01
rand30_61,29.638288,2.740016391028e-01
rand30_61,30.177603,2.788336021291e-01
rand30_61,30.726731,2.837308529352e-01
rand30_61,31.285851,2.886935784707e-01
rand30_61,31.855145,2.937219351900e-01
rand30_61,32.434798,2.988160477475e-01
rand30_61,33.025,3.039760076836e-01
rand30_61,33.62594,3.092018721013e-01
rand30_61,34.237816,3.144936623364e-01
rand30_61,34.860826,3.198513626225e-01
rand30_61,35.495172,3.252749187516e-01
rand30_61,36.141062,3.307642367322e-01
rand30_61,36.798704,3.363191814458e-01
rand30_61,37.468313,3.419395753036e-01
rand30_61,38.150106,3.476251969023e-01
rand30_61,38.844306,3.533757796828e-01
rand30_61,39.551138,3.591910105894e-01
rand30_61,40.270832,3.650705287324e-01
rand30_61,41.003622,3.710139240529e-01
rand30_61,41.749746,3.770207359912e-01
rand30_61,42.509447,3.830904521587e-01
rand30_61,43.282972,3.892225070128e-01
rand30_61,44.070572,3.954162805365e-01
rand30_61,44.872504,4.016710969220e-01
rand30_61,45.689028,4.079862232583e-01
rand30_61,46.52041,4.143608682244e-01
rand30_61,47.366921,4.207941807882e-01
rand30_61,48.228835,4.272852489112e-01
rand30_61,49.106433,4.338330982624e-01
rand30_61,50,4.404366909405e-01
rand30_62,0.001,2.317176656517e-06
rand30_62,0.0010181965,2.359390570396e-06
rand30_62,0.0010367242,2.402374441275e-06
rand30_62,0.001055589,2.446142347615e-06
rand30_62,0.0010747971,2.490708624912e-06
rand30_62,0.0010943546,2.536087871038e-06
rand30_62,0.0011142681,2.582294954707e-06
rand30_62,0.0011345439,2.629345015611e-06
rand30_62,0.0011551887,2.677253472894e-06
rand30_62,0.0011762091,2.726036029369e-06
rand30_62,0.0011976121,2.775708676009e-06
rand30_62,0.0012194045,2.826287697240e-06
rand30_62,0.0012415934,2.877789679165e-06
rand30_62,0.0012641861,2.930231510603e-06
rand30_62,0.0012871899,2.983630393534e-06
rand30_62,0.0013106123,3.038003844711e-06
rand30_62,0.0013344609,3.093369703987e-06
rand30_62,0.0013587435,3.149746140914e-06
rand30_62,0.0013834679,3.207151657993e-06
rand30_62,0.0014086423,3.265605098841e-06
rand30_62,0.0014342747,3.325125655336e-06
rand30_62,0.0014603735,3.385732872633e-06
rand30_62,0.0014869473,3.447446655316e-06
rand30_62,0.0015140046,3.510287276976e-06
rand30_62,0.0015415542,3.574275382270e-06
rand30_62,0.0015696052,3.639431999786e-06
rand30_62,0.0015981665,3.705778544702e-06
rand30_62,0.0016272476,3.773336826720e-06
rand30_62,0.0016568579,3.842129059159e-06
rand30_62,0.001687007,3.912177865823e-06
rand30_62,0.0017177047,3.983506287737e-06
rand30_62,0.001748961,4.056137791425e-06
rand30_62,0.001780786,4.130096277653e-06
rand30_62,0.0018131901,4.205406089804e-06
rand30_62,0.0018461839,4.282092019922e-06
rand30_62,0.0018797781,4.360179319585e-06
rand30_62,0.0019139835,4.439693707164e-06
rand30_62,0.0019488114,4.520661377251e-06
rand30_62,0.001984273,4.603109009089e-06
rand30_62,0.00202038,4.687063777034e-06
rand30_62,0.0020571439,4.772553356166e-06
rand30_62,0.0020945768,4.859605938140e-06
rand30_62,0.0021326908,4.948250234714e-06
rand30_62,0.0021714984,5.038515491061e-06
rand30_62,0.0022110122,5.130431493802e-06
rand30_62,0.0022512449,5.224028583733e-06
rand30_62,0.0022922098,5.319337663500e-06
rand30_62,0.0023339201,5.416390210032e-06
rand30_62,0.0023763894,5.515218285082e-06
rand30_62,0.0024196314,5.615854546459e-06
rand30_62,0.0024636603,5.718332257829e-06
rand30_62,0.0025084904,5.822685303724e-06
rand30_62,0.0025541363,5.928948196253e-06
rand30_62,0.0026006127,6.037156091551e-06
rand30_62,0.0026479349,6.147344799066e-06
rand30_62,0.0026961181,6.259550797423e-06
rand30_62,0.0027451782,6.373811242150e-06
rand30_62,0.0027951309,6.490163983078e-06
rand30_62,0.0028459926,6.608647575377e-06
rand30_62,0.0028977798,6.729301293923e-06
rand30_62,0.0029505094,6.852165145775e-06
rand30_62,0.0030041984,6.977279884542e-06
rand30_62,0.0030588645,7.104687027335e-06
rand30_62,0.0031145252,7.234428865691e-06
rand30_62,0.0031711988,7.366548481554e-06
rand30_62,0.0032289036,7.501089764343e-06
rand30_62,0.0032876585,7.638097422378e-06
rand30_62,0.0033474825,7.777617003808e-06
rand30_62,0.0034083951,7.919694908184e-06
rand30_62,0.0034704161,8.064378406069e-06
rand30_62,0.0035335657,8.211715653211e-06
rand30_62,0.0035978643,8.361755710179e-06
rand30_62,0.003663333,8.514548557656e-06
rand30_62,0.003729993,8.670145115397e-06
rand30_62,0.003797866,8.828597259472e-06
rand30_62,0.003866974,8.989957843630e-06
rand30_62,0.0039373395,9.154280713333e-06
rand30_62,0.0040089855,9.321620728795e-06
rand30_62,0.0040819351,9.492033783872e-06
rand30_62,0.0041562122,9.665576825596e-06
rand30_62,0.0042318409,9.842307874585e-06
rand30_62,0.0043088458,1.002228604662e-05
rand30_62,0.0043872519,1.020557157516e-05
rand30_62,0.0044670847,1.039222582798e-05
rand30_62,0.0045483701,1.058231133685e-05
rand30_62,0.0046311347,1.077589181459e-05
rand30_62,0.0047154054,1.097303218189e-05
rand30_62,0.0048012094,1.117379858615e-05
rand30_62,0.0048885748,1.137825843134e-05
rand30_62,0.00497753,1.158648040037e-05
rand30_62,0.0050681038,1.179853447704e-05
rand30_62,0.0051603257,1.201449197704e-05
rand30_62,0.0052542258,1.223442557329e-05
rand30_62,0.0053498345,1.245840931716e-05
rand30_62,0.005447183,1.268651867188e-05
rand30_62,0.0055463029,1.291883053953e-05
rand30_62,0.0056472264,1.315542328888e-05
rand30_62,0.0057499864,1.339637678009e-05
rand30_62,0.0058546163,1.364177240432e-05
rand30_62,0.00596115,1.389169310417e-05
rand30_62,0.0060696223,1.414622341046e-05
rand30_62,0.0061800684,1.440544947339e-05
rand30_62,0.0062925243,1.466945909206e-05
rand30_62,0.0064070265,1.493834175057e-05
rand30_62,0.0065236122,1.521218865052e-05
rand30_62,0.0066423193,1.549109274489e-05
rand30_62,0.0067631866,1.577514877631e-05
rand30_62,0.0068862532,1.606445330855e-05
rand30_62,0.0070115591,1.635910476708e-05
rand30_62,0.0071391452,1.665920347406e-05
rand30_62,0.007269053,1.696485169117e-05
rand30_62,0.0074013246,1.727615365097e-05
rand30_62,0.0075360031,1.759321560585e-05
rand30_62,0.0076731323,1.791614586359e-05
rand30_62,0.0078127567,1.824505483056e-05
rand30_62,0.0079549219,1.858005505548e-05
rand30_62,0.0080996739,1.892126127383e-05
rand30_62,0.0082470599,1.926879044814e-05
rand30_62,0.0083971279,1.962276181925e-05
rand30_62,0.0085499266,1.998329695006e-05
rand30_62,0.0087055056,2.035051977698e-05
rand30_62,0.0088639157,2.072455665226e-05
rand30_62,0.0090252083,2.110553640041e-05
rand30_62,0.0091894359,2.149359036614e-05
rand30_62,0.0093566518,2.188885246803e-05
rand30_62,0.0095269105,2.229145925086e-05
rand30_62,0.0097002673,2.270154994039e-05
rand30_62,0.0098767786,2.311926650249e-05
rand30_62,0.010056502,2.354475369582e-05
rand30_62,0.010239495,2.397815913157e-05
rand30_62,0.010425819,2.441963333704e-05
rand30_62,0.010615533,2.486932981119e-05
rand30_62,0.010808698,2.532740509420e-05
rand30_62,0.011005379,2.579401882368e-05
rand30_62,0.011205639,2.626933380781e-05
rand30_62,0.011409543,2.675351608576e-05
rand30_62,0.011617157,2.724673500491e-05
rand30_62,0.011828549,2.774916328067e-05
rand30_62,0.012043788,2.826097707904e-05
rand30_62,0.012262943,2.878235608163e-05
rand30_62,0.012486086,2.931348356817e-05
rand30_62,0.01271329,2.985454648729e-05
rand30_62,0.012944628,3.040573554269e-05
rand30_62,0.013180175,3.096724526692e-05
rand30_62,0.013420009,3.153927410973e-05
rand30_62,0.013664207,3.212202452155e-05
rand30_62,0.013912848,3.271570303795e-05
rand30_62,0.014166013,3.332052037159e-05
rand30_62,0.014423786,3.393669150375e-05
rand30_62,0.014686249,3.456443577539e-05
rand30_62,0.014953488,3.520397698398e-05
rand30_62,0.01522559,3.585554348250e-05
rand30_62,0.015502643,3.651936827827e-05
rand30_62,0.015784737,3.719568913649e-05
rand30_62,0.016071965,3.788474868630e-05
rand30_62,0.016364419,3.858679452819e-05
rand30_62,0.016662195,3.930207934468e-05
rand30_62,0.016965389,4.003086101389e-05
rand30_62,0.0172741,4.077340272451e-05
rand30_62,0.017588429,4.152997309935e-05
rand30_62,0.017908478,4.230084631245e-05
rand30_62,0.01823435,4.308630221547e-05
rand30_62,0.018566152,4.388662646935e-05
rand30_62,0.018903992,4.470211067219e-05
rand30_62,0.019247979,4.553305249493e-05
rand30_62,0.019598226,4.637975582199e-05
rand30_62,0.019954845,4.724253088945e-05
rand30_62,0.020317955,4.812169443530e-05
rand30_62,0.020687671,4.901756984317e-05
rand30_62,0.021064115,4.993048730195e-05
rand30_62,0.021447409,5.086078395609e-05
rand30_62,0.021837678,5.180880407159e-05
rand30_62,0.022235048,5.277489919959e-05
rand30_62,0.022639649,5.375942834553e-05
rand30_62,0.023051612,5.476275814257e-05
rand30_62,0.023471072,5.578526303324e-05
rand30_62,0.023898164,5.682732545072e-05
rand30_62,0.024333028,5.788933600424e-05
rand30_62,0.024775805,5.897169367565e-05
rand30_62,0.025226639,6.007480601785e-05
rand30_62,0.025685676,6.119908935657e-05
rand30_62,0.026153066,6.234496899759e-05
rand30_62,0.026628962,6.351287944370e-05
rand30_62,0.027113517,6.470326461338e-05
rand30_62,0.027606889,6.591657806890e-05
rand30_62,0.028109239,6.715328324604e-05
rand30_62,0.02862073,6.841385368961e-05
rand30_62,0.029141528,6.969877330786e-05
rand30_62,0.029671803,7.100853661072e-05
rand30_62,0.030211727,7.234364897946e-05
rand30_62,0.030761476,7.370462692440e-05
rand30_62,0.031321228,7.509199836064e-05
rand30_62,0.031891166,7.650630288767e-05
rand30_62,0.032471475,7.794809207621e-05
rand30_62,0.033062344,7.941792976476e-05
rand30_62,0.033663964,8.091639235984e-05
rand30_62,0.034276531,8.244406915376e-05
rand30_62,0.034900246,8.400156263914e-05
rand30_62,0.035535309,8.558948884409e-05
rand30_62,0.036181929,8.720847766569e-05
rand30_62,0.036840315,8.885917322168e-05
rand30_62,0.037510681,9.054223420703e-05
rand30_62,0.038193246,9.225833426292e-05
rand30_62,0.038888231,9.400816235433e-05
rand30_62,0.039595862,9.579242315724e-05
rand30_62,0.04031637,9.761183746277e-05
rand30_62,0.041049988,9.946714258450e-05
rand30_62,0.041796956,1.013590927823e-04
rand30_62,0.042557516,1.032884597005e-04
rand30_62,0.043331915,1.052560328106e-04
rand30_62,0.044120406,1.072626198736e-04
rand30_62,0.044923245,1.093090474149e-04
rand30_62,0.045740692,1.113961612067e-04
rand30_62,0.046573015,1.135248267733e-04
rand30_62,0.047420482,1.156959299055e-04
rand30_62,0.048283371,1.179103771888e-04
rand30_62,0.049161961,1.201690965501e-04
rand30_62,0.050056539,1.224730378209e-04
rand30_62,0.050967395,1.248231733111e-04
rand30_62,0.051894825,1.272204984060e-04
rand30_62,0.052839131,1.296660321777e-04
rand30_62,0.053800621,1.321608180141e-04
rand30_62,0.054779606,1.347059242673e-04
rand30_62,0.055776405,1.373024449210e-04
rand30_62,0.056791342,1.399515002762e-04
rand30_62,0.057824748,1.426542376577e-04
rand30_62,0.058876959,1.454118321431e-04
rand30_62,0.059948316,1.482254873115e-04
rand30_62,0.061039167,1.510964360137e-04
rand30_62,0.062149869,1.540259411651e-04
rand30_62,0.063280782,1.570152965678e-04
rand30_62,0.064432273,1.600658277467e-04
rand30_62,0.065604717,1.631788928202e-04
rand30_62,0.066798496,1.663558833913e-04
rand30_62,0.068013998,1.695982254662e-04
rand30_62,0.069251617,1.729073804037e-04
rand30_62,0.070511757,1.762848458874e-04
rand30_62,0.071794827,1.797321569285e-04
rand30_62,0.073101244,1.832508869063e-04
rand30_62,0.074431434,1.868426486252e-04
rand30_62,0.075785828,1.905090954188e-04
rand30_62,0.077164868,1.942519222754e-04
rand30_62,0.078569002,1.980728670057e-04
rand30_62,0.079998686,2.019737114393e-04
rand30_62,0.081454385,2.059562826633e-04
rand30_62,0.082936573,2.100224542922e-04
rand30_62,0.084445731,2.141741477788e-04
rand30_62,0.085982352,2.184133337708e-04
rand30_62,0.087546933,2.227420334937e-04
rand30_62,0.089139984,2.271623201933e-04
rand30_62,0.090762023,2.316763206073e-04
rand30_62,0.092413578,2.362862164909e-04
rand30_62,0.094095185,2.409942461841e-04
rand30_62,0.095807392,2.458027062285e-04
rand30_62,0.097550755,2.507139530301e-04
rand30_62,0.099325841,2.557304045809e-04
rand30_62,0.10113323,2.608545422205e-04
rand30_62,0.1029735,2.660889124631e-04
rand30_62,0.10484726,2.714361288715e-04
rand30_62,0.10675512,2.768988739946e-04
rand30_62,0.1086977,2.824799013598e-04
rand30_62,0.11067562,2.881820375267e-04
rand30_62,0.11268953,2.940081842064e-04
rand30_62,0.11474009,2.999613204394e-04
rand30_62,0.11682796,3.060445048477e-04
rand30_62,0.11895383,3.122608779490e-04
rand30_62,0.12111837,3.186136645453e-04
rand30_62,0.12332231,3.251061761810e-04
rand30_62,0.12556635,3.317418136818e-04
rand30_62,0.12785122,3.385240697627e-04
rand30_62,0.13017767,3.454565317219e-04
rand30_62,0.13254646,3.525428842165e-04
rand30_62,0.13495834,3.597869121183e-04
rand30_62,0.13741412,3.671925034604e-04
rand30_62,0.13991458,3.747636524708e-04
rand30_62,0.14246054,3.825044627041e-04
rand30_62,0.14505283,3.904191502584e-04
rand30_62,0.14769229,3.985120470999e-04
rand30_62,0.15037978,4.067876044793e-04
rand30_62,0.15311617,4.152503964634e-04
rand30_62,0.15590235,4.239051235595e-04
rand30_62,0.15873924,4.327566164621e-04
rand30_62,0.16162774,4.418098399045e-04
rand30_62,0.16456881,4.510698966321e-04
rand30_62,0.16756339,4.605420314900e-04
rand30_62,0.17061246,4.702316356413e-04
rand30_62,0.17371702,4.801442509047e-04
rand30_62,0.17687807,4.902855742280e-04
rand30_62,0.18009664,5.006614622925e-04
rand30_62,0.18337377,5.112779362559e-04
rand30_62,0.18671054,5.221411866422e-04
rand30_62,0.19010803,5.332575783638e-04
rand30_62,0.19356733,5.446336559148e-04
rand30_62,0.19708959,5.562761486965e-04
rand30_62,0.20067594,5.681919765160e-04
rand30_62,0.20432755,5.803882552416e-04
rand30_62,0.2080456,5.928723026255e-04
rand30_62,0.21183131,6.056516443038e-04
rand30_62,0.21568591,6.187340199608e-04
rand30_62,0.21961064,6.321273896912e-04
rand30_62,0.2236068,6.458399405294e-04
rand30_62,0.22767567,6.598800931873e-04
rand30_62,0.23181858,6.742565089752e-04
rand30_62,0.23603687,6.889780969305e-04
rand30_62,0.24033193,7.040540211489e-04
rand30_62,0.24470514,7.194937083296e-04
rand30_62,0.24915792,7.353068555366e-04
rand30_62,0.25369174,7.515034381778e-04
rand30_62,0.25830805,7.680937182190e-04
rand30_62,0.26300836,7.850882526264e-04
rand30_62,0.2677942,8.024979020491e-04
rand30_62,0.27266713,8.203338397441e-04
rand30_62,0.27762873,8.386075607555e-04
rand30_62,0.28268061,8.573308913455e-04
rand30_62,0.28782442,8.765159986925e-04
rand30_62,0.29306183,8.961754008496e-04
rand30_62,0.29839454,9.163219769847e-04
rand30_62,0.30382429,9.369689778950e-04
rand30_62,0.30935284,9.581300368088e-04
rand30_62,0.31498199,9.798191804774e-04
rand30_62,0.32071357,1.002050840569e-03
rand30_62,0.32654945,1.024839865362e-03
rand30_62,0.33249152,1.048201531745e-03
rand30_62,0.33854171,1.072151557542e-03
rand30_62,0.344702,1.096706114145e-03
rand30_62,0.35097438,1.121881839485e-03
rand30_62,0.3573609,1.147695851333e-03
rand30_62,0.36386363,1.174165760926e-03
rand30_62,0.37048469,1.201309686958e-03
rand30_62,0.37722623,1.229146269898e-03
rand30_62,0.38409044,1.257694686679e-03
rand30_62,0.39107956,1.286974665722e-03
rand30_62,0.39819586,1.317006502350e-03
rand30_62,0.40544164,1.347811074548e-03
rand30_62,0.41281928,1.379409859096e-03
rand30_62,0.42033116,1.411824948080e-03
rand30_62,0.42797973,1.445079065779e-03
rand30_62,0.43576748,1.479195585925e-03
rand30_62,0.44369694,1.514198549353e-03
rand30_62,0.45177069,1.550112682019e-03
rand30_62,0.45999135,1.586963413415e-03
rand30_62,0.46836161,1.624776895359e-03
rand30_62,0.47688417,1.663580021167e-03
rand30_62,0.48556181,1.703400445209e-03
rand30_62,0.49439735,1.744266602836e-03
rand30_62,0.50339367,1.786207730687e-03
rand30_62,0.5125537,1.829253887366e-03
rand30_62,0.5218804,1.873435974471e-03
rand30_62,0.53137682,1.918785757997e-03
rand30_62,0.54104604,1.965335890063e-03
rand30_62,0.5508912,2.013119931000e-03
rand30_62,0.56091551,2.062172371744e-03
rand30_62,0.57112224,2.112528656549e-03
rand30_62,0.58151468,2.164225205989e-03
rand30_62,0.59209624,2.217299440236e-03
rand30_62,0.60287034,2.271789802601e-03
rand30_62,0.6138405,2.327735783291e-03
rand30_62,0.62501027,2.385177943382e-03
rand30_62,0.63638329,2.444157938966e-03
rand30_62,0.64796327,2.504718545434e-03
rand30_62,0.65975396,2.566903681874e-03
rand30_62,0.67175919,2.630758435523e-03
rand30_62,0.68398289,2.696329086252e-03
rand30_62,0.69642901,2.763663131016e-03
rand30_62,0.70910161,2.832809308217e-03
rand30_62,0.7220048,2.903817621936e-03
rand30_62,0.73514279,2.976739365943e-03
rand30_62,0.74851985,3.051627147439e-03
rand30_62,0.76214032,3.128534910436e-03
rand30_62,0.77600863,3.207517958686e-03
rand30_62,0.7901293,3.288632978089e-03
rand30_62,0.80450692,3.371938058445e-03
rand30_62,0.81914617,3.457492714464e-03
rand30_62,0.83405179,3.545357905907e-03
rand30_62,0.84922865,3.635596056724e-03
rand30_62,0.86468167,3.728271073042e-03
rand30_62,0.88041588,3.823448359870e-03
rand30_62,0.89643641,3.921194836328e-03
rand30_62,0.91274845,4.021578949235e-03
rand30_62,0.92935731,4.124670684864e-03
rand30_62,0.9462684,4.230541578650e-03
rand30_62,0.96348721,4.339264722612e-03
rand30_62,0.98101934,4.450914770281e-03
rand30_62,0.9988705,4.565567938833e-03
rand30_62,1.0170465,4.683302008183e-03
rand30_62,1.0355532,4.804196316709e-03
rand30_62,1.0543967,4.928331753323e-03
rand30_62,1.0735831,5.055790745514e-03
rand30_62,1.0931186,5.186657243025e-03
rand30_62,1.1130095,5.321016696778e-03
rand30_62,1.1332625,5.458956032632e-03
rand30_62,1.1538839,5.600563619566e-03
rand30_62,1.1748806,5.745929231810e-03
rand30_62,1.1962594,5.895144004507e-03
rand30_62,1.2180272,6.048300382367e-03
rand30_62,1.240191,6.205492060849e-03
rand30_62,1.2627582,6.366813919352e-03
rand30_62,1.285736,6.532361945884e-03
rand30_62,1.309132,6.702233152695e-03
rand30_62,1.3329537,6.876525482351e-03
rand30_62,1.3572088,7.055337703748e-03
rand30_62,1.3819053,7.238769297567e-03
rand30_62,1.4070512,7.426920330742e-03
rand30_62,1.4326547,7.619891319516e-03
rand30_62,1.458724,7.817783080769e-03
rand30_62,1.4852678,8.020696571367e-03
rand30_62,1.5122945,8.228732715389e-03
rand30_62,1.539813,8.441992219235e-03
rand30_62,1.5678323,8.660575374787e-03
rand30_62,1.5963614,8.884581850976e-03
rand30_62,1.6254097,9.114110474368e-03
rand30_62,1.6549865,9.349258999646e-03
rand30_62,1.6851015,9.590123871173e-03
rand30_62,1.7157645,9.836799977217e-03
rand30_62,1.7469855,1.008938039877e-02
rand30_62,1.7787746,1.034795615541e-02
rand30_62,1.8111421,1.061261595107e-02
rand30_62,1.8440987,1.088344592309e-02
rand30_62,1.8776549,1.116052939867e-02
rand30_62,1.9118217,1.144394666296e-02
rand30_62,1.9466102,1.173377474407e-02
rand30_62,1.9820318,1.203008722035e-02
rand30_62,2.0180979,1.233295405607e-02
rand30_62,2.0548203,1.264244147168e-02
rand30_62,2.0922109,1.295861185535e-02
rand30_62,2.1302819,1.328152372224e-02
rand30_62,2.1690457,1.361123172809e-02
rand30_62,2.2085148,1.394778674307e-02
rand30_62,2.2487022,1.429123599136e-02
rand30_62,2.2896208,1.464162326081e-02
rand30_62,2.3312839,1.499898918595e-02
rand30_62,2.3737052,1.536337160578e-02
rand30_62,2.4168984,1.573480599623e-02
rand30_62,2.4608776,1.611332597487e-02
rand30_62,2.5056571,1.649896387345e-02
rand30_62,2.5512514,1.689175137132e-02
rand30_62,2.5976753,1.729172018094e-02
rand30_62,2.644944,1.769890277419e-02
rand30_62,2.6930729,1.811333313683e-02
rand30_62,2.7420775,1.853504753692e-02
rand30_62,2.7919738,1.896408529228e-02
rand30_62,2.842778,1.940048952162e-02
rand30_62,2.8945068,1.984430786475e-02
rand30_62,2.9471768,2.029559315773e-02
rand30_62,3.0008052,2.075440405078e-02
rand30_62,3.0554095,2.122080555857e-02
rand30_62,3.1110073,2.169486953478e-02
rand30_62,3.1676169,2.217667506584e-02
rand30_62,3.2252566,2.266630878079e-02
rand30_62,3.2839451,2.316386507743e-02
rand30_62,3.3437015,2.366944626692e-02
rand30_62,3.4045453,2.418316264142e-02
rand30_62,3.4664963,2.470513247080e-02
rand30_62,3.5295745,2.523548193616e-02
rand30_62,3.5938005,2.577434500860e-02
rand30_62,3.6591953,2.632186328203e-02
rand30_62,3.72578,2.687818576946e-02
rand30_62,3.7935763,2.744346867132e-02
rand30_62,3.8626062,2.801787512443e-02
rand30_62,3.9328923,2.860157493922e-02
rand30_62,4.0044573,2.919474433220e-02
rand30_62,4.0773246,2.979756565950e-02
rand30_62,4.1515178,3.041022715671e-02
rand30_62,4.227061,3.103292268892e-02
rand30_62,4.3039789,3.166585151439e-02
rand30_62,4.3822965,3.230921806407e-02
rand30_62,4.4620391,3.296323173882e-02
rand30_62,4.5432328,3.362810672517e-02
rand30_62,4.6259039,3.430406183032e-02
rand30_62,4.7100793,3.499132033624e-02
rand30_62,4.7957865,3.569010987263e-02
rand30_62,4.8830532,3.640066230811e-02
rand30_62,4.9719078,3.712321365880e-02
rand30_62,5.0623794,3.785800401331e-02
rand30_62,5.1544971,3.860527747303e-02
rand30_62,5.2482912,3.936528210658e-02
rand30_62,5.3437919,4.013826991735e-02
rand30_62,5.4410304,4.092449682270e-02
rand30_62,5.5400383,4.172422264402e-02
rand30_62,5.6408479,4.253771110625e-02
rand30_62,5.7434918,4.336522984601e-02
rand30_62,5.8480034,4.420705042719e-02
rand30_62,5.9544169,4.506344836322e-02
rand30_62,6.0627667,4.593470314506e-02
rand30_62,6.173088,4.682109827414e-02
rand30_62,6.2854169,4.772292129945e-02
rand30_62,6.3997897,4.864046385829e-02
rand30_62,6.5162437,4.957402171981e-02
rand30_62,6.6348168,5.052389483098e-02
rand30_62,6.7555475,5.149038736439e-02
rand30_62,6.8784751,5.247380776736e-02
rand30_62,7.0036396,5.347446881213e-02
rand30_62,7.1310816,5.449268764646e-02
rand30_62,7.2608426,5.552878584455e-02
rand30_62,7.3929648,5.658308945779e-02
rand30_62,7.5274911,5.765592906512e-02
rand30_62,7.6644654,5.874763982271e-02
rand30_62,7.8039322,5.985856151270e-02
rand30_62,7.9459367,6.098903859079e-02
rand30_62,8.0905253,6.213942023243e-02
rand30_62,8.2377449,6.331006037752e-02
rand30_62,8.3876433,6.450131777319e-02
rand30_62,8.5402694,6.571355601481e-02
rand30_62,8.6956727,6.694714358475e-02
rand30_62,8.8539039,6.820245388898e-02
rand30_62,9.0150143,6.947986529112e-02
rand30_62,9.1790564,7.077976114400e-02
rand30_62,9.3460834,7.210252981846e-02
rand30_62,9.5161498,7.344856472923e-02
rand30_62,9.6893108,7.481826435782e-02
rand30_62,9.8656227,7.621203227223e-02
rand30_62,10.045143,7.763027714333e-02
rand30_62,10.22793,7.907341275776e-02
rand30_62,10.414043,8.054185802723e-02
rand30_62,10.603542,8.203603699402e-02
rand30_62,10.79649,8.355637883259e-02
rand30_62,10.992949,8.510331784701e-02
rand30_62,11.192982,8.667729346424e-02
rand30_62,11.396656,8.827875022288e-02
rand30_62,11.604036,8.990813775735e-02
rand30_62,11.815189,9.156591077726e-02
rand30_62,12.030184,9.325252904181e-02
rand30_62,12.249092,9.496845732894e-02
rand30_62,12.471983,9.671416539916e-02
rand30_62,12.69893,9.849012795364e-02
rand30_62,12.930007,1.002968245866e-01
rand30_62,13.165288,1.021347397314e-01
rand30_62,13.404851,1.040043626007e-01
rand30_62,13.648773,1.059061871193e-01
rand30_62,13.897133,1.078407118509e-01
rand30_62,14.150013,1.098084399173e-01
rand30_62,14.407494,1.118098789101e-01
rand30_62,14.669661,1.138455407951e-01
rand30_62,14.936598,1.159159418076e-01
rand30_62,15.208392,1.180216023410e-01
rand30_62,15.485132,1.201630468245e-01
rand30_62,15.766908,1.223408035941e-01
rand30_62,16.053811,1.245554047517e-01
rand30_62,16.345935,1.268073860163e-01
rand30_62,16.643375,1.290972865638e-01
rand30_62,16.946226,1.314256488568e-01
rand30_62,17.254589,1.337930184625e-01
rand30_62,17.568563,1.361999438601e-01
rand30_62,17.88825,1.386469762355e-01
rand30_62,18.213754,1.411346692635e-01
rand30_62,18.545181,1.436635788776e-01
rand30_62,18.88264,1.462342630260e-01
rand30_62,19.226238,1.488472814141e-01
rand30_62,19.576089,1.515031952316e-01
rand30_62,19.932306,1.542025668657e-01
rand30_62,20.295005,1.569459595987e-01
rand30_62,20.664304,1.597339372886e-01
rand30_62,21.040323,1.625670640342e-01
rand30_62,21.423184,1.654459038223e-01
rand30_62,21.813012,1.683710201577e-01
rand30_62,22.209933,1.713429756744e-01
rand30_62,22.614077,1.743623317278e-01
rand30_62,23.025575,1.774296479682e-01
rand30_62,23.444561,1.805454818927e-01
rand30_62,23.871171,1.837103883781e-01
rand30_62,24.305544,1.869249191908e-01
rand30_62,24.74782,1.901896224756e-01
rand30_62,25.198145,1.935050422218e-01
rand30_62,25.656664,1.968717177062e-01
rand30_62,26.123527,2.002901829113e-01
rand30_62,26.598884,2.037609659205e-01
rand30_62,27.082892,2.072845882874e-01
rand30_62,27.575707,2.108615643791e-01
rand30_62,28.077489,2.144924006947e-01
rand30_62,28.588402,2.181775951550e-01
rand30_62,29.108612,2.219176363671e-01
rand30_62,29.638288,2.257130028593e-01
rand30_62,30.177603,2.295641622888e-01
rand30_62,30.726731,2.334715706201e-01
rand30_62,31.285851,2.374356712747e-01
rand30_62,31.855145,2.414568942506e-01
rand30_62,32.434798,2.455356552123e-01
rand30_62,33.025,2.496723545508e-01
rand30_62,33.62594,2.538673764127e-01
rand30_62,34.237816,2.581210876989e-01
rand30_62,34.860826,2.624338370333e-01
rand30_62,35.495172,2.668059537001e-01
rand30_62,36.141062,2.712377465508e-01
rand30_62,36.798704,2.757295028814e-01
rand30_62,37.468313,2.802814872789e-01
rand30_62,38.150106,2.848939404388e-01
rand30_62,38.844306,2.895670779529e-01
rand30_62,39.551138,2.943010890697e-01
rand30_62,40.270832,2.990961354262e-01
rand30_62,41.003622,3.039523497540e-01
rand30_62,41.749746,3.088698345594e-01
rand30_62,42.509447,3.138486607799e-01
rand30_62,43.282972,3.188888664173e-01
rand30_62,44.070572,3.239904551512e-01
rand30_62,44.872504,3.291533949317e-01
rand30_62,45.689028,3.343776165570e-01
rand30_62,46.52041,3.396630122348e-01
rand30_62,47.366921,3.450094341329e-01
rand30_62,48.228835,3.504166929198e-01
rand30_62,49.106433,3.558845562992e-01
rand30_62,50,3.614127475417e-01
rand40_71,0.001,-1.430561636713e-06
rand40_71,0.0010181965,-1.456486992709e-06
rand40_71,0.0010367242,-1.482880212959e-06
rand40_71,0.001055589,-1.509749666046e-06
rand40_71,0.0010747971,-1.537103872042e-06
rand40_71,0.0010943546,-1.564951497991e-06
rand40_71,0.0011142681,-1.593301362409e-06
rand40_71,0.0011345439,-1.622162439936e-06
rand40_71,0.0011551887,-1.651543862988e-06
rand40_71,0.0011762091,-1.681454921225e-06
rand40_71,0.0011976121,-1.711905070780e-06
rand40_71,0.0012194045,-1.742903927052e-06
rand40_71,0.0012415934,-1.774461280278e-06
rand40_71,0.0012641861,-1.806587089318e-06
rand40_71,0.0012871899,-1.839291483155e-06
rand40_71,0.0013106123,-1.872584773417e-06
rand40_71,0.0013344609,-1.906477444103e-06
rand40_71,0.0013587435,-1.940980165725e-06
rand40_71,0.0013834679,-1.976103798477e-06
rand40_71,0.0014086423,-2.011859383940e-06
rand40_71,0.0014342747,-2.048258158566e-06
rand40_71,0.0014603735,-2.085311551246e-06
rand40_71,0.0014869473,-2.123031193277e-06
rand40_71,0.0015140046,-2.161428915427e-06
rand40_71,0.0015415542,-2.200516747979e-06
rand40_71,0.0015696052,-2.240306938070e-06
rand40_71,0.0015981665,-2.280811935164e-06
rand40_71,0.0016272476,-2.322044411449e-06
rand40_71,0.0016568579,-2.364017249131e-06
rand40_71,0.001687007,-2.406743559941e-06
rand40_71,0.0017177047,-2.450236675763e-06
rand40_71,0.001748961,-2.494510156030e-06
rand40_71,0.001780786,-2.539577797699e-06
rand40_71,0.0018131901,-2.585453629328e-06
rand40_71,0.0018461839,-2.632151923503e-06
rand40_71,0.0018797781,-2.679687191981e-06
rand40_71,0.0019139835,-2.728074197797e-06
rand40_71,0.0019488114,-2.777327951919e-06
rand40_71,0.001984273,-2.827463725233e-06
rand40_71,0.00202038,-2.878497042468e-06
rand40_71,0.0020571439,-2.930443696361e-06
rand40_71,0.0020945768,-2.983319744542e-06
rand40_71,0.0021326908,-3.037141518260e-06
rand40_71,0.0021714984,-3.091925623861e-06
rand40_71,0.0022110122,-3.147688944827e-06
rand40_71,0.0022512449,-3.204448655039e-06
rand40_71,0.0022922098,-3.262222211087e-06
rand40_71,0.0023339201,-3.321027365628e-06
rand40_71,0.0023763894,-3.380882169628e-06
rand40_71,0.0024196314,-3.441804972704e-06
rand40_71,0.0024636603,-3.503814433927e-06
rand40_71,0.0025084904,-3.566929523232e-06
rand40_71,0.0025541363,-3.631169525698e-06
rand40_71,0.0026006127,-3.696554044196e-06
rand40_71,0.0026479349,-3.763103011058e-06
rand40_71,0.0026961181,-3.830836688154e-06
rand40_71,0.0027451782,-3.899775666737e-06
rand40_71,0.0027951309,-3.969940883700e-06
rand40_71,0.0028459926,-4.041353616368e-06
rand40_71,0.0028977798,-4.114035493343e-06
rand40_71,0.0029505094,-4.188008496830e-06
rand40_71,0.0030041984,-4.263294968681e-06
rand40_71,0.0030588645,-4.339917614288e-06
rand40_71,0.0031145252,-4.417899507863e-06
rand40_71,0.0031711988,-4.497264101074e-06
rand40_71,0.0032289036,-4.578035221282e-06
rand40_71,0.0032876585,-4.660237085776e-06
rand40_71,0.0033474825,-4.743894294804e-06
rand40_71,0.0034083951,-4.829031852300e-06
rand40_71,0.0034704161,-4.915675154068e-06
rand40_71,0.0035335657,-5.003850010221e-06
rand40_71,0.0035978643,-5.093582634005e-06
rand40_71,0.003663333,-5.184899664920e-06
rand40_71,0.003729993,-5.277828154727e-06
rand40_71,0.003797866,-5.372395587297e-06
rand40_71,0.003866974,-5.468629879400e-06
rand40_71,0.0039373395,-5.566559384087e-06
rand40_71,0.0040089855,-5.666212900877e-06
rand40_71,0.0040819351,-5.767619674758e-06
rand40_71,0.0041562122,-5.870809407583e-06
rand40_71,0.0042318409,-5.975812261176e-06
rand40_71,0.0043088458,-6.082658858885e-06
rand40_71,0.0043872519,-6.191380301270e-06
rand40_71,0.0044670847,-6.302008160696e-06
rand40_71,0.0045483701,-6.414574487829e-06
rand40_71,0.0046311347,-6.529111828365e-06
rand40_71,0.0047154054,-6.645653213770e-06
rand40_71,0.0048012094,-6.764232176943e-06
rand40_71,0.0048885748,-6.884882749146e-06
rand40_71,0.00497753,-7.007639471905e-06
rand40_71,0.0050681038,-7.132537402442e-06
rand40_71,0.0051603257,-7.259612110656e-06
rand40_71,0.0052542258,-7.388899697778e-06
rand40_71,0.0053498345,-7.520436783786e-06
rand40_71,0.005447183,-7.654260528722e-06
rand40_71,0.0055463029,-7.790408627119e-06
rand40_71,0.0056472264,-7.928919320365e-06
rand40_71,0.0057499864,-8.069831392541e-06
rand40_71,0.0058546163,-8.213184184356e-06
rand40_71,0.00596115,-8.359017587917e-06
rand40_71,0.0060696223,-8.507372062193e-06
rand40_71,0.0061800684,-8.658288625214e-06
rand40_71,0.0062925243,-8.811808867071e-06
rand40_71,0.0064070265,-8.967974952788e-06
rand40_71,0.0065236122,-9.126829619380e-06
rand40_71,0.0066423193,-9.288416187939e-06
rand40_71,0.0067631866,-9.452778559372e-06
rand40_71,0.0068862532,-9.619961227256e-06
rand40_71,0.0070115591,-9.790009265894e-06
rand40_71,0.0071391452,-9.962968351107e-06
rand40_71,0.007269053,-1.013888474905e-05
rand40_71,0.0074013246,-1.031780532182e-05
rand40_71,0.0075360031,-1.049977753408e-05
rand40_71,0.0076731323,-1.068484944796e-05
rand40_71,0.0078127567,-1.087306972840e-05
rand40_71,0.0079549219,-1.106448764570e-05
rand40_71,0.0080996739,-1.125915307232e-05
rand40_71,0.0082470599,-1.145711648160e-05
rand40_71,0.0083971279,-1.165842895809e-05
rand40_71,0.0085499266,-1.186314218473e-05
rand40_71,0.0087055056,-1.207130844520e-05
rand40_71,0.0088639157,-1.228298063261e-05
rand40_71,0.0090252083,-1.249821223302e-05
rand40_71,0.0091894359,-1.271705733085e-05
rand40_71,0.0093566518,-1.293957060760e-05
rand40_71,0.0095269105,-1.316580733434e-05
rand40_71,0.0097002673,-1.339582336957e-05
rand40_71,0.0098767786,-1.362967515465e-05
rand40_71,0.010056502,-1.386741970942e-05
rand40_71,0.010239495,-1.410911462569e-05
rand40_71,0.010425819,-1.435481805782e-05
rand40_71,0.010615533,-1.460458872387e-05
rand40_71,0.010808698,-1.485848588729e-05
rand40_71,0.011005379,-1.511656935278e-05
rand40_71,0.011205639,-1.537889946403e-05
rand40_71,0.011409543,-1.564553707885e-05
rand40_71,0.011617157,-1.591654356602e-05
rand40_71,0.011828549,-1.619198079204e-05
rand40_71,0.012043788,-1.647191110976e-05
rand40_71,0.012262943,-1.675639734379e-05
rand40_71,0.012486086,-1.704550276328e-05
rand40_71,0.01271329,-1.733929108821e-05
rand40_71,0.012944628,-1.763782644792e-05
rand40_71,0.013180175,-1.794117337772e-05
rand40_71,0.013420009,-1.824939679025e-05
rand40_71,0.013664207,-1.856256195824e-05
rand40_71,0.013912848,-1.888073448962e-05
rand40_71,0.014166013,-1.920398030146e-05
rand40_71,0.014423786,-1.953236559586e-05
rand40_71,0.014686249,-1.986595683133e-05
rand40_71,0.014953488,-2.020482069406e-05
rand40_71,0.01522559,-2.054902406364e-05
rand40_71,0.015502643,-2.089863398268e-05
rand40_71,0.015784737,-2.125371761911e-05
rand40_71,0.016071965,-2.161434223716e-05
rand40_71,0.016364419,-2.198057514316e-05
rand40_71,0.016662195,-2.235248365899e-05
rand40_71,0.016965389,-2.273013507175e-05
rand40_71,0.0172741,-2.311359658592e-05
rand40_71,0.017588429,-2.350293527844e-05
rand40_71,0.017908478,-2.389821804701e-05
rand40_71,0.01823435,-2.429951155909e-05
rand40_71,0.018566152,-2.470688218775e-05
rand40_71,0.018903992,-2.512039596004e-05
rand40_71,0.019247979,-2.554011849310e-05
rand40_71,0.019598226,-2.596611492253e-05
rand40_71,0.019954845,-2.639844984427e-05
rand40_71,0.020317955,-2.683718723751e-05
rand40_71,0.020687671,-2.728239038291e-05
rand40_71,0.021064115,-2.773412179454e-05
rand40_71,0.021447409,-2.819244312835e-05
rand40_71,0.021837678,-2.865741510354e-05
rand40_71,0.022235048,-2.912909740227e-05
rand40_71,0.022639649,-2.960754857898e-05
rand40_71,0.023051612,-3.009282596081e-05
rand40_71,0.023471072,-3.058498554120e-05
rand40_71,0.023898164,-3.108408187785e-05
rand40_71,0.024333028,-3.159016796702e-05
rand40_71,0.024775805,-3.210329513495e-05
rand40_71,0.025226639,-3.262351290159e-05
rand40_71,0.025685676,-3.315086886709e-05
rand40_71,0.026153066,-3.368540855710e-05
rand40_71,0.026628962,-3.422717529454e-05
rand40_71,0.027113517,-3.477621004563e-05
rand40_71,0.027606889,-3.533255126368e-05
rand40_71,0.028109239,-3.589623473140e-05
rand40_71,0.02862073,-3.646729339360e-05
rand40_71,0.029141528,-3.704575717176e-05
rand40_71,0.029671803,-3.763165279349e-05
rand40_71,0.030211727,-3.822500359474e-05
rand40_71,0.030761476,-3.882582931831e-05
rand40_71,0.031321228,-3.943414590922e-05
rand40_71,0.031891166,-4.004996530371e-05
rand40_71,0.032471475,-4.067329519182e-05
rand40_71,0.033062344,-4.130413879345e-05
rand40_71,0.033663964,-4.194249460815e-05
rand40_71,0.034276531,-4.258835616158e-05
rand40_71,0.034900246,-4.324171174248e-05
rand40_71,0.035535309,-4.390254412427e-05
rand40_71,0.036181929,-4.457083027556e-05
rand40_71,0.036840315,-4.524654106986e-05
rand40_71,0.037510681,-4.592964096466e-05
rand40_71,0.038193246,-4.662008768331e-05
rand40_71,0.038888231,-4.731783188089e-05
rand40_71,0.039595862,-4.802281678506e-05
rand40_71,0.04031637,-4.873497783944e-05
rand40_71,0.041049988,-4.945424232393e-05
rand40_71,0.041796956,-5.018052896488e-05
rand40_71,0.042557516,-5.091374751509e-05
rand40_71,0.043331915,-5.165379834185e-05
rand40_71,0.044120406,-5.240057197886e-05
rand40_71,0.044923245,-5.315394866540e-05
rand40_71,0.045740692,-5.391379786972e-05
rand40_71,0.046573015,-5.467997780660e-05
rand40_71,0.047420482,-5.545233490055e-05
rand40_71,0.048283371,-5.623070327322e-05
rand40_71,0.049161961,-5.701490417312e-05
rand40_71,0.050056539,-5.780474540881e-05
rand40_71,0.050967395,-5.860002074822e-05
rand40_71,0.051894825,-5.940050929704e-05
rand40_71,0.052839131,-6.020597485535e-05
rand40_71,0.053800621,-6.101616525153e-05
rand40_71,0.054779606,-6.183081164300e-05
rand40_71,0.055776405,-6.264962779804e-05
rand40_71,0.056791342,-6.347230935800e-05
rand40_71,0.057824748,-6.429853304684e-05
rand40_71,0.058876959,-6.512795588148e-05
rand40_71,0.059948316,-6.596021433107e-05
rand40_71,0.061039167,-6.679492345415e-05
rand40_71,0.062149869,-6.763167600582e-05
rand40_71,0.063280782,-6.847004150242e-05
rand40_71,0.064432273,-6.930956526232e-05
rand40_71,0.065604717,-7.014976741078e-05
rand40_71,0.066798496,-7.099014183677e-05
rand40_71,0.068013998,-7.183015512842e-05
rand40_71,0.069251617,-7.266924545687e-05
rand40_71,0.070511757,-7.350682142769e-05
rand40_71,0.071794827,-7.434226088383e-05
rand40_71,0.073101244,-7.517490967471e-05
rand40_71,0.074431434,-7.600408037140e-05
rand40_71,0.075785828,-7.682905094213e-05
rand40_71,0.077164868,-7.764906338393e-05
rand40_71,0.078569002,-7.846332229039e-05
rand40_71,0.079998686,-7.927099338504e-05
rand40_71,0.081454385,-8.007120200187e-05
rand40_71,0.082936573,-8.086303149471e-05
rand40_71,0.084445731,-8.164552161475e-05
rand40_71,0.085982352,-8.241766681276e-05
rand40_71,0.087546933,-8.317841449322e-05
rand40_71,0.089139984,-8.392666320217e-05
rand40_71,0.090762023,-8.466126075098e-05
rand40_71,0.092413578,-8.538100228304e-05
rand40_71,0.094095185,-8.608462826211e-05
rand40_71,0.095807392,-8.677082240290e-05
rand40_71,0.097550755,-8.743820952273e-05
rand40_71,0.099325841,-8.808535332468e-05
rand40_71,0.10113323,-8.871075410214e-05
rand40_71,0.1029735,-8.931284636449e-05
rand40_71,0.10484726,-8.988999638860e-05
rand40_71,0.10675512,-9.044049967854e-05
rand40_71,0.1086977,-9.096257834779e-05
rand40_71,0.11067562,-9.145437841105e-05
rand40_71,0.11268953,-9.191396698135e-05
rand40_71,0.11474009,-9.233932938237e-05
rand40_71,0.11682796,-9.272836615418e-05
rand40_71,0.11895383,-9.307888997064e-05
rand40_71,0.12111837,-9.338862244897e-05
rand40_71,0.12332231,-9.365519085305e-05
rand40_71,0.12556635,-9.387612469444e-05
rand40_71,0.12785122,-9.404885221901e-05
rand40_71,0.13017767,-9.417069677505e-05
rand40_71,0.13254646,-9.423887307540e-05
rand40_71,0.13495834,-9.425048332608e-05
rand40_71,0.13741412,-9.420251324238e-05
rand40_71,0.13991458,-9.409182792142e-05
rand40_71,0.14246054,-9.391516760073e-05
rand40_71,0.14505283,-9.366914327356e-05
rand40_71,0.14769229,-9.335023215595e-05
rand40_71,0.15037978,-9.295477303388e-05
rand40_71,0.15311617,-9.247896144323e-05
rand40_71,0.15590235,-9.191884470352e-05
rand40_71,0.15873924,-9.127031680129e-05
rand40_71,0.16162774,-9.052911312333e-05
rand40_71,0.16456881,-8.969080499856e-05
rand40_71,0.16756339,-8.875079410214e-05
rand40_71,0.17061246,-8.770430667692e-05
rand40_71,0.17371702,-8.654638756905e-05
rand40_71,0.17687807,-8.527189409714e-05
rand40_71,0.18009664,-8.387548973313e-05
rand40_71,0.18337377,-8.235163758105e-05
rand40_71,0.18671054,-8.069459367769e-05
rand40_71,0.19010803,-7.889840008169e-05
rand40_71,0.19356733,-7.695687776248e-05
rand40_71,0.19708959,-7.486361927934e-05
rand40_71,0.20067594,-7.261198124274e-05
rand40_71,0.20432755,-7.019507656012e-05
rand40_71,0.2080456,-6.760576645164e-05
rand40_71,0.21183131,-6.483665224475e-05
rand40_71,0.21568591,-6.188006691623e-05
rand40_71,0.21961064,-5.872806640921e-05
rand40_71,0.2236068,-5.537242069618e-05
rand40_71,0.22767567,-5.180460459244e-05
rand40_71,0.23181858,-4.801578830566e-05
rand40_71,0.23603687,-4.399682773391e-05
rand40_71,0.24033193,-3.973825448260e-05
rand40_71,0.24470514,-3.523026561232e-05
rand40_71,0.24915792,-3.046271311151e-05
rand40_71,0.25369174,-2.542509306824e-05
rand40_71,0.25830805,-2.010653457094e-05
rand40_71,0.26300836,-1.449578829459e-05
rand40_71,0.2677942,-8.581214789708e-06
rand40_71,0.27266713,-2.350772466074e-06
rand40_71,0.27762873,4.207994746011e-06
rand40_71,0.28268061,1.110797004086e-05
rand40_71,0.28782442,1.836247672809e-05
rand40_71,0.29306183,2.598529154079e-05
rand40_71,0.29839454,3.399065827861e-05
rand40_71,0.30382429,4.239330180596e-05
rand40_71,0.30935284,5.120844238514e-05
rand40_71,0.31498199,6.045181037439e-05
rand40_71,0.32071357,7.013966127606e-05
rand40_71,0.32654945,8.028879114435e-05
rand40_71,0.33249152,9.091655238213e-05
rand40_71,0.33854171,1.020408698843e-04
rand40_71,0.344702,1.136802575763e-04
rand40_71,0.35097438,1.258538353348e-04
rand40_71,0.3573609,1.385813462833e-04
rand40_71,0.36386363,1.518831744941e-04
rand40_71,0.37048469,1.657803630746e-04
rand40_71,0.37722623,1.802946326555e-04
rand40_71,0.38409044,1.954484002764e-04
rand40_71,0.39107956,2.112647986907e-04
rand40_71,0.39819586,2.277676960544e-04
rand40_71,0.40544164,2.449817160493e-04
rand40_71,0.41281928,2.629322583992e-04
rand40_71,0.42033116,2.816455198158e-04
rand40_71,0.42797973,3.011485153411e-04
rand40_71,0.43576748,3.214691001255e-04
rand40_71,0.44369694,3.426359916117e-04
rand40_71,0.45177069,3.646787921281e-04
rand40_71,0.45999135,3.876280119183e-04
rand40_71,0.46836161,4.115150925592e-04
rand40_71,0.47688417,4.363724308171e-04
rand40_71,0.48556181,4.622334028934e-04
rand40_71,0.49439735,4.891323890986e-04
rand40_71,0.50339367,5.171047989074e-04
rand40_71,0.5125537,5.461870964314e-04
rand40_71,0.5218804,5.764168262886e-04
rand40_71,0.53137682,6.078326398430e-04
rand40_71,0.54104604,6.404743218560e-04
rand40_71,0.5508912,6.743828174895e-04
rand40_71,0.56091551,7.096002596928e-04
rand40_71,0.57112224,7.461699969475e-04
rand40_71,0.58151468,7.841366213607e-04
rand40_71,0.59209624,8.235459971054e-04
rand40_71,0.60287034,8.644452891796e-04
rand40_71,0.6138405,9.068829925034e-04
rand40_71,0.62501027,9.509089613035e-04
rand40_71,0.63638329,9.965744388062e-04
rand40_71,0.64796327,1.043932087197e-03
rand40_71,0.65975396,1.093036017853e-03
rand40_71,0.67175919,1.143941821826e-03
rand40_71,0.68398289,1.196706600551e-03
rand40_71,0.69642901,1.251388996771e-03
rand40_71,0.70910161,1.308049225673e-03
rand40_71,0.7220048,1.366749106185e-03
rand40_71,0.73514279,1.427552092453e-03
rand40_71,0.74851985,1.490523305445e-03
rand40_71,0.76214032,1.555729564691e-03
rand40_71,0.77600863,1.623239420117e-03
rand40_71,0.7901293,1.693123183972e-03
rand40_71,0.80450692,1.765452962812e-03
rand40_71,0.81914617,1.840302689528e-03
rand40_71,0.83405179,1.917748155411e-03
rand40_71,0.84922865,1.997867042205e-03
rand40_71,0.86468167,2.080738954162e-03
rand40_71,0.88041588,2.166445450066e-03
rand40_71,0.89643641,2.255070075206e-03
rand40_71,0.91274845,2.346698393291e-03
rand40_71,0.92935731,2.441418018293e-03
rand40_71,0.9462684,2.539318646196e-03
rand40_71,0.96348721,2.640492086666e-03
rand40_71,0.98101934,2.745032294592e-03
rand40_71,0.9988705,2.853035401545e-03
rand40_71,1.0170465,2.964599747112e-03
rand40_71,1.0355532,3.079825910121e-03
rand40_71,1.0543967,3.198816739776e-03
rand40_71,1.0735831,3.321677386679e-03
rand40_71,1.0931186,3.448515333790e-03
rand40_71,1.1130095,3.579440427307e-03
rand40_71,1.1332625,3.714564907521e-03
rand40_71,1.1538839,3.854003439649e-03
rand40_71,1.1748806,3.997873144693e-03
rand40_71,1.1962594,4.146293630355e-03
rand40_71,1.2180272,4.299387022072e-03
rand40_71,1.240191,4.457277994190e-03
rand40_71,1.2627582,4.620093801382e-03
rand40_71,1.285736,4.787964310316e-03
rand40_71,1.309132,4.961022031708e-03
rand40_71,1.3329537,5.139402152794e-03
rand40_71,1.3572088,5.323242570316e-03
rand40_71,1.3819053,5.512683924136e-03
rand40_71,1.4070512,5.707869631539e-03
rand40_71,1.4326547,5.908945922372e-03
rand40_71,1.458724,6.116061875093e-03
rand40_71,1.4852678,6.329369453865e-03
rand40_71,1.5122945,6.549023546821e-03
rand40_71,1.539813,6.775182005604e-03
rand40_71,1.5678323,7.008005686333e-03
rand40_71,1.5963614,7.247658492112e-03
rand40_71,1.6254097,7.494307417216e-03
rand40_71,1.6549865,7.748122593098e-03
rand40_71,1.6851015,8.009277336331e-03
rand40_71,1.7157645,8.277948198633e-03
rand40_71,1.7469855,8.554315019077e-03
rand40_71,1.7787746,8.838560978649e-03
rand40_71,1.8111421,9.130872657219e-03
rand40_71,1.8440987,9.431440093071e-03
rand40_71,1.8776549,9.740456845070e-03
rand40_71,1.9118217,1.005812005756e-02
rand40_71,1.9466102,1.038463052805e-02
rand40_71,1.9820318,1.072019277782e-02
rand40_71,2.0180979,1.106501512533e-02
rand40_71,2.0548203,1.141930976267e-02
rand40_71,2.0922109,1.178329283487e-02
rand40_71,2.1302819,1.215718452222e-02
rand40_71,2.1690457,1.254120912542e-02
rand40_71,2.2085148,1.293559515362e-02
rand40_71,2.2487022,1.334057541520e-02
rand40_71,2.2896208,1.375638711131e-02
rand40_71,2.3312839,1.418327193186e-02
rand40_71,2.3737052,1.462147615403e-02
rand40_71,2.4168984,1.507125074298e-02
rand40_71,2.4608776,1.553285145464e-02
rand40_71,2.5056571,1.600653894040e-02
rand40_71,2.5512514,1.649257885338e-02
rand40_71,2.5976753,1.699124195620e-02
rand40_71,2.644944,1.750280422978e-02
rand40_71,2.6930729,1.802754698304e-02
rand40_71,2.7420775,1.856575696318e-02
rand40_71,2.7919738,1.911772646615e-02
rand40_71,2.842778,1.968375344717e-02
rand40_71,2.8945068,2.026414163069e-02
rand40_71,2.9471768,2.085920061979e-02
rand40_71,3.0008052,2.146924600434e-02
rand40_71,3.0554095,2.209459946783e-02
rand40_71,3.1110073,2.273558889241e-02
rand40_71,3.1676169,2.339254846169e-02
rand40_71,3.2252566,2.406581876116e-02
rand40_71,3.2839451,2.475574687565e-02
rand40_71,3.3437015,2.546268648360e-02
rand40_71,3.4045453,2.618699794775e-02
rand40_71,3.4664963,2.692904840187e-02
rand40_71,3.5295745,2.768921183318e-02
rand40_71,3.5938005,2.846786916015e-02
rand40_71,3.6591953,2.926540830525e-02
rand40_71,3.72578,3.008222426236e-02
rand40_71,3.7935763,3.091871915843e-02
rand40_71,3.8626062,3.177530230914e-02
rand40_71,3.9328923,3.265239026804e-02
rand40_71,4.0044573,3.355040686896e-02
rand40_71,4.0773246,3.446978326131e-02
rand40_71,4.1515178,3.541095793776e-02
rand40_71,4.227061,3.637437675413e-02
rand40_71,4.3039789,3.736049294103e-02
rand40_71,4.3822965,3.836976710671e-02
rand40_71,4.4620391,3.940266723104e-02
rand40_71,4.5432328,4.045966864990e-02
rand40_71,4.6259039,4.154125402967e-02
rand40_71,4.7100793,4.264791333150e-02
rand40_71,4.7957865,4.378014376465e-02
rand40_71,4.8830532,4.493844972864e-02
rand40_71,4.9719078,4.612334274363e-02
rand40_71,5.0623794,4.733534136843e-02
rand40_71,5.1544971,4.857497110582e-02
rand40_71,5.2482912,4.984276429430e-02
rand40_71,5.3437919,5.113925998600e-02
rand40_71,5.4410304,5.246500380990e-02
rand40_71,5.5400383,5.382054781977e-02
rand40_71,5.6408479,5.520645032623e-02
rand40_71,5.7434918,5.662327571208e-02
rand40_71,5.8480034,5.807159423033e-02
rand40_71,5.9544169,5.955198178389e-02
rand40_71,6.0627667,6.106501968646e-02
rand40_71,6.173088,6.261129440334e-02
rand40_71,6.2854169,6.419139727167e-02
rand40_71,6.3997897,6.580592419883e-02
rand40_71,6.5162437,6.745547533820e-02
rand40_71,6.6348168,6.914065474120e-02
rand40_71,6.7555475,7.086206998442e-02
rand40_71,6.8784751,7.262033177083e-02
rand40_71,7.0036396,7.441605350370e-02
rand40_71,7.1310816,7.624985083208e-02
rand40_71,7.2608426,7.812234116629e-02
rand40_71,7.3929648,8.003414316215e-02
rand40_71,7.5274911,8.198587617219e-02
rand40_71,7.6644654,8.397815966225e-02
rand40_71,7.8039322,8.601161259166e-02
rand40_71,7.9459367,8.808685275494e-02
rand40_71,8.0905253,9.020449608282e-02
rand40_71,8.2377449,9.236515590039e-02
rand40_71,8.3876433,9.456944213938e-02
rand40_71,8.5402694,9.681796050197e-02
rand40_71,8.6956727,9.911131157252e-02
rand40_71,8.8539039,1.014500898736e-01
rand40_71,9.0150143,1.038348828619e-01
rand40_71,9.1790564,1.062662698592e-01
rand40_71,9.3460834,1.087448209129e-01
rand40_71,9.5161498,1.112710955783e-01
rand40_71,9.6893108,1.138456416174e-01
rand40_71,9.8656227,1.164689936018e-01
rand40_71,10.045143,1.191416714122e-01
rand40_71,10.22793,1.218641786197e-01
rand40_71,10.414043,1.246370007352e-01
rand40_71,10.603542,1.274606033083e-01
rand40_71,10.79649,1.303354298567e-01
rand40_71,10.992949,1.332618995980e-01
rand40_71,11.192982,1.362404049592e-01
rand40_71,11.396656,1.392713088256e-01
rand40_71,11.604036,1.423549414913e-01
rand40_71,11.815189,1.454915972652e-01
rand40_71,12.030184,1.486815306778e-01
rand40_71,12.249092,1.519249522311e-01
rand40_71,12.471983,1.552220236249e-01
rand40_71,12.69893,1.585728523917e-01
rand40_71,12.930007,1.619774858717e-01
rand40_71,13.165288,1.654359044672e-01
rand40_71,13.404851,1.689480141391e-01
rand40_71,13.648773,1.725136381435e-01
rand40_71,13.897133,1.761325080811e-01
rand40_71,14.150013,1.798042544392e-01
rand40_71,14.407494,1.835283969840e-01
rand40_71,14.669661,1.873043356037e-01
rand40_71,14.936598,1.911313425563e-01
rand40_71,15.208392,1.950085575171e-01
rand40_71,15.485132,1.989349873550e-01
rand40_71,15.766908,2.029095131062e-01
rand40_71,16.053811,2.069309070328e-01
rand40_71,16.345935,2.109978626848e-01
rand40_71,16.643375,2.151090402319e-01
rand40_71,16.946226,2.192631276346e-01
rand40_71,17.254589,2.234589153789e-01
rand40_71,17.568563,2.276953787760e-01
rand40_71,17.88825,2.319717581572e-01
rand40_71,18.213754,2.362876250975e-01
rand40_71,18.545181,2.406429234164e-01
rand40_71,18.88264,2.450379776255e-01
rand40_71,19.226238,2.494734677648e-01
rand40_71,19.576089,2.539503761096e-01
rand40_71,19.932306,2.584699158421e-01
rand40_71,20.295005,2.630334532485e-01
rand40_71,20.664304,2.676424335311e-01
rand40_71,21.040323,2.722983170927e-01
rand40_71,21.423184,2.770025295767e-01
rand40_71,21.813012,2.817564259983e-01
rand40_71,22.209933,2.865612674188e-01
rand40_71,22.614077,2.914182077213e-01
rand40_71,23.025575,2.963282878874e-01
rand40_71,23.444561,3.012924354388e-01
rand40_71,23.871171,3.063114671493e-01
rand40_71,24.305544,3.113860936087e-01
rand40_71,24.74782,3.165169246339e-01
rand40_71,25.198145,3.217044748604e-01
rand40_71,25.656664,3.269491690982e-01
rand40_71,26.123527,3.322513472129e-01
rand40_71,26.598884,3.376112684152e-01
rand40_71,27.082892,3.430291149206e-01
rand40_71,27.575707,3.485049949879e-01
rand40_71,28.077489,3.540389453755e-01
rand40_71,28.588402,3.596309332684e-01
rand40_71,29.108612,3.652808577318e-01
rand40_71,29.638288,3.709885507540e-01
rand40_71,30.177603,3.767537779322e-01
rand40_71,30.726731,3.825762388553e-01
rand40_71,31.285851,3.884555672318e-01
rand40_71,31.855145,3.943913308062e-01
rand40_71,32.434798,4.003830311027e-01
rand40_71,33.025,4.064301030301e-01
rand40_71,33.62594,4.125319143809e-01
rand40_71,34.237816,4.186877652495e-01
rand40_71,34.860826,4.248968873974e-01
rand40_71,35.495172,4.311584435845e-01
rand40_71,36.141062,4.374715268895e-01
rand40_71,36.798704,4.438351600362e-01
rand40_71,37.468313,4.502482947437e-01
rand40_71,38.150106,4.567098111151e-01
rand40_71,38.844306,4.632185170801e-01
rand40_71,39.551138,4.697731479053e-01
rand40_71,40.270832,4.763723657845e-01
rand40_71,41.003622,4.830147595212e-01
rand40_71,41.749746,4.896988443155e-01
rand40_71,42.509447,4.964230616664e-01
rand40_71,43.282972,5.031857793986e-01
rand40_71,44.070572,5.099852918261e-01
rand40_71,44.872504,5.168198200605e-01
rand40_71,45.689028,5.236875124732e-01
rand40_71,46.52041,5.305864453206e-01
rand40_71,47.366921,5.375146235398e-01
rand40_71,48.228835,5.444699817225e-01
rand40_71,49.106433,5.514503852721e-01
rand40_71,50,5.584536317533e-01
rand40_72,0.001,9.385859066578e-07
rand40_72,0.0010181965,9.557391637004e-07
rand40_72,0.0010367242,9.732072754652e-07
rand40_72,0.001055589,9.909960712533e-07
rand40_72,0.0010747971,1.009111493190e-06
rand40_72,0.0010943546,1.027559589512e-06
rand40_72,0.0011142681,1.046346525544e-06
rand40_72,0.0011345439,1.065478583079e-06
rand40_72,0.0011551887,1.084962162541e-06
rand40_72,0.0011762091,1.104803782519e-06
rand40_72,0.0011976121,1.125010089421e-06
rand40_72,0.0012194045,1.145587851336e-06
rand40_72,0.0012415934,1.166543966910e-06
rand40_72,0.0012641861,1.187885463258e-06
rand40_72,0.0012871899,1.209619501312e-06
rand40_72,0.0013106123,1.231753379807e-06
rand40_72,0.0013344609,1.254294534100e-06
rand40_72,0.0013587435,1.277250539020e-06
rand40_72,0.0013834679,1.300629118469e-06
rand40_72,0.0014086423,1.324438136664e-06
rand40_72,0.0014342747,1.348685613391e-06
rand40_72,0.0014603735,1.373379717537e-06
rand40_72,0.0014869473,1.398528771927e-06
rand40_72,0.0015140046,1.424141265990e-06
rand40_72,0.0015415542,1.450225842343e-06
rand40_72,0.0015696052,1.476791314313e-06
rand40_72,0.0015981665,1.503846659355e-06
rand40_72,0.0016272476,1.531401032416e-06
rand40_72,0.0016568579,1.559463757160e-06
rand40_72,0.001687007,1.588044342029e-06
rand40_72,0.0017177047,1.617152472423e-06
rand40_72,0.001748961,1.646798025943e-06
rand40_72,0.001780786,1.676991062538e-06
rand40_72,0.0018131901,1.707741840714e-06
rand40_72,0.0018461839,1.739060816147e-06
rand40_72,0.0018797781,1.770958646592e-06
rand40_72,0.0019139835,1.803446190093e-06
rand40_72,0.0019488114,1.836534520405e-06
rand40_72,0.001984273,1.870234922293e-06
rand40_72,0.00202038,1.904558901429e-06
rand40_72,0.0020571439,1.939518180820e-06
rand40_72,0.0020945768,1.975124718217e-06
rand40_72,0.0021326908,2.011390695695e-06
rand40_72,0.0021714984,2.048328538569e-06
rand40_72,0.0022110122,2.085950910711e-06
rand40_72,0.0022512449,2.124270720908e-06
rand40_72,0.0022922098,2.163301135028e-06
rand40_72,0.0023339201,2.203055569621e-06
rand40_72,0.0023763894,2.243547702833e-06
rand40_72,0.0024196314,2.284791488099e-06
rand40_72,0.0024636603,2.326801145098e-06
rand40_72,0.0025084904,2.369591174599e-06
rand40_72,0.0025541363,2.413176362054e-06
rand40_72,0.0026006127,2.457571782090e-06
rand40_72,0.0026479349,2.502792805680e-06
rand40_72,0.0026961181,2.548855111538e-06
rand40_72,0.0027451782,2.595774680845e-06
rand40_72,0.0027951309,2.643567813197e-06
rand40_72,0.0028459926,2.692251130341e-06
rand40_72,0.0028977798,2.741841585568e-06
rand40_72,0.0029505094,2.792356461478e-06
rand40_72,0.0030041984,2.843813392582e-06
rand40_72,0.0030588645,2.896230356333e-06
rand40_72,0.0031145252,2.949625693596e-06
rand40_72,0.0031711988,3.004018107683e-06
rand40_72,0.0032289036,3.059426675762e-06
rand40_72,0.0032876585,3.115870857793e-06
rand40_72,0.0033474825,3.173370501216e-06
rand40_72,0.0034083951,3.231945852599e-06
rand40_72,0.0034704161,3.291617565727e-06
rand40_72,0.0035335657,3.352406708202e-06
rand40_72,0.0035978643,3.414334773765e-06
rand40_72,0.003663333,3.477423686452e-06
rand40_72,0.003729993,3.541695818973e-06
rand40_72,0.003797866,3.607173991458e-06
rand40_72,0.003866974,3.673881488934e-06
rand40_72,0.0039373395,3.741842070572e-06
rand40_72,0.0040089855,3.811079972894e-06
rand40_72,0.0040819351,3.881619935640e-06
rand40_72,0.0041562122,3.953487193605e-06
rand40_72,0.0042318409,4.026707505355e-06
rand40_72,0.0043088458,4.101307152164e-06
rand40_72,0.0043872519,4.177312955186e-06
rand40_72,0.0044670847,4.254752288058e-06
rand40_72,0.0045483701,4.333653085782e-06
rand40_72,0.0046311347,4.414043864224e-06
rand40_72,0.0047154054,4.495953721818e-06
rand40_72,0.0048012094,4.579412364376e-06
rand40_72,0.0048885748,4.664450111403e-06
rand40_72,0.00497753,4.751097913253e-06
rand40_72,0.0050681038,4.839387366211e-06
rand40_72,0.0051603257,4.929350720223e-06
rand40_72,0.0052542258,5.021020906637e-06
rand40_72,0.0053498345,5.114431540777e-06
rand40_72,0.005447183,5.209616946142e-06
rand40_72,0.0055463029,5.306612166894e-06
rand40_72,0.0056472264,5.405452987053e-06
rand40_72,0.0057499864,5.506175941258e-06
rand40_72,0.0058546163,5.608818343561e-06
rand40_72,0.00596115,5.713418297881e-06
rand40_72,0.0060696223,5.820014713797e-06
rand40_72,0.0061800684,5.928647333335e-06
rand40_72,0.0062925243,6.039356742239e-06
rand40_72,0.0064070265,6.152184402828e-06
rand40_72,0.0065236122,6.267172653024e-06
rand40_72,0.0066423193,6.384364751734e-06
rand40_72,0.0067631866,6.503804885972e-06
rand40_72,0.0068862532,6.625538191749e-06
rand40_72,0.0070115591,6.749610789169e-06
rand40_72,0.0071391452,6.876069788131e-06
rand40_72,0.007269053,7.004963332584e-06
rand40_72,0.0074013246,7.136340607126e-06
rand40_72,0.0075360031,7.270251875084e-06
rand40_72,0.0076731323,7.406748497390e-06
rand40_72,0.0078127567,7.545882961570e-06
rand40_72,0.0079549219,7.687708910139e-06
rand40_72,0.0080996739,7.832281168183e-06
rand40_72,0.0082470599,7.979655771779e-06
rand40_72,0.0083971279,8.129889998035e-06
rand40_72,0.0085499266,8.283042395310e-06
rand40_72,0.0087055056,8.439172818671e-06
rand40_72,0.0088639157,8.598342454993e-06
rand40_72,0.0090252083,8.760613863902e-06
rand40_72,0.0091894359,8.926051009136e-06
rand40_72,0.0093566518,9.094719287086e-06
rand40_72,0.0095269105,9.266685576526e-06
rand40_72,0.0097002673,9.442018263656e-06
rand40_72,0.0098767786,9.620787287260e-06
rand40_72,0.010056502,9.803064173883e-06
rand40_72,0.010239495,9.988922079365e-06
rand40_72,0.010425819,1.017843583856e-05
rand40_72,0.010615533,1.037168199187e-05
rand40_72,0.010808698,1.056873884638e-05
rand40_72,0.011005379,1.076968650684e-05
rand40_72,0.011205639,1.097460693256e-05
rand40_72,0.011409543,1.118358397916e-05
rand40_72,0.011617157,1.139670345437e-05
rand40_72,0.011828549,1.161405316067e-05
rand40_72,0.012043788,1.183572295192e-05
rand40_72,0.012262943,1.206180478934e-05
rand40_72,0.012486086,1.229239279399e-05
rand40_72,0.01271329,1.252758330367e-05
rand40_72,0.012944628,1.276747493240e-05
rand40_72,0.013180175,1.301216863204e-05
rand40_72,0.013420009,1.326176775129e-05
rand40_72,0.013664207,1.351637810319e-05
rand40_72,0.013912848,1.377610802825e-05
rand40_72,0.014166013,1.404106846612e-05
rand40_72,0.014423786,1.431137301870e-05
rand40_72,0.014686249,1.458713803308e-05
rand40_72,0.014953488,1.486848266236e-05
rand40_72,0.01522559,1.515552895640e-05
rand40_72,0.015502643,1.544840192680e-05
rand40_72,0.015784737,1.574722963722e-05
rand40_72,0.016071965,1.605214328519e-05
rand40_72,0.016364419,1.636327728559e-05
rand40_72,0.016662195,1.668076935994e-05
rand40_72,0.016965389,1.700476063256e-05
rand40_72,0.0172741,1.733539571770e-05
rand40_72,0.017588429,1.767282282312e-05
rand40_72,0.017908478,1.801719384218e-05
rand40_72,0.01823435,1.836866446590e-05
rand40_72,0.018566152,1.872739428601e-05
rand40_72,0.018903992,1.909354690054e-05
rand40_72,0.019247979,1.946729002932e-05
rand40_72,0.019598226,1.984879563487e-05
rand40_72,0.019954845,2.023824003729e-05
rand40_72,0.020317955,2.063580403648e-05
rand40_72,0.020687671,2.104167304653e-05
rand40_72,0.021064115,2.145603722145e-05
rand40_72,0.021447409,2.187909159226e-05
rand40_72,0.021837678,2.231103620699e-05
rand40_72,0.022235048,2.275207627978e-05
rand40_72,0.022639649,2.320242232811e-05
rand40_72,0.023051612,2.366229034031e-05
rand40_72,0.023471072,2.413190192281e-05
rand40_72,0.023898164,2.461148446817e-05
rand40_72,0.024333028,2.510127132614e-05
rand40_72,0.024775805,2.560150196841e-05
rand40_72,0.025226639,2.611242218189e-05
rand40_72,0.025685676,2.663428423744e-05
rand40_72,0.026153066,2.716734709309e-05
rand40_72,0.026628962,2.771187658630e-05
rand40_72,0.027113517,2.826814563684e-05
rand40_72,0.027606889,2.883643445313e-05
rand40_72,0.028109239,2.941703075919e-05
rand40_72,0.02862073,3.001023000435e-05
rand40_72,0.029141528,3.061633560252e-05
rand40_72,0.029671803,3.123565916992e-05
rand40_72,0.030211727,3.186852076001e-05
rand40_72,0.030761476,3.251524913184e-05
rand40_72,0.031321228,3.317618199953e-05
rand40_72,0.031891166,3.385166630681e-05
rand40_72,0.032471475,3.454205850369e-05
rand40_72,0.033062344,3.524772483692e-05
rand40_72,0.033663964,3.596904163958e-05
rand40_72,0.034276531,3.670639564651e-05
rand40_72,0.034900246,3.746018430102e-05
rand40_72,0.035535309,3.823081608922e-05
rand40_72,0.036181929,3.901871086954e-05
rand40_72,0.036840315,3.982430022315e-05
rand40_72,0.037510681,4.064802781537e-05
rand40_72,0.038193246,4.149034976630e-05
rand40_72,0.038888231,4.235173502551e-05
rand40_72,0.039595862,4.323266577567e-05
rand40_72,0.04031637,4.413363783708e-05
rand40_72,0.041049988,4.505516108614e-05
rand40_72,0.041796956,4.599775989665e-05
rand40_72,0.042557516,4.696197358020e-05
rand40_72,0.043331915,4.794835685804e-05
rand40_72,0.044120406,4.895748033090e-05
rand40_72,0.044923245,4.998993098198e-05
rand40_72,0.045740692,5.104631268086e-05
rand40_72,0.046573015,5.212724671247e-05
rand40_72,0.047420482,5.323337232246e-05
rand40_72,0.048283371,5.436534727288e-05
rand40_72,0.049161961,5.552384843370e-05
rand40_72,0.050056539,5.670957237392e-05
rand40_72,0.050967395,5.792323597745e-05
rand40_72,0.051894825,5.916557708888e-05
rand40_72,0.052839131,6.043735517343e-05
rand40_72,0.053800621,6.173935199097e-05
rand40_72,0.054779606,6.307237230710e-05
rand40_72,0.055776405,6.443724461469e-05
rand40_72,0.056791342,6.583482188824e-05
rand40_72,0.057824748,6.726598235668e-05
rand40_72,0.058876959,6.873163030327e-05
rand40_72,0.059948316,7.023269689535e-05
rand40_72,0.061039167,7.177014102948e-05
rand40_72,0.062149869,7.334495022600e-05
rand40_72,0.063280782,7.495814152298e-05
rand40_72,0.064432273,7.661076243184e-05
rand40_72,0.065604717,7.830389189750e-05
rand40_72,0.066798496,8.003864130471e-05
rand40_72,0.068013998,8.181615550951e-05
rand40_72,0.069251617,8.363761391225e-05
rand40_72,0.070511757,8.550423156414e-05
rand40_72,0.071794827,8.741726029468e-05
rand40_72,0.073101244,8.937798989966e-05
rand40_72,0.074431434,9.138774935087e-05
rand40_72,0.075785828,9.344790805672e-05
rand40_72,0.077164868,9.555987714550e-05
rand40_72,0.078569002,9.772511081864e-05
rand40_72,0.079998686,9.994510772056e-05
rand40_72,0.081454385,1.022214123635e-04
rand40_72,0.082936573,1.045556166110e-04
rand40_72,0.084445731,1.069493611855e-04
rand40_72,0.085982352,1.094043372474e-04
rand40_72,0.087546933,1.119222880049e-04
rand40_72,0.089139984,1.145050103941e-04
rand40_72,0.090762023,1.171543568013e-04
rand40_72,0.092413578,1.198722368507e-04
rand40_72,0.094095185,1.226606192334e-04
rand40_72,0.095807392,1.255215336134e-04
rand40_72,0.097550755,1.284570725898e-04
rand40_72,0.099325841,1.314693937118e-04
rand40_72,0.10113323,1.345607215707e-04
rand40_72,0.1029735,1.377333499565e-04
rand40_72,0.10484726,1.409896440732e-04
rand40_72,0.10675512,1.443320428402e-04
rand40_72,0.1086977,1.477630612640e-04
rand40_72,0.11067562,1.512852928651e-04
rand40_72,0.11268953,1.549014122151e-04
rand40_72,0.11474009,1.586141775307e-04
rand40_72,0.11682796,1.624264333556e-04
rand40_72,0.11895383,1.663411133293e-04
rand40_72,0.12111837,1.703612430465e-04
rand40_72,0.12332231,1.744899429953e-04
rand40_72,0.12556635,1.787304316002e-04
rand40_72,0.12785122,1.830860283569e-04
rand40_72,0.13017767,1.875601570579e-04
rand40_72,0.13254646,1.921563491293e-04
rand40_72,0.13495834,1.968782470699e-04
rand40_72,0.13741412,2.017296079858e-04
rand40_72,0.13991458,2.067143072530e-04
rand40_72,0.14246054,2.118363422792e-04
rand40_72,0.14505283,2.170998363865e-04
rand40_72,0.14769229,2.225090428187e-04
rand40_72,0.15037978,2.280683488562e-04
rand40_72,0.15311617,2.337822800826e-04
rand40_72,0.15590235,2.396555047554e-04
rand40_72,0.15873924,2.456928383204e-04
rand40_72,0.16162774,2.518992480761e-04
rand40_72,0.16456881,2.582798579516e-04
rand40_72,0.16756339,2.648399534552e-04
rand40_72,0.17061246,2.715849867540e-04
rand40_72,0.17371702,2.785205819183e-04
rand40_72,0.17687807,2.856525403111e-04
rand40_72,0.18009664,2.929868461498e-04
rand40_72,0.18337377,3.005296722204e-04
rand40_72,0.18671054,3.082873857648e-04
rand40_72,0.19010803,3.162665545621e-04
rand40_72,0.19356733,3.244739531354e-04
rand40_72,0.19708959,3.329165692070e-04
rand40_72,0.20067594,3.416016102830e-04
rand40_72,0.20432755,3.505365104666e-04
rand40_72,0.2080456,3.597289374473e-04
rand40_72,0.21183131,3.691867996952e-04
rand40_72,0.21568591,3.789182538647e-04
rand40_72,0.21961064,3.889317124059e-04
rand40_72,0.2236068,3.992358513806e-04
rand40_72,0.22767567,4.098396185204e-04
rand40_72,0.23181858,4.207522414793e-04
rand40_72,0.23603687,4.319832363486e-04
rand40_72,0.24033193,4.435424163733e-04
rand40_72,0.24470514,4.554399009361e-04
rand40_72,0.24915792,4.676861247632e-04
rand40_72,0.25369174,4.802918474019e-04
rand40_72,0.25830805,4.932681629241e-04
rand40_72,0.26300836,5.066265099221e-04
rand40_72,0.2677942,5.203786817374e-04
rand40_72,0.27266713,5.345368369813e-04
rand40_72,0.27762873,5.491135103239e-04
rand40_72,0.28268061,5.641216235562e-04
rand40_72,0.28782442,5.795744969375e-04
rand40_72,0.29306183,5.954858608468e-04
rand40_72,0.29839454,6.118698677050e-04
rand40_72,0.30382429,6.287411042101e-04
rand40_72,0.30935284,6.461146038805e-04
rand40_72,0.31498199,6.640058598852e-04
rand40_72,0.32071357,6.824308382084e-04
rand40_72,0.32654945,7.014059911185e-04
rand40_72,0.33249152,7.209482709588e-04
rand40_72,0.33854171,7.410751442598e-04
rand40_72,0.344702,7.618046061991e-04
rand40_72,0.35097438,7.831551953575e-04
rand40_72,0.3573609,8.051460088432e-04
rand40_72,0.36386363,8.277967177343e-04
rand40_72,0.37048469,8.511275828752e-04
rand40_72,0.37722623,8.751594710079e-04
rand40_72,0.38409044,8.999138712489e-04
rand40_72,0.39107956,9.254129119234e-04
rand40_72,0.39819586,9.516793777327e-04
rand40_72,0.40544164,9.787367272947e-04
rand40_72,0.41281928,1.006609111012e-03
rand40_72,0.42033116,1.035321389312e-03
rand40_72,0.42797973,1.064899151220e-03
rand40_72,0.43576748,1.095368733303e-03
rand40_72,0.44369694,1.126757238954e-03
rand40_72,0.45177069,1.159092558013e-03
rand40_72,0.45999135,1.192403386765e-03
rand40_72,0.46836161,1.226719248249e-03
rand40_72,0.47688417,1.262070512924e-03
rand40_72,0.48556181,1.298488419678e-03
rand40_72,0.49439735,1.336005097146e-03
rand40_72,0.50339367,1.374653585370e-03
rand40_72,0.5125537,1.414467857778e-03
rand40_72,0.5218804,1.455482843459e-03
rand40_72,0.53137682,1.497734449770e-03
rand40_72,0.54104604,1.541259585195e-03
rand40_72,0.5508912,1.586096182533e-03
rand40_72,0.56091551,1.632283222326e-03
rand40_72,0.57112224,1.679860756553e-03
rand40_72,0.58151468,1.728869932587e-03
rand40_72,0.59209624,1.779353017360e-03
rand40_72,0.60287034,1.831353421753e-03
rand40_72,0.6138405,1.884915725190e-03
rand40_72,0.62501027,1.940085700397e-03
rand40_72,0.63638329,1.996910338324e-03
rand40_72,0.64796327,2.055437873199e-03
rand40_72,0.65975396,2.115717807703e-03
rand40_72,0.67175919,2.177800938210e-03
rand40_72,0.68398289,2.241739380098e-03
rand40_72,0.69642901,2.307586593085e-03
rand40_72,0.70910161,2.375397406546e-03
rand40_72,0.7220048,2.445228044804e-03
rand40_72,0.73514279,2.517136152326e-03
rand40_72,0.74851985,2.591180818813e-03
rand40_72,0.76214032,2.667422604116e-03
rand40_72,0.77600863,2.745923562942e-03
rand40_72,0.7901293,2.826747269305e-03
rand40_72,0.80450692,2.909958840653e-03
rand40_72,0.81914617,2.995624961625e-03
rand40_72,0.83405179,3.083813907367e-03
rand40_72,0.84922865,3.174595566349e-03
rand40_72,0.86468167,3.268041462577e-03
rand40_72,0.88041588,3.364224777181e-03
rand40_72,0.89643641,3.463220369218e-03
rand40_72,0.91274845,3.565104795652e-03
rand40_72,0.92935731,3.669956330374e-03
rand40_72,0.9462684,3.777854982168e-03
rand40_72,0.96348721,3.888882511501e-03
rand40_72,0.98101934,4.003122445969e-03
rand40_72,0.9988705,4.120660094307e-03
rand40_72,1.0170465,4.241582558745e-03
rand40_72,1.0355532,4.365978745573e-03
rand40_72,1.0543967,4.493939373692e-03
rand40_72,1.0735831,4.625556980947e-03
rand40_72,1.0931186,4.760925928001e-03
rand40_72,1.1130095,4.900142399467e-03
rand40_72,1.1332625,5.043304402055e-03
rand40_72,1.1538839,5.190511759322e-03
rand40_72,1.1748806,5.341866102759e-03
rand40_72,1.1962594,5.497470858738e-03
rand40_72,1.2180272,5.657431230910e-03
rand40_72,1.240191,5.821854177547e-03
rand40_72,1.2627582,5.990848383278e-03
rand40_72,1.285736,6.164524224583e-03
rand40_72,1.309132,6.342993728398e-03
rand40_72,1.3329537,6.526370523027e-03
rand40_72,1.3572088,6.714769780541e-03
rand40_72,1.3819053,6.908308149712e-03
rand40_72,1.4070512,7.107103678436e-03
rand40_72,1.4326547,7.311275724510e-03
rand40_72,1.458724,7.520944853453e-03
rand40_72,1.4852678,7.736232722010e-03
rand40_72,1.5122945,7.957261945778e-03
rand40_72,1.539813,8.184155949262e-03
rand40_72,1.5678323,8.417038796611e-03
rand40_72,1.5963614,8.656035000987e-03
rand40_72,1.6254097,8.901269310557e-03
rand40_72,1.6549865,9.152866468887e-03
rand40_72,1.6851015,9.410950947480e-03
rand40_72,1.7157645,9.675646648133e-03
rand40_72,1.7469855,9.947076572899e-03
rand40_72,1.7787746,1.022536245952e-02
rand40_72,1.8111421,1.051062438045e-02
rand40_72,1.8440987,1.080298030419e-02
rand40_72,1.8776549,1.110254561804e-02
rand40_72,1.9118217,1.140943261280e-02
rand40_72,1.9466102,1.172374993078e-02
rand40_72,1.9820318,1.204560198087e-02
rand40_72,2.0180979,1.237508832622e-02
rand40_72,2.0548203,1.271230305346e-02
rand40_72,2.0922109,1.305733413594e-02
rand40_72,2.1302819,1.341026280785e-02
rand40_72,2.1690457,1.377116297117e-02
rand40_72,2.2085148,1.414010066327e-02
rand40_72,2.2487022,1.451713361854e-02
rand40_72,2.2896208,1.490231096393e-02
rand40_72,2.3312839,1.529567309274e-02
rand40_72,2.3737052,1.569725176478e-02
rand40_72,2.4168984,1.610707048162e-02
rand40_72,2.4608776,1.652514518233e-02
rand40_72,2.5056571,1.695148529636e-02
rand40_72,2.5512514,1.738609517598e-02
rand40_72,2.5976753,1.782897590921e-02
rand40_72,2.644944,1.828012748745e-02
rand40_72,2.6930729,1.873955127110e-02
rand40_72,2.7420775,1.920725266453e-02
rand40_72,2.7919738,1.968324388312e-02
rand40_72,2.842778,2.016754667466e-02
rand40_72,2.8945068,2.066019484825e-02
rand40_72,2.9471768,2.116123647052e-02
rand40_72,3.0008052,2.167073561004e-02
rand40_72,3.0554095,2.218877354556e-02
rand40_72,3.1110073,2.271544939705e-02
rand40_72,3.1676169,2.325088018398e-02
rand40_72,3.2252566,2.379520035802e-02
rand40_72,3.2839451,2.434856089065e-02
rand40_72,3.3437015,2.491112801800e-02
rand40_72,3.4045453,2.548308175432e-02
rand40_72,3.4664963,2.606461428292e-02
rand40_72,3.5295745,2.665592832181e-02
rand40_72,3.5938005,2.725723554398e-02
rand40_72,3.6591953,2.786875511237e-02
rand40_72,3.72578,2.849071236988e-02
rand40_72,3.7935763,2.912333770683e-02
rand40_72,3.8626062,2.976686561364e-02
rand40_72,3.9328923,3.042153391508e-02
rand40_72,4.0044573,3.108758317464e-02
rand40_72,4.0773246,3.176525625249e-02
rand40_72,4.1515178,3.245479799799e-02
rand40_72,4.227061,3.315645505680e-02
rand40_72,4.3039789,3.387047577332e-02
rand40_72,4.3822965,3.459711017047e-02
rand40_72,4.4620391,3.533660999052e-02
rand40_72,4.5432328,3.608922878286e-02
rand40_72,4.6259039,3.685522202661e-02
rand40_72,4.7100793,3.763484727773e-02
rand40_72,4.7957865,3.842836433251e-02
rand40_72,4.8830532,3.923603540025e-02
rand40_72,4.9719078,4.005812528018e-02
rand40_72,5.0623794,4.089490153797e-02
rand40_72,5.1544971,4.174663467888e-02
rand40_72,5.2482912,4.261359831493e-02
rand40_72,5.3437919,4.349606932455e-02
rand40_72,5.4410304,4.439432800336e-02
rand40_72,5.5400383,4.530865820534e-02
rand40_72,5.6408479,4.623934747412e-02
rand40_72,5.7434918,4.718668716400e-02
rand40_72,5.8480034,4.815097255103e-02
rand40_72,5.9544169,4.913250293405e-02
rand40_72,6.0627667,5.013158172632e-02
rand40_72,6.173088,5.114851653780e-02
rand40_72,6.2854169,5.218361924876e-02
rand40_72,6.3997897,5.323720607503e-02
rand40_72,6.5162437,5.430959762540e-02
rand40_72,6.6348168,5.540111895150e-02
rand40_72,6.7555475,5.651209959081e-02
rand40_72,6.8784751,5.764287360293e-02
rand40_72,7.0036396,5.879377959963e-02
rand40_72,7.1310816,5.996516076902e-02
rand40_72,7.2608426,6.115736489404e-02
rand40_72,7.3929648,6.237074436557e-02
rand40_72,7.5274911,6.360565619036e-02
rand40_72,7.6644654,6.486246199403e-02
rand40_72,7.8039322,6.614152801906e-02
rand40_72,7.9459367,6.744322511816e-02
rand40_72,8.0905253,6.876792874285e-02
rand40_72,8.2377449,7.011601892733e-02
rand40_72,8.3876433,7.148788026771e-02
rand40_72,8.5402694,7.288390189650e-02
rand40_72,8.6956727,7.430447745225e-02
rand40_72,8.8539039,7.575000504438e-02
rand40_72,9.0150143,7.722088721289e-02
rand40_72,9.1790564,7.871753088304e-02
rand40_72,9.3460834,8.024034731454e-02
rand40_72,9.5161498,8.178975204537e-02
rand40_72,9.6893108,8.336616482981e-02
rand40_72,9.8656227,8.497000957050e-02
rand40_72,10.045143,8.660171424431e-02
rand40_72,10.22793,8.826171082179e-02
rand40_72,10.414043,8.995043517981e-02
rand40_72,10.603542,9.166832700726e-02
rand40_72,10.79649,9.341582970335e-02
rand40_72,10.992949,9.519339026827e-02
rand40_72,11.192982,9.700145918595e-02
rand40_72,11.396656,9.884049029846e-02
rand40_72,11.604036,1.007109406718e-01
rand40_72,11.815189,1.026132704527e-01
rand40_72,12.030184,1.045479427159e-01
rand40_72,12.249092,1.065154233025e-01
rand40_72,12.471983,1.085161806468e-01
rand40_72,12.69893,1.105506855944e-01
rand40_72,12.930007,1.126194112083e-01
rand40_72,13.165288,1.147228325647e-01
rand40_72,13.404851,1.168614265368e-01
rand40_72,13.648773,1.190356715670e-01
rand40_72,13.897133,1.212460474270e-01
rand40_72,14.150013,1.234930349660e-01
rand40_72,14.407494,1.257771158448e-01
rand40_72,14.669661,1.280987722585e-01
rand40_72,14.936598,1.304584866451e-01
rand40_72,15.208392,1.328567413802e-01
rand40_72,15.485132,1.352940184595e-01
rand40_72,15.766908,1.377707991656e-01
rand40_72,16.053811,1.402875637222e-01
rand40_72,16.345935,1.428447909335e-01
rand40_72,16.643375,1.454429578095e-01
rand40_72,16.946226,1.480825391776e-01
rand40_72,17.254589,1.507640072793e-01
rand40_72,17.568563,1.534878313535e-01
rand40_72,17.88825,1.562544772055e-01
rand40_72,18.213754,1.590644067621e-01
rand40_72,18.545181,1.619180776141e-01
rand40_72,18.88264,1.648159425447e-01
rand40_72,19.226238,1.677584490457e-01
rand40_72,19.576089,1.707460388211e-01
rand40_72,19.932306,1.737791472797e-01
rand40_72,20.295005,1.768582030155e-01
rand40_72,20.664304,1.799836272787e-01
rand40_72,21.040323,1.831558334363e-01
rand40_72,21.423184,1.863752264248e-01
rand40_72,21.813012,1.896422021941e-01
rand40_72,22.209933,1.929571471455e-01
rand40_72,22.614077,1.963204375630e-01
rand40_72,23.025575,1.997324390408e-01
rand40_72,23.444561,2.031935059074e-01
rand40_72,23.871171,2.067039806472e-01
rand40_72,24.305544,2.102641933216e-01
rand40_72,24.74782,2.138744609912e-01
rand40_72,25.198145,2.175350871399e-01
rand40_72,25.656664,2.212463611023e-01
rand40_72,26.123527,2.250085574970e-01
rand40_72,26.598884,2.288219356660e-01
rand40_72,27.082892,2.326867391230e-01
rand40_72,27.575707,2.366031950104e-01
rand40_72,28.077489,2.405715135684e-01
rand40_72,28.588402,2.445918876165e-01
rand40_72,29.108612,2.486644920487e-01
rand40_72,29.638288,2.527894833441e-01
rand40_72,30.177603,2.569669990936e-01
rand40_72,30.726731,2.611971575444e-01
rand40_72,31.285851,2.654800571626e-01
rand40_72,31.855145,2.698157762140e-01
rand40_72,32.434798,2.742043723654e-01
rand40_72,33.025,2.786458823049e-01
rand40_72,33.62594,2.831403213818e-01
rand40_72,34.237816,2.876876832662e-01
rand40_72,34.860826,2.922879396278e-01
rand40_72,35.495172,2.969410398323e-01
rand40_72,36.141062,3.016469106552e-01
rand40_72,36.798704,3.064054560116e-01
rand40_72,37.468313,3.112165567000e-01
rand40_72,38.150106,3.160800701573e-01
rand40_72,38.844306,3.209958302251e-01
rand40_72,39.551138,3.259636469217e-01
rand40_72,40.270832,3.309833062196e-01
rand40_72,41.003622,3.360545698236e-01
rand40_72,41.749746,3.411771749466e-01
rand40_72,42.509447,3.463508340808e-01
rand40_72,43.282972,3.515752347585e-01
rand40_72,44.070572,3.568500393001e-01
rand40_72,44.872504,3.621748845458e-01
rand40_72,45.689028,3.675493815660e-01
rand40_72,46.52041,3.729731153469e-01
rand40_72,47.366921,3.784456444484e-01
rand40_72,48.228835,3.839665006303e-01
rand40_72,49.106433,3.895351884433e-01
rand40_72,50,3.951511847822e-01
greedy5,0.001,6.679472124779e-05
greedy5,0.0010181965,6.801016197093e-05
greedy5,0.0010367242,6.924771980058e-05
greedy5,0.001055589,7.050779720234e-05
greedy5,0.0010747971,7.179080396464e-05
greedy5,0.0010943546,7.309715733463e-05
greedy5,0.0011142681,7.442728215248e-05
greedy5,0.0011345439,7.578161098746e-05
greedy5,0.0011551887,7.716058428229e-05
greedy5,0.0011762091,7.856465049327e-05
greedy5,0.0011976121,7.999426623954e-05
greedy5,0.0012194045,8.144989644817e-05
greedy5,0.0012415934,8.293201450756e-05
greedy5,0.0012641861,8.444110241911e-05
greedy5,0.0012871899,8.597765095719e-05
greedy5,0.0013106123,8.754215982716e-05
greedy5,0.0013344609,8.913513782539e-05
greedy5,0.0013587435,9.075710301171e-05
greedy5,0.0013834679,9.240858286988e-05
greedy5,0.0014086423,9.409011448385e-05
greedy5,0.0014342747,9.580224471063e-05
greedy5,0.0014603735,9.754553036030e-05
greedy5,0.0014869473,9.932053837409e-05
greedy5,0.0015140046,1.011278460131e-04
greedy5,0.0015415542,1.029680410393e-04
greedy5,0.0015696052,1.048417219143e-04
greedy5,0.0015981665,1.067494979876e-04
greedy5,0.0016272476,1.086919897011e-04
greedy5,0.0016568579,1.106698287843e-04
greedy5,0.001687007,1.126836584639e-04
greedy5,0.0017177047,1.147341336736e-04
greedy5,0.001748961,1.168219212635e-04
greedy5,0.001780786,1.189477002206e-04
greedy5,0.0018131901,1.211121618877e-04
greedy5,0.0018461839,1.233160101882e-04
greedy5,0.0018797781,1.255599618577e-04
greedy5,0.0019139835,1.278447466723e-04
greedy5,0.0019488114,1.301711076899e-04
greedy5,0.001984273,1.325398014936e-04
greedy5,0.00202038,1.349515984304e-04
greedy5,0.0020571439,1.374072828697e-04
greedy5,0.0020945768,1.399076534518e-04
greedy5,0.0021326908,1.424535233567e-04
greedy5,0.0021714984,1.450457205570e-04
greedy5,0.0022110122,1.476850880969e-04
greedy5,0.0022512449,1.503724843618e-04
greedy5,0.0022922098,1.531087833570e-04
greedy5,0.0023339201,1.558948749973e-04
greedy5,0.0023763894,1.587316653883e-04
greedy5,0.0024196314,1.616200771282e-04
greedy5,0.0024636603,1.645610496055e-04
greedy5,0.0025084904,1.675555393027e-04
greedy5,0.0025541363,1.706045201106e-04
greedy5,0.0026006127,1.737089836433e-04
greedy5,0.0026479349,1.768699395616e-04
greedy5,0.0026961181,1.800884158992e-04
greedy5,0.0027451782,1.833654594018e-04
greedy5,0.0027951309,1.867021358630e-04
greedy5,0.0028459926,1.900995304737e-04
greedy5,0.0028977798,1.935587481734e-04
greedy5,0.0029505094,1.970809140106e-04
greedy5,0.0030041984,2.006671735113e-04
greedy5,0.0030588645,2.043186930453e-04
greedy5,0.0031145252,2.080366602132e-04
greedy5,0.0031711988,2.118222842261e-04
greedy5,0.0032289036,2.156767963054e-04
greedy5,0.0032876585,2.196014500765e-04
greedy5,0.0033474825,2.235975219819e-04
greedy5,0.0034083951,2.276663116962e-04
greedy5,0.0034704161,2.318091425439e-04
greedy5,0.0035335657,2.360273619382e-04
greedy5,0.0035978643,2.403223418109e-04
greedy5,0.003663333,2.446954790648e-04
greedy5,0.003729993,2.491481960262e-04
greedy5,0.003797866,2.536819409058e-04
greedy5,0.003866974,2.582981882740e-04
greedy5,0.0039373395,2.629984395384e-04
greedy5,0.0040089855,2.677842234292e-04
greedy5,0.0040819351,2.726570965019e-04
greedy5,0.0041562122,2.776186436441e-04
greedy5,0.0042318409,2.826704785842e-04
greedy5,0.0043088458,2.878142444244e-04
greedy5,0.0043872519,2.930516141699e-04
greedy5,0.0044670847,2.983842912774e-04
greedy5,0.0045483701,3.038140102058e-04
greedy5,0.0046311347,3.093425369839e-04
greedy5,0.0047154054,3.149716697805e-04
greedy5,0.0048012094,3.207032394963e-04
greedy5,0.0048885748,3.265391103539e-04
greedy5,0.00497753,3.324811805055e-04
greedy5,0.0050681038,3.385313826542e-04
greedy5,0.0051603257,3.446916846788e-04
greedy5,0.0052542258,3.509640902759e-04
greedy5,0.0053498345,3.573506396112e-04
greedy5,0.005447183,3.638534099858e-04
greedy5,0.0055463029,3.704745165094e-04
greedy5,0.0056472264,3.772161127907e-04
greedy5,0.0057499864,3.840803916362e-04
greedy5,0.0058546163,3.910695857665e-04
greedy5,0.00596115,3.981859685410e-04
greedy5,0.0060696223,4.054318546989e-04
greedy5,0.0061800684,4.128096011112e-04
greedy5,0.0062925243,4.203216075500e-04
greedy5,0.0064070265,4.279703174676e-04
greedy5,0.0065236122,4.357582187918e-04
greedy5,0.0066423193,4.436878447396e-04
greedy5,0.0067631866,4.517617746351e-04
greedy5,0.0068862532,4.599826347539e-04
greedy5,0.0070115591,4.683530991782e-04
greedy5,0.0071391452,4.768758906649e-04
greedy5,0.007269053,4.855537815316e-04
greedy5,0.0074013246,4.943895945618e-04
greedy5,0.0075360031,5.033862039217e-04
greedy5,0.0076731323,5.125465360967e-04
greedy5,0.0078127567,5.218735708453e-04
greedy5,0.0079549219,5.313703421637e-04
greedy5,0.0080996739,5.410399392831e-04
greedy5,0.0082470599,5.508855076649e-04
greedy5,0.0083971279,5.609102500330e-04
greedy5,0.0085499266,5.711174274139e-04
greedy5,0.0087055056,5.815103601946e-04
greedy5,0.0088639157,5.920924292097e-04
greedy5,0.0090252083,6.028670768390e-04
greedy5,0.0091894359,6.138378081276e-04
greedy5,0.0093566518,6.250081919304e-04
greedy5,0.0095269105,6.363818620719e-04
greedy5,0.0097002673,6.479625185266e-04
greedy5,0.0098767786,6.597539286313e-04
greedy5,0.010056502,6.717599283055e-04
greedy5,0.010239495,6.839844233029e-04
greedy5,0.010425819,6.964313904823e-04
greedy5,0.010615533,7.091048791053e-04
greedy5,0.010808698,7.220090121519e-04
greedy5,0.011005379,7.351479876639e-04
greedy5,0.011205639,7.485260801152e-04
greedy5,0.011409543,7.621476417976e-04
greedy5,0.011617157,7.760171042466e-04
greedy5,0.011828549,7.901389796776e-04
greedy5,0.012043788,8.045178624603e-04
greedy5,0.012262943,8.191584306123e-04
greedy5,0.012486086,8.340654473220e-04
greedy5,0.01271329,8.492437625068e-04
greedy5,0.012944628,8.646983143860e-04
greedy5,0.013180175,8.804341310899e-04
greedy5,0.013420009,8.964563323011e-04
greedy5,0.013664207,9.127701309236e-04
greedy5,0.013912848,9.293808347730e-04
greedy5,0.014166013,9.462938483159e-04
greedy5,0.014423786,9.635146744242e-04
greedy5,0.014686249,9.810489161703e-04
greedy5,0.014953488,9.989022786523e-04
greedy5,0.01522559,1.017080570851e-03
greedy5,0.015502643,1.035589707528e-03
greedy5,0.015784737,1.054435711147e-03
greedy5,0.016071965,1.073624713839e-03
greedy5,0.016364419,1.093162959403e-03
greedy5,0.016662195,1.113056805337e-03
greedy5,0.016965389,1.133312724909e-03
greedy5,0.0172741,1.153937309273e-03
greedy5,0.017588429,1.174937269610e-03
greedy5,0.017908478,1.196319439320e-03
greedy5,0.01823435,1.218090776247e-03
greedy5,0.018566152,1.240258364948e-03
greedy5,0.018903992,1.262829419002e-03
greedy5,0.019247979,1.285811283360e-03
greedy5,0.019598226,1.309211436744e-03
greedy5,0.019954845,1.333037494077e-03
greedy5,0.020317955,1.357297208975e-03
greedy5,0.020687671,1.381998476268e-03
greedy5,0.021064115,1.407149334575e-03
greedy5,0.021447409,1.432757968927e-03
greedy5,0.021837678,1.458832713435e-03
greedy5,0.022235048,1.485382054008e-03
greedy5,0.022639649,1.512414631117e-03
greedy5,0.023051612,1.539939242617e-03
greedy5,0.023471072,1.567964846613e-03
greedy5,0.023898164,1.596500564382e-03
greedy5,0.024333028,1.625555683350e-03
greedy5,0.024775805,1.655139660116e-03
greedy5,0.025226639,1.685262123541e-03
greedy5,0.025685676,1.715932877889e-03
greedy5,0.026153066,1.747161906018e-03
greedy5,0.026628962,1.778959372646e-03
greedy5,0.027113517,1.811335627661e-03
greedy5,0.027606889,1.844301209497e-03
greedy5,0.028109239,1.877866848573e-03
greedy5,0.02862073,1.912043470797e-03
greedy5,0.029141528,1.946842201124e-03
greedy5,0.029671803,1.982274367195e-03
greedy5,0.030211727,2.018351503023e-03
greedy5,0.030761476,2.055085352763e-03
greedy5,0.031321228,2.092487874541e-03
greedy5,0.031891166,2.130571244361e-03
greedy5,0.032471475,2.169347860072e-03
greedy5,0.033062344,2.208830345417e-03
greedy5,0.033663964,2.249031554156e-03
greedy5,0.034276531,2.289964574258e-03
greedy5,0.034900246,2.331642732170e-03
greedy5,0.035535309,2.374079597174e-03
greedy5,0.036181929,2.417288985809e-03
greedy5,0.036840315,2.461284966386e-03
greedy5,0.037510681,2.506081863579e-03
greedy5,0.038193246,2.551694263101e-03
greedy5,0.038888231,2.598137016466e-03
greedy5,0.039595862,2.645425245836e-03
greedy5,0.04031637,2.693574348963e-03
greedy5,0.041049988,2.742600004211e-03
greedy5,0.041796956,2.792518175681e-03
greedy5,0.042557516,2.843345118414e-03
greedy5,0.043331915,2.895097383713e-03
greedy5,0.044120406,2.947791824534e-03
greedy5,0.044923245,3.001445600998e-03
greedy5,0.045740692,3.056076185993e-03
greedy5,0.046573015,3.111701370881e-03
greedy5,0.047420482,3.168339271303e-03
greedy5,0.048283371,3.226008333105e-03
greedy5,0.049161961,3.284727338354e-03
greedy5,0.050056539,3.344515411479e-03
greedy5,0.050967395,3.405392025513e-03
greedy5,0.051894825,3.467377008455e-03
greedy5,0.052839131,3.530490549748e-03
greedy5,0.053800621,3.594753206871e-03
greedy5,0.054779606,3.660185912059e-03
greedy5,0.055776405,3.726809979136e-03
greedy5,0.056791342,3.794647110477e-03
greedy5,0.057824748,3.863719404102e-03
greedy5,0.058876959,3.934049360893e-03
greedy5,0.059948316,4.005659891942e-03
greedy5,0.061039167,4.078574326039e-03
greedy5,0.062149869,4.152816417289e-03
greedy5,0.063280782,4.228410352876e-03
greedy5,0.064432273,4.305380760962e-03
greedy5,0.065604717,4.383752718734e-03
greedy5,0.066798496,4.463551760594e-03
greedy5,0.068013998,4.544803886500e-03
greedy5,0.069251617,4.627535570463e-03
greedy5,0.070511757,4.711773769190e-03
greedy5,0.071794827,4.797545930894e-03
greedy5,0.073101244,4.884880004255e-03
greedy5,0.074431434,4.973804447551e-03
greedy5,0.075785828,5.064348237954e-03
greedy5,0.077164868,5.156540880991e-03
greedy5,0.078569002,5.250412420185e-03
greedy5,0.079998686,5.345993446860e-03
greedy5,0.081454385,5.443315110138e-03
greedy5,0.082936573,5.542409127100e-03
greedy5,0.084445731,5.643307793152e-03
greedy5,0.085982352,5.746043992562e-03
greedy5,0.087546933,5.850651209201e-03
greedy5,0.089139984,5.957163537466e-03
greedy5,0.090762023,6.065615693415e-03
greedy5,0.092413578,6.176043026091e-03
greedy5,0.094095185,6.288481529062e-03
greedy5,0.095807392,6.402967852163e-03
greedy5,0.097550755,6.519539313451e-03
greedy5,0.099325841,6.638233911382e-03
greedy5,0.10113323,6.759090337199e-03
greedy5,0.1029735,6.882147987556e-03
greedy5,0.10484726,7.007446977356e-03
greedy5,0.10675512,7.135028152830e-03
greedy5,0.1086977,7.264933104852e-03
greedy5,0.11067562,7.397204182490e-03
greedy5,0.11268953,7.531884506802e-03
greedy5,0.11474009,7.669017984882e-03
greedy5,0.11682796,7.808649324158e-03
greedy5,0.11895383,7.950824046945e-03
greedy5,0.12111837,8.095588505264e-03
greedy5,0.12332231,8.242989895919e-03
greedy5,0.12556635,8.393076275855e-03
greedy5,0.12785122,8.545896577780e-03
greedy5,0.13017767,8.701500626073e-03
greedy5,0.13254646,8.859939152976e-03
greedy5,0.13495834,9.021263815074e-03
greedy5,0.13741412,9.185527210064e-03
greedy5,0.13991458,9.352782893834e-03
greedy5,0.14246054,9.523085397829e-03
greedy5,0.14505283,9.696490246751e-03
greedy5,0.14769229,9.873053976539e-03
greedy5,0.15037978,1.005283415270e-02
greedy5,0.15311617,1.023588938894e-02
greedy5,0.15590235,1.042227936614e-02
greedy5,0.15873924,1.061206485167e-02
greedy5,0.16162774,1.080530771900e-02
greedy5,0.16456881,1.100207096773e-02
greedy5,0.16756339,1.120241874390e-02
greedy5,0.17061246,1.140641636071e-02
greedy5,0.17371702,1.161413031956e-02
greedy5,0.17687807,1.182562833147e-02
greedy5,0.18009664,1.204097933891e-02
greedy5,0.18337377,1.226025353794e-02
greedy5,0.18671054,1.248352240077e-02
greedy5,0.19010803,1.271085869876e-02
greedy5,0.19356733,1.294233652570e-02
greedy5,0.19708959,1.317803132159e-02
greedy5,0.20067594,1.341801989680e-02
greedy5,0.20432755,1.366238045662e-02
greedy5,0.2080456,1.391119262625e-02
greedy5,0.21183131,1.416453747621e-02
greedy5,0.21568591,1.442249754818e-02
greedy5,0.21961064,1.468515688128e-02
greedy5,0.2236068,1.495260103877e-02
greedy5,0.22767567,1.522491713525e-02
greedy5,0.23181858,1.550219386424e-02
greedy5,0.23603687,1.578452152629e-02
greedy5,0.24033193,1.607199205748e-02
greedy5,0.24470514,1.636469905851e-02
greedy5,0.24915792,1.666273782408e-02
greedy5,0.25369174,1.696620537296e-02
greedy5,0.25830805,1.727520047841e-02
greedy5,0.26300836,1.758982369911e-02
greedy5,0.2677942,1.791017741062e-02
greedy5,0.27266713,1.823636583737e-02
greedy5,0.27762873,1.856849508504e-02
greedy5,0.28268061,1.890667317361e-02
greedy5,0.28782442,1.925101007080e-02
greedy5,0.29306183,1.960161772609e-02
greedy5,0.29839454,1.995861010527e-02
greedy5,0.30382429,2.032210322548e-02
greedy5,0.30935284,2.069221519085e-02
greedy5,0.31498199,2.106906622860e-02
greedy5,0.32071357,2.145277872576e-02
greedy5,0.32654945,2.184347726637e-02
greedy5,0.33249152,2.224128866926e-02
greedy5,0.33854171,2.264634202640e-02
greedy5,0.344702,2.305876874174e-02
greedy5,0.35097438,2.347870257069e-02
greedy5,0.3573609,2.390627966005e-02
greedy5,0.36386363,2.434163858863e-02
greedy5,0.37048469,2.478492040829e-02
greedy5,0.37722623,2.523626868567e-02
greedy5,0.38409044,2.569582954435e-02
greedy5,0.39107956,2.616375170768e-02
greedy5,0.39819586,2.664018654208e-02
greedy5,0.40544164,2.712528810097e-02
greedy5,0.41281928,2.761921316916e-02
greedy5,0.42033116,2.812212130789e-02
greedy5,0.42797973,2.863417490033e-02
greedy5,0.43576748,2.915553919767e-02
greedy5,0.44369694,2.968638236568e-02
greedy5,0.45177069,3.022687553192e-02
greedy5,0.45999135,3.077719283331e-02
greedy5,0.46836161,3.133751146433e-02
greedy5,0.47688417,3.190801172565e-02
greedy5,0.48556181,3.248887707331e-02
greedy5,0.49439735,3.308029416833e-02
greedy5,0.50339367,3.368245292677e-02
greedy5,0.5125537,3.429554657033e-02
greedy5,0.5218804,3.491977167726e-02
greedy5,0.53137682,3.555532823380e-02
greedy5,0.54104604,3.620241968592e-02
greedy5,0.5508912,3.686125299153e-02
greedy5,0.56091551,3.753203867298e-02
greedy5,0.57112224,3.821499086991e-02
greedy5,0.58151468,3.891032739243e-02
greedy5,0.59209624,3.961826977454e-02
greedy5,0.60287034,4.033904332783e-02
greedy5,0.6138405,4.107287719536e-02
greedy5,0.62501027,4.182000440579e-02
greedy5,0.63638329,4.258066192761e-02
greedy5,0.64796327,4.335509072345e-02
greedy5,0.65975396,4.414353580453e-02
greedy5,0.67175919,4.494624628512e-02
greedy5,0.68398289,4.576347543687e-02
greedy5,0.69642901,4.659548074326e-02
greedy5,0.70910161,4.744252395374e-02
greedy5,0.7220048,4.830487113781e-02
greedy5,0.73514279,4.918279273878e-02
greedy5,0.74851985,5.007656362734e-02
greedy5,0.76214032,5.098646315458e-02
greedy5,0.77600863,5.191277520478e-02
greedy5,0.7901293,5.285578824754e-02
greedy5,0.80450692,5.381579538936e-02
greedy5,0.81914617,5.479309442458e-02
greedy5,0.83405179,5.578798788555e-02
greedy5,0.84922865,5.680078309191e-02
greedy5,0.86468167,5.783179219896e-02
greedy5,0.88041588,5.888133224502e-02
greedy5,0.89643641,5.994972519757e-02
greedy5,0.91274845,6.103729799818e-02
greedy5,0.92935731,6.214438260605e-02
greedy5,0.9462684,6.327131604005e-02
greedy5,0.96348721,6.441844041912e-02
greedy5,0.98101934,6.558610300099e-02
greedy5,0.9988705,6.677465621888e-02
greedy5,1.0170465,6.798445771625e-02
greedy5,1.0355532,6.921587037936e-02
greedy5,1.0543967,7.046926236741e-02
greedy5,1.0735831,7.174500714023e-02
greedy5,1.0931186,7.304348348322e-02
greedy5,1.1130095,7.436507552953e-02
greedy5,1.1332625,7.571017277904e-02
greedy5,1.1538839,7.707917011418e-02
greedy5,1.1748806,7.847246781230e-02
greedy5,1.1962594,7.989047155437e-02
greedy5,1.2180272,8.133359242975e-02
greedy5,1.240191,8.280224693693e-02
greedy5,1.2627582,8.429685697990e-02
greedy5,1.285736,8.581784985993e-02
greedy5,1.309132,8.736565826253e-02
greedy5,1.3329537,8.894072023931e-02
greedy5,1.3572088,9.054347918451e-02
greedy5,1.3819053,9.217438380583e-02
greedy5,1.4070512,9.383388808941e-02
greedy5,1.4326547,9.552245125857e-02
greedy5,1.458724,9.724053772596e-02
greedy5,1.4852678,9.898861703903e-02
greedy5,1.5122945,1.007671638182e-01
greedy5,1.539813,1.025766576875e-01
greedy5,1.5678323,1.044175831978e-01
greedy5,1.5963614,1.062904297412e-01
greedy5,1.6254097,1.081956914575e-01
greedy5,1.6549865,1.101338671314e-01
greedy5,1.6851015,1.121054600806e-01
greedy5,1.7157645,1.141109780345e-01
greedy5,1.7469855,1.161509330021e-01
greedy5,1.7787746,1.182258411306e-01
greedy5,1.8111421,1.203362225521e-01
greedy5,1.8440987,1.224826012199e-01
greedy5,1.8776549,1.246655047324e-01
greedy5,1.9118217,1.268854641461e-01
greedy5,1.9466102,1.291430137745e-01
greedy5,1.9820318,1.314386909759e-01
greedy5,2.0180979,1.337730359261e-01
greedy5,2.0548203,1.361465913789e-01
greedy5,2.0922109,1.385599024115e-01
greedy5,2.1302819,1.410135161554e-01
greedy5,2.1690457,1.435079815125e-01
greedy5,2.2085148,1.460438488553e-01
greedy5,2.2487022,1.486216697119e-01
greedy5,2.2896208,1.512419964340e-01
greedy5,2.3312839,1.539053818483e-01
greedy5,2.3737052,1.566123788909e-01
greedy5,2.4168984,1.593635402241e-01
greedy5,2.4608776,1.621594178353e-01
greedy5,2.5056571,1.650005626173e-01
greedy5,2.5512514,1.678875239300e-01
greedy5,2.5976753,1.708208491436e-01
greedy5,2.644944,1.738010831615e-01
greedy5,2.6930729,1.768287679241e-01
greedy5,2.7420775,1.799044418927e-01
greedy5,2.7919738,1.830286395124e-01
greedy5,2.842778,1.862018906557e-01
greedy5,2.8945068,1.894247200442e-01
greedy5,2.9471768,1.926976466501e-01
greedy5,3.0008052,1.960211830765e-01
greedy5,3.0554095,1.993958349165e-01
greedy5,3.1110073,2.028221000910e-01
greedy5,3.1676169,2.063004681653e-01
greedy5,3.2252566,2.098314196445e-01
greedy5,3.2839451,2.134154252479e-01
greedy5,3.3437015,2.170529451613e-01
greedy5,3.4045453,2.207444282698e-01
greedy5,3.4664963,2.244903113690e-01
greedy5,3.5295745,2.282910183554e-01
greedy5,3.5938005,2.321469593977e-01
greedy5,3.6591953,2.360585300876e-01
greedy5,3.72578,2.400261105714e-01
greedy5,3.7935763,2.440500646630e-01
greedy5,3.8626062,2.481307389389e-01
greedy5,3.9328923,2.522684618148e-01
greedy5,4.0044573,2.564635426070e-01
greedy5,4.0773246,2.607162705761e-01
greedy5,4.1515178,2.650269139572e-01
greedy5,4.227061,2.693957189750e-01
greedy5,4.3039789,2.738229088463e-01
greedy5,4.3822965,2.783086827707e-01
greedy5,4.4620391,2.828532149104e-01
greedy5,4.5432328,2.874566533613e-01
greedy5,4.6259039,2.921191191151e-01
greedy5,4.7100793,2.968407050162e-01
greedy5,4.7957865,3.016214747129e-01
greedy5,4.8830532,3.064614616058e-01
greedy5,4.9719078,3.113606677944e-01
greedy5,5.0623794,3.163190630243e-01
greedy5,5.1544971,3.213365836367e-01
greedy5,5.2482912,3.264131315217e-01
greedy5,5.3437919,3.315485730786e-01
greedy5,5.4410304,3.367427381838e-01
greedy5,5.5400383,3.419954191694e-01
greedy5,5.6408479,3.473063698154e-01
greedy5,5.7434918,3.526753043558e-01
greedy5,5.8480034,3.581018965032e-01
greedy5,5.9544169,3.635857784927e-01
greedy5,6.0627667,3.691265401479e-01
greedy5,6.173088,3.747237279727e-01
greedy5,6.2854169,3.803768442691e-01
greedy5,6.3997897,3.860853462853e-01
greedy5,6.5162437,3.918486453968e-01
greedy5,6.6348168,3.976661063208e-01
greedy5,6.7555475,4.035370463692e-01
greedy5,6.8784751,4.094607347409e-01
greedy5,7.0036396,4.154363918561e-01
greedy5,7.1310816,4.214631887360e-01
greedy5,7.2608426,4.275402464286e-01
greedy5,7.3929648,4.336666354845e-01
greedy5,7.5274911,4.398413754842e-01
greedy5,7.6644654,4.460634346189e-01
greedy5,7.8039322,4.523317293272e-01
greedy5,7.9459367,4.586451239898e-01
greedy5,8.0905253,4.650024306836e-01
greedy5,8.2377449,4.714024089974e-01
greedy5,8.3876433,4.778437659111e-01
greedy5,8.5402694,4.843251557385e-01
greedy5,8.6956727,4.908451801374e-01
greedy5,8.8539039,4.974023881862e-01
greedy5,9.0150143,5.039952765295e-01
greedy5,9.1790564,5.106222895928e-01
greedy5,9.3460834,5.172818198685e-01
greedy5,9.5161498,5.239722082719e-01
greedy5,9.6893108,5.306917445709e-01
greedy5,9.8656227,5.374386678863e-01
greedy5,10.045143,5.442111672668e-01
greedy5,10.22793,5.510073823369e-01
greedy5,10.414043,5.578254040185e-01
greedy5,10.603542,5.646632753266e-01
greedy5,10.79649,5.715189922404e-01
greedy5,10.992949,5.783905046477e-01
greedy5,11.192982,5.852757173658e-01
greedy5,11.396656,5.921724912370e-01
greedy5,11.604036,5.990786442998e-01
greedy5,11.815189,6.059919530371e-01
greedy5,12.030184,6.129101537007e-01
greedy5,12.249092,6.198309437134e-01
greedy5,12.471983,6.267519831497e-01
greedy5,12.69893,6.336708962962e-01
greedy5,12.930007,6.405852732919e-01
greedy5,13.165288,6.474926718513e-01
greedy5,13.404851,6.543906190704e-01
greedy5,13.648773,6.612766133187e-01
greedy5,13.897133,6.681481262173e-01
greedy5,14.150013,6.750026047077e-01
greedy5,14.407494,6.818374732113e-01
greedy5,14.669661,6.886501358826e-01
greedy5,14.936598,6.954379789594e-01
greedy5,15.208392,7.021983732118e-01
greedy5,15.485132,7.089286764915e-01
greedy5,15.766908,7.156262363862e-01
greedy5,16.053811,7.222883929791e-01
greedy5,16.345935,7.289124817163e-01
greedy5,16.643375,7.354958363846e-01
greedy5,16.946226,7.420357921997e-01
greedy5,17.254589,7.485296890071e-01
greedy5,17.568563,7.549748745945e-01
greedy5,17.88825,7.613687081176e-01
greedy5,18.213754,7.677085636351e-01
greedy5,18.545181,7.739918337546e-01
greedy5,18.88264,7.802159333837e-01
greedy5,19.226238,7.863783035840e-01
greedy5,19.576089,7.924764155226e-01
greedy5,19.932306,7.985077745154e-01
greedy5,20.295005,8.044699241551e-01
greedy5,20.664304,8.103604505148e-01
greedy5,21.040323,8.161769864185e-01
greedy5,21.423184,8.219172157673e-01
greedy5,21.813012,8.275788779087e-01
greedy5,22.209933,8.331597720371e-01
greedy5,22.614077,8.386577616093e-01
greedy5,23.025575,8.440707787608e-01
greedy5,23.444561,8.493968287062e-01
greedy5,23.871171,8.546339941052e-01
greedy5,24.305544,8.597804393774e-01
greedy5,24.74782,8.648344149459e-01
greedy5,25.198145,8.697942613901e-01
greedy5,25.656664,8.746584134883e-01
greedy5,26.123527,8.794254041292e-01
greedy5,26.598884,8.840938680725e-01
greedy5,27.082892,8.886625455367e-01
greedy5,27.575707,8.931302855960e-01
greedy5,28.077489,8.974960493638e-01
greedy5,28.588402,9.017589129460e-01
greedy5,29.108612,9.059180701421e-01
greedy5,29.638288,9.099728348789e-01
greedy5,30.177603,9.139226433571e-01
greedy5,30.726731,9.177670558964e-01
greedy5,31.285851,9.215057584625e-01
greedy5,31.855145,9.251385638630e-01
greedy5,32.434798,9.286654125994e-01
greedy5,33.025,9.320863733640e-01
greedy5,33.62594,9.354016431724e-01
greedy5,34.237816,9.386115471233e-01
greedy5,34.860826,9.417165377795e-01
greedy5,35.495172,9.447171941661e-01
greedy5,36.141062,9.476142203821e-01
greedy5,36.798704,9.504084438257e-01
greedy5,37.468313,9.531008130335e-01
greedy5,38.150106,9.556923951373e-01
greedy5,38.844306,9.581843729424e-01
greedy5,39.551138,9.605780416364e-01
greedy5,40.270832,9.628748051343e-01
greedy5,41.003622,9.650761720745e-01
greedy5,41.749746,9.671837514751e-01
greedy5,42.509447,9.691992480689e-01
greedy5,43.282972,9.711244573307e-01
greedy5,44.070572,9.729612602181e-01
greedy5,44.872504,9.747116176457e-01
greedy5,45.689028,9.763775647152e-01
greedy5,46.52041,9.779612047250e-01
greedy5,47.366921,9.794647029863e-01
greedy5,48.228835,9.808902804721e-01
greedy5,49.106433,9.822402073278e-01
greedy5,50,9.835167962736e-01
greedy6,0.001,2.602561838459e-05
greedy6,0.0010181965,2.649919142007e-05
greedy6,0.0010367242,2.698138173010e-05
greedy6,0.001055589,2.747234611478e-05
greedy6,0.0010747971,2.797224422779e-05
greedy6,0.0010943546,2.848123862734e-05
greedy6,0.0011142681,2.899949482948e-05
greedy6,0.0011345439,2.952718136239e-05
greedy6,0.0011551887,3.006446982021e-05
greedy6,0.0011762091,3.061153491925e-05
greedy6,0.0011976121,3.116855455528e-05
greedy6,0.0012194045,3.173570986076e-05
greedy6,0.0012415934,3.231318526380e-05
greedy6,0.0012641861,3.290116854833e-05
greedy6,0.0012871899,3.349985091521e-05
greedy6,0.0013106123,3.410942704420e-05
greedy6,0.0013344609,3.473009515702e-05
greedy6,0.0013587435,3.536205708255e-05
greedy6,0.0013834679,3.600551832163e-05
greedy6,0.0014086423,3.666068811458e-05
greedy6,0.0014342747,3.732777950854e-05
greedy6,0.0014603735,3.800700942726e-05
greedy6,0.0014869473,3.869859874149e-05
greedy6,0.0015140046,3.940277234075e-05
greedy6,0.0015415542,4.011975920616e-05
greedy6,0.0015696052,4.084979248563e-05
greedy6,0.0015981665,4.159310956883e-05
greedy6,0.0016272476,4.234995216504e-05
greedy6,0.0016568579,4.312056638124e-05
greedy6,0.001687007,4.390520280231e-05
greedy6,0.0017177047,4.470411657267e-05
greedy6,0.001748961,4.551756747894e-05
greedy6,0.001780786,4.634582003462e-05
greedy6,0.0018131901,4.718914356584e-05
greedy6,0.0018461839,4.804781229909e-05
greedy6,0.0018797781,4.892210545071e-05
greedy6,0.0019139835,4.981230731681e-05
greedy6,0.0019488114,5.071870736650e-05
greedy6,0.001984273,5.164160033565e-05
greedy6,0.00202038,5.258128632262e-05
greedy6,0.0020571439,5.353807088607e-05
greedy6,0.0020945768,5.451226514416e-05
greedy6,0.0021326908,5.550418587557e-05
greedy6,0.0021714984,5.651415562303e-05
greedy6,0.0022110122,5.754250279726e-05
greedy6,0.0022512449,5.858956178452e-05
greedy6,0.0022922098,5.965567305490e-05
greedy6,0.0023339201,6.074118327311e-05
greedy6,0.0023763894,6.184644541168e-05
greedy6,0.0024196314,6.297181886427e-05
greedy6,0.0024636603,6.411766956424e-05
greedy6,0.0025084904,6.528437010260e-05
greedy6,0.0025541363,6.647229984947e-05
greedy6,0.0026006127,6.768184507673e-05
greedy6,0.0026479349,6.891339908466e-05
greedy6,0.0026961181,7.016736232920e-05
greedy6,0.0027451782,7.144414255199e-05
greedy6,0.0027951309,7.274415491328e-05
greedy6,0.0028459926,7.406782212640e-05
greedy6,0.0028977798,7.541557459579e-05
greedy6,0.0029505094,7.678785055656e-05
greedy6,0.0030041984,7.818509621673e-05
greedy6,0.0030588645,7.960776590281e-05
greedy6,0.0031145252,8.105632220662e-05
greedy6,0.0031711988,8.253123613681e-05
greedy6,0.0032289036,8.403298727125e-05
greedy6,0.0032876585,8.556206391242e-05
greedy6,0.0033474825,8.711896324742e-05
greedy6,0.0034083951,8.870419150833e-05
greedy6,0.0034704161,9.031826413755e-05
greedy6,0.0035335657,9.196170595506e-05
greedy6,0.0035978643,9.363505132883e-05
greedy6,0.003663333,9.533884434882e-05
greedy6,0.003729993,9.707363900361e-05
greedy6,0.003797866,9.883999936035e-05
greedy6,0.003866974,1.006384997482e-04
greedy6,0.0039373395,1.024697249456e-04
greedy6,0.0040089855,1.043342703691e-04
greedy6,0.0040819351,1.062327422675e-04
greedy6,0.0041562122,1.081657579195e-04
greedy6,0.0042318409,1.101339458331e-04
greedy6,0.0043088458,1.121379459507e-04
greedy6,0.0043872519,1.141784098567e-04
greedy6,0.0044670847,1.162560009896e-04
greedy6,0.0045483701,1.183713948574e-04
greedy6,0.0046311347,1.205252792565e-04
greedy6,0.0047154054,1.227183544967e-04
greedy6,0.0048012094,1.249513336271e-04
greedy6,0.0048885748,1.272249426691e-04
greedy6,0.00497753,1.295399208514e-04
greedy6,0.0050681038,1.318970208510e-04
greedy6,0.0051603257,1.342970090372e-04
greedy6,0.0052542258,1.367406657207e-04
greedy6,0.0053498345,1.392287854074e-04
greedy6,0.005447183,1.417621770568e-04
greedy6,0.0055463029,1.443416643437e-04
greedy6,0.0056472264,1.469680859273e-04
greedy6,0.0057499864,1.496422957225e-04
greedy6,0.0058546163,1.523651631783e-04
greedy6,0.00596115,1.551375735591e-04
greedy6,0.0060696223,1.579604282342e-04
greedy6,0.0061800684,1.608346449684e-04
greedy6,0.0062925243,1.637611582219e-04
greedy6,0.0064070265,1.667409194526e-04
greedy6,0.0065236122,1.697748974270e-04
greedy6,0.0066423193,1.728640785327e-04
greedy6,0.0067631866,1.760094671005e-04
greedy6,0.0068862532,1.792120857296e-04
greedy6,0.0070115591,1.824729756212e-04
greedy6,0.0071391452,1.857931969146e-04
greedy6,0.007269053,1.891738290337e-04
greedy6,0.0074013246,1.926159710366e-04
greedy6,0.0075360031,1.961207419722e-04
greedy6,0.0076731323,1.996892812447e-04
greedy6,0.0078127567,2.033227489832e-04
greedy6,0.0079549219,2.070223264183e-04
greedy6,0.0080996739,2.107892162659e-04
greedy6,0.0082470599,2.146246431183e-04
greedy6,0.0083971279,2.185298538412e-04
greedy6,0.0085499266,2.225061179792e-04
greedy6,0.0087055056,2.265547281678e-04
greedy6,0.0088639157,2.306770005530e-04
greedy6,0.0090252083,2.348742752196e-04
greedy6,0.0091894359,2.391479166254e-04
greedy6,0.0093566518,2.434993140447e-04
greedy6,0.0095269105,2.479298820195e-04
greedy6,0.0097002673,2.524410608189e-04
greedy6,0.0098767786,2.570343169061e-04
greedy6,0.010056502,2.617111434156e-04
greedy6,0.010239495,2.664730606374e-04
greedy6,0.010425819,2.713216165105e-04
greedy6,0.010615533,2.762583871255e-04
greedy6,0.010808698,2.812849772373e-04
greedy6,0.011005379,2.864030207840e-04
greedy6,0.011205639,2.916141814196e-04
greedy6,0.011409543,2.969201530526e-04
greedy6,0.011617157,3.023226603965e-04
greedy6,0.011828549,3.078234595294e-04
greedy6,0.012043788,3.134243384645e-04
greedy6,0.012262943,3.191271177298e-04
greedy6,0.012486086,3.249336509590e-04
greedy6,0.01271329,3.308458254942e-04
greedy6,0.012944628,3.368655629969e-04
greedy6,0.013180175,3.429948200733e-04
greedy6,0.013420009,3.492355889075e-04
greedy6,0.013664207,3.555898979097e-04
greedy6,0.013912848,3.620598123735e-04
greedy6,0.014166013,3.686474351460e-04
greedy6,0.014423786,3.753549073104e-04
greedy6,0.014686249,3.821844088809e-04
greedy6,0.014953488,3.891381595099e-04
greedy6,0.01522559,3.962184192077e-04
greedy6,0.015502643,4.034274890764e-04
greedy6,0.015784737,4.107677120557e-04
greedy6,0.016071965,4.182414736839e-04
greedy6,0.016364419,4.258512028707e-04
greedy6,0.016662195,4.335993726854e-04
greedy6,0.016965389,4.414885011595e-04
greedy6,0.0172741,4.495211521030e-04
greedy6,0.017588429,4.576999359360e-04
greedy6,0.017908478,4.660275105348e-04
greedy6,0.01823435,4.745065820948e-04
greedy6,0.018566152,4.831399060071e-04
greedy6,0.018903992,4.919302877526e-04
greedy6,0.019247979,5.008805838113e-04
greedy6,0.019598226,5.099937025882e-04
greedy6,0.019954845,5.192726053570e-04
greedy6,0.020317955,5.287203072192e-04
greedy6,0.020687671,5.383398780824e-04
greedy6,0.021064115,5.481344436545e-04
greedy6,0.021447409,5.581071864571e-04
greedy6,0.021837678,5.682613468574e-04
greedy6,0.022235048,5.786002241180e-04
greedy6,0.022639649,5.891271774659e-04
greedy6,0.023051612,5.998456271817e-04
greedy6,0.023471072,6.107590557067e-04
greedy6,0.023898164,6.218710087725e-04
greedy6,0.024333028,6.331850965492e-04
greedy6,0.024775805,6.447049948143e-04
greedy6,0.025226639,6.564344461444e-04
greedy6,0.025685676,6.683772611271e-04
greedy6,0.026153066,6.805373195949e-04
greedy6,0.026628962,6.929185718820e-04
greedy6,0.027113517,7.055250401037e-04
greedy6,0.027606889,7.183608194582e-04
greedy6,0.028109239,7.314300795533e-04
greedy6,0.02862073,7.447370657559e-04
greedy6,0.029141528,7.582861005664e-04
greedy6,0.029671803,7.720815850179e-04
greedy6,0.030211727,7.861280001011e-04
greedy6,0.030761476,8.004299082135e-04
greedy6,0.031321228,8.149919546376e-04
greedy6,0.031891166,8.298188690416e-04
greedy6,0.032471475,8.449154670126e-04
greedy6,0.033062344,8.602866516122e-04
greedy6,0.033663964,8.759374149641e-04
greedy6,0.034276531,8.918728398674e-04
greedy6,0.034900246,9.080981014426e-04
greedy6,0.035535309,9.246184688030e-04
greedy6,0.036181929,9.414393067601e-04
greedy6,0.036840315,9.585660775578e-04
greedy6,0.037510681,9.760043426373e-04
greedy6,0.038193246,9.937597644369e-04
greedy6,0.038888231,1.011838108220e-03
greedy6,0.039595862,1.030245243940e-03
greedy6,0.04031637,1.048987148137e-03
greedy6,0.041049988,1.068069905867e-03
greedy6,0.041796956,1.087499712670e-03
greedy6,0.042557516,1.107282876570e-03
greedy6,0.043331915,1.127425820115e-03
greedy6,0.044120406,1.147935082445e-03
greedy6,0.044923245,1.168817321410e-03
greedy6,0.045740692,1.190079315718e-03
greedy6,0.046573015,1.211727967120e-03
greedy6,0.047420482,1.233770302640e-03
greedy6,0.048283371,1.256213476845e-03
greedy6,0.049161961,1.279064774149e-03
greedy6,0.050056539,1.302331611166e-03
greedy6,0.050967395,1.326021539101e-03
greedy6,0.051894825,1.350142246188e-03
greedy6,0.052839131,1.374701560166e-03
greedy6,0.053800621,1.399707450805e-03
greedy6,0.054779606,1.425168032474e-03
greedy6,0.055776405,1.451091566757e-03
greedy6,0.056791342,1.477486465115e-03
greedy6,0.057824748,1.504361291598e-03
greedy6,0.058876959,1.531724765600e-03
greedy6,0.059948316,1.559585764672e-03
greedy6,0.061039167,1.587953327376e-03
greedy6,0.062149869,1.616836656200e-03
greedy6,0.063280782,1.646245120517e-03
greedy6,0.064432273,1.676188259601e-03
greedy6,0.065604717,1.706675785696e-03
greedy6,0.066798496,1.737717587145e-03
greedy6,0.068013998,1.769323731562e-03
greedy6,0.069251617,1.801504469078e-03
greedy6,0.070511757,1.834270235630e-03
greedy6,0.071794827,1.867631656321e-03
greedy6,0.073101244,1.901599548829e-03
greedy6,0.074431434,1.936184926887e-03
greedy6,0.075785828,1.971399003817e-03
greedy6,0.077164868,2.007253196134e-03
greedy6,0.078569002,2.043759127211e-03
greedy6,0.079998686,2.080928631005e-03
greedy6,0.081454385,2.118773755860e-03
greedy6,0.082936573,2.157306768372e-03
greedy6,0.084445731,2.196540157319e-03
greedy6,0.085982352,2.236486637665e-03
greedy6,0.087546933,2.277159154644e-03
greedy6,0.089139984,2.318570887896e-03
greedy6,0.090762023,2.360735255698e-03
greedy6,0.092413578,2.403665919259e-03
greedy6,0.094095185,2.447376787091e-03
greedy6,0.095807392,2.491882019465e-03
greedy6,0.097550755,2.537196032938e-03
greedy6,0.099325841,2.583333504965e-03
greedy6,0.10113323,2.630309378594e-03
greedy6,0.1029735,2.678138867239e-03
greedy6,0.10484726,2.726837459544e-03
greedy6,0.10675512,2.776420924328e-03
greedy6,0.1086977,2.826905315623e-03
greedy6,0.11067562,2.878306977794e-03
greedy6,0.11268953,2.930642550757e-03
greedy6,0.11474009,2.983928975285e-03
greedy6,0.11682796,3.038183498408e-03
greedy6,0.11895383,3.093423678910e-03
greedy6,0.12111837,3.149667392924e-03
greedy6,0.12332231,3.206932839621e-03
greedy6,0.12556635,3.265238547005e-03
greedy6,0.12785122,3.324603377804e-03
greedy6,0.13017767,3.385046535474e-03
greedy6,0.13254646,3.446587570297e-03
greedy6,0.13495834,3.509246385595e-03
greedy6,0.13741412,3.573043244050e-03
greedy6,0.13991458,3.637998774134e-03
greedy6,0.14246054,3.704133976655e-03
greedy6,0.14505283,3.771470231415e-03
greedy6,0.14769229,3.840029303984e-03
greedy6,0.15037978,3.909833352595e-03
greedy6,0.15311617,3.980904935159e-03
greedy6,0.15590235,4.053267016400e-03
greedy6,0.15873924,4.126942975118e-03
greedy6,0.16162774,4.201956611577e-03
greedy6,0.16456881,4.278332155021e-03
greedy6,0.16756339,4.356094271321e-03
greedy6,0.17061246,4.435268070759e-03
greedy6,0.17371702,4.515879115936e-03
greedy6,0.17687807,4.597953429834e-03
greedy6,0.18009664,4.681517504000e-03
greedy6,0.18337377,4.766598306886e-03
greedy6,0.18671054,4.853223292323e-03
greedy6,0.19010803,4.941420408148e-03
greedy6,0.19356733,5.031218104978e-03
greedy6,0.19708959,5.122645345129e-03
greedy6,0.20067594,5.215731611699e-03
greedy6,0.20432755,5.310506917800e-03
greedy6,0.2080456,5.407001815949e-03
greedy6,0.21183131,5.505247407621e-03
greedy6,0.21568591,5.605275352967e-03
greedy6,0.21961064,5.707117880692e-03
greedy6,0.2236068,5.810807798112e-03
greedy6,0.22767567,5.916378501369e-03
greedy6,0.23181858,6.023863985830e-03
greedy6,0.23603687,6.133298856657e-03
greedy6,0.24033193,6.244718339561e-03
greedy6,0.24470514,6.358158291732e-03
greedy6,0.24915792,6.473655212953e-03
greedy6,0.25369174,6.591246256913e-03
greedy6,0.25830805,6.710969242694e-03
greedy6,0.26300836,6.832862666460e-03
greedy6,0.2677942,6.956965713342e-03
greedy6,0.27266713,7.083318269519e-03
greedy6,0.27762873,7.211960934500e-03
greedy6,0.28268061,7.342935033613e-03
greedy6,0.28782442,7.476282630699e-03
greedy6,0.29306183,7.612046541016e-03
greedy6,0.29839454,7.750270344361e-03
greedy6,0.30382429,7.890998398402e-03
greedy6,0.30935284,8.034275852231e-03
greedy6,0.31498199,8.180148660141e-03
greedy6,0.32071357,8.328663595628e-03
greedy6,0.32654945,8.479868265621e-03
greedy6,0.33249152,8.633811124941e-03
greedy6,0.33854171,8.790541490997e-03
greedy6,0.344702,8.950109558721e-03
greedy6,0.35097438,9.112566415737e-03
greedy6,0.3573609,9.277964057783e-03
greedy6,0.36386363,9.446355404372e-03
greedy6,0.37048469,9.617794314706e-03
greedy6,0.37722623,9.792335603842e-03
greedy6,0.38409044,9.970035059116e-03
greedy6,0.39107956,1.015094945682e-02
greedy6,0.39819586,1.033513657916e-02
greedy6,0.40544164,1.052265523144e-02
greedy6,0.41281928,1.071356525955e-02
greedy6,0.42033116,1.090792756773e-02
greedy6,0.42797973,1.110580413657e-02
greedy6,0.43576748,1.130725804132e-02
greedy6,0.44369694,1.151235347046e-02
greedy6,0.45177069,1.172115574455e-02
greedy6,0.45999135,1.193373133543e-02
greedy6,0.46836161,1.215014788559e-02
greedy6,0.47688417,1.237047422793e-02
greedy6,0.48556181,1.259478040578e-02
greedy6,0.49439735,1.282313769320e-02
greedy6,0.50339367,1.305561861562e-02
greedy6,0.5125537,1.329229697074e-02
greedy6,0.5218804,1.353324784973e-02
greedy6,0.53137682,1.377854765883e-02
greedy6,0.54104604,1.402827414107e-02
greedy6,0.5508912,1.428250639854e-02
greedy6,0.56091551,1.454132491475e-02
greedy6,0.57112224,1.480481157744e-02
greedy6,0.58151468,1.507304970168e-02
greedy6,0.59209624,1.534612405327e-02
greedy6,0.60287034,1.562412087242e-02
greedy6,0.6138405,1.590712789786e-02
greedy6,0.62501027,1.619523439117e-02
greedy6,0.63638329,1.648853116148e-02
greedy6,0.64796327,1.678711059048e-02
greedy6,0.65975396,1.709106665773e-02
greedy6,0.67175919,1.740049496639e-02
greedy6,0.68398289,1.771549276913e-02
greedy6,0.69642901,1.803615899447e-02
greedy6,0.70910161,1.836259427345e-02
greedy6,0.7220048,1.869490096653e-02
greedy6,0.73514279,1.903318319090e-02
greedy6,0.74851985,1.937754684810e-02
greedy6,0.76214032,1.972809965190e-02
greedy6,0.77600863,2.008495115661e-02
greedy6,0.7901293,2.044821278556e-02
greedy6,0.80450692,2.081799786006e-02
greedy6,0.81914617,2.119442162851e-02
greedy6,0.83405179,2.157760129594e-02
greedy6,0.84922865,2.196765605383e-02
greedy6,0.86468167,2.236470711015e-02
greedy6,0.88041588,2.276887771982e-02
greedy6,0.89643641,2.318029321538e-02
greedy6,0.91274845,2.359908103794e-02
greedy6,0.92935731,2.402537076850e-02
greedy6,0.9462684,2.445929415945e-02
greedy6,0.96348721,2.490098516635e-02
greedy6,0.98101934,2.535057998005e-02
greedy6,0.9988705,2.580821705896e-02
greedy6,1.0170465,2.627403716163e-02
greedy6,1.0355532,2.674818337953e-02
greedy6,1.0543967,2.723080117008e-02
greedy6,1.0735831,2.772203838989e-02
greedy6,1.0931186,2.822204532816e-02
greedy6,1.1130095,2.873097474033e-02
greedy6,1.1332625,2.924898188189e-02
greedy6,1.1538839,2.977622454230e-02
greedy6,1.1748806,3.031286307914e-02
greedy6,1.1962594,3.085906045237e-02
greedy6,1.2180272,3.141498225862e-02
greedy6,1.240191,3.198079676573e-02
greedy6,1.2627582,3.255667494723e-02
greedy6,1.285736,3.314279051698e-02
greedy6,1.309132,3.373931996382e-02
greedy6,1.3329537,3.434644258616e-02
greedy6,1.3572088,3.496434052675e-02
greedy6,1.3819053,3.559319880720e-02
greedy6,1.4070512,3.623320536265e-02
greedy6,1.4326547,3.688455107622e-02
greedy6,1.458724,3.754742981341e-02
greedy6,1.4852678,3.822203845639e-02
greedy6,1.5122945,3.890857693808e-02
greedy6,1.539813,3.960724827604e-02
greedy6,1.5678323,4.031825860617e-02
greedy6,1.5963614,4.104181721611e-02
greedy6,1.6254097,4.177813657837e-02
greedy6,1.6549865,4.252743238308e-02
greedy6,1.6851015,4.328992357044e-02
greedy6,1.7157645,4.406583236268e-02
greedy6,1.7469855,4.485538429565e-02
greedy6,1.7787746,4.565880824979e-02
greedy6,1.8111421,4.647633648071e-02
greedy6,1.8440987,4.730820464907e-02
greedy6,1.8776549,4.815465184985e-02
greedy6,1.9118217,4.901592064098e-02
greedy6,1.9466102,4.989225707115e-02
greedy6,1.9820318,5.078391070692e-02
greedy6,2.0180979,5.169113465893e-02
greedy6,2.0548203,5.261418560723e-02
greedy6,2.0922109,5.355332382562e-02
greedy6,2.1302819,5.450881320504e-02
greedy6,2.1690457,5.548092127582e-02
greedy6,2.2085148,5.646991922882e-02
greedy6,2.2487022,5.747608193533e-02
greedy6,2.2896208,5.849968796574e-02
greedy6,2.3312839,5.954101960687e-02
greedy6,2.3737052,6.060036287784e-02
greedy6,2.4168984,6.167800754449e-02
greedy6,2.4608776,6.277424713228e-02
greedy6,2.5056571,6.388937893751e-02
greedy6,2.5512514,6.502370403688e-02
greedy6,2.5976753,6.617752729520e-02
greedy6,2.644944,6.735115737136e-02
greedy6,2.6930729,6.854490672224e-02
greedy6,2.7420775,6.975909160471e-02
greedy6,2.7919738,7.099403207543e-02
greedy6,2.842778,7.225005198852e-02
greedy6,2.8945068,7.352747899101e-02
greedy6,2.9471768,7.482664451583e-02
greedy6,3.0008052,7.614788377242e-02
greedy6,3.0554095,7.749153573484e-02
greedy6,3.1110073,7.885794312722e-02
greedy6,3.1676169,8.024745240654e-02
greedy6,3.2252566,8.166041374256e-02
greedy6,3.2839451,8.309718099497e-02
greedy6,3.3437015,8.455811168748e-02
greedy6,3.4045453,8.604356697889e-02
greedy6,3.4664963,8.755391163095e-02
greedy6,3.5295745,8.908951397310e-02
greedy6,3.5938005,9.065074586371e-02
greedy6,3.6591953,9.223798264801e-02
greedy6,3.72578,9.385160311242e-02
greedy6,3.7935763,9.549198943534e-02
greedy6,3.8626062,9.715952713410e-02
greedy6,3.9328923,9.885460500827e-02
greedy6,4.0044573,1.005776150789e-01
greedy6,4.0773246,1.023289525238e-01
greedy6,4.1515178,1.041090156089e-01
greedy6,4.227061,1.059182056151e-01
greedy6,4.3039789,1.077569267610e-01
greedy6,4.3822965,1.096255861212e-01
greedy6,4.4620391,1.115245935401e-01
greedy6,4.5432328,1.134543615412e-01
greedy6,4.6259039,1.154153052311e-01
greedy6,4.7100793,1.174078421997e-01
greedy6,4.7957865,1.194323924141e-01
greedy6,4.8830532,1.214893781087e-01
greedy6,4.9719078,1.235792236692e-01
greedy6,5.0623794,1.257023555117e-01
greedy6,5.1544971,1.278592019560e-01
greedy6,5.2482912,1.300501930934e-01
greedy6,5.3437919,1.322757606486e-01
greedy6,5.4410304,1.345363378359e-01
greedy6,5.5400383,1.368323592089e-01
greedy6,5.6408479,1.391642605040e-01
greedy6,5.7434918,1.415324784774e-01
greedy6,5.8480034,1.439374507352e-01
greedy6,5.9544169,1.463796155566e-01
greedy6,6.0627667,1.488594117099e-01
greedy6,6.173088,1.513772782610e-01
greedy6,6.2854169,1.539336543741e-01
greedy6,6.3997897,1.565289791045e-01
greedy6,6.5162437,1.591636911825e-01
greedy6,6.6348168,1.618382287896e-01
greedy6,6.7555475,1.645530293247e-01
greedy6,6.8784751,1.673085291614e-01
greedy6,7.0036396,1.701051633958e-01
greedy6,7.1310816,1.729433655832e-01
greedy6,7.2608426,1.758235674657e-01
greedy6,7.3929648,1.787461986870e-01
greedy6,7.5274911,1.817116864973e-01
greedy6,7.6644654,1.847204554460e-01
greedy6,7.8039322,1.877729270607e-01
greedy6,7.9459367,1.908695195158e-01
greedy6,8.0905253,1.940106472851e-01
greedy6,8.2377449,1.971967207828e-01
greedy6,8.3876433,2.004281459888e-01
greedy6,8.5402694,2.037053240598e-01
greedy6,8.6956727,2.070286509252e-01
greedy6,8.8539039,2.103985168665e-01
greedy6,9.0150143,2.138153060816e-01
greedy6,9.1790564,2.172793962316e-01
greedy6,9.3460834,2.207911579707e-01
greedy6,9.5161498,2.243509544592e-01
greedy6,9.6893108,2.279591408577e-01
greedy6,9.8656227,2.316160638040e-01
greedy6,10.045143,2.353220608714e-01
greedy6,10.22793,2.390774600080e-01
greedy6,10.414043,2.428825789581e-01
greedy6,10.603542,2.467377246634e-01
greedy6,10.79649,2.506431926468e-01
greedy6,10.992949,2.545992663758e-01
greedy6,11.192982,2.586062166085e-01
greedy6,11.396656,2.626643007199e-01
greedy6,11.604036,2.667737620101e-01
greedy6,11.815189,2.709348289949e-01
greedy6,12.030184,2.751477146782e-01
greedy6,12.249092,2.794126158074e-01
greedy6,12.471983,2.837297121127e-01
greedy6,12.69893,2.880991655293e-01
greedy6,12.930007,2.925211194060e-01
greedy6,13.165288,2.969956976979e-01
greedy6,13.404851,3.015230041470e-01
greedy6,13.648773,3.061031214490e-01
greedy6,13.897133,3.107361104095e-01
greedy6,14.150013,3.154220090898e-01
greedy6,14.407494,3.201608319429e-01
greedy6,14.669661,3.249525689419e-01
greedy6,14.936598,3.297971847020e-01
greedy6,15.208392,3.346946175964e-01
greedy6,15.485132,3.396447788686e-01
greedy6,15.766908,3.446475517425e-01
greedy6,16.053811,3.497027905302e-01
greedy6,16.345935,3.548103197419e-01
greedy6,16.643375,3.599699331956e-01
greedy6,16.946226,3.651813931320e-01
greedy6,17.254589,3.704444293336e-01
greedy6,17.568563,3.757587382503e-01
greedy6,17.88825,3.811239821338e-01
greedy6,18.213754,3.865397881815e-01
greedy6,18.545181,3.920057476917e-01
greedy6,18.88264,3.975214152334e-01
greedy6,19.226238,4.030863078296e-01
greedy6,19.576089,4.086999041585e-01
greedy6,19.932306,4.143616437728e-01
greedy6,20.295005,4.200709263401e-01
greedy6,20.664304,4.258271109049e-01
greedy6,21.040323,4.316295151756e-01
greedy6,21.423184,4.374774148372e-01
greedy6,21.813012,4.433700428925e-01
greedy6,22.209933,4.493065890336e-01
greedy6,22.614077,4.552861990454e-01
greedy6,23.025575,4.613079742438e-01
greedy6,23.444561,4.673709709503e-01
greedy6,23.871171,4.734742000052e-01
greedy6,24.305544,4.796166263221e-01
greedy6,24.74782,4.857971684847e-01
greedy6,25.198145,4.920146983900e-01
greedy6,25.656664,4.982680409382e-01
greedy6,26.123527,5.045559737731e-01
greedy6,26.598884,5.108772270747e-01
greedy6,27.082892,5.172304834057e-01
greedy6,27.575707,5.236143776153e-01
greedy6,28.077489,5.300274968023e-01
greedy6,28.588402,5.364683803390e-01
greedy6,29.108612,5.429355199593e-01
greedy6,29.638288,5.494273599120e-01
greedy6,30.177603,5.559422971834e-01
greedy6,30.726731,5.624786817892e-01
greedy6,31.285851,5.690348171394e-01
greedy6,31.855145,5.756089604783e-01
greedy6,32.434798,5.821993234012e-01
greedy6,33.025,5.888040724495e-01
greedy6,33.62594,5.954213297885e-01
greedy6,34.237816,6.020491739671e-01
greedy6,34.860826,6.086856407631e-01
greedy6,35.495172,6.153287241169e-01
greedy6,36.141062,6.219763771530e-01
greedy6,36.798704,6.286265132943e-01
greedy6,37.468313,6.352770074692e-01
greedy6,38.150106,6.419256974138e-01
greedy6,38.844306,6.485703850724e-01
greedy6,39.551138,6.552088380955e-01
greedy6,40.270832,6.618387914405e-01
greedy6,41.003622,6.684579490739e-01
greedy6,41.749746,6.750639857787e-01
greedy6,42.509447,6.816545490669e-01
greedy6,43.282972,6.882272612006e-01
greedy6,44.070572,6.947797213207e-01
greedy6,44.872504,7.013095076863e-01
greedy6,45.689028,7.078141800245e-01
greedy6,46.52041,7.142912819916e-01
greedy6,47.366921,7.207383437463e-01
greedy6,48.228835,7.271528846349e-01
greedy6,49.106433,7.335324159877e-01
greedy6,50,7.398744440266e-01
greedy8,0.001,3.413435488188e-05
greedy8,0.0010181965,3.475549069984e-05
greedy8,0.0010367242,3.538792935909e-05
greedy8,0.001055589,3.603187654365e-05
greedy8,0.0010747971,3.668754168122e-05
greedy8,0.0010943546,3.735513801047e-05
greedy8,0.0011142681,3.803488265109e-05
greedy8,0.0011345439,3.872699667358e-05
greedy8,0.0011551887,3.943170517195e-05
greedy8,0.0011762091,4.014923733656e-05
greedy8,0.0011976121,4.087982652898e-05
greedy8,0.0012194045,4.162371035735e-05
greedy8,0.0012415934,4.238113075432e-05
greedy8,0.0012641861,4.315233405546e-05
greedy8,0.0012871899,4.393757107908e-05
greedy8,0.0013106123,4.473709720858e-05
greedy8,0.0013344609,4.555117247504e-05
greedy8,0.0013587435,4.638006164155e-05
greedy8,0.0013834679,4.722403429012e-05
greedy8,0.0014086423,4.808336490863e-05
greedy8,0.0014342747,4.895833298060e-05
greedy8,0.0014603735,4.984922307609e-05
greedy8,0.0014869473,5.075632494390e-05
greedy8,0.0015140046,5.167993360642e-05
greedy8,0.0015415542,5.262034945476e-05
greedy8,0.0015696052,5.357787834790e-05
greedy8,0.0015981665,5.455283171040e-05
greedy8,0.0016272476,5.554552663549e-05
greedy8,0.0016568579,5.655628598672e-05
greedy8,0.001687007,5.758543850438e-05
greedy8,0.0017177047,5.863331891083e-05
greedy8,0.001748961,5.970026802153e-05
greedy8,0.001780786,6.078663285376e-05
greedy8,0.0018131901,6.189276674133e-05
greedy8,0.0018461839,6.301902944825e-05
greedy8,0.0018797781,6.416578728626e-05
greedy8,0.0019139835,6.533341323467e-05
greedy8,0.0019488114,6.652228706045e-05
greedy8,0.001984273,6.773279544258e-05
greedy8,0.00202038,6.896533209847e-05
greedy8,0.0020571439,7.022029791070e-05
greedy8,0.0020945768,7.149810105808e-05
greedy8,0.0021326908,7.279915714898e-05
greedy8,0.0021714984,7.412388935588e-05
greedy8,0.0022110122,7.547272855373e-05
greedy8,0.0022512449,7.684611345912e-05
greedy8,0.0022922098,7.824449077444e-05
greedy8,0.0023339201,7.966831533203e-05
greedy8,0.0023763894,8.111805024277e-05
greedy8,0.0024196314,8.259416704717e-05
greedy8,0.0024636603,8.409714586785e-05
greedy8,0.0025084904,8.562747556653e-05
greedy8,0.0025541363,8.718565390320e-05
greedy8,0.0026006127,8.877218769726e-05
greedy8,0.0026479349,9.038759299369e-05
greedy8,0.0026961181,9.203239523009e-05
greedy8,0.0027451782,9.370712940820e-05
greedy8,0.0027951309,9.541234026749e-05
greedy8,0.0028459926,9.714858246318e-05
greedy8,0.0028977798,9.891642074600e-05
greedy8,0.0029505094,1.007164301470e-04
greedy8,0.0030041984,1.025491961638e-04
greedy8,0.0030588645,1.044153149513e-04
greedy8,0.0031145252,1.063153935164e-04
greedy8,0.0031711988,1.082500499149e-04
greedy8,0.0032289036,1.102199134529e-04
greedy8,0.0032876585,1.122256248919e-04
greedy8,0.0033474825,1.142678366572e-04
greedy8,0.0034083951,1.163472130500e-04
greedy8,0.0034704161,1.184644304641e-04
greedy8,0.0035335657,1.206201776061e-04
greedy8,0.0035978643,1.228151557194e-04
greedy8,0.003663333,1.250500788124e-04
greedy8,0.003729993,1.273256738913e-04
greedy8,0.003797866,1.296426811967e-04
greedy8,0.003866974,1.320018544443e-04
greedy8,0.0039373395,1.344039610709e-04
greedy8,0.0040089855,1.368497824837e-04
greedy8,0.0040819351,1.393401143152e-04
greedy8,0.0041562122,1.418757666817e-04
greedy8,0.0042318409,1.444575644477e-04
greedy8,0.0043088458,1.470863474941e-04
greedy8,0.0043872519,1.497629709923e-04
greedy8,0.0044670847,1.524883056817e-04
greedy8,0.0045483701,1.552632381540e-04
greedy8,0.0046311347,1.580886711415e-04
greedy8,0.0047154054,1.609655238121e-04
greedy8,0.0048012094,1.638947320671e-04
greedy8,0.0048885748,1.668772488472e-04
greedy8,0.00497753,1.699140444421e-04
greedy8,0.0050681038,1.730061068073e-04
greedy8,0.0051603257,1.761544418856e-04
greedy8,0.0052542258,1.793600739345e-04
greedy8,0.0053498345,1.826240458598e-04
greedy8,0.005447183,1.859474195558e-04
greedy8,0.0055463029,1.893312762510e-04
greedy8,0.0056472264,1.927767168604e-04
greedy8,0.0057499864,1.962848623436e-04
greedy8,0.0058546163,1.998568540710e-04
greedy8,0.00596115,2.034938541947e-04
greedy8,0.0060696223,2.071970460279e-04
greedy8,0.0061800684,2.109676344297e-04
greedy8,0.0062925243,2.148068461985e-04
greedy8,0.0064070265,2.187159304712e-04
greedy8,0.0065236122,2.226961591302e-04
greedy8,0.0066423193,2.267488272183e-04
greedy8,0.0067631866,2.308752533604e-04
greedy8,0.0068862532,2.350767801931e-04
greedy8,0.0070115591,2.393547748026e-04
greedy8,0.0071391452,2.437106291707e-04
greedy8,0.007269053,2.481457606269e-04
greedy8,0.0074013246,2.526616123119e-04
greedy8,0.0075360031,2.572596536479e-04
greedy8,0.0076731323,2.619413808164e-04
greedy8,0.0078127567,2.667083172476e-04
greedy8,0.0079549219,2.715620141152e-04
greedy8,0.0080996739,2.765040508439e-04
greedy8,0.0082470599,2.815360356231e-04
greedy8,0.0083971279,2.866596059316e-04
greedy8,0.0085499266,2.918764290719e-04
greedy8,0.0087055056,2.971882027132e-04
greedy8,0.0088639157,3.025966554454e-04
greedy8,0.0090252083,3.081035473429e-04
greedy8,0.0091894359,3.137106705380e-04
greedy8,0.0093566518,3.194198498064e-04
greedy8,0.0095269105,3.252329431612e-04
greedy8,0.0097002673,3.311518424598e-04
greedy8,0.0098767786,3.371784740208e-04
greedy8,0.010056502,3.433147992519e-04
greedy8,0.010239495,3.495628152907e-04
greedy8,0.010425819,3.559245556553e-04
greedy8,0.010615533,3.624020909080e-04
greedy8,0.010808698,3.689975293315e-04
greedy8,0.011005379,3.757130176160e-04
greedy8,0.011205639,3.825507415607e-04
greedy8,0.011409543,3.895129267857e-04
greedy8,0.011617157,3.966018394597e-04
greedy8,0.011828549,4.038197870390e-04
greedy8,0.012043788,4.111691190208e-04
greedy8,0.012262943,4.186522277100e-04
greedy8,0.012486086,4.262715490003e-04
greedy8,0.01271329,4.340295631693e-04
greedy8,0.012944628,4.419287956888e-04
greedy8,0.013180175,4.499718180483e-04
greedy8,0.013420009,4.581612485962e-04
greedy8,0.013664207,4.664997533933e-04
greedy8,0.013912848,4.749900470848e-04
greedy8,0.014166013,4.836348937859e-04
greedy8,0.014423786,4.924371079854e-04
greedy8,0.014686249,5.013995554647e-04
greedy8,0.014953488,5.105251542344e-04
greedy8,0.01522559,5.198168754870e-04
greedy8,0.015502643,5.292777445679e-04
greedy8,0.015784737,5.389108419646e-04
greedy8,0.016071965,5.487193043131e-04
greedy8,0.016364419,5.587063254222e-04
greedy8,0.016662195,5.688751573185e-04
greedy8,0.016965389,5.792291113089e-04
greedy8,0.0172741,5.897715590633e-04
greedy8,0.017588429,6.005059337164e-04
greedy8,0.017908478,6.114357309914e-04
greedy8,0.01823435,6.225645103417e-04
greedy8,0.018566152,6.338958961159e-04
greedy8,0.018903992,6.454335787427e-04
greedy8,0.019247979,6.571813159389e-04
greedy8,0.019598226,6.691429339373e-04
greedy8,0.019954845,6.813223287396e-04
greedy8,0.020317955,6.937234673907e-04
greedy8,0.020687671,7.063503892771e-04
greedy8,0.021064115,7.192072074487e-04
greedy8,0.021447409,7.322981099651e-04
greedy8,0.021837678,7.456273612664e-04
greedy8,0.022235048,7.591993035695e-04
greedy8,0.022639649,7.730183582898e-04
greedy8,0.023051612,7.870890274888e-04
greedy8,0.023471072,8.014158953491e-04
greedy8,0.023898164,8.160036296748e-04
greedy8,0.024333028,8.308569834217e-04
greedy8,0.024775805,8.459807962541e-04
greedy8,0.025226639,8.613799961301e-04
greedy8,0.025685676,8.770596009171e-04
greedy8,0.026153066,8.930247200363e-04
greedy8,0.026628962,9.092805561371e-04
greedy8,0.027113517,9.258324068030e-04
greedy8,0.027606889,9.426856662890e-04
greedy8,0.028109239,9.598458272898e-04
greedy8,0.02862073,9.773184827415e-04
greedy8,0.029141528,9.951093276566e-04
greedy8,0.029671803,1.013224160992e-03
greedy8,0.030211727,1.031668887551e-03
greedy8,0.030761476,1.050449519924e-03
greedy8,0.031321228,1.069572180456e-03
greedy8,0.031891166,1.089043103265e-03
greedy8,0.032471475,1.108868636281e-03
greedy8,0.033062344,1.129055243334e-03
greedy8,0.033663964,1.149609506276e-03
greedy8,0.034276531,1.170538127146e-03
greedy8,0.034900246,1.191847930367e-03
greedy8,0.035535309,1.213545864991e-03
greedy8,0.036181929,1.235639006985e-03
greedy8,0.036840315,1.258134561553e-03
greedy8,0.037510681,1.281039865507e-03
greedy8,0.038193246,1.304362389679e-03
greedy8,0.038888231,1.328109741380e-03
greedy8,0.039595862,1.352289666898e-03
greedy8,0.04031637,1.376910054053e-03
greedy8,0.041049988,1.401978934787e-03
greedy8,0.041796956,1.427504487812e-03
greedy8,0.042557516,1.453495041298e-03
greedy8,0.043331915,1.479959075621e-03
greedy8,0.044120406,1.506905226150e-03
greedy8,0.044923245,1.534342286098e-03
greedy8,0.045740692,1.562279209414e-03
greedy8,0.046573015,1.590725113736e-03
greedy8,0.047420482,1.619689283397e-03
greedy8,0.048283371,1.649181172484e-03
greedy8,0.049161961,1.679210407958e-03
greedy8,0.050056539,1.709786792831e-03
greedy8,0.050967395,1.740920309394e-03
greedy8,0.051894825,1.772621122519e-03
greedy8,0.052839131,1.804899583008e-03
greedy8,0.053800621,1.837766231014e-03
greedy8,0.054779606,1.871231799521e-03
greedy8,0.055776405,1.905307217889e-03
greedy8,0.056791342,1.940003615468e-03
greedy8,0.057824748,1.975332325270e-03
greedy8,0.058876959,2.011304887722e-03
greedy8,0.059948316,2.047933054478e-03
greedy8,0.061039167,2.085228792309e-03
greedy8,0.062149869,2.123204287057e-03
greedy8,0.063280782,2.161871947676e-03
greedy8,0.064432273,2.201244410330e-03
greedy8,0.065604717,2.241334542584e-03
greedy8,0.066798496,2.282155447665e-03
greedy8,0.068013998,2.323720468800e-03
greedy8,0.069251617,2.366043193639e-03
greedy8,0.070511757,2.409137458764e-03
greedy8,0.071794827,2.453017354268e-03
greedy8,0.073101244,2.497697228438e-03
greedy8,0.074431434,2.543191692510e-03
greedy8,0.075785828,2.589515625518e-03
greedy8,0.077164868,2.636684179240e-03
greedy8,0.078569002,2.684712783222e-03
greedy8,0.079998686,2.733617149909e-03
greedy8,0.081454385,2.783413279864e-03
greedy8,0.082936573,2.834117467090e-03
greedy8,0.084445731,2.885746304445e-03
greedy8,0.085982352,2.938316689161e-03
greedy8,0.087546933,2.991845828471e-03
greedy8,0.089139984,3.046351245333e-03
greedy8,0.090762023,3.101850784264e-03
greedy8,0.092413578,3.158362617287e-03
greedy8,0.094095185,3.215905249986e-03
greedy8,0.095807392,3.274497527669e-03
greedy8,0.097550755,3.334158641660e-03
greedy8,0.099325841,3.394908135693e-03
greedy8,0.10113323,3.456765912438e-03
greedy8,0.1029735,3.519752240144e-03
greedy8,0.10484726,3.583887759404e-03
greedy8,0.10675512,3.649193490053e-03
greedy8,0.1086977,3.715690838192e-03
greedy8,0.11067562,3.783401603344e-03
greedy8,0.11268953,3.852347985741e-03
greedy8,0.11474009,3.922552593755e-03
greedy8,0.11682796,3.994038451465e-03
greedy8,0.11895383,4.066829006361e-03
greedy8,0.12111837,4.140948137202e-03
greedy8,0.12332231,4.216420162013e-03
greedy8,0.12556635,4.293269846241e-03
greedy8,0.12785122,4.371522411055e-03
greedy8,0.13017767,4.451203541809e-03
greedy8,0.13254646,4.532339396662e-03
greedy8,0.13495834,4.614956615360e-03
greedy8,0.13741412,4.699082328181e-03
greedy8,0.13991458,4.784744165053e-03
greedy8,0.14246054,4.871970264842e-03
greedy8,0.14505283,4.960789284811e-03
greedy8,0.14769229,5.051230410263e-03
greedy8,0.15037978,5.143323364360e-03
greedy8,0.15311617,5.237098418135e-03
greedy8,0.15590235,5.332586400682e-03
greedy8,0.15873924,5.429818709546e-03
greedy8,0.16162774,5.528827321307e-03
greedy8,0.16456881,5.629644802363e-03
greedy8,0.16756339,5.732304319914e-03
greedy8,0.17061246,5.836839653158e-03
greedy8,0.17371702,5.943285204694e-03
greedy8,0.17687807,6.051676012142e-03
greedy8,0.18009664,6.162047759981e-03
greedy8,0.18337377,6.274436791612e-03
greedy8,0.18671054,6.388880121646e-03
greedy8,0.19010803,6.505415448427e-03
greedy8,0.19356733,6.624081166788e-03
greedy8,0.19708959,6.744916381048e-03
greedy8,0.20067594,6.867960918257e-03
greedy8,0.20432755,6.993255341688e-03
greedy8,0.2080456,7.120840964584e-03
greedy8,0.21183131,7.250759864163e-03
greedy8,0.21568591,7.383054895890e-03
greedy8,0.21961064,7.517769708016e-03
greedy8,0.2236068,7.654948756391e-03
greedy8,0.22767567,7.794637319552e-03
greedy8,0.23181858,7.936881514107e-03
greedy8,0.23603687,8.081728310393e-03
greedy8,0.24033193,8.229225548443e-03
greedy8,0.24470514,8.379421954240e-03
greedy8,0.24915792,8.532367156289e-03
greedy8,0.25369174,8.688111702492e-03
greedy8,0.25830805,8.846707077341e-03
greedy8,0.26300836,9.008205719440e-03
greedy8,0.2677942,9.172661039347e-03
greedy8,0.27266713,9.340127437756e-03
greedy8,0.27762873,9.510660324021e-03
greedy8,0.28268061,9.684316135018e-03
greedy8,0.28782442,9.861152354371e-03
greedy8,0.29306183,1.004122753203e-02
greedy8,0.29839454,1.022460130422e-02
greedy8,0.30382429,1.041133441376e-02
greedy8,0.30935284,1.060148873075e-02
greedy8,0.31498199,1.079512727366e-02
greedy8,0.32071357,1.099231423080e-02
greedy8,0.32654945,1.119311498221e-02
greedy8,0.33249152,1.139759612191e-02
greedy8,0.33854171,1.160582548062e-02
greedy8,0.344702,1.181787214885e-02
greedy8,0.35097438,1.203380650043e-02
greedy8,0.3573609,1.225370021652e-02
greedy8,0.36386363,1.247762630998e-02
greedy8,0.37048469,1.270565915027e-02
greedy8,0.37722623,1.293787448871e-02
greedy8,0.38409044,1.317434948434e-02
greedy8,0.39107956,1.341516273009e-02
greedy8,0.39819586,1.366039427957e-02
greedy8,0.40544164,1.391012567425e-02
greedy8,0.41281928,1.416443997118e-02
greedy8,0.42033116,1.442342177120e-02
greedy8,0.42797973,1.468715724767e-02
greedy8,0.43576748,1.495573417567e-02
greedy8,0.44369694,1.522924196180e-02
greedy8,0.45177069,1.550777167443e-02
greedy8,0.45999135,1.579141607457e-02
greedy8,0.46836161,1.608026964723e-02
greedy8,0.47688417,1.637442863333e-02
greedy8,0.48556181,1.667399106224e-02
greedy8,0.49439735,1.697905678482e-02
greedy8,0.50339367,1.728972750705e-02
greedy8,0.5125537,1.760610682430e-02
greedy8,0.5218804,1.792830025610e-02
greedy8,0.53137682,1.825641528160e-02
greedy8,0.54104604,1.859056137560e-02
greedy8,0.5508912,1.893085004516e-02
greedy8,0.56091551,1.927739486692e-02
greedy8,0.57112224,1.963031152492e-02
greedy8,0.58151468,1.998971784921e-02
greedy8,0.59209624,2.035573385496e-02
greedy8,0.60287034,2.072848178231e-02
greedy8,0.6138405,2.110808613684e-02
greedy8,0.62501027,2.149467373071e-02
greedy8,0.63638329,2.188837372442e-02
greedy8,0.64796327,2.228931766933e-02
greedy8,0.65975396,2.269763955079e-02
greedy8,0.67175919,2.311347583195e-02
greedy8,0.68398289,2.353696549829e-02
greedy8,0.69642901,2.396825010282e-02
greedy8,0.70910161,2.440747381194e-02
greedy8,0.7220048,2.485478345207e-02
greedy8,0.73514279,2.531032855692e-02
greedy8,0.74851985,2.577426141546e-02
greedy8,0.76214032,2.624673712061e-02
greedy8,0.77600863,2.672791361862e-02
greedy8,0.7901293,2.721795175916e-02
greedy8,0.80450692,2.771701534611e-02
greedy8,0.81914617,2.822527118903e-02
greedy8,0.83405179,2.874288915536e-02
greedy8,0.84922865,2.927004222325e-02
greedy8,0.86468167,2.980690653517e-02
greedy8,0.88041588,3.035366145213e-02
greedy8,0.89643641,3.091048960860e-02
greedy8,0.91274845,3.147757696813e-02
greedy8,0.92935731,3.205511287955e-02
greedy8,0.9462684,3.264329013393e-02
greedy8,0.96348721,3.324230502210e-02
greedy8,0.98101934,3.385235739283e-02
greedy8,0.9988705,3.447365071163e-02
greedy8,1.0170465,3.510639212013e-02
greedy8,1.0355532,3.575079249606e-02
greedy8,1.0543967,3.640706651377e-02
greedy8,1.0735831,3.707543270534e-02
greedy8,1.0931186,3.775611352215e-02
greedy8,1.1130095,3.844933539701e-02
greedy8,1.1332625,3.915532880670e-02
greedy8,1.1538839,3.987432833498e-02
greedy8,1.1748806,4.060657273604e-02
greedy8,1.1962594,4.135230499827e-02
greedy8,1.2180272,4.211177240840e-02
greedy8,1.240191,4.288522661595e-02
greedy8,1.2627582,4.367292369794e-02
greedy8,1.285736,4.447512422379e-02
greedy8,1.309132,4.529209332043e-02
greedy8,1.3329537,4.612410073747e-02
greedy8,1.3572088,4.697142091257e-02
greedy8,1.3819053,4.783433303660e-02
greedy8,1.4070512,4.871312111897e-02
greedy8,1.4326547,4.960807405270e-02
greedy8,1.458724,5.051948567940e-02
greedy8,1.4852678,5.144765485386e-02
greedy8,1.5122945,5.239288550850e-02
greedy8,1.539813,5.335548671721e-02
greedy8,1.5678323,5.433577275883e-02
greedy8,1.5963614,5.533406317999e-02
greedy8,1.6254097,5.635068285722e-02
greedy8,1.6549865,5.738596205837e-02
greedy8,1.6851015,5.844023650307e-02
greedy8,1.7157645,5.951384742219e-02
greedy8,1.7469855,6.060714161624e-02
greedy8,1.7787746,6.172047151245e-02
greedy8,1.8111421,6.285419522057e-02
greedy8,1.8440987,6.400867658705e-02
greedy8,1.8776549,6.518428524773e-02
greedy8,1.9118217,6.638139667859e-02
greedy8,1.9466102,6.760039224468e-02
greedy8,1.9820318,6.884165924684e-02
greedy8,2.0180979,7.010559096621e-02
greedy8,2.0548203,7.139258670631e-02
greedy8,2.0922109,7.270305183239e-02
greedy8,2.1302819,7.403739780810e-02
greedy8,2.1690457,7.539604222898e-02
greedy8,2.2085148,7.677940885287e-02
greedy8,2.2487022,7.818792762679e-02
greedy8,2.2896208,7.962203471016e-02
greedy8,2.3312839,8.108217249416e-02
greedy8,2.3737052,8.256878961692e-02
greedy8,2.4168984,8.408234097435e-02
greedy8,2.4608776,8.562328772627e-02
greedy8,2.5056571,8.719209729772e-02
greedy8,2.5512514,8.878924337495e-02
greedy8,2.5976753,9.041520589607e-02
greedy8,2.644944,9.207047103583e-02
greedy8,2.6930729,9.375553118433e-02
greedy8,2.7420775,9.547088491939e-02
greedy8,2.7919738,9.721703697214e-02
greedy8,2.842778,9.899449818556e-02
greedy8,2.8945068,1.008037854657e-01
greedy8,2.9471768,1.026454217249e-01
greedy8,3.0008052,1.045199358174e-01
greedy8,3.0554095,1.064278624657e-01
greedy8,3.1110073,1.083697421786e-01
greedy8,3.1676169,1.103461211600e-01
greedy8,3.2252566,1.123575512077e-01
greedy8,3.2839451,1.144045896019e-01
greedy8,3.3437015,1.164877989840e-01
greedy8,3.4045453,1.186077472236e-01
greedy8,3.4664963,1.207650072745e-01
greedy8,3.5295745,1.229601570187e-01
greedy8,3.5938005,1.251937790983e-01
greedy8,3.6591953,1.274664607344e-01
greedy8,3.72578,1.297787935324e-01
greedy8,3.7935763,1.321313732745e-01
greedy8,3.8626062,1.345247996968e-01
greedy8,3.9328923,1.369596762523e-01
greedy8,4.0044573,1.394366098588e-01
greedy8,4.0773246,1.419562106302e-01
greedy8,4.1515178,1.445190915922e-01
greedy8,4.227061,1.471258683806e-01
greedy8,4.3039789,1.497771589230e-01
greedy8,4.3822965,1.524735831013e-01
greedy8,4.4620391,1.552157623969e-01
greedy8,4.5432328,1.580043195163e-01
greedy8,4.6259039,1.608398779968e-01
greedy8,4.7100793,1.637230617928e-01
greedy8,4.7957865,1.666544948406e-01
greedy8,4.8830532,1.696348006020e-01
greedy8,4.9719078,1.726646015870e-01
greedy8,5.0623794,1.757445188523e-01
greedy8,5.1544971,1.788751714784e-01
greedy8,5.2482912,1.820571760224e-01
greedy8,5.3437919,1.852911459466e-01
greedy8,5.4410304,1.885776910226e-01
greedy8,5.5400383,1.919174167103e-01
greedy8,5.6408479,1.953109235108e-01
greedy8,5.7434918,1.987588062931e-01
greedy8,5.8480034,2.022616535941e-01
greedy8,5.9544169,2.058200468910e-01
greedy8,6.0627667,2.094345598460e-01
greedy8,6.173088,2.131057575226e-01
greedy8,6.2854169,2.168341955732e-01
greedy8,6.3997897,2.206204193971e-01
greedy8,6.5162437,2.244649632694e-01
greedy8,6.6348168,2.283683494392e-01
greedy8,6.7555475,2.323310871978e-01
greedy8,6.8784751,2.363536719160e-01
greedy8,7.0036396,2.404365840500e-01
greedy8,7.1310816,2.445802881169e-01
greedy8,7.2608426,2.487852316375e-01
greedy8,7.3929648,2.530518440480e-01
greedy8,7.5274911,2.573805355803e-01
greedy8,7.6644654,2.617716961094e-01
greedy8,7.8039322,2.662256939703e-01
greedy8,7.9459367,2.707428747419e-01
greedy8,8.0905253,2.753235600002e-01
greedy8,8.2377449,2.799680460401e-01
greedy8,8.3876433,2.846766025662e-01
greedy8,8.5402694,2.894494713529e-01
greedy8,8.6956727,2.942868648754e-01
greedy8,8.8539039,2.991889649108e-01
greedy8,9.0150143,3.041559211113e-01
greedy8,9.1790564,3.091878495501e-01
greedy8,9.3460834,3.142848312411e-01
greedy8,9.5161498,3.194469106337e-01
greedy8,9.6893108,3.246740940843e-01
greedy8,9.8656227,3.299663483062e-01
greedy8,10.045143,3.353235987994e-01
greedy8,10.22793,3.407457282634e-01
greedy8,10.414043,3.462325749935e-01
greedy8,10.603542,3.517839312655e-01
greedy8,10.79649,3.573995417096e-01
greedy8,10.992949,3.630791016777e-01
greedy8,11.192982,3.688222556073e-01
greedy8,11.396656,3.746285953848e-01
greedy8,11.604036,3.804976587142e-01
greedy8,11.815189,3.864289274927e-01
greedy8,12.030184,3.924218261999e-01
greedy8,12.249092,3.984757203050e-01
greedy8,12.471983,4.045899146962e-01
greedy8,12.69893,4.107636521399e-01
greedy8,12.930007,4.169961117732e-01
greedy8,13.165288,4.232864076381e-01
greedy8,13.404851,4.296335872624e-01
greedy8,13.648773,4.360366302951e-01
greedy8,13.897133,4.424944472034e-01
greedy8,14.150013,4.490058780385e-01
greedy8,14.407494,4.555696912785e-01
greedy8,14.669661,4.621845827559e-01
greedy8,14.936598,4.688491746790e-01
greedy8,15.208392,4.755620147548e-01
greedy8,15.485132,4.823215754226e-01
greedy8,15.766908,4.891262532082e-01
greedy8,16.053811,4.959743682054e-01
greedy8,16.345935,5.028641636971e-01
greedy8,16.643375,5.097938059225e-01
greedy8,16.946226,5.167613840008e-01
greedy8,17.254589,5.237649100210e-01
greedy8,17.568563,5.308023193053e-01
greedy8,17.88825,5.378714708562e-01
greedy8,18.213754,5.449701479949e-01
greedy8,18.545181,5.520960592002e-01
greedy8,18.88264,5.592468391538e-01
greedy8,19.226238,5.664200500008e-01
greedy8,19.576089,5.736131828319e-01
greedy8,19.932306,5.808236593923e-01
greedy8,20.295005,5.880488340225e-01
greedy8,20.664304,5.952859958371e-01
greedy8,21.040323,6.025323711424e-01
greedy8,21.423184,6.097851260976e-01
greedy8,21.813012,6.170413696186e-01
greedy8,22.209933,6.242981565272e-01
greedy8,22.614077,6.315524909422e-01
greedy8,23.025575,6.388013299108e-01
greedy8,23.444561,6.460415872778e-01
greedy8,23.871171,6.532701377854e-01
greedy8,24.305544,6.604838213979e-01
greedy8,24.74782,6.676794478438e-01
greedy8,25.198145,6.748538013645e-01
greedy8,25.656664,6.820036456590e-01
greedy8,26.123527,6.891257290123e-01
greedy8,26.598884,6.962167895919e-01
greedy8,27.082892,7.032735608990e-01
greedy8,27.575707,7.102927773551e-01
greedy8,28.077489,7.172711800070e-01
greedy8,28.588402,7.242055223300e-01
greedy8,29.108612,7.310925761090e-01
greedy8,29.638288,7.379291373747e-01
greedy8,30.177603,7.447120323731e-01
greedy8,30.726731,7.514381235450e-01
greedy8,31.285851,7.581043154898e-01
greedy8,31.855145,7.647075608918e-01
greedy8,32.434798,7.712448663817e-01
greedy8,33.025,7.777132983110e-01
greedy8,33.62594,7.841099884132e-01
greedy8,34.237816,7.904321393283e-01
greedy8,34.860826,7.966770299689e-01
greedy8,35.495172,8.028420207024e-01
greedy8,36.141062,8.089245583310e-01
greedy8,36.798704,8.149221808476e-01
greedy8,37.468313,8.208325219501e-01
greedy8,38.150106,8.266533152958e-01
greedy8,38.844306,8.323823984831e-01
greedy8,39.551138,8.380177167449e-01
greedy8,40.270832,8.435573263440e-01
greedy8,41.003622,8.489993976617e-01
greedy8,41.749746,8.543422179719e-01
greedy8,42.509447,8.595841938959e-01
greedy8,43.282972,8.647238535378e-01
greedy8,44.070572,8.697598482964e-01
greedy8,44.872504,8.746909543586e-01
greedy8,45.689028,8.795160738766e-01
greedy8,46.52041,8.842342358336e-01
greedy8,47.366921,8.888445966063e-01
greedy8,48.228835,8.933464402319e-01
greedy8,49.106433,8.977391783893e-01
greedy8,50,9.020223501046e-01
greedy10,0.001,2.428904404940e-05
greedy10,0.0010181965,2.473103295809e-05
greedy10,0.0010367242,2.518106498922e-05
greedy10,0.001055589,2.563928651651e-05
greedy10,0.0010747971,2.610584657766e-05
greedy10,0.0010943546,2.658089692299e-05
greedy10,0.0011142681,2.706459206500e-05
greedy10,0.0011345439,2.755708932822e-05
greedy10,0.0011551887,2.805854890061e-05
greedy10,0.0011762091,2.856913388620e-05
greedy10,0.0011976121,2.908901035702e-05
greedy10,0.0012194045,2.961834740844e-05
greedy10,0.0012415934,3.015731721312e-05
greedy10,0.0012641861,3.070609507800e-05
greedy10,0.0012871899,3.126485950041e-05
greedy10,0.0013106123,3.183379222695e-05
greedy10,0.0013344609,3.241307831202e-05
greedy10,0.0013587435,3.300290617861e-05
greedy10,0.0013834679,3.360346767912e-05
greedy10,0.0014086423,3.421495815856e-05
greedy10,0.0014342747,3.483757651696e-05
greedy10,0.0014603735,3.547152527521e-05
greedy10,0.0014869473,3.611701064039e-05
greedy10,0.0015140046,3.677424257321e-05
greedy10,0.0015415542,3.744343485585e-05
greedy10,0.0015696052,3.812480516238e-05
greedy10,0.0015981665,3.881857512855e-05
greedy10,0.0016272476,3.952497042516e-05
greedy10,0.0016568579,4.024422083017e-05
greedy10,0.001687007,4.097656030503e-05
greedy10,0.0017177047,4.172222706925e-05
greedy10,0.001748961,4.248146367943e-05
greedy10,0.001780786,4.325451710701e-05
greedy10,0.0018131901,4.404163881928e-05
greedy10,0.0018461839,4.484308486155e-05
greedy10,0.0018797781,4.565911593946e-05
greedy10,0.0019139835,4.648999750525e-05
greedy10,0.0019488114,4.733599984310e-05
greedy10,0.001984273,4.819739815743e-05
greedy10,0.00202038,4.907447266291e-05
greedy10,0.0020571439,4.996750867519e-05
greedy10,0.0020945768,5.087679670373e-05
greedy10,0.0021326908,5.180263254729e-05
greedy10,0.0021714984,5.274531738905e-05
greedy10,0.0022110122,5.370515789559e-05
greedy10,0.0022512449,5.468246631641e-05
greedy10,0.0022922098,5.567756058548e-05
greedy10,0.0023339201,5.669076442505e-05
greedy10,0.0023763894,5.772240745099e-05
greedy10,0.0024196314,5.877282528021e-05
greedy10,0.0024636603,5.984235963982e-05
greedy10,0.0025084904,6.093135847839e-05
greedy10,0.0025541363,6.204017607955e-05
greedy10,0.0026006127,6.316917317725e-05
greedy10,0.0026479349,6.431871707315e-05
greedy10,0.0026961181,6.548918175650e-05
greedy10,0.0027451782,6.668094802559e-05
greedy10,0.0027951309,6.789440361249e-05
greedy10,0.0028459926,6.912994330837e-05
greedy10,0.0028977798,7.038796909321e-05
greedy10,0.0029505094,7.166889026587e-05
greedy10,0.0030041984,7.297312357792e-05
greedy10,0.0030588645,7.430109336934e-05
greedy10,0.0031145252,7.565323170676e-05
greedy10,0.0031711988,7.702997852402e-05
greedy10,0.0032289036,7.843178176609e-05
greedy10,0.0032876585,7.985909753443e-05
greedy10,0.0033474825,8.131239023609e-05
greedy10,0.0034083951,8.279213273461e-05
greedy10,0.0034704161,8.429880650442e-05
greedy10,0.0035335657,8.583290178809e-05
greedy10,0.0035978643,8.739491775526e-05
greedy10,0.003663333,8.898536266596e-05
greedy10,0.003729993,9.060475403624e-05
greedy10,0.003797866,9.225361880670e-05
greedy10,0.003866974,9.393249351429e-05
greedy10,0.0039373395,9.564192446728e-05
greedy10,0.0040089855,9.738246792324e-05
greedy10,0.0040819351,9.915469027061e-05
greedy10,0.0041562122,1.009591682136e-04
greedy10,0.0042318409,1.027964889591e-04
greedy10,0.0043088458,1.046672504095e-04
greedy10,0.0043872519,1.065720613568e-04
greedy10,0.0044670847,1.085115416821e-04
greedy10,0.0045483701,1.104863225558e-04
greedy10,0.0046311347,1.124970466461e-04
greedy10,0.0047154054,1.145443683263e-04
greedy10,0.0048012094,1.166289538898e-04
greedy10,0.0048885748,1.187514817663e-04
greedy10,0.00497753,1.209126427441e-04
greedy10,0.0050681038,1.231131401946e-04
greedy10,0.0051603257,1.253536903026e-04
greedy10,0.0052542258,1.276350222989e-04
greedy10,0.0053498345,1.299578786995e-04
greedy10,0.005447183,1.323230155468e-04
greedy10,0.0055463029,1.347312026570e-04
greedy10,0.0056472264,1.371832238711e-04
greedy10,0.0057499864,1.396798773106e-04
greedy10,0.0058546163,1.422219756378e-04
greedy10,0.00596115,1.448103463218e-04
greedy10,0.0060696223,1.474458319081e-04
greedy10,0.0061800684,1.501292902937e-04
greedy10,0.0062925243,1.528615950068e-04
greedy10,0.0064070265,1.556436354928e-04
greedy10,0.0065236122,1.584763174043e-04
greedy10,0.0066423193,1.613605628967e-04
greedy10,0.0067631866,1.642973109295e-04
greedy10,0.0068862532,1.672875175729e-04
greedy10,0.0070115591,1.703321563205e-04
greedy10,0.0071391452,1.734322184062e-04
greedy10,0.007269053,1.765887131295e-04
greedy10,0.0074013246,1.798026681836e-04
greedy10,0.0075360031,1.830751299927e-04
greedy10,0.0076731323,1.864071640528e-04
greedy10,0.0078127567,1.897998552806e-04
greedy10,0.0079549219,1.932543083676e-04
greedy10,0.0080996739,1.967716481413e-04
greedy10,0.0082470599,2.003530199326e-04
greedy10,0.0083971279,2.039995899509e-04
greedy10,0.0085499266,2.077125456651e-04
greedy10,0.0087055056,2.114930961910e-04
greedy10,0.0088639157,2.153424726877e-04
greedy10,0.0090252083,2.192619287599e-04
greedy10,0.0091894359,2.232527408678e-04
greedy10,0.0093566518,2.273162087446e-04
greedy10,0.0095269105,2.314536558218e-04
greedy10,0.0097002673,2.356664296619e-04
greedy10,0.0098767786,2.399559023998e-04
greedy10,0.010056502,2.443234711909e-04
greedy10,0.010239495,2.487705586696e-04
greedy10,0.010425819,2.532986134138e-04
greedy10,0.010615533,2.579091104196e-04
greedy10,0.010808698,2.626035515840e-04
greedy10,0.011005379,2.673834661969e-04
greedy10,0.011205639,2.722504114410e-04
greedy10,0.011409543,2.772059729034e-04
greedy10,0.011617157,2.822517650931e-04
greedy10,0.011828549,2.873894319715e-04
greedy10,0.012043788,2.926206474893e-04
greedy10,0.012262943,2.979471161363e-04
greedy10,0.012486086,3.033705734999e-04
greedy10,0.01271329,3.088927868330e-04
greedy10,0.012944628,3.145155556338e-04
greedy10,0.013180175,3.202407122365e-04
greedy10,0.013420009,3.260701224105e-04
greedy10,0.013664207,3.320056859739e-04
greedy10,0.013912848,3.380493374150e-04
greedy10,0.014166013,3.442030465286e-04
greedy10,0.014423786,3.504688190606e-04
greedy10,0.014686249,3.568486973671e-04
greedy10,0.014953488,3.633447610845e-04
greedy10,0.01522559,3.699591278121e-04
greedy10,0.015502643,3.766939538071e-04
greedy10,0.015784737,3.835514346929e-04
greedy10,0.016071965,3.905338061796e-04
greedy10,0.016364419,3.976433447990e-04
greedy10,0.016662195,4.048823686521e-04
greedy10,0.016965389,4.122532381707e-04
greedy10,0.0172741,4.197583568934e-04
greedy10,0.017588429,4.274001722553e-04
greedy10,0.017908478,4.351811763928e-04
greedy10,0.01823435,4.431039069627e-04
greedy10,0.018566152,4.511709479776e-04
greedy10,0.018903992,4.593849306551e-04
greedy10,0.019247979,4.677485342836e-04
greedy10,0.019598226,4.762644871046e-04
greedy10,0.019954845,4.849355672095e-04
greedy10,0.020317955,4.937646034554e-04
greedy10,0.020687671,5.027544763964e-04
greedy10,0.021064115,5.119081192313e-04
greedy10,0.021447409,5.212285187711e-04
greedy10,0.021837678,5.307187164226e-04
greedy10,0.022235048,5.403818091906e-04
greedy10,0.022639649,5.502209506992e-04
greedy10,0.023051612,5.602393522319e-04
greedy10,0.023471072,5.704402837896e-04
greedy10,0.023898164,5.808270751708e-04
greedy10,0.024333028,5.914031170691e-04
greedy10,0.024775805,6.021718621930e-04
greedy10,0.025226639,6.131368264057e-04
greedy10,0.025685676,6.243015898860e-04
greedy10,0.026153066,6.356697983107e-04
greedy10,0.026628962,6.472451640594e-04
greedy10,0.027113517,6.590314674416e-04
greedy10,0.027606889,6.710325579459e-04
greedy10,0.028109239,6.832523555131e-04
greedy10,0.02862073,6.956948518333e-04
greedy10,0.029141528,7.083641116655e-04
greedy10,0.029671803,7.212642741843e-04
greedy10,0.030211727,7.343995543489e-04
greedy10,0.030761476,7.477742442999e-04
greedy10,0.031321228,7.613927147805e-04
greedy10,0.031891166,7.752594165855e-04
greedy10,0.032471475,7.893788820360e-04
greedy10,0.033062344,8.037557264822e-04
greedy10,0.033663964,8.183946498349e-04
greedy10,0.034276531,8.333004381246e-04
greedy10,0.034900246,8.484779650901e-04
greedy10,0.035535309,8.639321937962e-04
greedy10,0.036181929,8.796681782831e-04
greedy10,0.036840315,8.956910652453e-04
greedy10,0.037510681,9.120060957419e-04
greedy10,0.038193246,9.286186069393e-04
greedy10,0.038888231,9.455340338877e-04
greedy10,0.039595862,9.627579113277e-04
greedy10,0.04031637,9.802958755343e-04
greedy10,0.041049988,9.981536661936e-04
greedy10,0.041796956,1.016337128314e-03
greedy10,0.042557516,1.034852214174e-03
greedy10,0.043331915,1.053704985309e-03
greedy10,0.044120406,1.072901614533e-03
greedy10,0.044923245,1.092448387993e-03
greedy10,0.045740692,1.112351707275e-03
greedy10,0.046573015,1.132618091538e-03
greedy10,0.047420482,1.153254179691e-03
greedy10,0.048283371,1.174266732617e-03
greedy10,0.049161961,1.195662635428e-03
greedy10,0.050056539,1.217448899773e-03
greedy10,0.050967395,1.239632666183e-03
greedy10,0.051894825,1.262221206463e-03
greedy10,0.052839131,1.285221926127e-03
greedy10,0.053800621,1.308642366884e-03
greedy10,0.054779606,1.332490209163e-03
greedy10,0.055776405,1.356773274690e-03
greedy10,0.056791342,1.381499529119e-03
greedy10,0.057824748,1.406677084701e-03
greedy10,0.058876959,1.432314203015e-03
greedy10,0.059948316,1.458419297744e-03
greedy10,0.061039167,1.485000937503e-03
greedy10,0.062149869,1.512067848727e-03
greedy10,0.063280782,1.539628918609e-03
greedy10,0.064432273,1.567693198090e-03
greedy10,0.065604717,1.596269904919e-03
greedy10,0.066798496,1.625368426752e-03
greedy10,0.068013998,1.654998324331e-03
greedy10,0.069251617,1.685169334704e-03
greedy10,0.070511757,1.715891374522e-03
greedy10,0.071794827,1.747174543387e-03
greedy10,0.073101244,1.779029127274e-03
greedy10,0.074431434,1.811465602007e-03
greedy10,0.075785828,1.844494636814e-03
greedy10,0.077164868,1.878127097937e-03
greedy10,0.078569002,1.912374052323e-03
greedy10,0.079998686,1.947246771377e-03
greedy10,0.081454385,1.982756734791e-03
greedy10,0.082936573,2.018915634443e-03
greedy10,0.084445731,2.055735378375e-03
greedy10,0.085982352,2.093228094844e-03
greedy10,0.087546933,2.131406136453e-03
greedy10,0.089139984,2.170282084359e-03
greedy10,0.090762023,2.209868752561e-03
greedy10,0.092413578,2.250179192277e-03
greedy10,0.094095185,2.291226696396e-03
greedy10,0.095807392,2.333024804023e-03
greedy10,0.097550755,2.375587305105e-03
greedy10,0.099325841,2.418928245156e-03
greedy10,0.10113323,2.463061930061e-03
greedy10,0.1029735,2.508002930980e-03
greedy10,0.10484726,2.553766089349e-03
greedy10,0.10675512,2.600366521967e-03
greedy10,0.1086977,2.647819626196e-03
greedy10,0.11067562,2.696141085248e-03
greedy10,0.11268953,2.745346873583e-03
greedy10,0.11474009,2.795453262406e-03
greedy10,0.11682796,2.846476825279e-03
greedy10,0.11895383,2.898434443828e-03
greedy10,0.12111837,2.951343313575e-03
greedy10,0.12332231,3.005220949877e-03
greedy10,0.12556635,3.060085193975e-03
greedy10,0.12785122,3.115954219173e-03
greedy10,0.13017767,3.172846537126e-03
greedy10,0.13254646,3.230781004255e-03
greedy10,0.13495834,3.289776828288e-03
greedy10,0.13741412,3.349853574928e-03
greedy10,0.13991458,3.411031174648e-03
greedy10,0.14246054,3.473329929621e-03
greedy10,0.14505283,3.536770520788e-03
greedy10,0.14769229,3.601374015056e-03
greedy10,0.15037978,3.667161872647e-03
greedy10,0.15311617,3.734155954583e-03
greedy10,0.15590235,3.802378530322e-03
greedy10,0.15873924,3.871852285538e-03
greedy10,0.16162774,3.942600330060e-03
greedy10,0.16456881,4.014646205964e-03
greedy10,0.16756339,4.088013895820e-03
greedy10,0.17061246,4.162727831107e-03
greedy10,0.17371702,4.238812900789e-03
greedy10,0.17687807,4.316294460061e-03
greedy10,0.18009664,4.395198339268e-03
greedy10,0.18337377,4.475550852992e-03
greedy10,0.18671054,4.557378809329e-03
greedy10,0.19010803,4.640709519343e-03
greedy10,0.19356733,4.725570806699e-03
greedy10,0.19708959,4.811991017500e-03
greedy10,0.20067594,4.899999030307e-03
greedy10,0.20432755,4.989624266358e-03
greedy10,0.2080456,5.080896699991e-03
greedy10,0.21183131,5.173846869271e-03
greedy10,0.21568591,5.268505886825e-03
greedy10,0.21961064,5.364905450895e-03
greedy10,0.2236068,5.463077856602e-03
greedy10,0.22767567,5.563056007437e-03
greedy10,0.23181858,5.664873426980e-03
greedy10,0.23603687,5.768564270844e-03
greedy10,0.24033193,5.874163338860e-03
greedy10,0.24470514,5.981706087501e-03
greedy10,0.24915792,6.091228642548e-03
greedy10,0.25369174,6.202767812009e-03
greedy10,0.25830805,6.316361099294e-03
greedy10,0.26300836,6.432046716645e-03
greedy10,0.2677942,6.549863598833e-03
greedy10,0.27266713,6.669851417126e-03
greedy10,0.27762873,6.792050593532e-03
greedy10,0.28268061,6.916502315320e-03
greedy10,0.28782442,7.043248549830e-03
greedy10,0.29306183,7.172332059572e-03
greedy10,0.29839454,7.303796417622e-03
greedy10,0.30382429,7.437686023325e-03
greedy10,0.30935284,7.574046118299e-03
greedy10,0.31498199,7.712922802758e-03
greedy10,0.32071357,7.854363052157e-03
greedy10,0.32654945,7.998414734158e-03
greedy10,0.33249152,8.145126625932e-03
greedy10,0.33854171,8.294548431801e-03
greedy10,0.344702,8.446730801218e-03
greedy10,0.35097438,8.601725347105e-03
greedy10,0.3573609,8.759584664548e-03
greedy10,0.36386363,8.920362349855e-03
greedy10,0.37048469,9.084113019982e-03
greedy10,0.37722623,9.250892332343e-03
greedy10,0.38409044,9.420757004996e-03
greedy10,0.39107956,9.593764837234e-03
greedy10,0.39819586,9.769974730557e-03
greedy10,0.40544164,9.949446710061e-03
greedy10,0.41281928,1.013224194624e-02
greedy10,0.42033116,1.031842277720e-02
greedy10,0.42797973,1.050805273131e-02
greedy10,0.43576748,1.070119655027e-02
greedy10,0.44369694,1.089792021263e-02
greedy10,0.45177069,1.109829095780e-02
greedy10,0.45999135,1.130237731042e-02
greedy10,0.46836161,1.151024910527e-02
greedy10,0.47688417,1.172197751265e-02
greedy10,0.48556181,1.193763506422e-02
greedy10,0.49439735,1.215729567930e-02
greedy10,0.50339367,1.238103469172e-02
greedy10,0.5125537,1.260892887712e-02
greedy10,0.5218804,1.284105648082e-02
greedy10,0.53137682,1.307749724615e-02
greedy10,0.54104604,1.331833244334e-02
greedy10,0.5508912,1.356364489890e-02
greedy10,0.56091551,1.381351902562e-02
greedy10,0.57112224,1.406804085305e-02
greedy10,0.58151468,1.432729805856e-02
greedy10,0.59209624,1.459137999897e-02
greedy10,0.60287034,1.486037774271e-02
greedy10,0.6138405,1.513438410265e-02
greedy10,0.62501027,1.541349366943e-02
greedy10,0.63638329,1.569780284540e-02
greedy10,0.64796327,1.598740987923e-02
greedy10,0.65975396,1.628241490100e-02
greedy10,0.67175919,1.658291995806e-02
greedy10,0.68398289,1.688902905138e-02
greedy10,0.69642901,1.720084817260e-02
greedy10,0.70910161,1.751848534173e-02
greedy10,0.7220048,1.784205064539e-02
greedy10,0.73514279,1.817165627587e-02
greedy10,0.74851985,1.850741657068e-02
greedy10,0.76214032,1.884944805283e-02
greedy10,0.77600863,1.919786947181e-02
greedy10,0.7901293,1.955280184520e-02
greedy10,0.80450692,1.991436850094e-02
greedy10,0.81914617,2.028269512031e-02
greedy10,0.83405179,2.065790978162e-02
greedy10,0.84922865,2.104014300453e-02
greedy10,0.86468167,2.142952779512e-02
greedy10,0.88041588,2.182619969158e-02
greedy10,0.89643641,2.223029681073e-02
greedy10,0.91274845,2.264195989508e-02
greedy10,0.92935731,2.306133236072e-02
greedy10,0.9462684,2.348856034584e-02
greedy10,0.96348721,2.392379275999e-02
greedy10,0.98101934,2.436718133407e-02
greedy10,0.9988705,2.481888067090e-02
greedy10,1.0170465,2.527904829666e-02
greedy10,1.0355532,2.574784471292e-02
greedy10,1.0543967,2.622543344938e-02
greedy10,1.0735831,2.671198111733e-02
greedy10,1.0931186,2.720765746377e-02
greedy10,1.1130095,2.771263542626e-02
greedy10,1.1332625,2.822709118836e-02
greedy10,1.1538839,2.875120423583e-02
greedy10,1.1748806,2.928515741340e-02
greedy10,1.1962594,2.982913698229e-02
greedy10,1.2180272,3.038333267826e-02
greedy10,1.240191,3.094793777037e-02
greedy10,1.2627582,3.152314912029e-02
greedy10,1.285736,3.210916724225e-02
greedy10,1.309132,3.270619636354e-02
greedy10,1.3329537,3.331444448559e-02
greedy10,1.3572088,3.393412344557e-02
greedy10,1.3819053,3.456544897853e-02
greedy10,1.4070512,3.520864078004e-02
greedy10,1.4326547,3.586392256923e-02
greedy10,1.458724,3.653152215243e-02
greedy10,1.4852678,3.721167148701e-02
greedy10,1.5122945,3.790460674582e-02
greedy10,1.539813,3.861056838180e-02
greedy10,1.5678323,3.932980119301e-02
greedy10,1.5963614,4.006255438791e-02
greedy10,1.6254097,4.080908165085e-02
greedy10,1.6549865,4.156964120777e-02
greedy10,1.6851015,4.234449589205e-02
greedy10,1.7157645,4.313391321040e-02
greedy10,1.7469855,4.393816540887e-02
greedy10,1.7787746,4.475752953881e-02
greedy10,1.8111421,4.559228752268e-02
greedy10,1.8440987,4.644272621989e-02
greedy10,1.8776549,4.730913749225e-02
greedy10,1.9118217,4.819181826926e-02
greedy10,1.9466102,4.909107061303e-02
greedy10,1.9820318,5.000720178276e-02
greedy10,2.0180979,5.094052429867e-02
greedy10,2.0548203,5.189135600542e-02
greedy10,2.0922109,5.286002013474e-02
greedy10,2.1302819,5.384684536737e-02
greedy10,2.1690457,5.485216589399e-02
greedy10,2.2085148,5.587632147529e-02
greedy10,2.2487022,5.691965750078e-02
greedy10,2.2896208,5.798252504650e-02
greedy10,2.3312839,5.906528093126e-02
greedy10,2.3737052,6.016828777149e-02
greedy10,2.4168984,6.129191403439e-02
greedy10,2.4608776,6.243653408931e-02
greedy10,2.5056571,6.360252825729e-02
greedy10,2.5512514,6.479028285837e-02
greedy10,2.5976753,6.600019025680e-02
greedy10,2.644944,6.723264890371e-02
greedy10,2.6930729,6.848806337723e-02
greedy10,2.7420775,6.976684441980e-02
greedy10,2.7919738,7.106940897245e-02
greedy10,2.842778,7.239618020591e-02
greedy10,2.8945068,7.374758754825e-02
greedy10,2.9471768,7.512406670890e-02
greedy10,3.0008052,7.652605969875e-02
greedy10,3.0554095,7.795401484610e-02
greedy10,3.1110073,7.940838680825e-02
greedy10,3.1676169,8.088963657832e-02
greedy10,3.2252566,8.239823148725e-02
greedy10,3.2839451,8.393464520044e-02
greedy10,3.3437015,8.549935770886e-02
greedy10,3.4045453,8.709285531438e-02
greedy10,3.4664963,8.871563060874e-02
greedy10,3.5295745,9.036818244614e-02
greedy10,3.5938005,9.205101590888e-02
greedy10,3.6591953,9.376464226567e-02
greedy10,3.72578,9.550957892244e-02
greedy10,3.7935763,9.728634936500e-02
greedy10,3.8626062,9.909548309334e-02
greedy10,3.9328923,1.009375155470e-01
greedy10,4.0044573,1.028129880212e-01
greedy10,4.0773246,1.047224475733e-01
greedy10,4.1515178,1.066664469187e-01
greedy10,4.227061,1.086455443169e-01
greedy10,4.3039789,1.106603034450e-01
greedy10,4.3822965,1.127112932614e-01
greedy10,4.4620391,1.147990878551e-01
greedy10,4.5432328,1.169242662847e-01
greedy10,4.6259039,1.190874124018e-01
greedy10,4.7100793,1.212891146627e-01
greedy10,4.7957865,1.235299659238e-01
greedy10,4.8830532,1.258105632240e-01
greedy10,4.9719078,1.281315075497e-01
greedy10,5.0623794,1.304934035850e-01
greedy10,5.1544971,1.328968594447e-01
greedy10,5.2482912,1.353424863900e-01
greedy10,5.3437919,1.378308985259e-01
greedy10,5.4410304,1.403627124808e-01
greedy10,5.5400383,1.429385470660e-01
greedy10,5.6408479,1.455590229162e-01
greedy10,5.7434918,1.482247621088e-01
greedy10,5.8480034,1.509363877626e-01
greedy10,5.9544169,1.536945236146e-01
greedy10,6.0627667,1.564997935742e-01
greedy10,6.173088,1.593528212551e-01
greedy10,6.2854169,1.622542294832e-01
greedy10,6.3997897,1.652046397800e-01
greedy10,6.5162437,1.682046718222e-01
greedy10,6.6348168,1.712549428753e-01
greedy10,6.7555475,1.743560672016e-01
greedy10,6.8784751,1.775086554420e-01
greedy10,7.0036396,1.807133139707e-01
greedy10,7.1310816,1.839706442233e-01
greedy10,7.2608426,1.872812419966e-01
greedy10,7.3929648,1.906456967205e-01
greedy10,7.5274911,1.940645907022e-01
greedy10,7.6644654,1.975384983408e-01
greedy10,7.8039322,2.010679853139e-01
greedy10,7.9459367,2.046536077347e-01
greedy10,8.0905253,2.082959112804e-01
greedy10,8.2377449,2.119954302911e-01
greedy10,8.3876433,2.157526868401e-01
greedy10,8.5402694,2.195681897747e-01
greedy10,8.6956727,2.234424337285e-01
greedy10,8.8539039,2.273758981055e-01
greedy10,9.0150143,2.313690460353e-01
greedy10,9.1790564,2.354223233019e-01
greedy10,9.3460834,2.395361572440e-01
greedy10,9.5161498,2.437109556302e-01
greedy10,9.6893108,2.479471055082e-01
greedy10,9.8656227,2.522449720285e-01
greedy10,10.045143,2.566048972459e-01
greedy10,10.22793,2.610271988976e-01
greedy10,10.414043,2.655121691599e-01
greedy10,10.603542,2.700600733855e-01
greedy10,10.79649,2.746711488223e-01
greedy10,10.992949,2.793456033153e-01
greedy10,11.192982,2.840836139939e-01
greedy10,11.396656,2.888853259461e-01
greedy10,11.604036,2.937508508811e-01
greedy10,11.815189,2.986802657842e-01
greedy10,12.030184,3.036736115643e-01
greedy10,12.249092,3.087308916974e-01
greedy10,12.471983,3.138520708693e-01
greedy10,12.69893,3.190370736186e-01
greedy10,12.930007,3.242857829837e-01
greedy10,13.165288,3.295980391576e-01
greedy10,13.404851,3.349736381514e-01
greedy10,13.648773,3.404123304715e-01
greedy10,13.897133,3.459138198132e-01
greedy10,14.150013,3.514777617731e-01
greedy10,14.407494,3.571037625853e-01
greedy10,14.669661,3.627913778839e-01
greedy10,14.936598,3.685401114953e-01
greedy10,15.208392,3.743494142647e-01
greedy10,15.485132,3.802186829195e-01
greedy10,15.766908,3.861472589745e-01
greedy10,16.053811,3.921344276818e-01
greedy10,16.345935,3.981794170295e-01
greedy10,16.643375,4.042813967936e-01
greedy10,16.946226,4.104394776462e-01
greedy10,17.254589,4.166527103248e-01
greedy10,17.568563,4.229200848662e-01
greedy10,17.88825,4.292405299087e-01
greedy10,18.213754,4.356129120674e-01
greedy10,18.545181,4.420360353864e-01
greedy10,18.88264,4.485086408715e-01
greedy10,19.226238,4.550294061073e-01
greedy10,19.576089,4.615969449642e-01
greedy10,19.932306,4.682098073976e-01
greedy10,20.295005,4.748664793435e-01
greedy10,20.664304,4.815653827164e-01
greedy10,21.040323,4.883048755107e-01
greedy10,21.423184,4.950832520115e-01
greedy10,21.813012,5.018987431185e-01
greedy10,22.209933,5.087495167854e-01
greedy10,22.614077,5.156336785807e-01
greedy10,23.025575,5.225492723719e-01
greedy10,23.444561,5.294942811368e-01
greedy10,23.871171,5.364666279074e-01
greedy10,24.305544,5.434641768455e-01
greedy10,24.74782,5.504847344580e-01
greedy10,25.198145,5.575260509506e-01
greedy10,25.656664,5.645858217245e-01
greedy10,26.123527,5.716616890180e-01
greedy10,26.598884,5.787512436949e-01
greedy10,27.082892,5.858520271796e-01
greedy10,27.575707,5.929615335429e-01
greedy10,28.077489,6.000772117352e-01
greedy10,28.588402,6.071964679702e-01
greedy10,29.108612,6.143166682556e-01
greedy10,29.638288,6.214351410708e-01
greedy10,30.177603,6.285491801896e-01
greedy10,30.726731,6.356560476424e-01
greedy10,31.285851,6.427529768174e-01
greedy10,31.855145,6.498371756932e-01
greedy10,32.434798,6.569058301985e-01
greedy10,33.025,6.639561076920e-01
greedy10,33.62594,6.709851605548e-01
greedy10,34.237816,6.779901298877e-01
greedy10,34.860826,6.849681493033e-01
greedy10,35.495172,6.919163488032e-01
greedy10,36.141062,6.988318587301e-01
greedy10,36.798704,7.057118137821e-01
greedy10,37.468313,7.125533570789e-01
greedy10,38.150106,7.193536442659e-01
greedy10,38.844306,7.261098476439e-01
greedy10,39.551138,7.328191603115e-01
greedy10,40.270832,7.394788003066e-01
greedy10,41.003622,7.460860147341e-01
greedy10,41.749746,7.526380838665e-01
greedy10,42.509447,7.591323252052e-01
greedy10,43.282972,7.655660974895e-01
greedy10,44.070572,7.719368046423e-01
greedy10,44.872504,7.782418996414e-01
greedy10,45.689028,7.844788883062e-01
greedy10,46.52041,7.906453329907e-01
greedy10,47.366921,7.967388561742e-01
greedy10,48.228835,8.027571439433e-01
greedy10,49.106433,8.086979493580e-01
greedy10,50,8.145590956977e-01
greedy12,0.001,1.879707760635e-05
greedy12,0.0010181965,1.913912241363e-05
greedy12,0.0010367242,1.948739136442e-05
greedy12,0.001055589,1.984199772073e-05
greedy12,0.0010747971,2.020305680571e-05
greedy12,0.0010943546,2.057068604106e-05
greedy12,0.0011142681,2.094500498518e-05
greedy12,0.0011345439,2.132613537282e-05
greedy12,0.0011551887,2.171420115327e-05
greedy12,0.0011762091,2.210932853146e-05
greedy12,0.0011976121,2.251164600991e-05
greedy12,0.0012194045,2.292128442871e-05
greedy12,0.0012415934,2.333837700945e-05
greedy12,0.0012641861,2.376305939785e-05
greedy12,0.0012871899,2.419546970831e-05
greedy12,0.0013106123,2.463574856841e-05
greedy12,0.0013344609,2.508403916543e-05
greedy12,0.0013587435,2.554048729179e-05
greedy12,0.0013834679,2.600524139314e-05
greedy12,0.0014086423,2.647845261739e-05
greedy12,0.0014342747,2.696027486174e-05
greedy12,0.0014603735,2.745086482553e-05
greedy12,0.0014869473,2.795038205853e-05
greedy12,0.0015140046,2.845898901486e-05
greedy12,0.0015415542,2.897685110443e-05
greedy12,0.0015696052,2.950413674816e-05
greedy12,0.0015981665,3.004101743124e-05
greedy12,0.0016272476,3.058766775978e-05
greedy12,0.0016568579,3.114426551819e-05
greedy12,0.001687007,3.171099172539e-05
greedy12,0.0017177047,3.228803069458e-05
greedy12,0.001748961,3.287557009396e-05
greedy12,0.001780786,3.347380100685e-05
greedy12,0.0018131901,3.408291799371e-05
greedy12,0.0018461839,3.470311915578e-05
greedy12,0.0018797781,3.533460619981e-05
greedy12,0.0019139835,3.597758450333e-05
greedy12,0.0019488114,3.663226318165e-05
greedy12,0.001984273,3.729885515520e-05
greedy12,0.00202038,3.797757721995e-05
greedy12,0.0020571439,3.866865011722e-05
greedy12,0.0020945768,3.937229860524e-05
greedy12,0.0021326908,4.008875153322e-05
greedy12,0.0021714984,4.081824191505e-05
greedy12,0.0022110122,4.156100700486e-05
greedy12,0.0022512449,4.231728837542e-05
greedy12,0.0022922098,4.308733199533e-05
greedy12,0.0023339201,4.387138831031e-05
greedy12,0.0023763894,4.466971232331e-05
greedy12,0.0024196314,4.548256367856e-05
greedy12,0.0024636603,4.631020674615e-05
greedy12,0.0025084904,4.715291070664e-05
greedy12,0.0025541363,4.801094964061e-05
greedy12,0.0026006127,4.888460261582e-05
greedy12,0.0026479349,4.977415378008e-05
greedy12,0.0026961181,5.067989245190e-05
greedy12,0.0027451782,5.160211321552e-05
greedy12,0.0027951309,5.254111601696e-05
greedy12,0.0028459926,5.349720626061e-05
greedy12,0.0028977798,5.447069491014e-05
greedy12,0.0029505094,5.546189858764e-05
greedy12,0.0030041984,5.647113967910e-05
greedy12,0.0030588645,5.749874643690e-05
greedy12,0.0031145252,5.854505308865e-05
greedy12,0.0031711988,5.961039994447e-05
greedy12,0.0032289036,6.069513350845e-05
greedy12,0.0032876585,6.179960659111e-05
greedy12,0.0033474825,6.292417842490e-05
greedy12,0.0034083951,6.406921478020e-05
greedy12,0.0034704161,6.523508808430e-05
greedy12,0.0035335657,6.642217754382e-05
greedy12,0.0035978643,6.763086926652e-05
greedy12,0.003663333,6.886155638838e-05
greedy12,0.003729993,7.011463920055e-05
greedy12,0.003797866,7.139052527998e-05
greedy12,0.003866974,7.268962962234e-05
greedy12,0.0039373395,7.401237477622e-05
greedy12,0.0040089855,7.535919098172e-05
greedy12,0.0040819351,7.673051630986e-05
greedy12,0.0041562122,7.812679680536e-05
greedy12,0.0042318409,7.954848663107e-05
greedy12,0.0043088458,8.099604821766e-05
greedy12,0.0043872519,8.246995241182e-05
greedy12,0.0044670847,8.397067863122e-05
greedy12,0.0045483701,8.549871501999e-05
greedy12,0.0046311347,8.705455860686e-05
greedy12,0.0047154054,8.863871546860e-05
greedy12,0.0048012094,9.025170089327e-05
greedy12,0.0048885748,9.189403954833e-05
greedy12,0.00497753,9.356626565198e-05
greedy12,0.0050681038,9.526892314675e-05
greedy12,0.0051603257,9.700256587596e-05
greedy12,0.0052542258,9.876775776495e-05
greedy12,0.0053498345,1.005650730040e-04
greedy12,0.005447183,1.023950962361e-04
greedy12,0.0055463029,1.042584227457e-04
greedy12,0.0056472264,1.061556586544e-04
greedy12,0.0057499864,1.080874211167e-04
greedy12,0.0058546163,1.100543385226e-04
greedy12,0.00596115,1.120570507000e-04
greedy12,0.0060696223,1.140962091249e-04
greedy12,0.0061800684,1.161724771329e-04
greedy12,0.0062925243,1.182865301350e-04
greedy12,0.0064070265,1.204390558373e-04
greedy12,0.0065236122,1.226307544658e-04
greedy12,0.0066423193,1.248623389941e-04
greedy12,0.0067631866,1.271345353742e-04
greedy12,0.0068862532,1.294480827754e-04
greedy12,0.0070115591,1.318037338228e-04
greedy12,0.0071391452,1.342022548434e-04
greedy12,0.007269053,1.366444261162e-04
greedy12,0.0074013246,1.391310421244e-04
greedy12,0.0075360031,1.416629118163e-04
greedy12,0.0076731323,1.442408588679e-04
greedy12,0.0078127567,1.468657219507e-04
greedy12,0.0079549219,1.495383550055e-04
greedy12,0.0080996739,1.522596275201e-04
greedy12,0.0082470599,1.550304248129e-04
greedy12,0.0083971279,1.578516483216e-04
greedy12,0.0085499266,1.607242158951e-04
greedy12,0.0087055056,1.636490620954e-04
greedy12,0.0088639157,1.666271384988e-04
greedy12,0.0090252083,1.696594140087e-04
greedy12,0.0091894359,1.727468751696e-04
greedy12,0.0093566518,1.758905264887e-04
greedy12,0.0095269105,1.790913907641e-04
greedy12,0.0097002673,1.823505094165e-04
greedy12,0.0098767786,1.856689428303e-04
greedy12,0.010056502,1.890477706976e-04
greedy12,0.010239495,1.924880923712e-04
greedy12,0.010425819,1.959910272214e-04
greedy12,0.010615533,1.995577150029e-04
greedy12,0.010808698,2.031893162236e-04
greedy12,0.011005379,2.068870125254e-04
greedy12,0.011205639,2.106520070676e-04
greedy12,0.011409543,2.144855249190e-04
greedy12,0.011617157,2.183888134590e-04
greedy12,0.011828549,2.223631427816e-04
greedy12,0.012043788,2.264098061118e-04
greedy12,0.012262943,2.305301202253e-04
greedy12,0.012486086,2.347254258791e-04
greedy12,0.01271329,2.389970882476e-04
greedy12,0.012944628,2.433464973683e-04
greedy12,0.013180175,2.477750685948e-04
greedy12,0.013420009,2.522842430586e-04
greedy12,0.013664207,2.568754881382e-04
greedy12,0.013912848,2.615502979381e-04
greedy12,0.014166013,2.663101937764e-04
greedy12,0.014423786,2.711567246801e-04
greedy12,0.014686249,2.760914678908e-04
greedy12,0.014953488,2.811160293791e-04
greedy12,0.01522559,2.862320443684e-04
greedy12,0.015502643,2.914411778676e-04
greedy12,0.015784737,2.967451252152e-04
greedy12,0.016071965,3.021456126322e-04
greedy12,0.016364419,3.076443977842e-04
greedy12,0.016662195,3.132432703564e-04
greedy12,0.016965389,3.189440526363e-04
greedy12,0.0172741,3.247486001085e-04
greedy12,0.017588429,3.306588020606e-04
greedy12,0.017908478,3.366765821998e-04
greedy12,0.01823435,3.428038992799e-04
greedy12,0.018566152,3.490427477406e-04
greedy12,0.018903992,3.553951583602e-04
greedy12,0.019247979,3.618631989158e-04
greedy12,0.019598226,3.684489748603e-04
greedy12,0.019954845,3.751546300089e-04
greedy12,0.020317955,3.819823472388e-04
greedy12,0.020687671,3.889343492030e-04
greedy12,0.021064115,3.960128990540e-04
greedy12,0.021447409,4.032203011854e-04
greedy12,0.021837678,4.105589019818e-04
greedy12,0.022235048,4.180310905874e-04
greedy12,0.022639649,4.256392996842e-04
greedy12,0.023051612,4.333860062888e-04
greedy12,0.023471072,4.412737325595e-04
greedy12,0.023898164,4.493050466215e-04
greedy12,0.024333028,4.574825634051e-04
greedy12,0.024775805,4.658089455014e-04
greedy12,0.025226639,4.742869040306e-04
greedy12,0.025685676,4.829191995295e-04
greedy12,0.026153066,4.917086428526e-04
greedy12,0.026628962,5.006580960911e-04
greedy12,0.027113517,5.097704735090e-04
greedy12,0.027606889,5.190487424950e-04
greedy12,0.028109239,5.284959245330e-04
greedy12,0.02862073,5.381150961904e-04
greedy12,0.029141528,5.479093901229e-04
greedy12,0.029671803,5.578819960999e-04
greedy12,0.030211727,5.680361620480e-04
greedy12,0.030761476,5.783751951126e-04
greedy12,0.031321228,5.889024627396e-04
greedy12,0.031891166,5.996213937779e-04
greedy12,0.032471475,6.105354796004e-04
greedy12,0.033062344,6.216482752472e-04
greedy12,0.033663964,6.329634005882e-04
greedy12,0.034276531,6.444845415086e-04
greedy12,0.034900246,6.562154511144e-04
greedy12,0.035535309,6.681599509620e-04
greedy12,0.036181929,6.803219323089e-04
greedy12,0.036840315,6.927053573873e-04
greedy12,0.037510681,7.053142607030e-04
greedy12,0.038193246,7.181527503548e-04
greedy12,0.038888231,7.312250093817e-04
greedy12,0.039595862,7.445352971322e-04
greedy12,0.04031637,7.580879506606e-04
greedy12,0.041049988,7.718873861470e-04
greedy12,0.041796956,7.859381003457e-04
greedy12,0.042557516,8.002446720576e-04
greedy12,0.043331915,8.148117636327e-04
greedy12,0.044120406,8.296441224967e-04
greedy12,0.044923245,8.447465827097e-04
greedy12,0.045740692,8.601240665495e-04
greedy12,0.046573015,8.757815861264e-04
greedy12,0.047420482,8.917242450281e-04
greedy12,0.048283371,9.079572399926e-04
greedy12,0.049161961,9.244858626145e-04
greedy12,0.050056539,9.413155010809e-04
greedy12,0.050967395,9.584516419390e-04
greedy12,0.051894825,9.758998718982e-04
greedy12,0.052839131,9.936658796636e-04
greedy12,0.053800621,1.011755457805e-03
greedy12,0.054779606,1.030174504655e-03
greedy12,0.055776405,1.048929026255e-03
greedy12,0.056791342,1.068025138317e-03
greedy12,0.057824748,1.087469068240e-03
greedy12,0.058876959,1.107267157158e-03
greedy12,0.059948316,1.127425862016e-03
greedy12,0.061039167,1.147951757703e-03
greedy12,0.062149869,1.168851539202e-03
greedy12,0.063280782,1.190132023802e-03
greedy12,0.064432273,1.211800153334e-03
greedy12,0.065604717,1.233862996457e-03
greedy12,0.066798496,1.256327750982e-03
greedy12,0.068013998,1.279201746240e-03
greedy12,0.069251617,1.302492445497e-03
greedy12,0.070511757,1.326207448410e-03
greedy12,0.071794827,1.350354493526e-03
greedy12,0.073101244,1.374941460835e-03
greedy12,0.074431434,1.399976374362e-03
greedy12,0.075785828,1.425467404812e-03
greedy12,0.077164868,1.451422872261e-03
greedy12,0.078569002,1.477851248899e-03
greedy12,0.079998686,1.504761161823e-03
greedy12,0.081454385,1.532161395881e-03
greedy12,0.082936573,1.560060896567e-03
greedy12,0.084445731,1.588468772975e-03
greedy12,0.085982352,1.617394300802e-03
greedy12,0.087546933,1.646846925409e-03
greedy12,0.089139984,1.676836264938e-03
greedy12,0.090762023,1.707372113488e-03
greedy12,0.092413578,1.738464444348e-03
greedy12,0.094095185,1.770123413293e-03
greedy12,0.095807392,1.802359361934e-03
greedy12,0.097550755,1.835182821141e-03
greedy12,0.099325841,1.868604514518e-03
greedy12,0.10113323,1.902635361952e-03
greedy12,0.1029735,1.937286483221e-03
greedy12,0.10484726,1.972569201671e-03
greedy12,0.10675512,2.008495047964e-03
greedy12,0.1086977,2.045075763891e-03
greedy12,0.11067562,2.082323306260e-03
greedy12,0.11268953,2.120249850851e-03
greedy12,0.11474009,2.158867796452e-03
greedy12,0.11682796,2.198189768961e-03
greedy12,0.11895383,2.238228625570e-03
greedy12,0.12111837,2.278997459027e-03
greedy12,0.12332231,2.320509601973e-03
greedy12,0.12556635,2.362778631365e-03
greedy12,0.12785122,2.405818372974e-03
greedy12,0.13017767,2.449642905975e-03
greedy12,0.13254646,2.494266567615e-03
greedy12,0.13495834,2.539703957972e-03
greedy12,0.13741412,2.585969944804e-03
greedy12,0.13991458,2.633079668481e-03
greedy12,0.14246054,2.681048547015e-03
greedy12,0.14505283,2.729892281186e-03
greedy12,0.14769229,2.779626859753e-03
greedy12,0.15037978,2.830268564770e-03
greedy12,0.15311617,2.881833977004e-03
greedy12,0.15590235,2.934339981441e-03
greedy12,0.15873924,2.987803772910e-03
greedy12,0.16162774,3.042242861801e-03
greedy12,0.16456881,3.097675079890e-03
greedy12,0.16756339,3.154118586281e-03
greedy12,0.17061246,3.211591873450e-03
greedy12,0.17371702,3.270113773403e-03
greedy12,0.17687807,3.329703463952e-03
greedy12,0.18009664,3.390380475106e-03
greedy12,0.18337377,3.452164695583e-03
greedy12,0.18671054,3.515076379436e-03
greedy12,0.19010803,3.579136152814e-03
greedy12,0.19356733,3.644365020840e-03
greedy12,0.19708959,3.710784374621e-03
greedy12,0.20067594,3.778415998388e-03
greedy12,0.20432755,3.847282076767e-03
greedy12,0.2080456,3.917405202189e-03
greedy12,0.21183131,3.988808382439e-03
greedy12,0.21568591,4.061515048336e-03
greedy12,0.21961064,4.135549061571e-03
greedy12,0.2236068,4.210934722680e-03
greedy12,0.22767567,4.287696779165e-03
greedy12,0.23181858,4.365860433778e-03
greedy12,0.23603687,4.445451352946e-03
greedy12,0.24033193,4.526495675359e-03
greedy12,0.24470514,4.609020020719e-03
greedy12,0.24915792,4.693051498650e-03
greedy12,0.25369174,4.778617717771e-03
greedy12,0.25830805,4.865746794946e-03
greedy12,0.26300836,4.954467364697e-03
greedy12,0.2677942,5.044808588799e-03
greedy12,0.27266713,5.136800166049e-03
greedy12,0.27762873,5.230472342221e-03
greedy12,0.28268061,5.325855920198e-03
greedy12,0.28782442,5.422982270306e-03
greedy12,0.29306183,5.521883340824e-03
greedy12,0.29839454,5.622591668702e-03
greedy12,0.30382429,5.725140390471e-03
greedy12,0.30935284,5.829563253358e-03
greedy12,0.31498199,5.935894626606e-03
greedy12,0.32071357,6.044169513005e-03
greedy12,0.32654945,6.154423560637e-03
greedy12,0.33249152,6.266693074833e-03
greedy12,0.33854171,6.381015030364e-03
greedy12,0.344702,6.497427083841e-03
greedy12,0.35097438,6.615967586359e-03
greedy12,0.3573609,6.736675596363e-03
greedy12,0.36386363,6.859590892762e-03
greedy12,0.37048469,6.984753988273e-03
greedy12,0.37722623,7.112206143025e-03
greedy12,0.38409044,7.241989378398e-03
greedy12,0.39107956,7.374146491131e-03
greedy12,0.39819586,7.508721067680e-03
greedy12,0.40544164,7.645757498841e-03
greedy12,0.41281928,7.785300994645e-03
greedy12,0.42033116,7.927397599523e-03
greedy12,0.42797973,8.072094207747e-03
greedy12,0.43576748,8.219438579160e-03
greedy12,0.44369694,8.369479355183e-03
greedy12,0.45177069,8.522266075121e-03
greedy12,0.45999135,8.677849192767e-03
greedy12,0.46836161,8.836280093302e-03
greedy12,0.47688417,8.997611110504e-03
greedy12,0.48556181,9.161895544273e-03
greedy12,0.49439735,9.329187678467e-03
greedy12,0.50339367,9.499542799066e-03
greedy12,0.5125537,9.673017212656e-03
greedy12,0.5218804,9.849668265253e-03
greedy12,0.53137682,1.002955436146e-02
greedy12,0.54104604,1.021273498399e-02
greedy12,0.5508912,1.039927071346e-02
greedy12,0.56091551,1.058922324867e-02
greedy12,0.57112224,1.078265542713e-02
greedy12,0.58151468,1.097963124599e-02
greedy12,0.59209624,1.118021588334e-02
greedy12,0.60287034,1.138447571992e-02
greedy12,0.6138405,1.159247836112e-02
greedy12,0.62501027,1.180429265951e-02
greedy12,0.63638329,1.201998873760e-02
greedy12,0.64796327,1.223963801114e-02
greedy12,0.65975396,1.246331321273e-02
greedy12,0.67175919,1.269108841590e-02
greedy12,0.68398289,1.292303905956e-02
greedy12,0.69642901,1.315924197292e-02
greedy12,0.70910161,1.339977540077e-02
greedy12,0.7220048,1.364471902928e-02
greedy12,0.73514279,1.389415401218e-02
greedy12,0.74851985,1.414816299737e-02
greedy12,0.76214032,1.440683015403e-02
greedy12,0.77600863,1.467024120017e-02
greedy12,0.7901293,1.493848343061e-02
greedy12,0.80450692,1.521164574547e-02
greedy12,0.81914617,1.548981867909e-02
greedy12,0.83405179,1.577309442946e-02
greedy12,0.84922865,1.606156688811e-02
greedy12,0.86468167,1.635533167050e-02
greedy12,0.88041588,1.665448614691e-02
greedy12,0.89643641,1.695912947378e-02
greedy12,0.91274845,1.726936262559e-02
greedy12,0.92935731,1.758528842728e-02
greedy12,0.9462684,1.790701158707e-02
greedy12,0.96348721,1.823463872993e-02
greedy12,0.98101934,1.856827843143e-02
greedy12,0.9988705,1.890804125224e-02
greedy12,1.0170465,1.925403977304e-02
greedy12,1.0355532,1.960638863007e-02
greedy12,1.0543967,1.996520455108e-02
greedy12,1.0735831,2.033060639195e-02
greedy12,1.0931186,2.070271517373e-02
greedy12,1.1130095,2.108165412027e-02
greedy12,1.1332625,2.146754869643e-02
greedy12,1.1538839,2.186052664669e-02
greedy12,1.1748806,2.226071803450e-02
greedy12,1.1962594,2.266825528197e-02
greedy12,1.2180272,2.308327321023e-02
greedy12,1.240191,2.350590908027e-02
greedy12,1.2627582,2.393630263437e-02
greedy12,1.285736,2.437459613797e-02
greedy12,1.309132,2.482093442219e-02
greedy12,1.3329537,2.527546492678e-02
greedy12,1.3572088,2.573833774365e-02
greedy12,1.3819053,2.620970566088e-02
greedy12,1.4070512,2.668972420730e-02
greedy12,1.4326547,2.717855169754e-02
greedy12,1.458724,2.767634927754e-02
greedy12,1.4852678,2.818328097066e-02
greedy12,1.5122945,2.869951372416e-02
greedy12,1.539813,2.922521745622e-02
greedy12,1.5678323,2.976056510338e-02
greedy12,1.5963614,3.030573266848e-02
greedy12,1.6254097,3.086089926898e-02
greedy12,1.6549865,3.142624718573e-02
greedy12,1.6851015,3.200196191212e-02
greedy12,1.7157645,3.258823220362e-02
greedy12,1.7469855,3.318525012771e-02
greedy12,1.7787746,3.379321111415e-02
greedy12,1.8111421,3.441231400549e-02
greedy12,1.8440987,3.504276110803e-02
greedy12,1.8776549,3.568475824287e-02
greedy12,1.9118217,3.633851479738e-02
greedy12,1.9466102,3.700424377673e-02
greedy12,1.9820318,3.768216185571e-02
greedy12,2.0180979,3.837248943064e-02
greedy12,2.0548203,3.907545067138e-02
greedy12,2.0922109,3.979127357347e-02
greedy12,2.1302819,4.052019001023e-02
greedy12,2.1690457,4.126243578489e-02
greedy12,2.2085148,4.201825068265e-02
greedy12,2.2487022,4.278787852261e-02
greedy12,2.2896208,4.357156720955e-02
greedy12,2.3312839,4.436956878551e-02
greedy12,2.3737052,4.518213948106e-02
greedy12,2.4168984,4.600953976623e-02
greedy12,2.4608776,4.685203440108e-02
greedy12,2.5056571,4.770989248577e-02
greedy12,2.5512514,4.858338751005e-02
greedy12,2.5976753,4.947279740220e-02
greedy12,2.644944,5.037840457719e-02
greedy12,2.6930729,5.130049598414e-02
greedy12,2.7420775,5.223936315285e-02
greedy12,2.7919738,5.319530223934e-02
greedy12,2.842778,5.416861407042e-02
greedy12,2.8945068,5.515960418698e-02
greedy12,2.9471768,5.616858288613e-02
greedy12,3.0008052,5.719586526183e-02
greedy12,3.0554095,5.824177124411e-02
greedy12,3.1110073,5.930662563665e-02
greedy12,3.1676169,6.039075815257e-02
greedy12,3.2252566,6.149450344840e-02
greedy12,3.2839451,6.261820115598e-02
greedy12,3.3437015,6.376219591220e-02
greedy12,3.4045453,6.492683738645e-02
greedy12,3.4664963,6.611248030558e-02
greedy12,3.5295745,6.731948447624e-02
greedy12,3.5938005,6.854821480433e-02
greedy12,3.6591953,6.979904131166e-02
greedy12,3.72578,7.107233914918e-02
greedy12,3.7935763,7.236848860714e-02
greedy12,3.8626062,7.368787512143e-02
greedy12,3.9328923,7.503088927640e-02
greedy12,4.0044573,7.639792680353e-02
greedy12,4.0773246,7.778938857603e-02
greedy12,4.1515178,7.920568059901e-02
greedy12,4.227061,8.064721399495e-02
greedy12,4.3039789,8.211440498434e-02
greedy12,4.3822965,8.360767486118e-02
greedy12,4.4620391,8.512744996313e-02
greedy12,4.5432328,8.667416163587e-02
greedy12,4.6259039,8.824824619173e-02
greedy12,4.7100793,8.985014486199e-02
greedy12,4.7957865,9.148030374271e-02
greedy12,4.8830532,9.313917373383e-02
greedy12,4.9719078,9.482721047115e-02
greedy12,5.0623794,9.654487425094e-02
greedy12,5.1544971,9.829262994684e-02
greedy12,5.2482912,1.000709469187e-01
greedy12,5.3437919,1.018802989133e-01
greedy12,5.4410304,1.037211639558e-01
greedy12,5.5400383,1.055940242329e-01
greedy12,5.6408479,1.074993659665e-01
greedy12,5.7434918,1.094376792767e-01
greedy12,5.8480034,1.114094580364e-01
greedy12,5.9544169,1.134151997137e-01
greedy12,6.0627667,1.154554052051e-01
greedy12,6.173088,1.175305786564e-01
greedy12,6.2854169,1.196412272726e-01
greedy12,6.3997897,1.217878611161e-01
greedy12,6.5162437,1.239709928920e-01
greedy12,6.6348168,1.261911377219e-01
greedy12,6.7555475,1.284488129033e-01
greedy12,6.8784751,1.307445376574e-01
greedy12,7.0036396,1.330788328617e-01
greedy12,7.1310816,1.354522207697e-01
greedy12,7.2608426,1.378652247160e-01
greedy12,7.3929648,1.403183688061e-01
greedy12,7.5274911,1.428121775930e-01
greedy12,7.6644654,1.453471757363e-01
greedy12,7.8039322,1.479238876481e-01
greedy12,7.9459367,1.505428371213e-01
greedy12,8.0905253,1.532045469433e-01
greedy12,8.2377449,1.559095384930e-01
greedy12,8.3876433,1.586583313211e-01
greedy12,8.5402694,1.614514427150e-01
greedy12,8.6956727,1.642893872458e-01
greedy12,8.8539039,1.671726762999e-01
greedy12,9.0150143,1.701018175929e-01
greedy12,9.1790564,1.730773146674e-01
greedy12,9.3460834,1.760996663739e-01
greedy12,9.5161498,1.791693663355e-01
greedy12,9.6893108,1.822869023953e-01
greedy12,9.8656227,1.854527560485e-01
greedy12,10.045143,1.886674018583e-01
greedy12,10.22793,1.919313068556e-01
greedy12,10.414043,1.952449299238e-01
greedy12,10.603542,1.986087211686e-01
greedy12,10.79649,2.020231212735e-01
greedy12,10.992949,2.054885608406e-01
greedy12,11.192982,2.090054597192e-01
greedy12,11.396656,2.125742263209e-01
greedy12,11.604036,2.161952569229e-01
greedy12,11.815189,2.198689349603e-01
greedy12,12.030184,2.235956303076e-01
greedy12,12.249092,2.273756985514e-01
greedy12,12.471983,2.312094802540e-01
greedy12,12.69893,2.350973002093e-01
greedy12,12.930007,2.390394666929e-01
greedy12,13.165288,2.430362707058e-01
greedy12,13.404851,2.470879852145e-01
greedy12,13.648773,2.511948643874e-01
greedy12,13.897133,2.553571428295e-01
greedy12,14.150013,2.595750348154e-01
greedy12,14.407494,2.638487335237e-01
greedy12,14.669661,2.681784102721e-01
greedy12,14.936598,2.725642137545e-01
greedy12,15.208392,2.770062692835e-01
greedy12,15.485132,2.815046780359e-01
greedy12,15.766908,2.860595163052e-01
greedy12,16.053811,2.906708347609e-01
greedy12,16.345935,2.953386577148e-01
greedy12,16.643375,3.000629823977e-01
greedy12,16.946226,3.048437782439e-01
greedy12,17.254589,3.096809861877e-01
greedy12,17.568563,3.145745179695e-01
greedy12,17.88825,3.195242554547e-01
greedy12,18.213754,3.245300499643e-01
greedy12,18.545181,3.295917216173e-01
greedy12,18.88264,3.347090586870e-01
greedy12,19.226238,3.398818169698e-01
greedy12,19.576089,3.451097191664e-01
greedy12,19.932306,3.503924542773e-01
greedy12,20.295005,3.557296770099e-01
greedy12,20.664304,3.611210071995e-01
greedy12,21.040323,3.665660292422e-01
greedy12,21.423184,3.720642915398e-01
greedy12,21.813012,3.776153059572e-01
greedy12,22.209933,3.832185472906e-01
greedy12,22.614077,3.888734527471e-01
greedy12,23.025575,3.945794214347e-01
greedy12,23.444561,4.003358138624e-01
greedy12,23.871171,4.061419514504e-01
greedy12,24.305544,4.119971160497e-01
greedy12,24.74782,4.179005494710e-01
greedy12,25.198145,4.238514530229e-01
greedy12,25.656664,4.298489870595e-01
greedy12,26.123527,4.358922705373e-01
greedy12,26.598884,4.419803805820e-01
greedy12,27.082892,4.481123520660e-01
greedy12,27.575707,4.542871771971e-01
greedy12,28.077489,4.605038051193e-01
greedy12,28.588402,4.667611415280e-01
greedy12,29.108612,4.730580482997e-01
greedy12,29.638288,4.793933431399e-01
greedy12,30.177603,4.857657992497e-01
greedy12,30.726731,4.921741450150e-01
greedy12,31.285851,4.986170637208e-01
greedy12,31.855145,5.050931932930e-01
greedy12,32.434798,5.116011260726e-01
greedy12,33.025,5.181394086252e-01
greedy12,33.62594,5.247065415902e-01
greedy12,34.237816,5.313009795737e-01
greedy12,34.860826,5.379211310906e-01
greedy12,35.495172,5.445653585602e-01
greedy12,36.141062,5.512319783604e-01
greedy12,36.798704,5.579192609460e-01
greedy12,37.468313,5.646254310364e-01
greedy12,38.150106,5.713486678782e-01
greedy12,38.844306,5.780871055880e-01
greedy12,39.551138,5.848388335820e-01
greedy12,40.270832,5.916018970954e-01
greedy12,41.003622,5.983742978011e-01
greedy12,41.749746,6.051539945282e-01
greedy12,42.509447,6.119389040894e-01
greedy12,43.282972,6.187269022199e-01
greedy12,44.070572,6.255158246327e-01
greedy12,44.872504,6.323034681954e-01
greedy12,45.689028,6.390875922312e-01
greedy12,46.52041,6.458659199484e-01
greedy12,47.366921,6.526361400007e-01
greedy12,48.228835,6.593959081815e-01
greedy12,49.106433,6.661428492531e-01
greedy12,50,6.728745589134e-01
greedy13,0.001,1.461114428577e-05
greedy13,0.0010181965,1.487701937111e-05
greedy13,0.0010367242,1.514773256661e-05
greedy13,0.001055589,1.542337191282e-05
greedy13,0.0010747971,1.570402705261e-05
greedy13,0.0010943546,1.598978926021e-05
greedy13,0.0011142681,1.628075147070e-05
greedy13,0.0011345439,1.657700831069e-05
greedy13,0.0011551887,1.687865612856e-05
greedy13,0.0011762091,1.718579302596e-05
greedy13,0.0011976121,1.749851889043e-05
greedy13,0.0012194045,1.781693542671e-05
greedy13,0.0012415934,1.814114619044e-05
greedy13,0.0012641861,1.847125662238e-05
greedy13,0.0012871899,1.880737408147e-05
greedy13,0.0013106123,1.914960788056e-05
greedy13,0.0013344609,1.949806932208e-05
greedy13,0.0013587435,1.985287173393e-05
greedy13,0.0013834679,2.021413050623e-05
greedy13,0.0014086423,2.058196312930e-05
greedy13,0.0014342747,2.095648923124e-05
greedy13,0.0014603735,2.133783061770e-05
greedy13,0.0014869473,2.172611131098e-05
greedy13,0.0015140046,2.212145758983e-05
greedy13,0.0015415542,2.252399803196e-05
greedy13,0.0015696052,2.293386355430e-05
greedy13,0.0015981665,2.335118745701e-05
greedy13,0.0016272476,2.377610546560e-05
greedy13,0.0016568579,2.420875577586e-05
greedy13,0.001687007,2.464927909871e-05
greedy13,0.0017177047,2.509781870590e-05
greedy13,0.001748961,2.555452047637e-05
greedy13,0.001780786,2.601953294404e-05
greedy13,0.0018131901,2.649300734605e-05
greedy13,0.0018461839,2.697509767197e-05
greedy13,0.0018797781,2.746596071388e-05
greedy13,0.0019139835,2.796575611727e-05
greedy13,0.0019488114,2.847464643316e-05
greedy13,0.001984273,2.899279717105e-05
greedy13,0.00202038,2.952037685226e-05
greedy13,0.0020571439,3.005755706555e-05
greedy13,0.0020945768,3.060451252215e-05
greedy13,0.0021326908,3.116142111343e-05
greedy13,0.0021714984,3.172846396770e-05
greedy13,0.0022110122,3.230582551033e-05
greedy13,0.0022512449,3.289369352312e-05
greedy13,0.0022922098,3.349225920517e-05
greedy13,0.0023339201,3.410171723558e-05
greedy13,0.0023763894,3.472226583689e-05
greedy13,0.0024196314,3.535410683879e-05
greedy13,0.0024636603,3.599744574470e-05
greedy13,0.0025084904,3.665249179805e-05
greedy13,0.0025541363,3.731945805077e-05
greedy13,0.0026006127,3.799856143194e-05
greedy13,0.0026479349,3.869002281960e-05
greedy13,0.0026961181,3.939406711096e-05
greedy13,0.0027451782,4.011092329757e-05
greedy13,0.0027951309,4.084082453786e-05
greedy13,0.0028459926,4.158400823413e-05
greedy13,0.0028977798,4.234071610982e-05
greedy13,0.0029505094,4.311119428800e-05
greedy13,0.0030041984,4.389569337093e-05
greedy13,0.0030588645,4.469446852249e-05
greedy13,0.0031145252,4.550777955103e-05
greedy13,0.0031711988,4.633589099296e-05
greedy13,0.0032289036,4.717907220040e-05
greedy13,0.0032876585,4.803759742756e-05
greedy13,0.0033474825,4.891174592088e-05
greedy13,0.0034083951,4.980180200876e-05
greedy13,0.0034704161,5.070805519562e-05
greedy13,0.0035335657,5.163080025522e-05
greedy13,0.0035978643,5.257033732630e-05
greedy13,0.003663333,5.352697201127e-05
greedy13,0.003729993,5.450101547479e-05
greedy13,0.003797866,5.549278454519e-05
greedy13,0.003866974,5.650260181820e-05
greedy13,0.0039373395,5.753079576143e-05
greedy13,0.0040089855,5.857770082110e-05
greedy13,0.0040819351,5.964365753157e-05
greedy13,0.0041562122,6.072901262561e-05
greedy13,0.0042318409,6.183411914742e-05
greedy13,0.0043088458,6.295933656778e-05
greedy13,0.0043872519,6.410503090095e-05
greedy13,0.0044670847,6.527157482353e-05
greedy13,0.0045483701,6.645934779643e-05
greedy13,0.0046311347,6.766873618733e-05
greedy13,0.0047154054,6.890013339777e-05
greedy13,0.0048012094,7.015393999033e-05
greedy13,0.0048885748,7.143056381942e-05
greedy13,0.00497753,7.273042016368e-05
greedy13,0.0050681038,7.405393186191e-05
greedy13,0.0051603257,7.540152944998e-05
greedy13,0.0052542258,7.677365130135e-05
greedy13,0.0053498345,7.817074376981e-05
greedy13,0.005447183,7.959326133500e-05
greedy13,0.0055463029,8.104166675003e-05
greedy13,0.0056472264,8.251643119211e-05
greedy13,0.0057499864,8.401803441674e-05
greedy13,0.0058546163,8.554696491273e-05
greedy13,0.00596115,8.710372006263e-05
greedy13,0.0060696223,8.868880630382e-05
greedy13,0.0061800684,9.030273929305e-05
greedy13,0.0062925243,9.194604407602e-05
greedy13,0.0064070265,9.361925525646e-05
greedy13,0.0065236122,9.532291717160e-05
greedy13,0.0066423193,9.705758406882e-05
greedy13,0.0067631866,9.882382028647e-05
greedy13,0.0068862532,1.006222004373e-04
greedy13,0.0070115591,1.024533095965e-04
greedy13,0.0071391452,1.043177434909e-04
greedy13,0.007269053,1.062161086941e-04
greedy13,0.0074013246,1.081490228243e-04
greedy13,0.0075360031,1.101171147440e-04
greedy13,0.0076731323,1.121210247666e-04
greedy13,0.0078127567,1.141614048642e-04
greedy13,0.0079549219,1.162389188796e-04
greedy13,0.0080996739,1.183542427435e-04
greedy13,0.0082470599,1.205080646941e-04
greedy13,0.0083971279,1.227010855018e-04
greedy13,0.0085499266,1.249340186968e-04
greedy13,0.0087055056,1.272075908028e-04
greedy13,0.0088639157,1.295225415723e-04
greedy13,0.0090252083,1.318796242287e-04
greedy13,0.0091894359,1.342796057120e-04
greedy13,0.0093566518,1.367232669272e-04
greedy13,0.0095269105,1.392114030012e-04
greedy13,0.0097002673,1.417448235394e-04
greedy13,0.0098767786,1.443243528915e-04
greedy13,0.010056502,1.469508304193e-04
greedy13,0.010239495,1.496251107702e-04
greedy13,0.010425819,1.523480641570e-04
greedy13,0.010615533,1.551205766396e-04
greedy13,0.010808698,1.579435504159e-04
greedy13,0.011005379,1.608179041144e-04
greedy13,0.011205639,1.637445730945e-04
greedy13,0.011409543,1.667245097517e-04
greedy13,0.011617157,1.697586838271e-04
greedy13,0.011828549,1.728480827247e-04
greedy13,0.012043788,1.759937118329e-04
greedy13,0.012262943,1.791965948523e-04
greedy13,0.012486086,1.824577741301e-04
greedy13,0.01271329,1.857783109990e-04
greedy13,0.012944628,1.891592861249e-04
greedy13,0.013180175,1.926017998576e-04
greedy13,0.013420009,1.961069725917e-04
greedy13,0.013664207,1.996759451305e-04
greedy13,0.013912848,2.033098790586e-04
greedy13,0.014166013,2.070099571216e-04
greedy13,0.014423786,2.107773836109e-04
greedy13,0.014686249,2.146133847575e-04
greedy13,0.014953488,2.185192091320e-04
greedy13,0.01522559,2.224961280510e-04
greedy13,0.015502643,2.265454359942e-04
greedy13,0.015784737,2.306684510246e-04
greedy13,0.016071965,2.348665152196e-04
greedy13,0.016364419,2.391409951099e-04
greedy13,0.016662195,2.434932821242e-04
greedy13,0.016965389,2.479247930443e-04
greedy13,0.0172741,2.524369704676e-04
greedy13,0.017588429,2.570312832772e-04
greedy13,0.017908478,2.617092271232e-04
greedy13,0.01823435,2.664723249095e-04
greedy13,0.018566152,2.713221272919e-04
greedy13,0.018903992,2.762602131847e-04
greedy13,0.019247979,2.812881902758e-04
greedy13,0.019598226,2.864076955526e-04
greedy13,0.019954845,2.916203958355e-04
greedy13,0.020317955,2.969279883240e-04
greedy13,0.020687671,3.023322011503e-04
greedy13,0.021064115,3.078347939439e-04
greedy13,0.021447409,3.134375584070e-04
greedy13,0.021837678,3.191423188996e-04
greedy13,0.022235048,3.249509330364e-04
greedy13,0.022639649,3.308652922929e-04
greedy13,0.023051612,3.368873226250e-04
greedy13,0.023471072,3.430189850976e-04
greedy13,0.023898164,3.492622765261e-04
greedy13,0.024333028,3.556192301294e-04
greedy13,0.024775805,3.620919161945e-04
greedy13,0.025226639,3.686824427540e-04
greedy13,0.025685676,3.753929562747e-04
greedy13,0.026153066,3.822256423607e-04
greedy13,0.026628962,3.891827264679e-04
greedy13,0.027113517,3.962664746318e-04
greedy13,0.027606889,4.034791942092e-04
greedy13,0.028109239,4.108232346338e-04
greedy13,0.02862073,4.183009881834e-04
greedy13,0.029141528,4.259148907651e-04
greedy13,0.029671803,4.336674227107e-04
greedy13,0.030211727,4.415611095899e-04
greedy13,0.030761476,4.495985230362e-04
greedy13,0.031321228,4.577822815902e-04
greedy13,0.031891166,4.661150515556e-04
greedy13,0.032471475,4.745995478737e-04
greedy13,0.033062344,4.832385350118e-04
greedy13,0.033663964,4.920348278697e-04
greedy13,0.034276531,5.009912927006e-04
greedy13,0.034900246,5.101108480518e-04
greedy13,0.035535309,5.193964657200e-04
greedy13,0.036181929,5.288511717261e-04
greedy13,0.036840315,5.384780473061e-04
greedy13,0.037510681,5.482802299220e-04
greedy13,0.038193246,5.582609142907e-04
greedy13,0.038888231,5.684233534307e-04
greedy13,0.039595862,5.787708597296e-04
greedy13,0.04031637,5.893068060311e-04
greedy13,0.041049988,6.000346267398e-04
greedy13,0.041796956,6.109578189495e-04
greedy13,0.042557516,6.220799435905e-04
greedy13,0.043331915,6.334046265980e-04
greedy13,0.044120406,6.449355601019e-04
greedy13,0.044923245,6.566765036401e-04
greedy13,0.045740692,6.686312853913e-04
greedy13,0.046573015,6.808038034335e-04
greedy13,0.047420482,6.931980270236e-04
greedy13,0.048283371,7.058179979013e-04
greedy13,0.049161961,7.186678316172e-04
greedy13,0.050056539,7.317517188847e-04
greedy13,0.050967395,7.450739269578e-04
greedy13,0.051894825,7.586388010337e-04
greedy13,0.052839131,7.724507656806e-04
greedy13,0.053800621,7.865143262935e-04
greedy13,0.054779606,8.008340705752e-04
greedy13,0.055776405,8.154146700458e-04
greedy13,0.056791342,8.302608815786e-04
greedy13,0.057824748,8.453775489668e-04
greedy13,0.058876959,8.607696045161e-04
greedy13,0.059948316,8.764420706692e-04
greedy13,0.061039167,8.924000616585e-04
greedy13,0.062149869,9.086487851908e-04
greedy13,0.063280782,9.251935441618e-04
greedy13,0.064432273,9.420397384034e-04
greedy13,0.065604717,9.591928664621e-04
greedy13,0.066798496,9.766585274119e-04
greedy13,0.068013998,9.944424226983e-04
greedy13,0.069251617,1.012550358019e-03
greedy13,0.070511757,1.030988245238e-03
greedy13,0.071794827,1.049762104333e-03
greedy13,0.073101244,1.068878065387e-03
greedy13,0.074431434,1.088342370604e-03
greedy13,0.075785828,1.108161376370e-03
greedy13,0.077164868,1.128341555357e-03
greedy13,0.078569002,1.148889498652e-03
greedy13,0.079998686,1.169811917938e-03
greedy13,0.081454385,1.191115647709e-03
greedy13,0.082936573,1.212807647529e-03
greedy13,0.084445731,1.234895004328e-03
greedy13,0.085982352,1.257384934750e-03
greedy13,0.087546933,1.280284787533e-03
greedy13,0.089139984,1.303602045941e-03
greedy13,0.090762023,1.327344330238e-03
greedy13,0.092413578,1.351519400211e-03
greedy13,0.094095185,1.376135157734e-03
greedy13,0.095807392,1.401199649384e-03
greedy13,0.097550755,1.426721069106e-03
greedy13,0.099325841,1.452707760923e-03
greedy13,0.10113323,1.479168221702e-03
greedy13,0.1029735,1.506111103967e-03
greedy13,0.10484726,1.533545218766e-03
greedy13,0.10675512,1.561479538590e-03
greedy13,0.1086977,1.589923200348e-03
greedy13,0.11067562,1.618885508397e-03
greedy13,0.11268953,1.648375937626e-03
greedy13,0.11474009,1.678404136598e-03
greedy13,0.11682796,1.708979930755e-03
greedy13,0.11895383,1.740113325676e-03
greedy13,0.12111837,1.771814510398e-03
greedy13,0.12332231,1.804093860799e-03
greedy13,0.12556635,1.836961943046e-03
greedy13,0.12785122,1.870429517104e-03
greedy13,0.13017767,1.904507540309e-03
greedy13,0.13254646,1.939207171011e-03
greedy13,0.13495834,1.974539772285e-03
greedy13,0.13741412,2.010516915708e-03
greedy13,0.13991458,2.047150385206e-03
greedy13,0.14246054,2.084452180976e-03
greedy13,0.14505283,2.122434523480e-03
greedy13,0.14769229,2.161109857509e-03
greedy13,0.15037978,2.200490856329e-03
greedy13,0.15311617,2.240590425898e-03
greedy13,0.15590235,2.281421709170e-03
greedy13,0.15873924,2.322998090466e-03
greedy13,0.16162774,2.365333199940e-03
greedy13,0.16456881,2.408440918119e-03
greedy13,0.16756339,2.452335380530e-03
greedy13,0.17061246,2.497030982416e-03
greedy13,0.17371702,2.542542383536e-03
greedy13,0.17687807,2.588884513053e-03
greedy13,0.18009664,2.636072574519e-03
greedy13,0.18337377,2.684122050949e-03
greedy13,0.18671054,2.733048709984e-03
greedy13,0.19010803,2.782868609165e-03
greedy13,0.19356733,2.833598101285e-03
greedy13,0.19708959,2.885253839861e-03
greedy13,0.20067594,2.937852784688e-03
greedy13,0.20432755,2.991412207516e-03
greedy13,0.2080456,3.045949697815e-03
greedy13,0.21183131,3.101483168657e-03
greedy13,0.21568591,3.158030862707e-03
greedy13,0.21961064,3.215611358319e-03
greedy13,0.2236068,3.274243575754e-03
greedy13,0.22767567,3.333946783505e-03
greedy13,0.23181858,3.394740604748e-03
greedy13,0.23603687,3.456645023900e-03
greedy13,0.24033193,3.519680393315e-03
greedy13,0.24470514,3.583867440091e-03
greedy13,0.24915792,3.649227273010e-03
greedy13,0.25369174,3.715781389602e-03
greedy13,0.25830805,3.783551683346e-03
greedy13,0.26300836,3.852560450996e-03
greedy13,0.2677942,3.922830400052e-03
greedy13,0.27266713,3.994384656363e-03
greedy13,0.27762873,4.067246771868e-03
greedy13,0.28268061,4.141440732492e-03
greedy13,0.28782442,4.216990966172e-03
greedy13,0.29306183,4.293922351043e-03
greedy13,0.29839454,4.372260223771e-03
greedy13,0.30382429,4.452030388039e-03
greedy13,0.30935284,4.533259123190e-03
greedy13,0.31498199,4.615973193028e-03
greedy13,0.32071357,4.700199854784e-03
greedy13,0.32654945,4.785966868244e-03
greedy13,0.33249152,4.873302505044e-03
greedy13,0.33854171,4.962235558139e-03
greedy13,0.344702,5.052795351442e-03
greedy13,0.35097438,5.145011749643e-03
greedy13,0.3573609,5.238915168203e-03
greedy13,0.36386363,5.334536583535e-03
greedy13,0.37048469,5.431907543370e-03
greedy13,0.37722623,5.531060177311e-03
greedy13,0.38409044,5.632027207579e-03
greedy13,0.39107956,5.734841959956e-03
greedy13,0.39819586,5.839538374925e-03
greedy13,0.40544164,5.946151019014e-03
greedy13,0.41281928,6.054715096348e-03
greedy13,0.42033116,6.165266460402e-03
greedy13,0.42797973,6.277841625974e-03
greedy13,0.43576748,6.392477781371e-03
greedy13,0.44369694,6.509212800817e-03
greedy13,0.45177069,6.628085257079e-03
greedy13,0.45999135,6.749134434328e-03
greedy13,0.46836161,6.872400341219e-03
greedy13,0.47688417,6.997923724219e-03
greedy13,0.48556181,7.125746081161e-03
greedy13,0.49439735,7.255909675043e-03
greedy13,0.50339367,7.388457548081e-03
greedy13,0.5125537,7.523433535996e-03
greedy13,0.5218804,7.660882282567e-03
greedy13,0.53137682,7.800849254437e-03
greedy13,0.54104604,7.943380756175e-03
greedy13,0.5508912,8.088523945614e-03
greedy13,0.56091551,8.236326849445e-03
greedy13,0.57112224,8.386838379093e-03
greedy13,0.58151468,8.540108346869e-03
greedy13,0.59209624,8.696187482397e-03
greedy13,0.60287034,8.855127449336e-03
greedy13,0.6138405,9.016980862377e-03
greedy13,0.62501027,9.181801304553e-03
greedy13,0.63638329,9.349643344821e-03
greedy13,0.64796327,9.520562555973e-03
greedy13,0.65975396,9.694615532826e-03
greedy13,0.67175919,9.871859910744e-03
greedy13,0.68398289,1.005235438446e-02
greedy13,0.69642901,1.023615872721e-02
greedy13,0.70910161,1.042333381021e-02
greedy13,0.7220048,1.061394162246e-02
greedy13,0.73514279,1.080804529082e-02
greedy13,0.74851985,1.100570910052e-02
greedy13,0.76214032,1.120699851589e-02
greedy13,0.77600863,1.141198020156e-02
greedy13,0.7901293,1.162072204389e-02
greedy13,0.80450692,1.183329317281e-02
greedy13,0.81914617,1.204976398402e-02
greedy13,0.83405179,1.227020616151e-02
greedy13,0.84922865,1.249469270045e-02
greedy13,0.86468167,1.272329793049e-02
greedy13,0.88041588,1.295609753935e-02
greedy13,0.89643641,1.319316859683e-02
greedy13,0.91274845,1.343458957922e-02
greedy13,0.92935731,1.368044039399e-02
greedy13,0.9462684,1.393080240498e-02
greedy13,0.96348721,1.418575845790e-02
greedy13,0.98101934,1.444539290622e-02
greedy13,0.9988705,1.470979163746e-02
greedy13,1.0170465,1.497904209990e-02
greedy13,1.0355532,1.525323332962e-02
greedy13,1.0543967,1.553245597802e-02
greedy13,1.0735831,1.581680233963e-02
greedy13,1.0931186,1.610636638044e-02
greedy13,1.1130095,1.640124376653e-02
greedy13,1.1332625,1.670153189315e-02
greedy13,1.1538839,1.700732991424e-02
greedy13,1.1748806,1.731873877224e-02
greedy13,1.1962594,1.763586122843e-02
greedy13,1.2180272,1.795880189363e-02
greedy13,1.240191,1.828766725924e-02
greedy13,1.2627582,1.862256572880e-02
greedy13,1.285736,1.896360764989e-02
greedy13,1.309132,1.931090534639e-02
greedy13,1.3329537,1.966457315128e-02
greedy13,1.3572088,2.002472743968e-02
greedy13,1.3819053,2.039148666237e-02
greedy13,1.4070512,2.076497137975e-02
greedy13,1.4326547,2.114530429608e-02
greedy13,1.458724,2.153261029421e-02
greedy13,1.4852678,2.192701647061e-02
greedy13,1.5122945,2.232865217087e-02
greedy13,1.539813,2.273764902552e-02
greedy13,1.5678323,2.315414098621e-02
greedy13,1.5963614,2.357826436229e-02
greedy13,1.6254097,2.401015785772e-02
greedy13,1.6549865,2.444996260837e-02
greedy13,1.6851015,2.489782221961e-02
greedy13,1.7157645,2.535388280424e-02
greedy13,1.7469855,2.581829302083e-02
greedy13,1.7787746,2.629120411222e-02
greedy13,1.8111421,2.677276994449e-02
greedy13,1.8440987,2.726314704606e-02
greedy13,1.8776549,2.776249464723e-02
greedy13,1.9118217,2.827097471987e-02
greedy13,1.9466102,2.878875201738e-02
greedy13,1.9820318,2.931599411495e-02
greedy13,2.0180979,2.985287144997e-02
greedy13,2.0548203,3.039955736268e-02
greedy13,2.0922109,3.095622813702e-02
greedy13,2.1302819,3.152306304158e-02
greedy13,2.1690457,3.210024437082e-02
greedy13,2.2085148,3.268795748628e-02
greedy13,2.2487022,3.328639085798e-02
greedy13,2.2896208,3.389573610590e-02
greedy13,2.3312839,3.451618804149e-02
greedy13,2.3737052,3.514794470921e-02
greedy13,2.4168984,3.579120742810e-02
greedy13,2.4608776,3.644618083331e-02
greedy13,2.5056571,3.711307291760e-02
greedy13,2.5512514,3.779209507270e-02
greedy13,2.5976753,3.848346213063e-02
greedy13,2.644944,3.918739240480e-02
greedy13,2.6930729,3.990410773099e-02
greedy13,2.7420775,4.063383350806e-02
greedy13,2.7919738,4.137679873838e-02
greedy13,2.842778,4.213323606806e-02
greedy13,2.8945068,4.290338182669e-02
greedy13,2.9471768,4.368747606683e-02
greedy13,3.0008052,4.448576260298e-02
greedy13,3.0554095,4.529848905007e-02
greedy13,3.1110073,4.612590686150e-02
greedy13,3.1676169,4.696827136647e-02
greedy13,3.2252566,4.782584180679e-02
greedy13,3.2839451,4.869888137293e-02
greedy13,3.3437015,4.958765723934e-02
greedy13,3.4045453,5.049244059893e-02
greedy13,3.4664963,5.141350669673e-02
greedy13,3.5295745,5.235113486256e-02
greedy13,3.5938005,5.330560854269e-02
greedy13,3.6591953,5.427721533046e-02
greedy13,3.72578,5.526624699570e-02
greedy13,3.7935763,5.627299951293e-02
greedy13,3.8626062,5.729777308830e-02
greedy13,3.9328923,5.834087218503e-02
greedy13,4.0044573,5.940260554751e-02
greedy13,4.0773246,6.048328622371e-02
greedy13,4.1515178,6.158323158600e-02
greedy13,4.227061,6.270276335020e-02
greedy13,4.3039789,6.384220759281e-02
greedy13,4.3822965,6.500189476621e-02
greedy13,4.4620391,6.618215971189e-02
greedy13,4.5432328,6.738334167148e-02
greedy13,4.6259039,6.860578429548e-02
greedy13,4.7100793,6.984983564967e-02
greedy13,4.7957865,7.111584821889e-02
greedy13,4.8830532,7.240417890834e-02
greedy13,4.9719078,7.371518904196e-02
greedy13,5.0623794,7.504924435809e-02
greedy13,5.1544971,7.640671500194e-02
greedy13,5.2482912,7.778797551504e-02
greedy13,5.3437919,7.919340482132e-02
greedy13,5.4410304,8.062338620977e-02
greedy13,5.5400383,8.207830731349e-02
greedy13,5.6408479,8.355856008505e-02
greedy13,5.7434918,8.506454076792e-02
greedy13,5.8480034,8.659664986387e-02
greedy13,5.9544169,8.815529209613e-02
greedy13,6.0627667,8.974087636826e-02
greedy13,6.173088,9.135381571843e-02
greedy13,6.2854169,9.299452726896e-02
greedy13,6.3997897,9.466343217113e-02
greedy13,6.5162437,9.636095554483e-02
greedy13,6.6348168,9.808752641301e-02
greedy13,6.7555475,9.984357763082e-02
greedy13,6.8784751,1.016295458091e-01
greedy13,7.0036396,1.034458712322e-01
greedy13,7.1310816,1.052929977699e-01
greedy13,7.2608426,1.071713727831e-01
greedy13,7.3929648,1.090814470231e-01
greedy13,7.5274911,1.110236745253e-01
greedy13,7.6644654,1.129985124948e-01
greedy13,7.8039322,1.150064211863e-01
greedy13,7.9459367,1.170478637769e-01
greedy13,8.0905253,1.191233062310e-01
greedy13,8.2377449,1.212332171582e-01
greedy13,8.3876433,1.233780676644e-01
greedy13,8.5402694,1.255583311935e-01
greedy13,8.6956727,1.277744833627e-01
greedy13,8.8539039,1.300270017887e-01
greedy13,9.0150143,1.323163659061e-01
greedy13,9.1790564,1.346430567770e-01
greedy13,9.3460834,1.370075568920e-01
greedy13,9.5161498,1.394103499620e-01
greedy13,9.6893108,1.418519207015e-01
greedy13,9.8656227,1.443327546020e-01
greedy13,10.045143,1.468533376961e-01
greedy13,10.22793,1.494141563118e-01
greedy13,10.414043,1.520156968172e-01
greedy13,10.603542,1.546584453544e-01
greedy13,10.79649,1.573428875633e-01
greedy13,10.992949,1.600695082956e-01
greedy13,11.192982,1.628387913163e-01
greedy13,11.396656,1.656512189957e-01
greedy13,11.604036,1.685072719894e-01
greedy13,11.815189,1.714074289065e-01
greedy13,12.030184,1.743521659666e-01
greedy13,12.249092,1.773419566447e-01
greedy13,12.471983,1.803772713029e-01
greedy13,12.69893,1.834585768111e-01
greedy13,12.930007,1.865863361531e-01
greedy13,13.165288,1.897610080209e-01
greedy13,13.404851,1.929830463953e-01
greedy13,13.648773,1.962529001124e-01
greedy13,13.897133,1.995710124163e-01
greedy13,14.150013,2.029378204981e-01
greedy13,14.407494,2.063537550198e-01
greedy13,14.669661,2.098192396232e-01
greedy13,14.936598,2.133346904246e-01
greedy13,15.208392,2.169005154928e-01
greedy13,15.485132,2.205171143128e-01
greedy13,15.766908,2.241848772323e-01
greedy13,16.053811,2.279041848924e-01
greedy13,16.345935,2.316754076422e-01
greedy13,16.643375,2.354989049356e-01
greedy13,16.946226,2.393750247118e-01
greedy13,17.254589,2.433041027580e-01
greedy13,17.568563,2.472864620547e-01
greedy13,17.88825,2.513224121030e-01
greedy13,18.213754,2.554122482338e-01
greedy13,18.545181,2.595562508988e-01
greedy13,18.88264,2.637546849432e-01
greedy13,19.226238,2.680077988594e-01
greedy13,19.576089,2.723158240221e-01
greedy13,19.932306,2.766789739049e-01
greedy13,20.295005,2.810974432774e-01
greedy13,20.664304,2.855714073835e-01
greedy13,21.040323,2.901010211013e-01
greedy13,21.423184,2.946864180835e-01
greedy13,21.813012,2.993277098794e-01
greedy13,22.209933,3.040249850381e-01
greedy13,22.614077,3.087783081940e-01
greedy13,23.025575,3.135877191333e-01
greedy13,23.444561,3.184532318442e-01
greedy13,23.871171,3.233748335488e-01
greedy13,24.305544,3.283524837195e-01
greedy13,24.74782,3.333861130791e-01
greedy13,25.198145,3.384756225858e-01
greedy13,25.656664,3.436208824044e-01
greedy13,26.123527,3.488217308646e-01
greedy13,26.598884,3.540779734071e-01
greedy13,27.082892,3.593893815192e-01
greedy13,27.575707,3.647556916615e-01
greedy13,28.077489,3.701766041874e-01
greedy13,28.588402,3.756517822562e-01
greedy13,29.108612,3.811808507440e-01
greedy13,29.638288,3.867633951511e-01
greedy13,30.177603,3.923989605124e-01
greedy13,30.726731,3.980870503100e-01
greedy13,31.285851,4.038271253921e-01
greedy13,31.855145,4.096186029014e-01
greedy13,32.434798,4.154608552156e-01
greedy13,33.025,4.213532089039e-01
greedy13,33.62594,4.272949437024e-01
greedy13,34.237816,4.332852915127e-01
greedy13,34.860826,4.393234354280e-01
greedy13,35.495172,4.454085087899e-01
greedy13,36.141062,4.515395942819e-01
greedy13,36.798704,4.577157230622e-01
greedy13,37.468313,4.639358739424e-01
greedy13,38.150106,4.701989726167e-01
greedy13,38.844306,4.765038909451e-01
greedy13,39.551138,4.828494462987e-01
greedy13,40.270832,4.892344009702e-01
greedy13,41.003622,4.956574616556e-01
greedy13,41.749746,5.021172790136e-01
greedy13,42.509447,5.086124473075e-01
greedy13,43.282972,5.151415041350e-01
greedy13,44.070572,5.217029302521e-01
greedy13,44.872504,5.282951494967e-01
greedy13,45.689028,5.349165288169e-01
greedy13,46.52041,5.415653784096e-01
greedy13,47.366921,5.482399519750e-01
greedy13,48.228835,5.549384470906e-01
greedy13,49.106433,5.616590057117e-01
greedy13,50,5.683997148007e-01
greedy16,0.001,1.892280220707e-05
greedy16,0.0010181965,1.926713822893e-05
greedy16,0.0010367242,1.961774021350e-05
greedy16,0.001055589,1.997472218855e-05
greedy16,0.0010747971,2.033820025686e-05
greedy16,0.0010943546,2.070829263414e-05
greedy16,0.0011142681,2.108511968793e-05
greedy16,0.0011345439,2.146880397584e-05
greedy16,0.0011551887,2.185947028640e-05
greedy16,0.0011762091,2.225724567943e-05
greedy16,0.0011976121,2.266225952648e-05
greedy16,0.0012194045,2.307464355433e-05
greedy16,0.0012415934,2.349453188683e-05
greedy16,0.0012641861,2.392206108889e-05
greedy16,0.0012871899,2.435737021105e-05
greedy16,0.0013106123,2.480060083411e-05
greedy16,0.0013344609,2.525189711627e-05
greedy16,0.0013587435,2.571140583909e-05
greedy16,0.0013834679,2.617927645546e-05
greedy16,0.0014086423,2.665566113866e-05
greedy16,0.0014342747,2.714071483127e-05
greedy16,0.0014603735,2.763459529623e-05
greedy16,0.0014869473,2.813746316749e-05
greedy16,0.0015140046,2.864948200267e-05
greedy16,0.0015415542,2.917081833636e-05
greedy16,0.0015696052,2.970164173432e-05
greedy16,0.0015981665,3.024212484833e-05
greedy16,0.0016272476,3.079244347239e-05
greedy16,0.0016568579,3.135277660043e-05
greedy16,0.001687007,3.192330648427e-05
greedy16,0.0017177047,3.250421869246e-05
greedy16,0.001748961,3.309570217169e-05
greedy16,0.001780786,3.369794930728e-05
greedy16,0.0018131901,3.431115598621e-05
greedy16,0.0018461839,3.493552166132e-05
greedy16,0.0018797781,3.557124941534e-05
greedy16,0.0019139835,3.621854602740e-05
greedy16,0.0019488114,3.687762204081e-05
greedy16,0.001984273,3.754869183046e-05
greedy16,0.00202038,3.823197367392e-05
greedy16,0.0020571439,3.892768982152e-05
greedy16,0.0020945768,3.963606656889e-05
greedy16,0.0021326908,4.035733433080e-05
greedy16,0.0021714984,4.109172771620e-05
greedy16,0.0022110122,4.183948560434e-05
greedy16,0.0022512449,4.260085122287e-05
greedy16,0.0022922098,4.337607222624e-05
greedy16,0.0023339201,4.416540077780e-05
greedy16,0.0023763894,4.496909362995e-05
greedy16,0.0024196314,4.578741220923e-05
greedy16,0.0024636603,4.662062270126e-05
greedy16,0.0025084904,4.746899613627e-05
greedy16,0.0025541363,4.833280847881e-05
greedy16,0.0026006127,4.921234071641e-05
greedy16,0.0026479349,5.010787895184e-05
greedy16,0.0026961181,5.101971449574e-05
greedy16,0.0027451782,5.194814396213e-05
greedy16,0.0027951309,5.289346936397e-05
greedy16,0.0028459926,5.385599821236e-05
greedy16,0.0028977798,5.483604361643e-05
greedy16,0.0029505094,5.583392438498e-05
greedy16,0.0030041984,5.684996513078e-05
greedy16,0.0030588645,5.788449637582e-05
greedy16,0.0031145252,5.893785465939e-05
greedy16,0.0031711988,6.001038264711e-05
greedy16,0.0032289036,6.110242924271e-05
greedy16,0.0032876585,6.221434970235e-05
greedy16,0.0033474825,6.334650574927e-05
greedy16,0.0034083951,6.449926569197e-05
greedy16,0.0034704161,6.567300454447e-05
greedy16,0.0035335657,6.686810414824e-05
greedy16,0.0035978643,6.808495329608e-05
greedy16,0.003663333,6.932394785978e-05
greedy16,0.003729993,7.058549091808e-05
greedy16,0.003797866,7.186999288843e-05
greedy16,0.003866974,7.317787166054e-05
greedy16,0.0039373395,7.450955273270e-05
greedy16,0.0040089855,7.586546935024e-05
greedy16,0.0040819351,7.724606264654e-05
greedy16,0.0041562122,7.865178178674e-05
greedy16,0.0042318409,8.008308411448e-05
greedy16,0.0043088458,8.154043530032e-05
greedy16,0.0043872519,8.302430949374e-05
greedy16,0.0044670847,8.453518947791e-05
greedy16,0.0045483701,8.607356682637e-05
greedy16,0.0046311347,8.763994206367e-05
greedy16,0.0047154054,8.923482482826e-05
greedy16,0.0048012094,9.085873403862e-05
greedy16,0.0048885748,9.251219806217e-05
greedy16,0.00497753,9.419575488809e-05
greedy16,0.0050681038,9.590995230121e-05
greedy16,0.0051603257,9.765534806283e-05
greedy16,0.0052542258,9.943251009007e-05
greedy16,0.0053498345,1.012420166425e-04
greedy16,0.005447183,1.030844565103e-04
greedy16,0.0055463029,1.049604292055e-04
greedy16,0.0056472264,1.068705451587e-04
greedy16,0.0057499864,1.088154259170e-04
greedy16,0.0058546163,1.107957043461e-04
greedy16,0.00596115,1.128120248393e-04
greedy16,0.0060696223,1.148650435239e-04
greedy16,0.0061800684,1.169554284782e-04
greedy16,0.0062925243,1.190838599471e-04
greedy16,0.0064070265,1.212510305655e-04
greedy16,0.0065236122,1.234576455837e-04
greedy16,0.0066423193,1.257044230963e-04
greedy16,0.0067631866,1.279920942784e-04
greedy16,0.0068862532,1.303214036222e-04
greedy16,0.0070115591,1.326931091809e-04
greedy16,0.0071391452,1.351079828154e-04
greedy16,0.007269053,1.375668104466e-04
greedy16,0.0074013246,1.400703923108e-04
greedy16,0.0075360031,1.426195432221e-04
greedy16,0.0076731323,1.452150928372e-04
greedy16,0.0078127567,1.478578859262e-04
greedy16,0.0079549219,1.505487826486e-04
greedy16,0.0080996739,1.532886588339e-04
greedy16,0.0082470599,1.560784062669e-04
greedy16,0.0083971279,1.589189329790e-04
greedy16,0.0085499266,1.618111635452e-04
greedy16,0.0087055056,1.647560393847e-04
greedy16,0.0088639157,1.677545190687e-04
greedy16,0.0090252083,1.708075786337e-04
greedy16,0.0091894359,1.739162118990e-04
greedy16,0.0093566518,1.770814307928e-04
greedy16,0.0095269105,1.803042656806e-04
greedy16,0.0097002673,1.835857657034e-04
greedy16,0.0098767786,1.869269991186e-04
greedy16,0.010056502,1.903290536509e-04
greedy16,0.010239495,1.937930368450e-04
greedy16,0.010425819,1.973200764297e-04
greedy16,0.010615533,2.009113206843e-04
greedy16,0.010808698,2.045679388150e-04
greedy16,0.011005379,2.082911213367e-04
greedy16,0.011205639,2.120820804604e-04
greedy16,0.011409543,2.159420504918e-04
greedy16,0.011617157,2.198722882324e-04
greedy16,0.011828549,2.238740733911e-04
greedy16,0.012043788,2.279487090023e-04
greedy16,0.012262943,2.320975218523e-04
greedy16,0.012486086,2.363218629117e-04
greedy16,0.01271329,2.406231077783e-04
greedy16,0.012944628,2.450026571259e-04
greedy16,0.013180175,2.494619371626e-04
greedy16,0.013420009,2.540024000972e-04
greedy16,0.013664207,2.586255246142e-04
greedy16,0.013912848,2.633328163564e-04
greedy16,0.014166013,2.681258084187e-04
greedy16,0.014423786,2.730060618490e-04
greedy16,0.014686249,2.779751661585e-04
greedy16,0.014953488,2.830347398422e-04
greedy16,0.01522559,2.881864309080e-04
greedy16,0.015502643,2.934319174168e-04
greedy16,0.015784737,2.987729080305e-04
greedy16,0.016071965,3.042111425725e-04
greedy16,0.016364419,3.097483925963e-04
greedy16,0.016662195,3.153864619656e-04
greedy16,0.016965389,3.211271874453e-04
greedy16,0.0172741,3.269724393024e-04
greedy16,0.017588429,3.329241219191e-04
greedy16,0.017908478,3.389841744160e-04
greedy16,0.01823435,3.451545712875e-04
greedy16,0.018566152,3.514373230487e-04
greedy16,0.018903992,3.578344768939e-04
greedy16,0.019247979,3.643481173678e-04
greedy16,0.019598226,3.709803670484e-04
greedy16,0.019954845,3.777333872427e-04
greedy16,0.020317955,3.846093786954e-04
greedy16,0.020687671,3.916105823100e-04
greedy16,0.021064115,3.987392798846e-04
greedy16,0.021447409,4.059977948589e-04
greedy16,0.021837678,4.133884930770e-04
greedy16,0.022235048,4.209137835638e-04
greedy16,0.022639649,4.285761193145e-04
greedy16,0.023051612,4.363779981002e-04
greedy16,0.023471072,4.443219632872e-04
greedy16,0.023898164,4.524106046725e-04
greedy16,0.024333028,4.606465593333e-04
greedy16,0.024775805,4.690325124927e-04
greedy16,0.025226639,4.775711984027e-04
greedy16,0.025685676,4.862654012407e-04
greedy16,0.026153066,4.951179560250e-04
greedy16,0.026628962,5.041317495462e-04
greedy16,0.027113517,5.133097213157e-04
greedy16,0.027606889,5.226548645316e-04
greedy16,0.028109239,5.321702270629e-04
greedy16,0.02862073,5.418589124512e-04
greedy16,0.029141528,5.517240809320e-04
greedy16,0.029671803,5.617689504729e-04
greedy16,0.030211727,5.719967978334e-04
greedy16,0.030761476,5.824109596419e-04
greedy16,0.031321228,5.930148334946e-04
greedy16,0.031891166,6.038118790735e-04
greedy16,0.032471475,6.148056192846e-04
greedy16,0.033062344,6.259996414187e-04
greedy16,0.033663964,6.373975983330e-04
greedy16,0.034276531,6.490032096533e-04
greedy16,0.034900246,6.608202630002e-04
greedy16,0.035535309,6.728526152375e-04
greedy16,0.036181929,6.851041937424e-04
greedy16,0.036840315,6.975789977010e-04
greedy16,0.037510681,7.102810994269e-04
greedy16,0.038193246,7.232146457044e-04
greedy16,0.038888231,7.363838591554e-04
greedy16,0.039595862,7.497930396343e-04
greedy16,0.04031637,7.634465656458e-04
greedy16,0.041049988,7.773488957907e-04
greedy16,0.041796956,7.915045702384e-04
greedy16,0.042557516,8.059182122249e-04
greedy16,0.043331915,8.205945295822e-04
greedy16,0.044120406,8.355383162919e-04
greedy16,0.044923245,8.507544540703e-04
greedy16,0.045740692,8.662479139823e-04
greedy16,0.046573015,8.820237580844e-04
greedy16,0.047420482,8.980871411002e-04
greedy16,0.048283371,9.144433121238e-04
greedy16,0.049161961,9.310976163582e-04
greedy16,0.050056539,9.480554968842e-04
greedy16,0.050967395,9.653224964617e-04
greedy16,0.051894825,9.829042593661e-04
greedy16,0.052839131,1.000806533257e-03
greedy16,0.053800621,1.019035171084e-03
greedy16,0.054779606,1.037596133024e-03
greedy16,0.055776405,1.056495488460e-03
greedy16,0.056791342,1.075739417993e-03
greedy16,0.057824748,1.095334215489e-03
greedy16,0.058876959,1.115286290171e-03
greedy16,0.059948316,1.135602168744e-03
greedy16,0.061039167,1.156288497564e-03
greedy16,0.062149869,1.177352044840e-03
greedy16,0.063280782,1.198799702890e-03
greedy16,0.064432273,1.220638490423e-03
greedy16,0.065604717,1.242875554875e-03
greedy16,0.066798496,1.265518174788e-03
greedy16,0.068013998,1.288573762225e-03
greedy16,0.069251617,1.312049865242e-03
greedy16,0.070511757,1.335954170392e-03
greedy16,0.071794827,1.360294505291e-03
greedy16,0.073101244,1.385078841217e-03
greedy16,0.074431434,1.410315295774e-03
greedy16,0.075785828,1.436012135586e-03
greedy16,0.077164868,1.462177779060e-03
greedy16,0.078569002,1.488820799188e-03
greedy16,0.079998686,1.515949926408e-03
greedy16,0.081454385,1.543574051515e-03
greedy16,0.082936573,1.571702228628e-03
greedy16,0.084445731,1.600343678213e-03
greedy16,0.085982352,1.629507790160e-03
greedy16,0.087546933,1.659204126919e-03
greedy16,0.089139984,1.689442426697e-03
greedy16,0.090762023,1.720232606712e-03
greedy16,0.092413578,1.751584766506e-03
greedy16,0.094095185,1.783509191324e-03
greedy16,0.095807392,1.816016355556e-03
greedy16,0.097550755,1.849116926240e-03
greedy16,0.099325841,1.882821766634e-03
greedy16,0.10113323,1.917141939853e-03
greedy16,0.1029735,1.952088712573e-03
greedy16,0.10484726,1.987673558810e-03
greedy16,0.10675512,2.023908163761e-03
greedy16,0.1086977,2.060804427724e-03
greedy16,0.11067562,2.098374470089e-03
greedy16,0.11268953,2.136630633406e-03
greedy16,0.11474009,2.175585487519e-03
greedy16,0.11682796,2.215251833794e-03
greedy16,0.11895383,2.255642709416e-03
greedy16,0.12111837,2.296771391763e-03
greedy16,0.12332231,2.338651402871e-03
greedy16,0.12556635,2.381296513979e-03
greedy16,0.12785122,2.424720750157e-03
greedy16,0.13017767,2.468938395021e-03
greedy16,0.13254646,2.513963995541e-03
greedy16,0.13495834,2.559812366935e-03
greedy16,0.13741412,2.606498597651e-03
greedy16,0.13991458,2.654038054453e-03
greedy16,0.14246054,2.702446387590e-03
greedy16,0.14505283,2.751739536072e-03
greedy16,0.14769229,2.801933733034e-03
greedy16,0.15037978,2.853045511215e-03
greedy16,0.15311617,2.905091708524e-03
greedy16,0.15590235,2.958089473717e-03
greedy16,0.15873924,3.012056272187e-03
greedy16,0.16162774,3.067009891846e-03
greedy16,0.16456881,3.122968449132e-03
greedy16,0.16756339,3.179950395122e-03
greedy16,0.17061246,3.237974521757e-03
greedy16,0.17371702,3.297059968187e-03
greedy16,0.17687807,3.357226227231e-03
greedy16,0.18009664,3.418493151962e-03
greedy16,0.18337377,3.480880962411e-03
greedy16,0.18671054,3.544410252395e-03
greedy16,0.19010803,3.609101996476e-03
greedy16,0.19356733,3.674977557046e-03
greedy16,0.19708959,3.742058691545e-03
greedy16,0.20067594,3.810367559814e-03
greedy16,0.20432755,3.879926731582e-03
greedy16,0.2080456,3.950759194094e-03
greedy16,0.21183131,4.022888359880e-03
greedy16,0.21568591,4.096338074669e-03
greedy16,0.21961064,4.171132625444e-03
greedy16,0.2236068,4.247296748653e-03
greedy16,0.22767567,4.324855638568e-03
greedy16,0.23181858,4.403834955800e-03
greedy16,0.23603687,4.484260835965e-03
greedy16,0.24033193,4.566159898521e-03
greedy16,0.24470514,4.649559255756e-03
greedy16,0.24915792,4.734486521945e-03
greedy16,0.25369174,4.820969822681e-03
greedy16,0.25830805,4.909037804367e-03
greedy16,0.26300836,4.998719643888e-03
greedy16,0.2677942,5.090045058458e-03
greedy16,0.27266713,5.183044315645e-03
greedy16,0.27762873,5.277748243586e-03
greedy16,0.28268061,5.374188241373e-03
greedy16,0.28782442,5.472396289645e-03
greedy16,0.29306183,5.572404961358e-03
greedy16,0.29839454,5.674247432759e-03
greedy16,0.30382429,5.777957494551e-03
greedy16,0.30935284,5.883569563266e-03
greedy16,0.31498199,5.991118692838e-03
greedy16,0.32071357,6.100640586382e-03
greedy16,0.32654945,6.212171608194e-03
greedy16,0.33249152,6.325748795950e-03
greedy16,0.33854171,6.441409873135e-03
greedy16,0.344702,6.559193261690e-03
greedy16,0.35097438,6.679138094879e-03
greedy16,0.3573609,6.801284230388e-03
greedy16,0.36386363,6.925672263653e-03
greedy16,0.37048469,7.052343541424e-03
greedy16,0.37722623,7.181340175566e-03
greedy16,0.38409044,7.312705057102e-03
greedy16,0.39107956,7.446481870496e-03
greedy16,0.39819586,7.582715108196e-03
greedy16,0.40544164,7.721450085415e-03
greedy16,0.41281928,7.862732955175e-03
greedy16,0.42033116,8.006610723610e-03
greedy16,0.42797973,8.153131265525e-03
greedy16,0.43576748,8.302343340229e-03
greedy16,0.44369694,8.454296607632e-03
greedy16,0.45177069,8.609041644613e-03
greedy16,0.45999135,8.766629961666e-03
greedy16,0.46836161,8.927114019828e-03
greedy16,0.47688417,9.090547247886e-03
greedy16,0.48556181,9.256984059871e-03
greedy16,0.49439735,9.426479872839e-03
greedy16,0.50339367,9.599091124950e-03
greedy16,0.5125537,9.774875293840e-03
greedy16,0.5218804,9.953890915289e-03
greedy16,0.53137682,1.013619760220e-02
greedy16,0.54104604,1.032185606386e-02
greedy16,0.5508912,1.051092812556e-02
greedy16,0.56091551,1.070347674846e-02
greedy16,0.57112224,1.089956604982e-02
greedy16,0.58151468,1.109926132350e-02
greedy16,0.59209624,1.130262906087e-02
greedy16,0.60287034,1.150973697191e-02
greedy16,0.6138405,1.172065400674e-02
greedy16,0.62501027,1.193545037747e-02
greedy16,0.63638329,1.215419758029e-02
greedy16,0.64796327,1.237696841798e-02
greedy16,0.65975396,1.260383702277e-02
greedy16,0.67175919,1.283487887942e-02
greedy16,0.68398289,1.307017084875e-02
greedy16,0.69642901,1.330979119148e-02
greedy16,0.70910161,1.355381959237e-02
greedy16,0.7220048,1.380233718474e-02
greedy16,0.73514279,1.405542657532e-02
greedy16,0.74851985,1.431317186945e-02
greedy16,0.76214032,1.457565869661e-02
greedy16,0.77600863,1.484297423632e-02
greedy16,0.7901293,1.511520724434e-02
greedy16,0.80450692,1.539244807927e-02
greedy16,0.81914617,1.567478872941e-02
greedy16,0.83405179,1.596232284010e-02
greedy16,0.84922865,1.625514574122e-02
greedy16,0.86468167,1.655335447522e-02
greedy16,0.88041588,1.685704782532e-02
greedy16,0.89643641,1.716632634418e-02
greedy16,0.91274845,1.748129238278e-02
greedy16,0.92935731,1.780205011980e-02
greedy16,0.9462684,1.812870559111e-02
greedy16,0.96348721,1.846136671978e-02
greedy16,0.98101934,1.880014334631e-02
greedy16,0.9988705,1.914514725919e-02
greedy16,1.0170465,1.949649222579e-02
greedy16,1.0355532,1.985429402354e-02
greedy16,1.0543967,2.021867047143e-02
greedy16,1.0735831,2.058974146175e-02
greedy16,1.0931186,2.096762899222e-02
greedy16,1.1130095,2.135245719829e-02
greedy16,1.1332625,2.174435238576e-02
greedy16,1.1538839,2.214344306369e-02
greedy16,1.1748806,2.254985997752e-02
greedy16,1.1962594,2.296373614242e-02
greedy16,1.2180272,2.338520687698e-02
greedy16,1.240191,2.381440983697e-02
greedy16,1.2627582,2.425148504940e-02
greedy16,1.285736,2.469657494680e-02
greedy16,1.309132,2.514982440161e-02
greedy16,1.3329537,2.561138076081e-02
greedy16,1.3572088,2.608139388064e-02
greedy16,1.3819053,2.656001616152e-02
greedy16,1.4070512,2.704740258305e-02
greedy16,1.4326547,2.754371073915e-02
greedy16,1.458724,2.804910087324e-02
greedy16,1.4852678,2.856373591356e-02
greedy16,1.5122945,2.908778150847e-02
greedy16,1.539813,2.962140606182e-02
greedy16,1.5678323,3.016478076828e-02
greedy16,1.5963614,3.071807964874e-02
greedy16,1.6254097,3.128147958557e-02
greedy16,1.6549865,3.185516035784e-02
greedy16,1.6851015,3.243930467652e-02
greedy16,1.7157645,3.303409821948e-02
greedy16,1.7469855,3.363972966635e-02
greedy16,1.7787746,3.425639073326e-02
greedy16,1.8111421,3.488427620730e-02
greedy16,1.8440987,3.552358398081e-02
greedy16,1.8776549,3.617451508534e-02
greedy16,1.9118217,3.683727372538e-02
greedy16,1.9466102,3.751206731166e-02
greedy16,1.9820318,3.819910649415e-02
greedy16,2.0180979,3.889860519460e-02
greedy16,2.0548203,3.961078063868e-02
greedy16,2.0922109,4.033585338757e-02
greedy16,2.1302819,4.107404736908e-02
greedy16,2.1690457,4.182558990812e-02
greedy16,2.2085148,4.259071175664e-02
greedy16,2.2487022,4.336964712287e-02
greedy16,2.2896208,4.416263369981e-02
greedy16,2.3312839,4.496991269303e-02
greedy16,2.3737052,4.579172884766e-02
greedy16,2.4168984,4.662833047448e-02
greedy16,2.4608776,4.747996947512e-02
greedy16,2.5056571,4.834690136637e-02
greedy16,2.5512514,4.922938530337e-02
greedy16,2.5976753,5.012768410179e-02
greedy16,2.644944,5.104206425893e-02
greedy16,2.6930729,5.197279597352e-02
greedy16,2.7420775,5.292015316441e-02
greedy16,2.7919738,5.388441348786e-02
greedy16,2.842778,5.486585835350e-02
greedy16,2.8945068,5.586477293889e-02
greedy16,2.9471768,5.688144620252e-02
greedy16,3.0008052,5.791617089532e-02
greedy16,3.0554095,5.896924357051e-02
greedy16,3.1110073,6.004096459173e-02
greedy16,3.1676169,6.113163813944e-02
greedy16,3.2252566,6.224157221546e-02
greedy16,3.2839451,6.337107864564e-02
greedy16,3.3437015,6.452047308043e-02
greedy16,3.4045453,6.569007499356e-02
greedy16,3.4664963,6.688020767838e-02
greedy16,3.5295745,6.809119824217e-02
greedy16,3.5938005,6.932337759799e-02
greedy16,3.6591953,7.057708045424e-02
greedy16,3.72578,7.185264530177e-02
greedy16,3.7935763,7.315041439832e-02
greedy16,3.8626062,7.447073375049e-02
greedy16,3.9328923,7.581395309282e-02
greedy16,4.0044573,7.718042586422e-02
greedy16,4.0773246,7.857050918134e-02
greedy16,4.1515178,7.998456380909e-02
greedy16,4.227061,8.142295412796e-02
greedy16,4.3039789,8.288604809823e-02
greedy16,4.3822965,8.437421722089e-02
greedy16,4.4620391,8.588783649515e-02
greedy16,4.5432328,8.742728437255e-02
greedy16,4.6259039,8.899294270742e-02
greedy16,4.7100793,9.058519670375e-02
greedy16,4.7957865,9.220443485820e-02
greedy16,4.8830532,9.385104889932e-02
greedy16,4.9719078,9.552543372273e-02
greedy16,5.0623794,9.722798732226e-02
greedy16,5.1544971,9.895911071682e-02
greedy16,5.2482912,1.007192078730e-01
greedy16,5.3437919,1.025086856235e-01
greedy16,5.4410304,1.043279535804e-01
greedy16,5.5400383,1.061774240444e-01
greedy16,5.6408479,1.080575119093e-01
greedy16,5.7434918,1.099686345611e-01
greedy16,5.8480034,1.119112117726e-01
greedy16,5.9544169,1.138856655926e-01
greedy16,6.0627667,1.158924202303e-01
greedy16,6.173088,1.179319019334e-01
greedy16,6.2854169,1.200045388621e-01
greedy16,6.3997897,1.221107609564e-01
greedy16,6.5162437,1.242509997981e-01
greedy16,6.6348168,1.264256884668e-01
greedy16,6.7555475,1.286352613900e-01
greedy16,6.8784751,1.308801541874e-01
greedy16,7.0036396,1.331608035082e-01
greedy16,7.1310816,1.354776468624e-01
greedy16,7.2608426,1.378311224461e-01
greedy16,7.3929648,1.402216689588e-01
greedy16,7.5274911,1.426497254153e-01
greedy16,7.6644654,1.451157309495e-01
greedy16,7.8039322,1.476201246116e-01
greedy16,7.9459367,1.501633451581e-01
greedy16,8.0905253,1.527458308339e-01
greedy16,8.2377449,1.553680191469e-01
greedy16,8.3876433,1.580303466351e-01
greedy16,8.5402694,1.607332486251e-01
greedy16,8.6956727,1.634771589833e-01
greedy16,8.8539039,1.662625098576e-01
greedy16,9.0150143,1.690897314115e-01
greedy16,9.1790564,1.719592515489e-01
greedy16,9.3460834,1.748714956302e-01
greedy16,9.5161498,1.778268861789e-01
greedy16,9.6893108,1.808258425789e-01
greedy16,9.8656227,1.838687807624e-01
greedy16,10.045143,1.869561128873e-01
greedy16,10.22793,1.900882470049e-01
greedy16,10.414043,1.932655867171e-01
greedy16,10.603542,1.964885308229e-01
greedy16,10.79649,1.997574729536e-01
greedy16,10.992949,2.030728011971e-01
greedy16,11.192982,2.064348977108e-01
greedy16,11.396656,2.098441383221e-01
greedy16,11.604036,2.133008921170e-01
greedy16,11.815189,2.168055210163e-01
greedy16,12.030184,2.203583793390e-01
greedy16,12.249092,2.239598133521e-01
greedy16,12.471983,2.276101608075e-01
greedy16,12.69893,2.313097504646e-01
greedy16,12.930007,2.350589015990e-01
greedy16,13.165288,2.388579234965e-01
greedy16,13.404851,2.427071149323e-01
greedy16,13.648773,2.466067636351e-01
greedy16,13.897133,2.505571457353e-01
greedy16,14.150013,2.545585251976e-01
greedy16,14.407494,2.586111532378e-01
greedy16,14.669661,2.627152677217e-01
greedy16,14.936598,2.668710925492e-01
greedy16,15.208392,2.710788370197e-01
greedy16,15.485132,2.753386951812e-01
greedy16,15.766908,2.796508451614e-01
greedy16,16.053811,2.840154484815e-01
greedy16,16.345935,2.884326493521e-01
greedy16,16.643375,2.929025739512e-01
greedy16,16.946226,2.974253296843e-01
greedy16,17.254589,3.020010044269e-01
greedy16,17.568563,3.066296657492e-01
greedy16,17.88825,3.113113601226e-01
greedy16,18.213754,3.160461121097e-01
greedy16,18.545181,3.208339235368e-01
greedy16,18.88264,3.256747726498e-01
greedy16,19.226238,3.305686132543e-01
greedy16,19.576089,3.355153738392e-01
greedy16,19.932306,3.405149566869e-01
greedy16,20.295005,3.455672369686e-01
greedy16,20.664304,3.506720618266e-01
greedy16,21.040323,3.558292494450e-01
greedy16,21.423184,3.610385881093e-01
greedy16,21.813012,3.662998352572e-01
greedy16,22.209933,3.716127165206e-01
greedy16,22.614077,3.769769247621e-01
greedy16,23.025575,3.823921191069e-01
greedy16,23.444561,3.878579239718e-01
greedy16,23.871171,3.933739280941e-01
greedy16,24.305544,3.989396835626e-01
greedy16,24.74782,4.045547048524e-01
greedy16,25.198145,4.102184678665e-01
greedy16,25.656664,4.159304089878e-01
greedy16,26.123527,4.216899241428e-01
greedy16,26.598884,4.274963678812e-01
greedy16,27.082892,4.333490524744e-01
greedy16,27.575707,4.392472470359e-01
greedy16,28.077489,4.451901766672e-01
greedy16,28.588402,4.511770216337e-01
greedy16,29.108612,4.572069165724e-01
greedy16,29.638288,4.632789497374e-01
greedy16,30.177603,4.693921622855e-01
greedy16,30.726731,4.755455476069e-01
greedy16,31.285851,4.817380507048e-01
greedy16,31.855145,4.879685676274e-01
greedy16,32.434798,4.942359449575e-01
greedy16,33.025,5.005389793635e-01
greedy16,33.62594,5.068764172151e-01
greedy16,34.237816,5.132469542694e-01
greedy16,34.860826,5.196492354302e-01
greedy16,35.495172,5.260818545850e-01
greedy16,36.141062,5.325433545232e-01
greedy16,36.798704,5.390322269404e-01
greedy16,37.468313,5.455469125310e-01
greedy16,38.150106,5.520858011735e-01
greedy16,38.844306,5.586472322112e-01
greedy16,39.551138,5.652294948319e-01
greedy16,40.270832,5.718308285497e-01
greedy16,41.003622,5.784494237898e-01
greedy16,41.749746,5.850834225808e-01
greedy16,42.509447,5.917309193554e-01
greedy16,43.282972,5.983899618609e-01
greedy16,44.070572,6.050585521819e-01
greedy16,44.872504,6.117346478754e-01
greedy16,45.689028,6.184161632198e-01
greedy16,46.52041,6.251009705777e-01
greedy16,47.366921,6.317869018728e-01
greedy16,48.228835,6.384717501809e-01
greedy16,49.106433,6.451532714343e-01
greedy16,50,6.518291862380e-01
greedy20,0.001,-2.758815273791e-05
greedy20,0.0010181965,-2.809009772537e-05
greedy20,0.0010367242,-2.860117402815e-05
greedy20,0.001055589,-2.912154771648e-05
greedy20,0.0010747971,-2.965138788314e-05
greedy20,0.0010943546,-3.019086669140e-05
greedy20,0.0011142681,-3.074015943540e-05
greedy20,0.0011345439,-3.129944459543e-05
greedy20,0.0011551887,-3.186890389514e-05
greedy20,0.0011762091,-3.244872236222e-05
greedy20,0.0011976121,-3.303908838620e-05
greedy20,0.0012194045,-3.364019378156e-05
greedy20,0.0012415934,-3.425223384754e-05
greedy20,0.0012641861,-3.487540743561e-05
greedy20,0.0012871899,-3.550991700686e-05
greedy20,0.0013106123,-3.615596870527e-05
greedy20,0.0013344609,-3.681377242012e-05
greedy20,0.0013587435,-3.748354185446e-05
greedy20,0.0013834679,-3.816549459370e-05
greedy20,0.0014086423,-3.885985217989e-05
greedy20,0.0014342747,-3.956684017923e-05
greedy20,0.0014603735,-4.028668825544e-05
greedy20,0.0014869473,-4.101963024671e-05
greedy20,0.0015140046,-4.176590424007e-05
greedy20,0.0015415542,-4.252575264768e-05
greedy20,0.0015696052,-4.329942228618e-05
greedy20,0.0015981665,-4.408716445666e-05
greedy20,0.0016272476,-4.488923502628e-05
greedy20,0.0016568579,-4.570589450954e-05
greedy20,0.001687007,-4.653740815438e-05
greedy20,0.0017177047,-4.738404602590e-05
greedy20,0.001748961,-4.824608309654e-05
greedy20,0.001780786,-4.912379933339e-05
greedy20,0.0018131901,-5.001747978894e-05
greedy20,0.0018461839,-5.092741469211e-05
greedy20,0.0018797781,-5.185389954564e-05
greedy20,0.0019139835,-5.279723521750e-05
greedy20,0.0019488114,-5.375772803934e-05
greedy20,0.001984273,-5.473568990919e-05
greedy20,0.00202038,-5.573143838639e-05
greedy20,0.0020571439,-5.674529679759e-05
greedy20,0.0020945768,-5.777759434377e-05
greedy20,0.0021326908,-5.882866619934e-05
greedy20,0.0021714984,-5.989885362930e-05
greedy20,0.0022110122,-6.098850409099e-05
greedy20,0.0022512449,-6.209797135269e-05
greedy20,0.0022922098,-6.322761560551e-05
greedy20,0.0023339201,-6.437780357986e-05
greedy20,0.0023763894,-6.554890866162e-05
greedy20,0.0024196314,-6.674131102015e-05
greedy20,0.0024636603,-6.795539771989e-05
greedy20,0.0025084904,-6.919156285589e-05
greedy20,0.0025541363,-7.045020767413e-05
greedy20,0.0026006127,-7.173174070369e-05
greedy20,0.0026479349,-7.303657788880e-05
greedy20,0.0026961181,-7.436514272248e-05
greedy20,0.0027451782,-7.571786638151e-05
greedy20,0.0027951309,-7.709518787144e-05
greedy20,0.0028459926,-7.849755415928e-05
greedy20,0.0028977798,-7.992542032445e-05
greedy20,0.0029505094,-8.137924970411e-05
greedy20,0.0030041984,-8.285951403885e-05
greedy20,0.0030588645,-8.436669363254e-05
greedy20,0.0031145252,-8.590127749785e-05
greedy20,0.0031711988,-8.746376351970e-05
greedy20,0.0032289036,-8.905465861585e-05
greedy20,0.0032876585,-9.067447889691e-05
greedy20,0.0033474825,-9.232374983363e-05
greedy20,0.0034083951,-9.400300642857e-05
greedy20,0.0034704161,-9.571279338462e-05
greedy20,0.0035335657,-9.745366528479e-05
greedy20,0.0035978643,-9.922618676519e-05
greedy20,0.003663333,-1.010309327014e-04
greedy20,0.003729993,-1.028684883905e-04
greedy20,0.003797866,-1.047394497421e-04
greedy20,0.003866974,-1.066444234668e-04
greedy20,0.0039373395,-1.085840272740e-04
greedy20,0.0040089855,-1.105588900668e-04
greedy20,0.0040819351,-1.125696521498e-04
greedy20,0.0041562122,-1.146169654307e-04
greedy20,0.0042318409,-1.167014936289e-04
greedy20,0.0043088458,-1.188239124918e-04
greedy20,0.0043872519,-1.209849100106e-04
greedy20,0.0044670847,-1.231851866408e-04
greedy20,0.0045483701,-1.254254555252e-04
greedy20,0.0046311347,-1.277064427273e-04
greedy20,0.0047154054,-1.300288874610e-04
greedy20,0.0048012094,-1.323935423271e-04
greedy20,0.0048885748,-1.348011735557e-04
greedy20,0.00497753,-1.372525612537e-04
greedy20,0.0050681038,-1.397484996491e-04
greedy20,0.0051603257,-1.422897973550e-04
greedy20,0.0052542258,-1.448772776188e-04
greedy20,0.0053498345,-1.475117785886e-04
greedy20,0.005447183,-1.501941535868e-04
greedy20,0.0055463029,-1.529252713767e-04
greedy20,0.0056472264,-1.557060164419e-04
greedy20,0.0057499864,-1.585372892725e-04
greedy20,0.0058546163,-1.614200066495e-04
greedy20,0.00596115,-1.643551019381e-04
greedy20,0.0060696223,-1.673435253879e-04
greedy20,0.0061800684,-1.703862444339e-04
greedy20,0.0062925243,-1.734842440075e-04
greedy20,0.0064070265,-1.766385268510e-04
greedy20,0.0065236122,-1.798501138356e-04
greedy20,0.0066423193,-1.831200442873e-04
greedy20,0.0067631866,-1.864493763207e-04
greedy20,0.0068862532,-1.898391871740e-04
greedy20,0.0070115591,-1.932905735525e-04
greedy20,0.0071391452,-1.968046519798e-04
greedy20,0.007269053,-2.003825591486e-04
greedy20,0.0074013246,-2.040254522898e-04
greedy20,0.0075360031,-2.077345095331e-04
greedy20,0.0076731323,-2.115109302868e-04
greedy20,0.0078127567,-2.153559356168e-04
greedy20,0.0079549219,-2.192707686342e-04
greedy20,0.0080996739,-2.232566948933e-04
greedy20,0.0082470599,-2.273150027897e-04
greedy20,0.0083971279,-2.314470039674e-04
greedy20,0.0085499266,-2.356540337441e-04
greedy20,0.0087055056,-2.399374515230e-04
greedy20,0.0088639157,-2.442986412323e-04
greedy20,0.0090252083,-2.487390117589e-04
greedy20,0.0091894359,-2.532599973935e-04
greedy20,0.0093566518,-2.578630582899e-04
greedy20,0.0095269105,-2.625496809224e-04
greedy20,0.0097002673,-2.673213785552e-04
greedy20,0.0098767786,-2.721796917245e-04
greedy20,0.010056502,-2.771261887199e-04
greedy20,0.010239495,-2.821624660825e-04
greedy20,0.010425819,-2.872901491084e-04
greedy20,0.010615533,-2.925108923616e-04
greedy20,0.010808698,-2.978263801909e-04
greedy20,0.011005379,-3.032383272653e-04
greedy20,0.011205639,-3.087484791114e-04
greedy20,0.011409543,-3.143586126637e-04
greedy20,0.011617157,-3.200705368188e-04
greedy20,0.011828549,-3.258860930085e-04
greedy20,0.012043788,-3.318071557768e-04
greedy20,0.012262943,-3.378356333656e-04
greedy20,0.012486086,-3.439734683147e-04
greedy20,0.01271329,-3.502226380686e-04
greedy20,0.012944628,-3.565851555988e-04
greedy20,0.013180175,-3.630630700293e-04
greedy20,0.013420009,-3.696584672807e-04
greedy20,0.013664207,-3.763734707182e-04
greedy20,0.013912848,-3.832102418182e-04
greedy20,0.014166013,-3.901709808392e-04
greedy20,0.014423786,-3.972579275070e-04
greedy20,0.014686249,-4.044733617172e-04
greedy20,0.014953488,-4.118196042387e-04
greedy20,0.01522559,-4.192990174370e-04
greedy20,0.015502643,-4.269140060092e-04
greedy20,0.015784737,-4.346670177291e-04
greedy20,0.016071965,-4.425605442054e-04
greedy20,0.016364419,-4.505971216560e-04
greedy20,0.016662195,-4.587793316897e-04
greedy20,0.016965389,-4.671098021074e-04
greedy20,0.0172741,-4.755912077108e-04
greedy20,0.017588429,-4.842262711307e-04
greedy20,0.017908478,-4.930177636646e-04
greedy20,0.01823435,-5.019685061315e-04
greedy20,0.018566152,-5.110813697383e-04
greedy20,0.018903992,-5.203592769625e-04
greedy20,0.019247979,-5.298052024505e-04
greedy20,0.019598226,-5.394221739294e-04
greedy20,0.019954845,-5.492132731350e-04
greedy20,0.020317955,-5.591816367510e-04
greedy20,0.020687671,-5.693304573742e-04
greedy20,0.021064115,-5.796629844842e-04
greedy20,0.021447409,-5.901825254355e-04
greedy20,0.021837678,-6.008924464647e-04
greedy20,0.022235048,-6.117961737163e-04
greedy20,0.022639649,-6.228971942800e-04
greedy20,0.023051612,-6.341990572480e-04
greedy20,0.023471072,-6.457053747972e-04
greedy20,0.023898164,-6.574198232738e-04
greedy20,0.024333028,-6.693461443087e-04
greedy20,0.024775805,-6.814881459433e-04
greedy20,0.025226639,-6.938497037828e-04
greedy20,0.025685676,-7.064347621541e-04
greedy20,0.026153066,-7.192473352947e-04
greedy20,0.026628962,-7.322915085583e-04
greedy20,0.027113517,-7.455714396339e-04
greedy20,0.027606889,-7.590913597927e-04
greedy20,0.028109239,-7.728555751485e-04
greedy20,0.02862073,-7.868684679439e-04
greedy20,0.029141528,-8.011344978465e-04
greedy20,0.029671803,-8.156582032854e-04
greedy20,0.030211727,-8.304442027867e-04
greedy20,0.030761476,-8.454971963423e-04
greedy20,0.031321228,-8.608219668006e-04
greedy20,0.031891166,-8.764233812757e-04
greedy20,0.032471475,-8.923063925776e-04
greedy20,0.033062344,-9.084760406684e-04
greedy20,0.033663964,-9.249374541412e-04
greedy20,0.034276531,-9.416958517146e-04
greedy20,0.034900246,-9.587565437634e-04
greedy20,0.035535309,-9.761249338579e-04
greedy20,0.036181929,-9.938065203406e-04
greedy20,0.036840315,-1.011806897916e-03
greedy20,0.037510681,-1.030131759274e-03
greedy20,0.038193246,-1.048786896727e-03
greedy20,0.038888231,-1.067778203883e-03
greedy20,0.039595862,-1.087111677338e-03
greedy20,0.04031637,-1.106793418390e-03
greedy20,0.041049988,-1.126829634792e-03
greedy20,0.041796956,-1.147226642514e-03
greedy20,0.042557516,-1.167990867541e-03
greedy20,0.043331915,-1.189128847696e-03
greedy20,0.044120406,-1.210647234490e-03
greedy20,0.044923245,-1.232552794997e-03
greedy20,0.045740692,-1.254852413758e-03
greedy20,0.046573015,-1.277553094708e-03
greedy20,0.047420482,-1.300661963139e-03
greedy20,0.048283371,-1.324186267683e-03
greedy20,0.049161961,-1.348133382323e-03
greedy20,0.050056539,-1.372510808444e-03
greedy20,0.050967395,-1.397326176894e-03
greedy20,0.051894825,-1.422587250085e-03
greedy20,0.052839131,-1.448301924127e-03
greedy20,0.053800621,-1.474478230982e-03
greedy20,0.054779606,-1.501124340646e-03
greedy20,0.055776405,-1.528248563369e-03
greedy20,0.056791342,-1.555859351903e-03
greedy20,0.057824748,-1.583965303771e-03
greedy20,0.058876959,-1.612575163576e-03
greedy20,0.059948316,-1.641697825333e-03
greedy20,0.061039167,-1.671342334839e-03
greedy20,0.062149869,-1.701517892061e-03
greedy20,0.063280782,-1.732233853567e-03
greedy20,0.064432273,-1.763499734981e-03
greedy20,0.065604717,-1.795325213465e-03
greedy20,0.066798496,-1.827720130242e-03
greedy20,0.068013998,-1.860694493140e-03
greedy20,0.069251617,-1.894258479166e-03
greedy20,0.070511757,-1.928422437120e-03
greedy20,0.071794827,-1.963196890229e-03
greedy20,0.073101244,-1.998592538821e-03
greedy20,0.074431434,-2.034620263015e-03
greedy20,0.075785828,-2.071291125461e-03
greedy20,0.077164868,-2.108616374090e-03
greedy20,0.078569002,-2.146607444907e-03
greedy20,0.079998686,-2.185275964810e-03
greedy20,0.081454385,-2.224633754438e-03
greedy20,0.082936573,-2.264692831048e-03
greedy20,0.084445731,-2.305465411420e-03
greedy20,0.085982352,-2.346963914792e-03
greedy20,0.087546933,-2.389200965827e-03
greedy20,0.089139984,-2.432189397598e-03
greedy20,0.090762023,-2.475942254612e-03
greedy20,0.092413578,-2.520472795852e-03
greedy20,0.094095185,-2.565794497850e-03
greedy20,0.095807392,-2.611921057784e-03
greedy20,0.097550755,-2.658866396602e-03
greedy20,0.099325841,-2.706644662172e-03
greedy20,0.10113323,-2.755270232450e-03
greedy20,0.1029735,-2.804757718677e-03
greedy20,0.10484726,-2.855121968597e-03
greedy20,0.10675512,-2.906378069693e-03
greedy20,0.1086977,-2.958541352454e-03
greedy20,0.11067562,-3.011627393642e-03
greedy20,0.11268953,-3.065652019603e-03
greedy20,0.11474009,-3.120631309577e-03
greedy20,0.11682796,-3.176581599026e-03
greedy20,0.11895383,-3.233519482986e-03
greedy20,0.12111837,-3.291461819423e-03
greedy20,0.12332231,-3.350425732614e-03
greedy20,0.12556635,-3.410428616517e-03
greedy20,0.12785122,-3.471488138174e-03
greedy20,0.13017767,-3.533622241106e-03
greedy20,0.13254646,-3.596849148725e-03
greedy20,0.13495834,-3.661187367730e-03
greedy20,0.13741412,-3.726655691535e-03
greedy20,0.13991458,-3.793273203663e-03
greedy20,0.14246054,-3.861059281169e-03
greedy20,0.14505283,-3.930033598031e-03
greedy20,0.14769229,-4.000216128556e-03
greedy20,0.15037978,-4.071627150761e-03
greedy20,0.15311617,-4.144287249745e-03
greedy20,0.15590235,-4.218217321053e-03
greedy20,0.15873924,-4.293438574010e-03
greedy20,0.16162774,-4.369972535046e-03
greedy20,0.16456881,-4.447841050984e-03
greedy20,0.16756339,-4.527066292306e-03
greedy20,0.17061246,-4.607670756393e-03
greedy20,0.17371702,-4.689677270714e-03
greedy20,0.17687807,-4.773108995993e-03
greedy20,0.18009664,-4.857989429319e-03
greedy20,0.18337377,-4.944342407217e-03
greedy20,0.18671054,-5.032192108659e-03
greedy20,0.19010803,-5.121563058025e-03
greedy20,0.19356733,-5.212480127996e-03
greedy20,0.19708959,-5.304968542386e-03
greedy20,0.20067594,-5.399053878897e-03
greedy20,0.20432755,-5.494762071795e-03
greedy20,0.2080456,-5.592119414503e-03
greedy20,0.21183131,-5.691152562108e-03
greedy20,0.21568591,-5.791888533767e-03
greedy20,0.21961064,-5.894354715011e-03
greedy20,0.2236068,-5.998578859935e-03
greedy20,0.22767567,-6.104589093281e-03
greedy20,0.23181858,-6.212413912386e-03
greedy20,0.23603687,-6.322082189001e-03
greedy20,0.24033193,-6.433623170970e-03
greedy20,0.24470514,-6.547066483761e-03
greedy20,0.24915792,-6.662442131829e-03
greedy20,0.25369174,-6.779780499830e-03
greedy20,0.25830805,-6.899112353640e-03
greedy20,0.26300836,-7.020468841195e-03
greedy20,0.2677942,-7.143881493136e-03
greedy20,0.27266713,-7.269382223241e-03
greedy20,0.27762873,-7.397003328639e-03
greedy20,0.28268061,-7.526777489796e-03
greedy20,0.28782442,-7.658737770252e-03
greedy20,0.29306183,-7.792917616110e-03
greedy20,0.29839454,-7.929350855252e-03
greedy20,0.30382429,-8.068071696268e-03
greedy20,0.30935284,-8.209114727100e-03
greedy20,0.31498199,-8.352514913366e-03
greedy20,0.32071357,-8.498307596360e-03
greedy20,0.32654945,-8.646528490712e-03
greedy20,0.33249152,-8.797213681690e-03
greedy20,0.33854171,-8.950399622122e-03
greedy20,0.344702,-9.106123128929e-03
greedy20,0.35097438,-9.264421379252e-03
greedy20,0.3573609,-9.425331906138e-03
greedy20,0.36386363,-9.588892593784e-03
greedy20,0.37048469,-9.755141672311e-03
greedy20,0.37722623,-9.924117712044e-03
greedy20,0.38409044,-1.009585961729e-02
greedy20,0.39107956,-1.027040661955e-02
greedy20,0.39819586,-1.044779827022e-02
greedy20,0.40544164,-1.062807443267e-02
greedy20,0.41281928,-1.081127527374e-02
greedy20,0.42033116,-1.099744125458e-02
greedy20,0.42797973,-1.118661312085e-02
greedy20,0.43576748,-1.137883189221e-02
greedy20,0.44369694,-1.157413885113e-02
greedy20,0.45177069,-1.177257553089e-02
greedy20,0.45999135,-1.197418370290e-02
greedy20,0.46836161,-1.217900536311e-02
greedy20,0.47688417,-1.238708271761e-02
greedy20,0.48556181,-1.259845816743e-02
greedy20,0.49439735,-1.281317429228e-02
greedy20,0.50339367,-1.303127383351e-02
greedy20,0.5125537,-1.325279967594e-02
greedy20,0.5218804,-1.347779482876e-02
greedy20,0.53137682,-1.370630240536e-02
greedy20,0.54104604,-1.393836560197e-02
greedy20,0.5508912,-1.417402767528e-02
greedy20,0.56091551,-1.441333191881e-02
greedy20,0.57112224,-1.465632163797e-02
greedy20,0.58151468,-1.490304012402e-02
greedy20,0.59209624,-1.515353062648e-02
greedy20,0.60287034,-1.540783632438e-02
greedy20,0.6138405,-1.566600029588e-02
greedy20,0.62501027,-1.592806548658e-02
greedy20,0.63638329,-1.619407467615e-02
greedy20,0.64796327,-1.646407044347e-02
greedy20,0.65975396,-1.673809513009e-02
greedy20,0.67175919,-1.701619080192e-02
greedy20,0.68398289,-1.729839920927e-02
greedy20,0.69642901,-1.758476174496e-02
greedy20,0.70910161,-1.787531940057e-02
greedy20,0.7220048,-1.817011272069e-02
greedy20,0.73514279,-1.846918175527e-02
greedy20,0.74851985,-1.877256600966e-02
greedy20,0.76214032,-1.908030439266e-02
greedy20,0.77600863,-1.939243516226e-02
greedy20,0.7901293,-1.970899586902e-02
greedy20,0.80450692,-2.003002329710e-02
greedy20,0.81914617,-2.035555340284e-02
greedy20,0.83405179,-2.068562125068e-02
greedy20,0.84922865,-2.102026094655e-02
greedy20,0.86468167,-2.135950556843e-02
greedy20,0.88041588,-2.170338709421e-02
greedy20,0.89643641,-2.205193632651e-02
greedy20,0.91274845,-2.240518281459e-02
greedy20,0.92935731,-2.276315477318e-02
greedy20,0.9462684,-2.312587899803e-02
greedy20,0.96348721,-2.349338077827e-02
greedy20,0.98101934,-2.386568380531e-02
greedy20,0.9988705,-2.424281007831e-02
greedy20,1.0170465,-2.462477980601e-02
greedy20,1.0355532,-2.501161130484e-02
greedy20,1.0543967,-2.540332089331e-02
greedy20,1.0735831,-2.579992278234e-02
greedy20,1.0931186,-2.620142896169e-02
greedy20,1.1130095,-2.660784908215e-02
greedy20,1.1332625,-2.701919033346e-02
greedy20,1.1538839,-2.743545731790e-02
greedy20,1.1748806,-2.785665191931e-02
greedy20,1.1962594,-2.828277316751e-02
greedy20,1.2180272,-2.871381709796e-02
greedy20,1.240191,-2.914977660647e-02
greedy20,1.2627582,-2.959064129904e-02
greedy20,1.285736,-3.003639733635e-02
greedy20,1.309132,-3.048702727320e-02
greedy20,1.3329537,-3.094250989235e-02
greedy20,1.3572088,-3.140282003293e-02
greedy20,1.3819053,-3.186792841312e-02
greedy20,1.4070512,-3.233780144704e-02
greedy20,1.4326547,-3.281240105569e-02
greedy20,1.458724,-3.329168447179e-02
greedy20,1.4852678,-3.377560403836e-02
greedy20,1.5122945,-3.426410700103e-02
greedy20,1.539813,-3.475713529374e-02
greedy20,1.5678323,-3.525462531786e-02
greedy20,1.5963614,-3.575650771454e-02
greedy20,1.6254097,-3.626270713007e-02
greedy20,1.6549865,-3.677314197428e-02
greedy20,1.6851015,-3.728772417174e-02
greedy20,1.7157645,-3.780635890555e-02
greedy20,1.7469855,-3.832894435378e-02
greedy20,1.7787746,-3.885537141836e-02
greedy20,1.8111421,-3.938552344610e-02
greedy20,1.8440987,-3.991927594212e-02
greedy20,1.8776549,-4.045649627513e-02
greedy20,1.9118217,-4.099704337478e-02
greedy20,1.9466102,-4.154076742083e-02
greedy20,1.9820318,-4.208750952399e-02
greedy20,2.0180979,-4.263710139848e-02
greedy20,2.0548203,-4.318936502609e-02
greedy20,2.0922109,-4.374411231169e-02
greedy20,2.1302819,-4.430114473015e-02
greedy20,2.1690457,-4.486025296457e-02
greedy20,2.2085148,-4.542121653580e-02
greedy20,2.2487022,-4.598380342309e-02
greedy20,2.2896208,-4.654776967605e-02
greedy20,2.3312839,-4.711285901762e-02
greedy20,2.3737052,-4.767880243829e-02
greedy20,2.4168984,-4.824531778144e-02
greedy20,2.4608776,-4.881210931980e-02
greedy20,2.5056571,-4.937886732320e-02
greedy20,2.5512514,-4.994526761745e-02
greedy20,2.5976753,-5.051097113467e-02
greedy20,2.644944,-5.107562345497e-02
greedy20,2.6930729,-5.163885433963e-02
greedy20,2.7420775,-5.220027725599e-02
greedy20,2.7919738,-5.275948889416e-02
greedy20,2.842778,-5.331606867570e-02
greedy20,2.8945068,-5.386957825453e-02
greedy20,2.9471768,-5.441956101030e-02
greedy20,3.0008052,-5.496554153451e-02
greedy20,3.0554095,-5.550702510959e-02
greedy20,3.1110073,-5.604349718147e-02
greedy20,3.1676169,-5.657442282577e-02
greedy20,3.2252566,-5.709924620822e-02
greedy20,3.2839451,-5.761739003968e-02
greedy20,3.3437015,-5.812825502629e-02
greedy20,3.4045453,-5.863121931521e-02
greedy20,3.4664963,-5.912563793662e-02
greedy20,3.5295745,-5.961084224269e-02
greedy20,3.5938005,-6.008613934398e-02
greedy20,3.6591953,-6.055081154422e-02
greedy20,3.72578,-6.100411577425e-02
greedy20,3.7935763,-6.144528302588e-02
greedy20,3.8626062,-6.187351778669e-02
greedy20,3.9328923,-6.228799747675e-02
greedy20,4.0044573,-6.268787188832e-02
greedy20,4.0773246,-6.307226262960e-02
greedy20,4.1515178,-6.344026257395e-02
greedy20,4.227061,-6.379093531556e-02
greedy20,4.3039789,-6.412331463328e-02
greedy20,4.3822965,-6.443640396383e-02
greedy20,4.4620391,-6.472917588610e-02
greedy20,4.5432328,-6.500057161810e-02
greedy20,4.6259039,-6.524950052837e-02
greedy20,4.7100793,-6.547483966372e-02
greedy20,4.7957865,-6.567543329524e-02
greedy20,4.8830532,-6.585009248464e-02
greedy20,4.9719078,-6.599759467323e-02
greedy20,5.0623794,-6.611668329576e-02
greedy20,5.1544971,-6.620606742165e-02
greedy20,5.2482912,-6.626442142618e-02
greedy20,5.3437919,-6.629038469444e-02
greedy20,5.4410304,-6.628256136088e-02
greedy20,5.5400383,-6.623952008755e-02
greedy20,5.6408479,-6.615979388433e-02
greedy20,5.7434918,-6.604187997442e-02
greedy20,5.8480034,-6.588423970882e-02
greedy20,5.9544169,-6.568529853361e-02
greedy20,6.0627667,-6.544344601396e-02
greedy20,6.173088,-6.515703591922e-02
greedy20,6.2854169,-6.482438637356e-02
greedy20,6.3997897,-6.444378007695e-02
greedy20,6.5162437,-6.401346460155e-02
greedy20,6.6348168,-6.353165276893e-02
greedy20,6.7555475,-6.299652311374e-02
greedy20,6.8784751,-6.240622044011e-02
greedy20,7.0036396,-6.175885647726e-02
greedy20,7.1310816,-6.105251064133e-02
greedy20,7.2608426,-6.028523091091e-02
greedy20,7.3929648,-5.945503482463e-02
greedy20,7.5274911,-5.855991060947e-02
greedy20,7.6644654,-5.759781844935e-02
greedy20,7.8039322,-5.656669190476e-02
greedy20,7.9459367,-5.546443949465e-02
greedy20,8.0905253,-5.428894645355e-02
greedy20,8.2377449,-5.303807667799e-02
greedy20,8.3876433,-5.170967487788e-02
greedy20,8.5402694,-5.030156895092e-02
greedy20,8.6956727,-4.881157259979e-02
greedy20,8.8539039,-4.723748821524e-02
greedy20,9.0150143,-4.557711005132e-02
greedy20,9.1790564,-4.382822772300e-02
greedy20,9.3460834,-4.198863006164e-02
greedy20,9.5161498,-4.005610936961e-02
greedy20,9.6893108,-3.802846612316e-02
greedy20,9.8656227,-3.590351418169e-02
greedy20,10.045143,-3.367908657322e-02
greedy20,10.22793,-3.135304194067e-02
greedy20,10.414043,-2.892327175152e-02
greedy20,10.603542,-2.638770839707e-02
greedy20,10.79649,-2.374433433716e-02
greedy20,10.992949,-2.099119248463e-02
greedy20,11.192982,-1.812639807373e-02
greedy20,11.396656,-1.514815232142e-02
greedy20,11.604036,-1.205475827661e-02
greedy20,11.815189,-8.844639365840e-03
greedy20,12.030184,-5.516361296743e-03
greedy20,12.249092,-2.068658186433e-03
greedy20,12.471983,1.499535936433e-03
greedy20,12.69893,5.189048719830e-03
greedy20,12.930007,9.000422091512e-03
greedy20,13.165288,1.293385304442e-02
greedy20,13.404851,1.698911869713e-02
greedy20,13.648773,2.116548018386e-02
greedy20,13.897133,2.546155770797e-02
greedy20,14.150013,2.987516586743e-02
greedy20,14.407494,3.440309366214e-02
greedy20,14.669661,3.904080676494e-02
greedy20,14.936598,4.378203984791e-02
greedy20,15.208392,4.861823316698e-02
greedy20,15.485132,5.353775012056e-02
greedy20,15.766908,5.852479397582e-02
greedy20,16.053811,6.355793422630e-02
greedy20,16.345935,6.860819109512e-02
greedy20,16.643375,7.363679623387e-02
greedy20,16.946226,7.859321554797e-02
greedy20,17.254589,8.341497707392e-02
greedy20,17.568563,8.803208256285e-02
greedy20,17.88825,9.237869887262e-02
greedy20,18.213754,9.641054087836e-02
greedy20,18.545181,1.001188086748e-01
greedy20,18.88264,1.035303565187e-01
greedy20,19.226238,1.066944576375e-01
greedy20,19.576089,1.096665029293e-01
greedy20,19.932306,1.124970641084e-01
greedy20,20.295005,1.152275757290e-01
greedy20,20.664304,1.178901506079e-01
greedy20,21.040323,1.205090612316e-01
greedy20,21.423184,1.231025228319e-01
greedy20,21.813012,1.256842483855e-01
greedy20,22.209933,1.282646550469e-01
greedy20,22.614077,1.308517536550e-01
greedy20,23.025575,1.334517906171e-01
greedy20,23.444561,1.360697080993e-01
greedy20,23.871171,1.387094744736e-01
greedy20,24.305544,1.413743230310e-01
greedy20,24.74782,1.440669258790e-01
greedy20,25.198145,1.467895218402e-01
greedy20,25.656664,1.495440114686e-01
greedy20,26.123527,1.523320283528e-01
greedy20,26.598884,1.551549931552e-01
greedy20,27.082892,1.580141549563e-01
greedy20,27.575707,1.609106231762e-01
greedy20,28.077489,1.638453924291e-01
greedy20,28.588402,1.668193620321e-01
greedy20,29.108612,1.698333514329e-01
greedy20,29.638288,1.728881124934e-01
greedy20,30.177603,1.759843393330e-01
greedy20,30.726731,1.791226762624e-01
greedy20,31.285851,1.823037242112e-01
greedy20,31.855145,1.855280459601e-01
greedy20,32.434798,1.887961704183e-01
greedy20,33.025,1.921085961302e-01
greedy20,33.62594,1.954657941608e-01
greedy20,34.237816,1.988682104733e-01
greedy20,34.860826,2.023162678910e-01
greedy20,35.495172,2.058103677171e-01
greedy20,36.141062,2.093508910699e-01
greedy20,36.798704,2.129381999817e-01
greedy20,37.468313,2.165726382991e-01
greedy20,38.150106,2.202545324162e-01
greedy20,38.844306,2.239841918650e-01
greedy20,39.551138,2.277619097848e-01
greedy20,40.270832,2.315879632874e-01
greedy20,41.003622,2.354626137311e-01
greedy20,41.749746,2.393861069161e-01
greedy20,42.509447,2.433586732103e-01
greedy20,43.282972,2.473805276129e-01
greedy20,44.070572,2.514518697628e-01
greedy20,44.872504,2.555728838965e-01
greedy20,45.689028,2.597437387601e-01
greedy20,46.52041,2.639645874795e-01
greedy20,47.366921,2.682355673896e-01
greedy20,48.228835,2.725567998283e-01
greedy20,49.106433,2.769283898933e-01
greedy20,50,2.813504261668e-01
greedy25,0.001,-4.520390268323e-05
greedy25,0.0010181965,-4.602636121456e-05
greedy25,0.0010367242,-4.686378211622e-05
greedy25,0.001055589,-4.771643752237e-05
greedy25,0.0010747971,-4.858460451568e-05
greedy25,0.0010943546,-4.946856521194e-05
greedy25,0.0011142681,-5.036860685953e-05
greedy25,0.0011345439,-5.128502192438e-05
greedy25,0.0011551887,-5.221810819370e-05
greedy25,0.0011762091,-5.316816886149e-05
greedy25,0.0011976121,-5.413551263749e-05
greedy25,0.0012194045,-5.512045384426e-05
greedy25,0.0012415934,-5.612331251167e-05
greedy25,0.0012641861,-5.714441448985e-05
greedy25,0.0012871899,-5.818409155300e-05
greedy25,0.0013106123,-5.924268150254e-05
greedy25,0.0013344609,-6.032052828022e-05
greedy25,0.0013587435,-6.141798208096e-05
greedy25,0.0013834679,-6.253539945970e-05
greedy25,0.0014086423,-6.367314345554e-05
greedy25,0.0014342747,-6.483158370380e-05
greedy25,0.0014603735,-6.601109655439e-05
greedy25,0.0014869473,-6.721206520097e-05
greedy25,0.0015140046,-6.843487979653e-05
greedy25,0.0015415542,-6.967993758680e-05
greedy25,0.0015696052,-7.094764303338e-05
greedy25,0.0015981665,-7.223840795084e-05
greedy25,0.0016272476,-7.355265163093e-05
greedy25,0.0016568579,-7.489080098636e-05
greedy25,0.001687007,-7.625329069124e-05
greedy25,0.0017177047,-7.764056330858e-05
greedy25,0.001748961,-7.905306944585e-05
greedy25,0.001780786,-8.049126790028e-05
greedy25,0.0018131901,-8.195562579794e-05
greedy25,0.0018461839,-8.344661875641e-05
greedy25,0.0018797781,-8.496473102982e-05
greedy25,0.0019139835,-8.651045566933e-05
greedy25,0.0019488114,-8.808429468266e-05
greedy25,0.001984273,-8.968675919756e-05
greedy25,0.00202038,-9.131836962495e-05
greedy25,0.0020571439,-9.297965582565e-05
greedy25,0.0020945768,-9.467115728902e-05
greedy25,0.0021326908,-9.639342329631e-05
greedy25,0.0021714984,-9.814701310917e-05
greedy25,0.0022110122,-9.993249614561e-05
greedy25,0.0022512449,-1.017504521599e-04
greedy25,0.0022922098,-1.036014714383e-04
greedy25,0.0023339201,-1.054861549867e-04
greedy25,0.0023763894,-1.074051147189e-04
greedy25,0.0024196314,-1.093589736637e-04
greedy25,0.0024636603,-1.113483661599e-04
greedy25,0.0025084904,-1.133739380628e-04
greedy25,0.0025541363,-1.154363469565e-04
greedy25,0.0026006127,-1.175362623607e-04
greedy25,0.0026479349,-1.196743659473e-04
greedy25,0.0026961181,-1.218513517635e-04
greedy25,0.0027451782,-1.240679264576e-04
greedy25,0.0027951309,-1.263248095006e-04
greedy25,0.0028459926,-1.286227334260e-04
greedy25,0.0028977798,-1.309624440557e-04
greedy25,0.0029505094,-1.333447007530e-04
greedy25,0.0030041984,-1.357702766617e-04
greedy25,0.0030588645,-1.382399589531e-04
greedy25,0.0031145252,-1.407545490827e-04
greedy25,0.0031711988,-1.433148630502e-04
greedy25,0.0032289036,-1.459217316586e-04
greedy25,0.0032876585,-1.485760007844e-04
greedy25,0.0033474825,-1.512785316502e-04
greedy25,0.0034083951,-1.540302011055e-04
greedy25,0.0034704161,-1.568319019011e-04
greedy25,0.0035335657,-1.596845429815e-04
greedy25,0.0035978643,-1.625890497821e-04
greedy25,0.003663333,-1.655463645184e-04
greedy25,0.003729993,-1.685574464940e-04
greedy25,0.003797866,-1.716232724133e-04
greedy25,0.003866974,-1.747448366876e-04
greedy25,0.0039373395,-1.779231517586e-04
greedy25,0.0040089855,-1.811592484299e-04
greedy25,0.0040819351,-1.844541761880e-04
greedy25,0.0041562122,-1.878090035495e-04
greedy25,0.0042318409,-1.912248183968e-04
greedy25,0.0043088458,-1.947027283349e-04
greedy25,0.0043872519,-1.982438610440e-04
greedy25,0.0044670847,-2.018493646380e-04
greedy25,0.0045483701,-2.055204080435e-04
greedy25,0.0046311347,-2.092581813645e-04
greedy25,0.0047154054,-2.130638962708e-04
greedy25,0.0048012094,-2.169387863869e-04
greedy25,0.0048885748,-2.208841076850e-04
greedy25,0.00497753,-2.249011388902e-04
greedy25,0.0050681038,-2.289911818894e-04
greedy25,0.0051603257,-2.331555621502e-04
greedy25,0.0052542258,-2.373956291486e-04
greedy25,0.0053498345,-2.417127567936e-04
greedy25,0.005447183,-2.461083438770e-04
greedy25,0.0055463029,-2.505838145126e-04
greedy25,0.0056472264,-2.551406186030e-04
greedy25,0.0057499864,-2.597802322922e-04
greedy25,0.0058546163,-2.645041584467e-04
greedy25,0.00596115,-2.693139271337e-04
greedy25,0.0060696223,-2.742110961104e-04
greedy25,0.0061800684,-2.791972513226e-04
greedy25,0.0062925243,-2.842740074141e-04
greedy25,0.0064070265,-2.894430082371e-04
greedy25,0.0065236122,-2.947059273832e-04
greedy25,0.0066423193,-3.000644687156e-04
greedy25,0.0067631866,-3.055203669149e-04
greedy25,0.0068862532,-3.110753880296e-04
greedy25,0.0070115591,-3.167313300461e-04
greedy25,0.0071391452,-3.224900234547e-04
greedy25,0.007269053,-3.283533318382e-04
greedy25,0.0074013246,-3.343231524645e-04
greedy25,0.0075360031,-3.404014168920e-04
greedy25,0.0076731323,-3.465900915844e-04
greedy25,0.0078127567,-3.528911785399e-04
greedy25,0.0079549219,-3.593067159229e-04
greedy25,0.0080996739,-3.658387787138e-04
greedy25,0.0082470599,-3.724894793766e-04
greedy25,0.0083971279,-3.792609685206e-04
greedy25,0.0085499266,-3.861554355907e-04
greedy25,0.0087055056,-3.931751095575e-04
greedy25,0.0088639157,-4.003222596332e-04
greedy25,0.0090252083,-4.075991959814e-04
greedy25,0.0091894359,-4.150082704589e-04
greedy25,0.0093566518,-4.225518773592e-04
greedy25,0.0095269105,-4.302324541683e-04
greedy25,0.0097002673,-4.380524823412e-04
greedy25,0.0098767786,-4.460144880816e-04
greedy25,0.010056502,-4.541210431529e-04
greedy25,0.010239495,-4.623747656819e-04
greedy25,0.010425819,-4.707783209863e-04
greedy25,0.010615533,-4.793344224226e-04
greedy25,0.010808698,-4.880458322437e-04
greedy25,0.011005379,-4.969153624663e-04
greedy25,0.011205639,-5.059458757594e-04
greedy25,0.011409543,-5.151402863478e-04
greedy25,0.011617157,-5.245015609341e-04
greedy25,0.011828549,-5.340327196255e-04
greedy25,0.012043788,-5.437368368915e-04
greedy25,0.012262943,-5.536170425291e-04
greedy25,0.012486086,-5.636765226465e-04
greedy25,0.01271329,-5.739185206603e-04
greedy25,0.012944628,-5.843463383267e-04
greedy25,0.013180175,-5.949633367592e-04
greedy25,0.013420009,-6.057729374998e-04
greedy25,0.013664207,-6.167786235800e-04
greedy25,0.013912848,-6.279839406196e-04
greedy25,0.014166013,-6.393924979287e-04
greedy25,0.014423786,-6.510079696432e-04
greedy25,0.014686249,-6.628340958689e-04
greedy25,0.014953488,-6.748746838538e-04
greedy25,0.01522559,-6.871336091680e-04
greedy25,0.015502643,-6.996148169212e-04
greedy25,0.015784737,-7.123223229887e-04
greedy25,0.016071965,-7.252602152583e-04
greedy25,0.016364419,-7.384326549062e-04
greedy25,0.016662195,-7.518438776907e-04
greedy25,0.016965389,-7.654981952584e-04
greedy25,0.0172741,-7.793999964996e-04
greedy25,0.017588429,-7.935537488913e-04
greedy25,0.017908478,-8.079639998860e-04
greedy25,0.01823435,-8.226353783303e-04
greedy25,0.018566152,-8.375725958762e-04
greedy25,0.018903992,-8.527804484515e-04
greedy25,0.019247979,-8.682638177339e-04
greedy25,0.019598226,-8.840276726558e-04
greedy25,0.019954845,-9.000770709349e-04
greedy25,0.020317955,-9.164171606308e-04
greedy25,0.020687671,-9.330531817229e-04
greedy25,0.021064115,-9.499904677260e-04
greedy25,0.021447409,-9.672344473200e-04
greedy25,0.021837678,-9.847906460155e-04
greedy25,0.022235048,-1.002664687838e-03
greedy25,0.022639649,-1.020862297059e-03
greedy25,0.023051612,-1.039389299931e-03
greedy25,0.023471072,-1.058251626465e-03
greedy25,0.023898164,-1.077455312248e-03
greedy25,0.024333028,-1.097006500262e-03
greedy25,0.024775805,-1.116911442760e-03
greedy25,0.025226639,-1.137176503159e-03
greedy25,0.025685676,-1.157808157964e-03
greedy25,0.026153066,-1.178812998741e-03
greedy25,0.026628962,-1.200197734087e-03
greedy25,0.027113517,-1.221969191670e-03
greedy25,0.027606889,-1.244134320279e-03
greedy25,0.028109239,-1.266700191915e-03
greedy25,0.02862073,-1.289674003914e-03
greedy25,0.029141528,-1.313063081107e-03
greedy25,0.029671803,-1.336874878010e-03
greedy25,0.030211727,-1.361116981055e-03
greedy25,0.030761476,-1.385797110854e-03
greedy25,0.031321228,-1.410923124494e-03
greedy25,0.031891166,-1.436503017880e-03
greedy25,0.032471475,-1.462544928109e-03
greedy25,0.033062344,-1.489057135871e-03
greedy25,0.033663964,-1.516048067918e-03
greedy25,0.034276531,-1.543526299531e-03
greedy25,0.034900246,-1.571500557064e-03
greedy25,0.035535309,-1.599979720503e-03
greedy25,0.036181929,-1.628972826075e-03
greedy25,0.036840315,-1.658489068893e-03
greedy25,0.037510681,-1.688537805651e-03
greedy25,0.038193246,-1.719128557348e-03
greedy25,0.038888231,-1.750271012064e-03
greedy25,0.039595862,-1.781975027775e-03
greedy25,0.04031637,-1.814250635205e-03
greedy25,0.041049988,-1.847108040738e-03
greedy25,0.041796956,-1.880557629355e-03
greedy25,0.042557516,-1.914609967621e-03
greedy25,0.043331915,-1.949275806731e-03
greedy25,0.044120406,-1.984566085583e-03
greedy25,0.044923245,-2.020491933902e-03
greedy25,0.045740692,-2.057064675417e-03
greedy25,0.046573015,-2.094295831076e-03
greedy25,0.047420482,-2.132197122316e-03
greedy25,0.048283371,-2.170780474378e-03
greedy25,0.049161961,-2.210058019661e-03
greedy25,0.050056539,-2.250042101142e-03
greedy25,0.050967395,-2.290745275834e-03
greedy25,0.051894825,-2.332180318289e-03
greedy25,0.052839131,-2.374360224165e-03
greedy25,0.053800621,-2.417298213832e-03
greedy25,0.054779606,-2.461007736027e-03
greedy25,0.055776405,-2.505502471577e-03
greedy25,0.056791342,-2.550796337150e-03
greedy25,0.057824748,-2.596903489071e-03
greedy25,0.058876959,-2.643838327197e-03
greedy25,0.059948316,-2.691615498821e-03
greedy25,0.061039167,-2.740249902658e-03
greedy25,0.062149869,-2.789756692855e-03
greedy25,0.063280782,-2.840151283082e-03
greedy25,0.064432273,-2.891449350654e-03
greedy25,0.065604717,-2.943666840715e-03
greedy25,0.066798496,-2.996819970481e-03
greedy25,0.068013998,-3.050925233536e-03
greedy25,0.069251617,-3.105999404167e-03
greedy25,0.070511757,-3.162059541776e-03
greedy25,0.071794827,-3.219122995330e-03
greedy25,0.073101244,-3.277207407875e-03
greedy25,0.074431434,-3.336330721100e-03
greedy25,0.075785828,-3.396511179951e-03
greedy25,0.077164868,-3.457767337316e-03
greedy25,0.078569002,-3.520118058743e-03
greedy25,0.079998686,-3.583582527230e-03
greedy25,0.081454385,-3.648180248056e-03
greedy25,0.082936573,-3.713931053680e-03
greedy25,0.084445731,-3.780855108681e-03
greedy25,0.085982352,-3.848972914758e-03
greedy25,0.087546933,-3.918305315779e-03
greedy25,0.089139984,-3.988873502892e-03
greedy25,0.090762023,-4.060699019681e-03
greedy25,0.092413578,-4.133803767364e-03
greedy25,0.094095185,-4.208210010073e-03
greedy25,0.095807392,-4.283940380149e-03
greedy25,0.097550755,-4.361017883509e-03
greedy25,0.099325841,-4.439465905059e-03
greedy25,0.10113323,-4.519308214150e-03
greedy25,0.1029735,-4.600568970086e-03
greedy25,0.10484726,-4.683272727674e-03
greedy25,0.10675512,-4.767444442829e-03
greedy25,0.1086977,-4.853109478213e-03
greedy25,0.11067562,-4.940293608921e-03
greedy25,0.11268953,-5.029023028214e-03
greedy25,0.11474009,-5.119324353281e-03
greedy25,0.11682796,-5.211224631052e-03
greedy25,0.11895383,-5.304751344038e-03
greedy25,0.12111837,-5.399932416219e-03
greedy25,0.12332231,-5.496796218951e-03
greedy25,0.12556635,-5.595371576913e-03
greedy25,0.12785122,-5.695687774082e-03
greedy25,0.13017767,-5.797774559738e-03
greedy25,0.13254646,-5.901662154492e-03
greedy25,0.13495834,-6.007381256329e-03
greedy25,0.13741412,-6.114963046687e-03
greedy25,0.13991458,-6.224439196534e-03
greedy25,0.14246054,-6.335841872476e-03
greedy25,0.14505283,-6.449203742864e-03
greedy25,0.14769229,-6.564557983914e-03
greedy25,0.15037978,-6.681938285825e-03
greedy25,0.15311617,-6.801378858912e-03
greedy25,0.15590235,-6.922914439713e-03
greedy25,0.15873924,-7.046580297111e-03
greedy25,0.16162774,-7.172412238422e-03
greedy25,0.16456881,-7.300446615485e-03
greedy25,0.16756339,-7.430720330726e-03
greedy25,0.17061246,-7.563270843181e-03
greedy25,0.17371702,-7.698136174513e-03
greedy25,0.17687807,-7.835354914966e-03
greedy25,0.18009664,-7.974966229296e-03
greedy25,0.18337377,-8.117009862643e-03
greedy25,0.18671054,-8.261526146349e-03
greedy25,0.19010803,-8.408556003713e-03
greedy25,0.19356733,-8.558140955687e-03
greedy25,0.19708959,-8.710323126479e-03
greedy25,0.20067594,-8.865145249086e-03
greedy25,0.20432755,-9.022650670731e-03
greedy25,0.2080456,-9.182883358200e-03
greedy25,0.21183131,-9.345887903066e-03
greedy25,0.21568591,-9.511709526804e-03
greedy25,0.21961064,-9.680394085777e-03
greedy25,0.2236068,-9.851988076074e-03
greedy25,0.22767567,-1.002653863822e-02
greedy25,0.23181858,-1.020409356171e-02
greedy25,0.23603687,-1.038470128937e-02
greedy25,0.24033193,-1.056841092160e-02
greedy25,0.24470514,-1.075527222028e-02
greedy25,0.24915792,-1.094533561267e-02
greedy25,0.25369174,-1.113865219489e-02
greedy25,0.25830805,-1.133527373533e-02
greedy25,0.26300836,-1.153525267771e-02
greedy25,0.2677942,-1.173864214390e-02
greedy25,0.27266713,-1.194549593653e-02
greedy25,0.27762873,-1.215586854119e-02
greedy25,0.28268061,-1.236981512843e-02
greedy25,0.28782442,-1.258739155534e-02
greedy25,0.29306183,-1.280865436688e-02
greedy25,0.29839454,-1.303366079675e-02
greedy25,0.30382429,-1.326246876793e-02
greedy25,0.30935284,-1.349513689283e-02
greedy25,0.31498199,-1.373172447298e-02
greedy25,0.32071357,-1.397229149825e-02
greedy25,0.32654945,-1.421689864567e-02
greedy25,0.33249152,-1.446560727771e-02
greedy25,0.33854171,-1.471847944006e-02
greedy25,0.344702,-1.497557785881e-02
greedy25,0.35097438,-1.523696593717e-02
greedy25,0.3573609,-1.550270775148e-02
greedy25,0.36386363,-1.577286804669e-02
greedy25,0.37048469,-1.604751223108e-02
greedy25,0.37722623,-1.632670637040e-02
greedy25,0.38409044,-1.661051718121e-02
greedy25,0.39107956,-1.689901202354e-02
greedy25,0.39819586,-1.719225889269e-02
greedy25,0.40544164,-1.749032641027e-02
greedy25,0.41281928,-1.779328381440e-02
greedy25,0.42033116,-1.810120094890e-02
greedy25,0.42797973,-1.841414825170e-02
greedy25,0.43576748,-1.873219674220e-02
greedy25,0.44369694,-1.905541800758e-02
greedy25,0.45177069,-1.938388418814e-02
greedy25,0.45999135,-1.971766796147e-02
greedy25,0.46836161,-2.005684252550e-02
greedy25,0.47688417,-2.040148158038e-02
greedy25,0.48556181,-2.075165930902e-02
greedy25,0.49439735,-2.110745035645e-02
greedy25,0.50339367,-2.146892980778e-02
greedy25,0.5125537,-2.183617316472e-02
greedy25,0.5218804,-2.220925632072e-02
greedy25,0.53137682,-2.258825553453e-02
greedy25,0.54104604,-2.297324740219e-02
greedy25,0.5508912,-2.336430882744e-02
greedy25,0.56091551,-2.376151699033e-02
greedy25,0.57112224,-2.416494931415e-02
greedy25,0.58151468,-2.457468343049e-02
greedy25,0.59209624,-2.499079714238e-02
greedy25,0.60287034,-2.541336838547e-02
greedy25,0.6138405,-2.584247518715e-02
greedy25,0.62501027,-2.627819562359e-02
greedy25,0.63638329,-2.672060777446e-02
greedy25,0.64796327,-2.716978967550e-02
greedy25,0.65975396,-2.762581926862e-02
greedy25,0.67175919,-2.808877434958e-02
greedy25,0.68398289,-2.855873251311e-02
greedy25,0.69642901,-2.903577109546e-02
greedy25,0.70910161,-2.951996711408e-02
greedy25,0.7220048,-3.001139720464e-02
greedy25,0.73514279,-3.051013755501e-02
greedy25,0.74851985,-3.101626383624e-02
greedy25,0.76214032,-3.152985113047e-02
greedy25,0.77600863,-3.205097385551e-02
greedy25,0.7901293,-3.257970568616e-02
greedy25,0.80450692,-3.311611947198e-02
greedy25,0.81914617,-3.366028715162e-02
greedy25,0.83405179,-3.421227966331e-02
greedy25,0.84922865,-3.477216685163e-02
greedy25,0.86468167,-3.534001737034e-02
greedy25,0.88041588,-3.591589858107e-02
greedy25,0.89643641,-3.649987644794e-02
greedy25,0.91274845,-3.709201542773e-02
greedy25,0.92935731,-3.769237835566e-02
greedy25,0.9462684,-3.830102632653e-02
greedy25,0.96348721,-3.891801857117e-02
greedy25,0.98101934,-3.954341232790e-02
greedy25,0.9988705,-4.017726270907e-02
greedy25,1.0170465,-4.081962256230e-02
greedy25,1.0355532,-4.147054232648e-02
greedy25,1.0543967,-4.213006988216e-02
greedy25,1.0735831,-4.279825039637e-02
greedy25,1.0931186,-4.347512616155e-02
greedy25,1.1130095,-4.416073642853e-02
greedy25,1.1332625,-4.485511723335e-02
greedy25,1.1538839,-4.555830121771e-02
greedy25,1.1748806,-4.627031744294e-02
greedy25,1.1962594,-4.699119119730e-02
greedy25,1.2180272,-4.772094379641e-02
greedy25,1.240191,-4.845959237663e-02
greedy25,1.2627582,-4.920714968120e-02
greedy25,1.285736,-4.996362383904e-02
greedy25,1.309132,-5.072901813585e-02
greedy25,1.3329537,-5.150333077752e-02
greedy25,1.3572088,-5.228655464547e-02
greedy25,1.3819053,-5.307867704394e-02
greedy25,1.4070512,-5.387967943880e-02
greedy25,1.4326547,-5.468953718786e-02
greedy25,1.458724,-5.550821926245e-02
greedy25,1.4852678,-5.633568796004e-02
greedy25,1.5122945,-5.717189860770e-02
greedy25,1.539813,-5.801679925627e-02
greedy25,1.5678323,-5.887033036497e-02
greedy25,1.5963614,-5.973242447635e-02
greedy25,1.6254097,-6.060300588127e-02
greedy25,1.6549865,-6.148199027383e-02
greedy25,1.6851015,-6.236928439605e-02
greedy25,1.7157645,-6.326478567199e-02
greedy25,1.7469855,-6.416838183135e-02
greedy25,1.7787746,-6.507995052221e-02
greedy25,1.8111421,-6.599935891277e-02
greedy25,1.8440987,-6.692646328196e-02
greedy25,1.8776549,-6.786110859876e-02
greedy25,1.9118217,-6.880312809007e-02
greedy25,1.9466102,-6.975234279697e-02
greedy25,1.9820318,-7.070856111924e-02
greedy25,2.0180979,-7.167157834808e-02
greedy25,2.0548203,-7.264117618676e-02
greedy25,2.0922109,-7.361712225932e-02
greedy25,2.1302819,-7.459916960704e-02
greedy25,2.1690457,-7.558705617264e-02
greedy25,2.2085148,-7.658050427228e-02
greedy25,2.2487022,-7.757922005510e-02
greedy25,2.2896208,-7.858289295049e-02
greedy25,2.3312839,-7.959119510289e-02
greedy25,2.3737052,-8.060378079423e-02
greedy25,2.4168984,-8.162028585411e-02
greedy25,2.4608776,-8.264032705752e-02
greedy25,2.5056571,-8.366350151053e-02
greedy25,2.5512514,-8.468938602374e-02
greedy25,2.5976753,-8.571753647384e-02
greedy25,2.644944,-8.674748715326e-02
greedy25,2.6930729,-8.777875010832e-02
greedy25,2.7420775,-8.881081446589e-02
greedy25,2.7919738,-8.984314574900e-02
greedy25,2.842778,-9.087518518154e-02
greedy25,2.8945068,-9.190634898259e-02
greedy25,2.9471768,-9.293602765054e-02
greedy25,3.0008052,-9.396358523763e-02
greedy25,3.0554095,-9.498835861524e-02
greedy25,3.1110073,-9.600965673059e-02
greedy25,3.1676169,-9.702675985527e-02
greedy25,3.2252566,-9.803891882639e-02
greedy25,3.2839451,-9.904535428098e-02
greedy25,3.3437015,-1.000452558844e-01
greedy25,3.4045453,-1.010377815533e-01
greedy25,3.4664963,-1.020220566752e-01
greedy25,3.5295745,-1.029971733233e-01
greedy25,3.5938005,-1.039621894702e-01
greedy25,3.6591953,-1.049161282002e-01
greedy25,3.72578,-1.058579769211e-01
greedy25,3.7935763,-1.067866865776e-01
greedy25,3.8626062,-1.077011708678e-01
greedy25,3.9328923,-1.086003054629e-01
greedy25,4.0044573,-1.094829272333e-01
greedy25,4.0773246,-1.103478334817e-01
greedy25,4.1515178,-1.111937811851e-01
greedy25,4.227061,-1.120194862484e-01
greedy25,4.3039789,-1.128236227697e-01
greedy25,4.3822965,-1.136048223220e-01
greedy25,4.4620391,-1.143616732510e-01
greedy25,4.5432328,-1.150927199930e-01
greedy25,4.6259039,-1.157964624141e-01
greedy25,4.7100793,-1.164713551755e-01
greedy25,4.7957865,-1.171158071238e-01
greedy25,4.8830532,-1.177281807138e-01
greedy25,4.9719078,-1.183067914626e-01
greedy25,5.0623794,-1.188499074416e-01
greedy25,5.1544971,-1.193557488065e-01
greedy25,5.2482912,-1.198224873721e-01
greedy25,5.3437919,-1.202482462328e-01
greedy25,5.4410304,-1.206310994334e-01
greedy25,5.5400383,-1.209690716959e-01
greedy25,5.6408479,-1.212601382030e-01
greedy25,5.7434918,-1.215022244462e-01
greedy25,5.8480034,-1.216932061402e-01
greedy25,5.9544169,-1.218309092103e-01
greedy25,6.0627667,-1.219131098563e-01
greedy25,6.173088,-1.219375346984e-01
greedy25,6.2854169,-1.219018610111e-01
greedy25,6.3997897,-1.218037170492e-01
greedy25,6.5162437,-1.216406824725e-01
greedy25,6.6348168,-1.214102888750e-01
greedy25,6.7555475,-1.211100204246e-01
greedy25,6.8784751,-1.207373146188e-01
greedy25,7.0036396,-1.202895631652e-01
greedy25,7.1310816,-1.197641129905e-01
greedy25,7.2608426,-1.191582673873e-01
greedy25,7.3929648,-1.184692873058e-01
greedy25,7.5274911,-1.176943927960e-01
greedy25,7.6644654,-1.168307646108e-01
greedy25,7.8039322,-1.158755459764e-01
greedy25,7.9459367,-1.148258445382e-01
greedy25,8.0905253,-1.136787344925e-01
greedy25,8.2377449,-1.124312589110e-01
greedy25,8.3876433,-1.110804322690e-01
greedy25,8.5402694,-1.096232431863e-01
greedy25,8.6956727,-1.080566573912e-01
greedy25,8.8539039,-1.063776209178e-01
greedy25,9.0150143,-1.045830635497e-01
greedy25,9.1790564,-1.026699025184e-01
greedy25,9.3460834,-1.006350464729e-01
greedy25,9.5161498,-9.847539973065e-02
greedy25,9.6893108,-9.618786682598e-02
greedy25,9.8656227,-9.376935736991e-02
greedy25,10.045143,-9.121679123889e-02
greedy25,10.22793,-8.852710410979e-02
greedy25,10.414043,-8.569725336081e-02
greedy25,10.603542,-8.272422436020e-02
greedy25,10.79649,-7.960503716665e-02
greedy25,10.992949,-7.633675366852e-02
greedy25,11.192982,-7.291648519239e-02
greedy25,11.396656,-6.934140061562e-02
greedy25,11.604036,-6.560873502303e-02
greedy25,11.815189,-6.171579895361e-02
greedy25,12.030184,-5.765998829147e-02
greedy25,12.249092,-5.343879486390e-02
greedy25,12.471983,-4.904981782185e-02
greedy25,12.69893,-4.449077589163e-02
greedy25,12.930007,-3.975952060513e-02
greedy25,13.165288,-3.485405063783e-02
greedy25,13.404851,-2.977252741162e-02
greedy25,13.648773,-2.451329215512e-02
greedy25,13.897133,-1.907488465849e-02
greedy25,14.150013,-1.345606401693e-02
greedy25,14.407494,-7.655831730903e-03
greedy25,14.669661,-1.673457625981e-03
greedy25,14.936598,4.491490819207e-03
greedy25,15.208392,1.083911498312e-02
greedy25,15.485132,1.736914647325e-02
greedy25,15.766908,2.408090208046e-02
greedy25,16.053811,3.097323061561e-02
greedy25,16.345935,3.804444933075e-02
greedy25,16.643375,4.529226675435e-02
greedy25,16.946226,5.271368745198e-02
greedy25,17.254589,6.030489214595e-02
greedy25,17.568563,6.806108318179e-02
greedy25,17.88825,7.597627924913e-02
greedy25,18.213754,8.404303171927e-02
greedy25,18.545181,9.225201104511e-02
greedy25,18.88264,1.005913566750e-01
greedy25,19.226238,1.090455396734e-01
greedy25,19.576089,1.175930317974e-01
greedy25,19.932306,1.262000970490e-01
greedy25,20.295005,1.347891781095e-01
greedy25,20.664304,1.412726737405e-01
greedy25,21.040323,1.441797642295e-01
greedy25,21.423184,1.470495348300e-01
greedy25,21.813012,1.499535141750e-01
greedy25,22.209933,1.528986522276e-01
greedy25,22.614077,1.558872097626e-01
greedy25,23.025575,1.589204331246e-01
greedy25,23.444561,1.619992368859e-01
greedy25,23.871171,1.651243963986e-01
greedy25,24.305544,1.682966165681e-01
greedy25,24.74782,1.715165604713e-01
greedy25,25.198145,1.747848625689e-01
greedy25,25.656664,1.781021352395e-01
greedy25,26.123527,1.814689721359e-01
greedy25,26.598884,1.848859499095e-01
greedy25,27.082892,1.883536290435e-01
greedy25,27.575707,1.918725541698e-01
greedy25,28.077489,1.954432540740e-01
greedy25,28.588402,1.990662414995e-01
greedy25,29.108612,2.027420128177e-01
greedy25,29.638288,2.064710476040e-01
greedy25,30.177603,2.102538081440e-01
greedy25,30.726731,2.140907388857e-01
greedy25,31.285851,2.179822658486e-01
greedy25,31.855145,2.219287959958e-01
greedy25,32.434798,2.259307165748e-01
greedy25,33.025,2.299883944301e-01
greedy25,33.62594,2.341021752915e-01
greedy25,34.237816,2.382723830384e-01
greedy25,34.860826,2.424993189438e-01
greedy25,35.495172,2.467832608985e-01
greedy25,36.141062,2.511244626182e-01
greedy25,36.798704,2.555231528329e-01
greedy25,37.468313,2.599795344627e-01
greedy25,38.150106,2.644937837792e-01
greedy25,38.844306,2.690660495552e-01
greedy25,39.551138,2.736964522035e-01
greedy25,40.270832,2.783850829069e-01
greedy25,41.003622,2.831320027404e-01
greedy25,41.749746,2.879372417884e-01
greedy25,42.509447,2.928007982564e-01
greedy25,43.282972,2.977226375817e-01
greedy25,44.070572,3.027026915435e-01
greedy25,44.872504,3.077408573736e-01
greedy25,45.689028,3.128369968726e-01
greedy25,46.52041,3.179909355299e-01
greedy25,47.366921,3.232024616536e-01
greedy25,48.228835,3.284713255096e-01
greedy25,49.106433,3.337972384746e-01
greedy25,50,3.391798722034e-01
greedy30,0.001,-5.856448406966e-05
greedy30,0.0010181965,-5.963003454691e-05
greedy30,0.0010367242,-6.071496993164e-05
greedy30,0.001055589,-6.181964279920e-05
greedy30,0.0010747971,-6.294441213574e-05
greedy30,0.0010943546,-6.408964345282e-05
greedy30,0.0011142681,-6.525570890547e-05
greedy30,0.0011345439,-6.644298741707e-05
greedy30,0.0011551887,-6.765186479546e-05
greedy30,0.0011762091,-6.888273386453e-05
greedy30,0.0011976121,-7.013599458802e-05
greedy30,0.0012194045,-7.141205419928e-05
greedy30,0.0012415934,-7.271132733511e-05
greedy30,0.0012641861,-7.403423616725e-05
greedy30,0.0012871899,-7.538121054313e-05
greedy30,0.0013106123,-7.675268812077e-05
greedy30,0.0013344609,-7.814911451489e-05
greedy30,0.0013587435,-7.957094343867e-05
greedy30,0.0013834679,-8.101863685041e-05
greedy30,0.0014086423,-8.249266510557e-05
greedy30,0.0014342747,-8.399350710723e-05
greedy30,0.0014603735,-8.552165046149e-05
greedy30,0.0014869473,-8.707759163658e-05
greedy30,0.0015140046,-8.866183612203e-05
greedy30,0.0015415542,-9.027489859428e-05
greedy30,0.0015696052,-9.191730308113e-05
greedy30,0.0015981665,-9.358958313391e-05
greedy30,0.0016272476,-9.529228199818e-05
greedy30,0.0016568579,-9.702595279178e-05
greedy30,0.001687007,-9.879115868011e-05
greedy30,0.0017177047,-1.005884730636e-04
greedy30,0.001748961,-1.024184797596e-04
greedy30,0.001780786,-1.042817731932e-04
greedy30,0.0018131901,-1.061789585883e-04
greedy30,0.0018461839,-1.081106521641e-04
greedy30,0.0018797781,-1.100774813358e-04
greedy30,0.0019139835,-1.120800849149e-04
greedy30,0.0019488114,-1.141191133185e-04
greedy30,0.001984273,-1.161952287777e-04
greedy30,0.00202038,-1.183091055548e-04
greedy30,0.0020571439,-1.204614301572e-04
greedy30,0.0020945768,-1.226529015632e-04
greedy30,0.0021326908,-1.248842314462e-04
greedy30,0.0021714984,-1.271561444048e-04
greedy30,0.0022110122,-1.294693781985e-04
greedy30,0.0022512449,-1.318246839842e-04
greedy30,0.0022922098,-1.342228265610e-04
greedy30,0.0023339201,-1.366645846160e-04
greedy30,0.0023763894,-1.391507509772e-04
greedy30,0.0024196314,-1.416821328685e-04
greedy30,0.0024636603,-1.442595521711e-04
greedy30,0.0025084904,-1.468838456897e-04
greedy30,0.0025541363,-1.495558654217e-04
greedy30,0.0026006127,-1.522764788338e-04
greedy30,0.0026479349,-1.550465691403e-04
greedy30,0.0026961181,-1.578670355898e-04
greedy30,0.0027451782,-1.607387937560e-04
greedy30,0.0027951309,-1.636627758310e-04
greedy30,0.0028459926,-1.666399309298e-04
greedy30,0.0028977798,-1.696712253927e-04
greedy30,0.0029505094,-1.727576431003e-04
greedy30,0.0030041984,-1.759001857895e-04
greedy30,0.0030588645,-1.790998733768e-04
greedy30,0.0031145252,-1.823577442880e-04
greedy30,0.0031711988,-1.856748557927e-04
greedy30,0.0032289036,-1.890522843449e-04
greedy30,0.0032876585,-1.924911259309e-04
greedy30,0.0033474825,-1.959924964226e-04
greedy30,0.0034083951,-1.995575319364e-04
greedy30,0.0034704161,-2.031873892003e-04
greedy30,0.0035335657,-2.068832459255e-04
greedy30,0.0035978643,-2.106463011887e-04
greedy30,0.003663333,-2.144777758141e-04
greedy30,0.003729993,-2.183789127695e-04
greedy30,0.003797866,-2.223509775669e-04
greedy30,0.003866974,-2.263952586684e-04
greedy30,0.0039373395,-2.305130679012e-04
greedy30,0.0040089855,-2.347057408812e-04
greedy30,0.0040819351,-2.389746374413e-04
greedy30,0.0041562122,-2.433211420700e-04
greedy30,0.0042318409,-2.477466643558e-04
greedy30,0.0043088458,-2.522526394414e-04
greedy30,0.0043872519,-2.568405284842e-04
greedy30,0.0044670847,-2.615118191272e-04
greedy30,0.0045483701,-2.662680259768e-04
greedy30,0.0046311347,-2.711106910890e-04
greedy30,0.0047154054,-2.760413844648e-04
greedy30,0.0048012094,-2.810617045556e-04
greedy30,0.0048885748,-2.861732787754e-04
greedy30,0.00497753,-2.913777640239e-04
greedy30,0.0050681038,-2.966768472173e-04
greedy30,0.0051603257,-3.020722458317e-04
greedy30,0.0052542258,-3.075657084521e-04
greedy30,0.0053498345,-3.131590153346e-04
greedy30,0.005447183,-3.188539789762e-04
greedy30,0.0055463029,-3.246524446967e-04
greedy30,0.0056472264,-3.305562912293e-04
greedy30,0.0057499864,-3.365674313237e-04
greedy30,0.0058546163,-3.426878123585e-04
greedy30,0.00596115,-3.489194169638e-04
greedy30,0.0060696223,-3.552642636570e-04
greedy30,0.0061800684,-3.617244074890e-04
greedy30,0.0062925243,-3.683019407005e-04
greedy30,0.0064070265,-3.749989933923e-04
greedy30,0.0065236122,-3.818177342069e-04
greedy30,0.0066423193,-3.887603710197e-04
greedy30,0.0067631866,-3.958291516471e-04
greedy30,0.0068862532,-4.030263645633e-04
greedy30,0.0070115591,-4.103543396310e-04
greedy30,0.0071391452,-4.178154488451e-04
greedy30,0.007269053,-4.254121070907e-04
greedy30,0.0074013246,-4.331467729138e-04
greedy30,0.0075360031,-4.410219493030e-04
greedy30,0.0076731323,-4.490401844901e-04
greedy30,0.0078127567,-4.572040727610e-04
greedy30,0.0079549219,-4.655162552820e-04
greedy30,0.0080996739,-4.739794209423e-04
greedy30,0.0082470599,-4.825963072082e-04
greedy30,0.0083971279,-4.913697009948e-04
greedy30,0.0085499266,-5.003024395528e-04
greedy30,0.0087055056,-5.093974113708e-04
greedy30,0.0088639157,-5.186575570928e-04
greedy30,0.0090252083,-5.280858704523e-04
greedy30,0.0091894359,-5.376853992231e-04
greedy30,0.0093566518,-5.474592461873e-04
greedy30,0.0095269105,-5.574105701189e-04
greedy30,0.0097002673,-5.675425867854e-04
greedy30,0.0098767786,-5.778585699678e-04
greedy30,0.010056502,-5.883618524973e-04
greedy30,0.010239495,-5.990558273121e-04
greedy30,0.010425819,-6.099439485284e-04
greedy30,0.010615533,-6.210297325351e-04
greedy30,0.010808698,-6.323167591067e-04
greedy30,0.011005379,-6.438086725315e-04
greedy30,0.011205639,-6.555091827663e-04
greedy30,0.011409543,-6.674220666041e-04
greedy30,0.011617157,-6.795511688675e-04
greedy30,0.011828549,-6.919004036228e-04
greedy30,0.012043788,-7.044737554094e-04
greedy30,0.012262943,-7.172752804983e-04
greedy30,0.012486086,-7.303091081684e-04
greedy30,0.01271329,-7.435794420027e-04
greedy30,0.012944628,-7.570905612149e-04
greedy30,0.013180175,-7.708468219898e-04
greedy30,0.013420009,-7.848526588517e-04
greedy30,0.013664207,-7.991125860585e-04
greedy30,0.013912848,-8.136311990144e-04
greedy30,0.014166013,-8.284131757109e-04
greedy30,0.014423786,-8.434632781931e-04
greedy30,0.014686249,-8.587863540483e-04
greedy30,0.014953488,-8.743873379216e-04
greedy30,0.01522559,-8.902712530598e-04
greedy30,0.015502643,-9.064432128783e-04
greedy30,0.015784737,-9.229084225567e-04
greedy30,0.016071965,-9.396721806623e-04
greedy30,0.016364419,-9.567398807999e-04
greedy30,0.016662195,-9.741170132921e-04
greedy30,0.016965389,-9.918091668847e-04
greedy30,0.0172741,-1.009822030486e-03
greedy30,0.017588429,-1.028161394929e-03
greedy30,0.017908478,-1.046833154775e-03
greedy30,0.01823435,-1.065843310132e-03
greedy30,0.018566152,-1.085197968518e-03
greedy30,0.018903992,-1.104903346753e-03
greedy30,0.019247979,-1.124965772871e-03
greedy30,0.019598226,-1.145391688085e-03
greedy30,0.019954845,-1.166187648767e-03
greedy30,0.020317955,-1.187360328470e-03
greedy30,0.020687671,-1.208916519985e-03
greedy30,0.021064115,-1.230863137426e-03
greedy30,0.021447409,-1.253207218361e-03
greedy30,0.021837678,-1.275955925961e-03
greedy30,0.022235048,-1.299116551208e-03
greedy30,0.022639649,-1.322696515120e-03
greedy30,0.023051612,-1.346703371022e-03
greedy30,0.023471072,-1.371144806854e-03
greedy30,0.023898164,-1.396028647519e-03
greedy30,0.024333028,-1.421362857266e-03
greedy30,0.024775805,-1.447155542113e-03
greedy30,0.025226639,-1.473414952314e-03
greedy30,0.025685676,-1.500149484864e-03
greedy30,0.026153066,-1.527367686042e-03
greedy30,0.026628962,-1.555078254002e-03
greedy30,0.027113517,-1.583290041403e-03
greedy30,0.027606889,-1.612012058081e-03
greedy30,0.028109239,-1.641253473769e-03
greedy30,0.02862073,-1.671023620853e-03
greedy30,0.029141528,-1.701331997185e-03
greedy30,0.029671803,-1.732188268927e-03
greedy30,0.030211727,-1.763602273456e-03
greedy30,0.030761476,-1.795584022302e-03
greedy30,0.031321228,-1.828143704144e-03
greedy30,0.031891166,-1.861291687846e-03
greedy30,0.032471475,-1.895038525549e-03
greedy30,0.033062344,-1.929394955805e-03
greedy30,0.033663964,-1.964371906767e-03
greedy30,0.034276531,-1.999980499424e-03
greedy30,0.034900246,-2.036232050891e-03
greedy30,0.035535309,-2.073138077753e-03
greedy30,0.036181929,-2.110710299453e-03
greedy30,0.036840315,-2.148960641742e-03
greedy30,0.037510681,-2.187901240177e-03
greedy30,0.038193246,-2.227544443678e-03
greedy30,0.038888231,-2.267902818136e-03
greedy30,0.039595862,-2.308989150078e-03
greedy30,0.04031637,-2.350816450391e-03
greedy30,0.041049988,-2.393397958100e-03
greedy30,0.041796956,-2.436747144201e-03
greedy30,0.042557516,-2.480877715563e-03
greedy30,0.043331915,-2.525803618875e-03
greedy30,0.044120406,-2.571539044665e-03
greedy30,0.044923245,-2.618098431369e-03
greedy30,0.045740692,-2.665496469470e-03
greedy30,0.046573015,-2.713748105692e-03
greedy30,0.047420482,-2.762868547258e-03
greedy30,0.048283371,-2.812873266213e-03
greedy30,0.049161961,-2.863778003808e-03
greedy30,0.050056539,-2.915598774947e-03
greedy30,0.050967395,-2.968351872704e-03
greedy30,0.051894825,-3.022053872894e-03
greedy30,0.052839131,-3.076721638728e-03
greedy30,0.053800621,-3.132372325513e-03
greedy30,0.054779606,-3.189023385435e-03
greedy30,0.055776405,-3.246692572401e-03
greedy30,0.056791342,-3.305397946955e-03
greedy30,0.057824748,-3.365157881253e-03
greedy30,0.058876959,-3.425991064120e-03
greedy30,0.059948316,-3.487916506162e-03
greedy30,0.061039167,-3.550953544961e-03
greedy30,0.062149869,-3.615121850331e-03
greedy30,0.063280782,-3.680441429646e-03
greedy30,0.064432273,-3.746932633248e-03
greedy30,0.065604717,-3.814616159910e-03
greedy30,0.066798496,-3.883513062386e-03
greedy30,0.068013998,-3.953644753027e-03
greedy30,0.069251617,-4.025033009464e-03
greedy30,0.070511757,-4.097699980377e-03
greedy30,0.071794827,-4.171668191320e-03
greedy30,0.073101244,-4.246960550633e-03
greedy30,0.074431434,-4.323600355419e-03
greedy30,0.075785828,-4.401611297598e-03
greedy30,0.077164868,-4.481017470031e-03
greedy30,0.078569002,-4.561843372720e-03
greedy30,0.079998686,-4.644113919080e-03
greedy30,0.081454385,-4.727854442282e-03
greedy30,0.082936573,-4.813090701674e-03
greedy30,0.084445731,-4.899848889270e-03
greedy30,0.085982352,-4.988155636314e-03
greedy30,0.087546933,-5.078038019912e-03
greedy30,0.089139984,-5.169523569743e-03
greedy30,0.090762023,-5.262640274834e-03
greedy30,0.092413578,-5.357416590410e-03
greedy30,0.094095185,-5.453881444815e-03
greedy30,0.095807392,-5.552064246496e-03
greedy30,0.097550755,-5.651994891067e-03
greedy30,0.099325841,-5.753703768426e-03
greedy30,0.10113323,-5.857221769955e-03
greedy30,0.1029735,-5.962580295774e-03
greedy30,0.10484726,-6.069811262065e-03
greedy30,0.10675512,-6.178947108458e-03
greedy30,0.1086977,-6.290020805482e-03
greedy30,0.11067562,-6.403065862075e-03
greedy30,0.11268953,-6.518116333151e-03
greedy30,0.11474009,-6.635206827230e-03
greedy30,0.11682796,-6.754372514120e-03
greedy30,0.11895383,-6.875649132652e-03
greedy30,0.12111837,-6.999072998474e-03
greedy30,0.12332231,-7.124681011885e-03
greedy30,0.12556635,-7.252510665725e-03
greedy30,0.12785122,-7.382600053301e-03
greedy30,0.13017767,-7.514987876366e-03
greedy30,0.13254646,-7.649713453129e-03
greedy30,0.13495834,-7.786816726304e-03
greedy30,0.13741412,-7.926338271191e-03
greedy30,0.13991458,-8.068319303792e-03
greedy30,0.14246054,-8.212801688943e-03
greedy30,0.14505283,-8.359827948481e-03
greedy30,0.14769229,-8.509441269418e-03
greedy30,0.15037978,-8.661685512140e-03
greedy30,0.15311617,-8.816605218600e-03
greedy30,0.15590235,-8.974245620537e-03
greedy30,0.15873924,-9.134652647674e-03
greedy30,0.16162774,-9.297872935928e-03
greedy30,0.16456881,-9.463953835597e-03
greedy30,0.16756339,-9.632943419537e-03
greedy30,0.17061246,-9.804890491316e-03
greedy30,0.17371702,-9.979844593333e-03
greedy30,0.17687807,-1.015785601491e-02
greedy30,0.18009664,-1.033897580034e-02
greedy30,0.18337377,-1.052325575688e-02
greedy30,0.18671054,-1.071074846268e-02
greedy30,0.19010803,-1.090150727466e-02
greedy30,0.19356733,-1.109558633633e-02
greedy30,0.19708959,-1.129304058544e-02
greedy30,0.20067594,-1.149392576169e-02
greedy30,0.20432755,-1.169829841418e-02
greedy30,0.2080456,-1.190621590883e-02
greedy30,0.21183131,-1.211773643570e-02
greedy30,0.21568591,-1.233291901607e-02
greedy30,0.21961064,-1.255182350953e-02
greedy30,0.2236068,-1.277451062074e-02
greedy30,0.22767567,-1.300104190617e-02
greedy30,0.23181858,-1.323147978056e-02
greedy30,0.23603687,-1.346588752320e-02
greedy30,0.24033193,-1.370432928405e-02
greedy30,0.24470514,-1.394687008957e-02
greedy30,0.24915792,-1.419357584832e-02
greedy30,0.25369174,-1.444451335636e-02
greedy30,0.25830805,-1.469975030226e-02
greedy30,0.26300836,-1.495935527194e-02
greedy30,0.2677942,-1.522339775312e-02
greedy30,0.27266713,-1.549194813947e-02
greedy30,0.27762873,-1.576507773438e-02
greedy30,0.28268061,-1.604285875441e-02
greedy30,0.28782442,-1.632536433229e-02
greedy30,0.29306183,-1.661266851955e-02
greedy30,0.29839454,-1.690484628868e-02
greedy30,0.30382429,-1.720197353484e-02
greedy30,0.30935284,-1.750412707710e-02
greedy30,0.31498199,-1.781138465911e-02
greedy30,0.32071357,-1.812382494931e-02
greedy30,0.32654945,-1.844152754051e-02
greedy30,0.33249152,-1.876457294886e-02
greedy30,0.33854171,-1.909304261227e-02
greedy30,0.344702,-1.942701888809e-02
greedy30,0.35097438,-1.976658505012e-02
greedy30,0.3573609,-2.011182528491e-02
greedy30,0.36386363,-2.046282468729e-02
greedy30,0.37048469,-2.081966925511e-02
greedy30,0.37722623,-2.118244588308e-02
greedy30,0.38409044,-2.155124235584e-02
greedy30,0.39107956,-2.192614734004e-02
greedy30,0.39819586,-2.230725037548e-02
greedy30,0.40544164,-2.269464186525e-02
greedy30,0.41281928,-2.308841306483e-02
greedy30,0.42033116,-2.348865607006e-02
greedy30,0.42797973,-2.389546380405e-02
greedy30,0.43576748,-2.430893000277e-02
greedy30,0.44369694,-2.472914919956e-02
greedy30,0.45177069,-2.515621670818e-02
greedy30,0.45999135,-2.559022860461e-02
greedy30,0.46836161,-2.603128170741e-02
greedy30,0.47688417,-2.647947355660e-02
greedy30,0.48556181,-2.693490239105e-02
greedy30,0.49439735,-2.739766712419e-02
greedy30,0.50339367,-2.786786731820e-02
greedy30,0.5125537,-2.834560315630e-02
greedy30,0.5218804,-2.883097541339e-02
greedy30,0.53137682,-2.932408542478e-02
greedy30,0.54104604,-2.982503505291e-02
greedy30,0.5508912,-3.033392665214e-02
greedy30,0.56091551,-3.085086303140e-02
greedy30,0.57112224,-3.137594741465e-02
greedy30,0.58151468,-3.190928339913e-02
greedy30,0.59209624,-3.245097491118e-02
greedy30,0.60287034,-3.300112615966e-02
greedy30,0.6138405,-3.355984158690e-02
greedy30,0.62501027,-3.412722581686e-02
greedy30,0.63638329,-3.470338360075e-02
greedy30,0.64796327,-3.528841975970e-02
greedy30,0.65975396,-3.588243912454e-02
greedy30,0.67175919,-3.648554647256e-02
greedy30,0.68398289,-3.709784646109e-02
greedy30,0.69642901,-3.771944355783e-02
greedy30,0.70910161,-3.835044196785e-02
greedy30,0.7220048,-3.899094555703e-02
greedy30,0.73514279,-3.964105777189e-02
greedy30,0.74851985,-4.030088155576e-02
greedy30,0.76214032,-4.097051926097e-02
greedy30,0.77600863,-4.165007255707e-02
greedy30,0.7901293,-4.233964233498e-02
greedy30,0.80450692,-4.303932860672e-02
greedy30,0.81914617,-4.374923040088e-02
greedy30,0.83405179,-4.446944565335e-02
greedy30,0.84922865,-4.520007109347e-02
greedy30,0.86468167,-4.594120212523e-02
greedy30,0.88041588,-4.669293270341e-02
greedy30,0.89643641,-4.745535520462e-02
greedy30,0.91274845,-4.822856029291e-02
greedy30,0.92935731,-4.901263677984e-02
greedy30,0.9462684,-4.980767147886e-02
greedy30,0.96348721,-5.061374905387e-02
greedy30,0.98101934,-5.143095186159e-02
greedy30,0.9988705,-5.225935978784e-02
greedy30,1.0170465,-5.309905007726e-02
greedy30,1.0355532,-5.395009715645e-02
greedy30,1.0543967,-5.481257245034e-02
greedy30,1.0735831,-5.568654419144e-02
greedy30,1.0931186,-5.657207722196e-02
greedy30,1.1130095,-5.746923278848e-02
greedy30,1.1332625,-5.837806832892e-02
greedy30,1.1538839,-5.929863725179e-02
greedy30,1.1748806,-6.023098870725e-02
greedy30,1.1962594,-6.117516734995e-02
greedy30,1.2180272,-6.213121309337e-02
greedy30,1.240191,-6.309916085543e-02
greedy30,1.2627582,-6.407904029511e-02
greedy30,1.285736,-6.507087553993e-02
greedy30,1.309132,-6.607468490399e-02
greedy30,1.3329537,-6.709048059639e-02
greedy30,1.3572088,-6.811826841973e-02
greedy30,1.3819053,-6.915804745850e-02
greedy30,1.4070512,-7.020980975716e-02
greedy30,1.4326547,-7.127353998755e-02
greedy30,1.458724,-7.234921510553e-02
greedy30,1.4852678,-7.343680399651e-02
greedy30,1.5122945,-7.453626710967e-02
greedy30,1.539813,-7.564755608067e-02
greedy30,1.5678323,-7.677061334254e-02
greedy30,1.5963614,-7.790537172456e-02
greedy30,1.6254097,-7.905175403888e-02
greedy30,1.6549865,-8.020967265468e-02
greedy30,1.6851015,-8.137902905962e-02
greedy30,1.7157645,-8.255971340834e-02
greedy30,1.7469855,-8.375160405785e-02
greedy30,1.7787746,-8.495456708953e-02
greedy30,1.8111421,-8.616845581760e-02
greedy30,1.8440987,-8.739311028383e-02
greedy30,1.8776549,-8.862835673829e-02
greedy30,1.9118217,-8.987400710595e-02
greedy30,1.9466102,-9.112985843910e-02
greedy30,1.9820318,-9.239569235515e-02
greedy30,2.0180979,-9.367127445998e-02
greedy30,2.0548203,-9.495635375646e-02
greedy30,2.0922109,-9.625066203819e-02
greedy30,2.1302819,-9.755391326826e-02
greedy30,2.1690457,-9.886580294298e-02
greedy30,2.2085148,-1.001860074405e-01
greedy30,2.2487022,-1.015141833545e-01
greedy30,2.2896208,-1.028499668121e-01
greedy30,2.3312839,-1.041929727776e-01
greedy30,2.3737052,-1.055427943400e-01
greedy30,2.4168984,-1.068990019867e-01
greedy30,2.4608776,-1.082611428607e-01
greedy30,2.5056571,-1.096287400043e-01
greedy30,2.5512514,-1.110012915875e-01
greedy30,2.5976753,-1.123782701217e-01
greedy30,2.644944,-1.137591216595e-01
greedy30,2.6930729,-1.151432649803e-01
greedy30,2.7420775,-1.165300907623e-01
greedy30,2.7919738,-1.179189607407e-01
greedy30,2.842778,-1.193092068537e-01
greedy30,2.8945068,-1.207001303754e-01
greedy30,2.9471768,-1.220910010371e-01
greedy30,3.0008052,-1.234810561371e-01
greedy30,3.0554095,-1.248694996392e-01
greedy30,3.1110073,-1.262555012626e-01
greedy30,3.1676169,-1.276381955606e-01
greedy30,3.2252566,-1.290166809927e-01
greedy30,3.2839451,-1.303900189874e-01
greedy30,3.3437015,-1.317572330001e-01
greedy30,3.4045453,-1.331173075646e-01
greedy30,3.4664963,-1.344691873401e-01
greedy30,3.5295745,-1.358117761564e-01
greedy30,3.5938005,-1.371439360557e-01
greedy30,3.6591953,-1.384644863358e-01
greedy30,3.72578,-1.397722025936e-01
greedy30,3.7935763,-1.410658157722e-01
greedy30,3.8626062,-1.423440112119e-01
greedy30,3.9328923,-1.436054277095e-01
greedy30,4.0044573,-1.448486565845e-01
greedy30,4.0773246,-1.460722407575e-01
greedy30,4.1515178,-1.472746738409e-01
greedy30,4.227061,-1.484543992461e-01
greedy30,4.3039789,-1.496098093078e-01
greedy30,4.3822965,-1.507392444301e-01
greedy30,4.4620391,-1.518409922558e-01
greedy30,4.5432328,-1.529132868629e-01
greedy30,4.6259039,-1.539543079906e-01
greedy30,4.7100793,-1.549621802992e-01
greedy30,4.7957865,-1.559349726666e-01
greedy30,4.8830532,-1.568706975257e-01
greedy30,4.9719078,-1.577673102462e-01
greedy30,5.0623794,-1.586227085651e-01
greedy30,5.1544971,-1.594347320704e-01
greedy30,5.2482912,-1.602011617423e-01
greedy30,5.3437919,-1.609197195564e-01
greedy30,5.4410304,-1.615880681545e-01
greedy30,5.5400383,-1.622038105874e-01
greedy30,5.6408479,-1.627644901359e-01
greedy30,5.7434918,-1.632675902150e-01
greedy30,5.8480034,-1.637105343667e-01
greedy30,5.9544169,-1.640906863496e-01
greedy30,6.0627667,-1.644053503289e-01
greedy30,6.173088,-1.646517711750e-01
greedy30,6.2854169,-1.648271348779e-01
greedy30,6.3997897,-1.649285690827e-01
greedy30,6.5162437,-1.649531437562e-01
greedy30,6.6348168,-1.648978719895e-01
greedy30,6.7555475,-1.647597109465e-01
greedy30,6.8784751,-1.645355629659e-01
greedy30,7.0036396,-1.642222768253e-01
greedy30,7.1310816,-1.638166491753e-01
greedy30,7.2608426,-1.633154261547e-01
greedy30,7.3929648,-1.627153051942e-01
greedy30,7.5274911,-1.620129370197e-01
greedy30,7.6644654,-1.612049278644e-01
greedy30,7.8039322,-1.602878419011e-01
greedy30,7.9459367,-1.592582039046e-01
greedy30,8.0905253,-1.581125021558e-01
greedy30,8.2377449,-1.568471915992e-01
greedy30,8.3876433,-1.554586972657e-01
greedy30,8.5402694,-1.539434179733e-01
greedy30,8.6956727,-1.522977303182e-01
greedy30,8.8539039,-1.505179929706e-01
greedy30,9.0150143,-1.486005512893e-01
greedy30,9.1790564,-1.465417422685e-01
greedy30,9.3460834,-1.443378998349e-01
greedy30,9.5161498,-1.419853605085e-01
greedy30,9.6893108,-1.394804694476e-01
greedy30,9.8656227,-1.368195868934e-01
greedy30,10.045143,-1.339990950361e-01
greedy30,10.22793,-1.310154053229e-01
greedy30,10.414043,-1.278649662310e-01
greedy30,10.603542,-1.245442715300e-01
greedy30,10.79649,-1.210498690617e-01
greedy30,10.992949,-1.173783700684e-01
greedy30,11.192982,-1.135264591011e-01
greedy30,11.396656,-1.094909045480e-01
greedy30,11.604036,-1.052685698254e-01
greedy30,11.815189,-1.008564252803e-01
greedy30,12.030184,-9.625156086128e-02
greedy30,12.249092,-9.145119962516e-02
greedy30,12.471983,-8.645271215672e-02
greedy30,12.69893,-8.125363199445e-02
greedy30,12.930007,-7.585167217388e-02
greedy30,13.165288,-7.024474302339e-02
greedy30,13.404851,-6.443097137752e-02
greedy30,13.648773,-5.840872141199e-02
greedy30,13.897133,-5.217661735551e-02
greedy30,14.150013,-4.573356840087e-02
greedy30,14.407494,-3.907879622759e-02
greedy30,14.669661,-3.221186567024e-02
greedy30,14.936598,-2.513271923295e-02
greedy30,15.208392,-1.784171638299e-02
greedy30,15.485132,-1.033967888422e-02
greedy30,15.766908,-2.627943903089e-03
greedy30,16.053811,5.291572687888e-03
greedy30,16.345935,1.341629934862e-02
greedy30,16.643375,2.174291320507e-02
greedy30,16.946226,3.026721814056e-02
greedy30,17.254589,3.898398508497e-02
greedy30,17.568563,4.788673623774e-02
greedy30,17.88825,5.696744337564e-02
greedy30,18.213754,6.621608951945e-02
greedy30,18.545181,7.562000368576e-02
greedy30,18.88264,8.516279878050e-02
greedy30,19.226238,9.482256893320e-02
greedy30,19.576089,1.045685798633e-01
greedy30,19.932306,1.143544759001e-01
greedy30,20.295005,1.241015282090e-01
greedy30,20.664304,1.336394725884e-01
greedy30,21.040323,1.422852460196e-01
greedy30,21.423184,1.474456502976e-01
greedy30,21.813012,1.506396080042e-01
greedy30,22.209933,1.535985863122e-01
greedy30,22.614077,1.565358821573e-01
greedy30,23.025575,1.594941606272e-01
greedy30,23.444561,1.624874137384e-01
greedy30,23.871171,1.655217536958e-01
greedy30,24.305544,1.686004306972e-01
greedy30,24.74782,1.717254524204e-01
greedy30,25.198145,1.748982149876e-01
greedy30,25.656664,1.781197835835e-01
greedy30,26.123527,1.813910301301e-01
greedy30,26.598884,1.847127061179e-01
greedy30,27.082892,1.880854834727e-01
greedy30,27.575707,1.915099785737e-01
greedy30,28.077489,1.949867668816e-01
greedy30,28.588402,1.985163920850e-01
greedy30,29.108612,2.020993719113e-01
greedy30,29.638288,2.057362018372e-01
greedy30,30.177603,2.094273574325e-01
greedy30,30.726731,2.131732957890e-01
greedy30,31.285851,2.169744563195e-01
greedy30,31.855145,2.208312611130e-01
greedy30,32.434798,2.247441149691e-01
greedy30,33.025,2.287134051940e-01
greedy30,33.62594,2.327395012169e-01
greedy30,34.237816,2.368227540663e-01
greedy30,34.860826,2.409634957365e-01
greedy30,35.495172,2.451620384636e-01
greedy30,36.141062,2.494186739292e-01
greedy30,36.798704,2.537336724015e-01
greedy30,37.468313,2.581072818247e-01
greedy30,38.150106,2.625397268627e-01
greedy30,38.844306,2.670312079049e-01
greedy30,39.551138,2.715819000371e-01
greedy30,40.270832,2.761919519837e-01
greedy30,41.003622,2.808614850238e-01
greedy30,41.749746,2.855905918861e-01
greedy30,42.509447,2.903793356252e-01
greedy30,43.282972,2.952277484828e-01
greedy30,44.070572,3.001358307372e-01
greedy30,44.872504,3.051035495455e-01
greedy30,45.689028,3.101308377799e-01
greedy30,46.52041,3.152175928632e-01
greedy30,47.366921,3.203636756071e-01
greedy30,48.228835,3.255689090557e-01
greedy30,49.106433,3.308330773402e-01
greedy30,50,3.361559245464e-01
greedy40,0.001,-6.778318309178e-05
greedy40,0.0010181965,-6.901646456309e-05
greedy40,0.0010367242,-7.027218242530e-05
greedy40,0.001055589,-7.155074475633e-05
greedy40,0.0010747971,-7.285256705557e-05
greedy40,0.0010943546,-7.417807237361e-05
greedy40,0.0011142681,-7.552769145036e-05
greedy40,0.0011345439,-7.690186286181e-05
greedy40,0.0011551887,-7.830103314775e-05
greedy40,0.0011762091,-7.972565697379e-05
greedy40,0.0011976121,-8.117619726715e-05
greedy40,0.0012194045,-8.265312536718e-05
greedy40,0.0012415934,-8.415692118532e-05
greedy40,0.0012641861,-8.568807335389e-05
greedy40,0.0012871899,-8.724707938729e-05
greedy40,0.0013106123,-8.883444584294e-05
greedy40,0.0013344609,-9.045068848449e-05
greedy40,0.0013587435,-9.209633245186e-05
greedy40,0.0013834679,-9.377191242666e-05
greedy40,0.0014086423,-9.547797280977e-05
greedy40,0.0014342747,-9.721506789795e-05
greedy40,0.0014603735,-9.898376205613e-05
greedy40,0.0014869473,-1.007846299116e-04
greedy40,0.0015140046,-1.026182565303e-04
greedy40,0.0015415542,-1.044852376125e-04
greedy40,0.0015696052,-1.063861796828e-04
greedy40,0.0015981665,-1.083217002873e-04
greedy40,0.0016272476,-1.102924281959e-04
greedy40,0.0016568579,-1.122990035975e-04
greedy40,0.001687007,-1.143420783202e-04
greedy40,0.0017177047,-1.164223160331e-04
greedy40,0.001748961,-1.185403924619e-04
greedy40,0.001780786,-1.206969956131e-04
greedy40,0.0018131901,-1.228928259913e-04
greedy40,0.0018461839,-1.251285968234e-04
greedy40,0.0018797781,-1.274050343035e-04
greedy40,0.0019139835,-1.297228778096e-04
greedy40,0.0019488114,-1.320828801547e-04
greedy40,0.001984273,-1.344858078258e-04
greedy40,0.00202038,-1.369324412364e-04
greedy40,0.0020571439,-1.394235749713e-04
greedy40,0.0020945768,-1.419600180522e-04
greedy40,0.0021326908,-1.445425941940e-04
greedy40,0.0021714984,-1.471721420698e-04
greedy40,0.0022110122,-1.498495155867e-04
greedy40,0.0022512449,-1.525755841628e-04
greedy40,0.0022922098,-1.553512330025e-04
greedy40,0.0023339201,-1.581773633836e-04
greedy40,0.0023763894,-1.610548929548e-04
greedy40,0.0024196314,-1.639847560281e-04
greedy40,0.0024636603,-1.669679038764e-04
greedy40,0.0025084904,-1.700053050516e-04
greedy40,0.0025541363,-1.730979456856e-04
greedy40,0.0026006127,-1.762468298192e-04
greedy40,0.0026479349,-1.794529797173e-04
greedy40,0.0026961181,-1.827174362062e-04
greedy40,0.0027451782,-1.860412590088e-04
greedy40,0.0027951309,-1.894255270800e-04
greedy40,0.0028459926,-1.928713389664e-04
greedy40,0.0028977798,-1.963798131506e-04
greedy40,0.0029505094,-1.999520884158e-04
greedy40,0.0030041984,-2.035893242177e-04
greedy40,0.0030588645,-2.072927010504e-04
greedy40,0.0031145252,-2.110634208320e-04
greedy40,0.0031711988,-2.149027072975e-04
greedy40,0.0032289036,-2.188118063809e-04
greedy40,0.0032876585,-2.227919866268e-04
greedy40,0.0033474825,-2.268445396002e-04
greedy40,0.0034083951,-2.309707802918e-04
greedy40,0.0034704161,-2.351720475594e-04
greedy40,0.0035335657,-2.394497045401e-04
greedy40,0.0035978643,-2.438051391040e-04
greedy40,0.003663333,-2.482397642956e-04
greedy40,0.003729993,-2.527550187895e-04
greedy40,0.003797866,-2.573523673523e-04
greedy40,0.003866974,-2.620333013204e-04
greedy40,0.0039373395,-2.667993390730e-04
greedy40,0.0040089855,-2.716520265200e-04
greedy40,0.0040819351,-2.765929376104e-04
greedy40,0.0041562122,-2.816236748256e-04
greedy40,0.0042318409,-2.867458697055e-04
greedy40,0.0043088458,-2.919611833643e-04
greedy40,0.0043872519,-2.972713070318e-04
greedy40,0.0044670847,-3.026779625925e-04
greedy40,0.0045483701,-3.081829031454e-04
greedy40,0.0046311347,-3.137879135580e-04
greedy40,0.0047154054,-3.194948110475e-04
greedy40,0.0048012094,-3.253054457599e-04
greedy40,0.0048885748,-3.312217013707e-04
greedy40,0.00497753,-3.372454956820e-04
greedy40,0.0050681038,-3.433787812411e-04
greedy40,0.0051603257,-3.496235459707e-04
greedy40,0.0052542258,-3.559818138001e-04
greedy40,0.0053498345,-3.624556453201e-04
greedy40,0.005447183,-3.690471384433e-04
greedy40,0.0055463029,-3.757584290737e-04
greedy40,0.0056472264,-3.825916917924e-04
greedy40,0.0057499864,-3.895491405570e-04
greedy40,0.0058546163,-3.966330294056e-04
greedy40,0.00596115,-4.038456531911e-04
greedy40,0.0060696223,-4.111893482915e-04
greedy40,0.0061800684,-4.186664933909e-04
greedy40,0.0062925243,-4.262795102115e-04
greedy40,0.0064070265,-4.340308643040e-04
greedy40,0.0065236122,-4.419230658341e-04
greedy40,0.0066423193,-4.499586703791e-04
greedy40,0.0067631866,-4.581402797535e-04
greedy40,0.0068862532,-4.664705428342e-04
greedy40,0.0070115591,-4.749521564061e-04
greedy40,0.0071391452,-4.835878660296e-04
greedy40,0.007269053,-4.923804669080e-04
greedy40,0.0074013246,-5.013328047903e-04
greedy40,0.0075360031,-5.104477768673e-04
greedy40,0.0076731323,-5.197283327040e-04
greedy40,0.0078127567,-5.291774751792e-04
greedy40,0.0079549219,-5.387982614344e-04
greedy40,0.0080996739,-5.485938038598e-04
greedy40,0.0082470599,-5.585672710750e-04
greedy40,0.0083971279,-5.687218889428e-04
greedy40,0.0085499266,-5.790609415952e-04
greedy40,0.0087055056,-5.895877724733e-04
greedy40,0.0088639157,-6.003057853979e-04
greedy40,0.0090252083,-6.112184456451e-04
greedy40,0.0091894359,-6.223292810487e-04
greedy40,0.0093566518,-6.336418831226e-04
greedy40,0.0095269105,-6.451599081942e-04
greedy40,0.0097002673,-6.568870785730e-04
greedy40,0.0098767786,-6.688271837233e-04
greedy40,0.010056502,-6.809840814692e-04
greedy40,0.010239495,-6.933616992133e-04
greedy40,0.010425819,-7.059640351891e-04
greedy40,0.010615533,-7.187951597105e-04
greedy40,0.010808698,-7.318592164743e-04
greedy40,0.011005379,-7.451604238621e-04
greedy40,0.011205639,-7.587030762753e-04
greedy40,0.011409543,-7.724915454918e-04
greedy40,0.011617157,-7.865302820411e-04
greedy40,0.011828549,-8.008238166198e-04
greedy40,0.012043788,-8.153767615056e-04
greedy40,0.012262943,-8.301938120188e-04
greedy40,0.012486086,-8.452797480028e-04
greedy40,0.01271329,-8.606394353202e-04
greedy40,0.012944628,-8.762778273896e-04
greedy40,0.013180175,-8.921999667446e-04
greedy40,0.013420009,-9.084109866082e-04
greedy40,0.013664207,-9.249161125147e-04
greedy40,0.013912848,-9.417206639427e-04
greedy40,0.014166013,-9.588300559845e-04
greedy40,0.014423786,-9.762498010414e-04
greedy40,0.014686249,-9.939855105540e-04
greedy40,0.014953488,-1.012042896753e-03
greedy40,0.01522559,-1.030427774446e-03
greedy40,0.015502643,-1.049146062833e-03
greedy40,0.015784737,-1.068203787360e-03
greedy40,0.016071965,-1.087607081591e-03
greedy40,0.016364419,-1.107362189122e-03
greedy40,0.016662195,-1.127475465530e-03
greedy40,0.016965389,-1.147953380341e-03
greedy40,0.0172741,-1.168802519052e-03
greedy40,0.017588429,-1.190029585174e-03
greedy40,0.017908478,-1.211641402304e-03
greedy40,0.01823435,-1.233644916255e-03
greedy40,0.018566152,-1.256047197196e-03
greedy40,0.018903992,-1.278855441847e-03
greedy40,0.019247979,-1.302076975707e-03
greedy40,0.019598226,-1.325719255307e-03
greedy40,0.019954845,-1.349789870527e-03
greedy40,0.020317955,-1.374296546922e-03
greedy40,0.020687671,-1.399247148107e-03
greedy40,0.021064115,-1.424649678185e-03
greedy40,0.021447409,-1.450512284193e-03
greedy40,0.021837678,-1.476843258617e-03
greedy40,0.022235048,-1.503651041928e-03
greedy40,0.022639649,-1.530944225173e-03
greedy40,0.023051612,-1.558731552601e-03
greedy40,0.023471072,-1.587021924337e-03
greedy40,0.023898164,-1.615824399104e-03
greedy40,0.024333028,-1.645148196981e-03
greedy40,0.024775805,-1.675002702214e-03
greedy40,0.025226639,-1.705397466072e-03
greedy40,0.025685676,-1.736342209744e-03
greedy40,0.026153066,-1.767846827300e-03
greedy40,0.026628962,-1.799921388677e-03
greedy40,0.027113517,-1.832576142737e-03
greedy40,0.027606889,-1.865821520361e-03
greedy40,0.028109239,-1.899668137592e-03
greedy40,0.02862073,-1.934126798846e-03
greedy40,0.029141528,-1.969208500155e-03
greedy40,0.029671803,-2.004924432470e-03
greedy40,0.030211727,-2.041285985030e-03
greedy40,0.030761476,-2.078304748762e-03
greedy40,0.031321228,-2.115992519755e-03
greedy40,0.031891166,-2.154361302778e-03
greedy40,0.032471475,-2.193423314866e-03
greedy40,0.033062344,-2.233190988948e-03
greedy40,0.033663964,-2.273676977548e-03
greedy40,0.034276531,-2.314894156534e-03
greedy40,0.034900246,-2.356855628931e-03
greedy40,0.035535309,-2.399574728795e-03
greedy40,0.036181929,-2.443065025147e-03
greedy40,0.036840315,-2.487340325962e-03
greedy40,0.037510681,-2.532414682238e-03
greedy40,0.038193246,-2.578302392102e-03
greedy40,0.038888231,-2.625018005011e-03
greedy40,0.039595862,-2.672576325988e-03
greedy40,0.04031637,-2.720992419944e-03
greedy40,0.041049988,-2.770281616063e-03
greedy40,0.041796956,-2.820459512239e-03
greedy40,0.042557516,-2.871541979606e-03
greedy40,0.043331915,-2.923545167108e-03
greedy40,0.044120406,-2.976485506172e-03
greedy40,0.044923245,-3.030379715414e-03
greedy40,0.045740692,-3.085244805446e-03
greedy40,0.046573015,-3.141098083739e-03
greedy40,0.047420482,-3.197957159562e-03
greedy40,0.048283371,-3.255839948991e-03
greedy40,0.049161961,-3.314764680006e-03
greedy40,0.050056539,-3.374749897638e-03
greedy40,0.050967395,-3.435814469210e-03
greedy40,0.051894825,-3.497977589653e-03
greedy40,0.052839131,-3.561258786888e-03
greedy40,0.053800621,-3.625677927293e-03
greedy40,0.054779606,-3.691255221245e-03
greedy40,0.055776405,-3.758011228742e-03
greedy40,0.056791342,-3.825966865112e-03
greedy40,0.057824748,-3.895143406772e-03
greedy40,0.058876959,-3.965562497117e-03
greedy40,0.059948316,-4.037246152438e-03
greedy40,0.061039167,-4.110216767954e-03
greedy40,0.062149869,-4.184497123922e-03
greedy40,0.063280782,-4.260110391813e-03
greedy40,0.064432273,-4.337080140593e-03
greedy40,0.065604717,-4.415430343070e-03
greedy40,0.066798496,-4.495185382330e-03
greedy40,0.068013998,-4.576370058266e-03
greedy40,0.069251617,-4.659009594177e-03
greedy40,0.070511757,-4.743129643459e-03
greedy40,0.071794827,-4.828756296384e-03
greedy40,0.073101244,-4.915916086957e-03
greedy40,0.074431434,-5.004635999863e-03
greedy40,0.075785828,-5.094943477505e-03
greedy40,0.077164868,-5.186866427109e-03
greedy40,0.078569002,-5.280433227939e-03
greedy40,0.079998686,-5.375672738577e-03
greedy40,0.081454385,-5.472614304305e-03
greedy40,0.082936573,-5.571287764561e-03
greedy40,0.084445731,-5.671723460477e-03
greedy40,0.085982352,-5.773952242524e-03
greedy40,0.087546933,-5.878005478219e-03
greedy40,0.089139984,-5.983915059923e-03
greedy40,0.090762023,-6.091713412721e-03
greedy40,0.092413578,-6.201433502399e-03
greedy40,0.094095185,-6.313108843485e-03
greedy40,0.095807392,-6.426773507381e-03
greedy40,0.097550755,-6.542462130578e-03
greedy40,0.099325841,-6.660209922945e-03
greedy40,0.10113323,-6.780052676102e-03
greedy40,0.1029735,-6.902026771870e-03
greedy40,0.10484726,-7.026169190795e-03
greedy40,0.10675512,-7.152517520757e-03
greedy40,0.1086977,-7.281109965637e-03
greedy40,0.11067562,-7.411985354072e-03
greedy40,0.11268953,-7.545183148274e-03
greedy40,0.11474009,-7.680743452913e-03
greedy40,0.11682796,-7.818707024080e-03
greedy40,0.11895383,-7.959115278304e-03
greedy40,0.12111837,-8.102010301631e-03
greedy40,0.12332231,-8.247434858774e-03
greedy40,0.12556635,-8.395432402309e-03
greedy40,0.12785122,-8.546047081924e-03
greedy40,0.13017767,-8.699323753740e-03
greedy40,0.13254646,-8.855307989654e-03
greedy40,0.13495834,-9.014046086739e-03
greedy40,0.13741412,-9.175585076697e-03
greedy40,0.13991458,-9.339972735320e-03
greedy40,0.14246054,-9.507257592020e-03
greedy40,0.14505283,-9.677488939358e-03
greedy40,0.14769229,-9.850716842619e-03
greedy40,0.15037978,-1.002699214940e-02
greedy40,0.15311617,-1.020636649919e-02
greedy40,0.15590235,-1.038889233303e-02
greedy40,0.15873924,-1.057462290307e-02
greedy40,0.16162774,-1.076361228222e-02
greedy40,0.16456881,-1.095591537376e-02
greedy40,0.16756339,-1.115158792090e-02
greedy40,0.17061246,-1.135068651638e-02
greedy40,0.17371702,-1.155326861198e-02
greedy40,0.17687807,-1.175939252807e-02
greedy40,0.18009664,-1.196911746303e-02
greedy40,0.18337377,-1.218250350267e-02
greedy40,0.18671054,-1.239961162961e-02
greedy40,0.19010803,-1.262050373248e-02
greedy40,0.19356733,-1.284524261520e-02
greedy40,0.19708959,-1.307389200604e-02
greedy40,0.20067594,-1.330651656664e-02
greedy40,0.20432755,-1.354318190089e-02
greedy40,0.2080456,-1.378395456371e-02
greedy40,0.21183131,-1.402890206972e-02
greedy40,0.21568591,-1.427809290165e-02
greedy40,0.21961064,-1.453159651874e-02
greedy40,0.2236068,-1.478948336486e-02
greedy40,0.22767567,-1.505182487648e-02
greedy40,0.23181858,-1.531869349043e-02
greedy40,0.23603687,-1.559016265143e-02
greedy40,0.24033193,-1.586630681940e-02
greedy40,0.24470514,-1.614720147652e-02
greedy40,0.24915792,-1.643292313400e-02
greedy40,0.25369174,-1.672354933858e-02
greedy40,0.25830805,-1.701915867868e-02
greedy40,0.26300836,-1.731983079032e-02
greedy40,0.2677942,-1.762564636255e-02
greedy40,0.27266713,-1.793668714264e-02
greedy40,0.27762873,-1.825303594081e-02
greedy40,0.28268061,-1.857477663453e-02
greedy40,0.28782442,-1.890199417243e-02
greedy40,0.29306183,-1.923477457768e-02
greedy40,0.29839454,-1.957320495097e-02
greedy40,0.30382429,-1.991737347287e-02
greedy40,0.30935284,-2.026736940567e-02
greedy40,0.31498199,-2.062328309470e-02
greedy40,0.32071357,-2.098520596896e-02
greedy40,0.32654945,-2.135323054116e-02
greedy40,0.33249152,-2.172745040704e-02
greedy40,0.33854171,-2.210796024405e-02
greedy40,0.344702,-2.249485580919e-02
greedy40,0.35097438,-2.288823393617e-02
greedy40,0.3573609,-2.328819253167e-02
greedy40,0.36386363,-2.369483057078e-02
greedy40,0.37048469,-2.410824809152e-02
greedy40,0.37722623,-2.452854618842e-02
greedy40,0.38409044,-2.495582700513e-02
greedy40,0.39107956,-2.539019372592e-02
greedy40,0.39819586,-2.583175056624e-02
greedy40,0.40544164,-2.628060276198e-02
greedy40,0.41281928,-2.673685655765e-02
greedy40,0.42033116,-2.720061919332e-02
greedy40,0.42797973,-2.767199889022e-02
greedy40,0.43576748,-2.815110483500e-02
greedy40,0.44369694,-2.863804716265e-02
greedy40,0.45177069,-2.913293693784e-02
greedy40,0.45999135,-2.963588613482e-02
greedy40,0.46836161,-3.014700761570e-02
greedy40,0.47688417,-3.066641510701e-02
greedy40,0.48556181,-3.119422317462e-02
greedy40,0.49439735,-3.173054719679e-02
greedy40,0.50339367,-3.227550333534e-02
greedy40,0.5125537,-3.282920850491e-02
greedy40,0.5218804,-3.339178034014e-02
greedy40,0.53137682,-3.396333716075e-02
greedy40,0.54104604,-3.454399793441e-02
greedy40,0.5508912,-3.513388223736e-02
greedy40,0.56091551,-3.573311021256e-02
greedy40,0.57112224,-3.634180252549e-02
greedy40,0.58151468,-3.696008031729e-02
greedy40,0.59209624,-3.758806515530e-02
greedy40,0.60287034,-3.822587898073e-02
greedy40,0.6138405,-3.887364405362e-02
greedy40,0.62501027,-3.953148289468e-02
greedy40,0.63638329,-4.019951822409e-02
greedy40,0.64796327,-4.087787289714e-02
greedy40,0.65975396,-4.156666983644e-02
greedy40,0.67175919,-4.226603196083e-02
greedy40,0.68398289,-4.297608211061e-02
greedy40,0.69642901,-4.369694296910e-02
greedy40,0.70910161,-4.442873698043e-02
greedy40,0.7220048,-4.517158626329e-02
greedy40,0.73514279,-4.592561252064e-02
greedy40,0.74851985,-4.669093694514e-02
greedy40,0.76214032,-4.746768012023e-02
greedy40,0.77600863,-4.825596191660e-02
greedy40,0.7901293,-4.905590138408e-02
greedy40,0.80450692,-4.986761663855e-02
greedy40,0.81914617,-5.069122474391e-02
greedy40,0.83405179,-5.152684158887e-02
greedy40,0.84922865,-5.237458175840e-02
greedy40,0.86468167,-5.323455839956e-02
greedy40,0.88041588,-5.410688308176e-02
greedy40,0.89643641,-5.499166565104e-02
greedy40,0.91274845,-5.588901407834e-02
greedy40,0.92935731,-5.679903430142e-02
greedy40,0.9462684,-5.772183006043e-02
greedy40,0.96348721,-5.865750272673e-02
greedy40,0.98101934,-5.960615112492e-02
greedy40,0.9988705,-6.056787134771e-02
greedy40,1.0170465,-6.154275656363e-02
greedy40,1.0355532,-6.253089681713e-02
greedy40,1.0543967,-6.353237882102e-02
greedy40,1.0735831,-6.454728574099e-02
greedy40,1.0931186,-6.557569697190e-02
greedy40,1.1130095,-6.661768790571e-02
greedy40,1.1332625,-6.767332969080e-02
greedy40,1.1538839,-6.874268898237e-02
greedy40,1.1748806,-6.982582768375e-02
greedy40,1.1962594,-7.092280267834e-02
greedy40,1.2180272,-7.203366555199e-02
greedy40,1.240191,-7.315846230544e-02
greedy40,1.2627582,-7.429723305674e-02
greedy40,1.285736,-7.545001173325e-02
greedy40,1.309132,-7.661682575300e-02
greedy40,1.3329537,-7.779769569524e-02
greedy40,1.3572088,-7.899263495977e-02
greedy40,1.3819053,-8.020164941491e-02
greedy40,1.4070512,-8.142473703374e-02
greedy40,1.4326547,-8.266188751851e-02
greedy40,1.458724,-8.391308191274e-02
greedy40,1.4852678,-8.517829220090e-02
greedy40,1.5122945,-8.645748089541e-02
greedy40,1.539813,-8.775060061057e-02
greedy40,1.5678323,-8.905759362329e-02
greedy40,1.5963614,-9.037839142034e-02
greedy40,1.6254097,-9.171291423180e-02
greedy40,1.6549865,-9.306107055051e-02
greedy40,1.6851015,-9.442275663730e-02
greedy40,1.7157645,-9.579785601171e-02
greedy40,1.7469855,-9.718623892799e-02
greedy40,1.7787746,-9.858776183617e-02
greedy40,1.8111421,-1.000022668279e-01
greedy40,1.8440987,-1.014295810672e-01
greedy40,1.8776549,-1.028695162048e-01
greedy40,1.9118217,-1.043218677784e-01
greedy40,1.9466102,-1.057864145947e-01
greedy40,1.9820318,-1.072629180976e-01
greedy40,2.0180979,-1.087511217186e-01
greedy40,2.0548203,-1.102507502117e-01
greedy40,2.0922109,-1.117615089713e-01
greedy40,2.1302819,-1.132830833340e-01
greedy40,2.1690457,-1.148151378634e-01
greedy40,2.2085148,-1.163573156186e-01
greedy40,2.2487022,-1.179092374056e-01
greedy40,2.2896208,-1.194705010127e-01
greedy40,2.3312839,-1.210406804283e-01
greedy40,2.3737052,-1.226193250430e-01
greedy40,2.4168984,-1.242059588351e-01
greedy40,2.4608776,-1.258000795393e-01
greedy40,2.5056571,-1.274011577997e-01
greedy40,2.5512514,-1.290086363072e-01
greedy40,2.5976753,-1.306219289201e-01
greedy40,2.644944,-1.322404197710e-01
greedy40,2.6930729,-1.338634623573e-01
greedy40,2.7420775,-1.354903786179e-01
greedy40,2.7919738,-1.371204579960e-01
greedy40,2.842778,-1.387529564875e-01
greedy40,2.8945068,-1.403870956776e-01
greedy40,2.9471768,-1.420220617641e-01
greedy40,3.0008052,-1.436570045699e-01
greedy40,3.0554095,-1.452910365445e-01
greedy40,3.1110073,-1.469232317555e-01
greedy40,3.1676169,-1.485526248717e-01
greedy40,3.2252566,-1.501782101379e-01
greedy40,3.2839451,-1.517989403436e-01
greedy40,3.3437015,-1.534137257859e-01
greedy40,3.4045453,-1.550214332283e-01
greedy40,3.4664963,-1.566208848579e-01
greedy40,3.5295745,-1.582108572402e-01
greedy40,3.5938005,-1.597900802757e-01
greedy40,3.6591953,-1.613572361586e-01
greedy40,3.72578,-1.629109583403e-01
greedy40,3.7935763,-1.644498304991e-01
greedy40,3.8626062,-1.659723855192e-01
greedy40,3.9328923,-1.674771044803e-01
greedy40,4.0044573,-1.689624156619e-01
greedy40,4.0773246,-1.704266935629e-01
greedy40,4.1515178,-1.718682579414e-01
greedy40,4.227061,-1.732853728768e-01
greedy40,4.3039789,-1.746762458569e-01
greedy40,4.3822965,-1.760390268949e-01
greedy40,4.4620391,-1.773718076786e-01
greedy40,4.5432328,-1.786726207559e-01
greedy40,4.6259039,-1.799394387617e-01
greedy40,4.7100793,-1.811701736888e-01
greedy40,4.7957865,-1.823626762086e-01
greedy40,4.8830532,-1.835147350463e-01
greedy40,4.9719078,-1.846240764142e-01
greedy40,5.0623794,-1.856883635111e-01
greedy40,5.1544971,-1.867051960899e-01
greedy40,5.2482912,-1.876721101028e-01
greedy40,5.3437919,-1.885865774273e-01
greedy40,5.4410304,-1.894460056812e-01
greedy40,5.5400383,-1.902477381330e-01
greedy40,5.6408479,-1.909890537145e-01
greedy40,5.7434918,-1.916671671433e-01
greedy40,5.8480034,-1.922792291631e-01
greedy40,5.9544169,-1.928223269098e-01
greedy40,6.0627667,-1.932934844124e-01
greedy40,6.173088,-1.936896632374e-01
greedy40,6.2854169,-1.940077632862e-01
greedy40,6.3997897,-1.942446237557e-01
greedy40,6.5162437,-1.943970242723e-01
greedy40,6.6348168,-1.944616862106e-01
greedy40,6.7555475,-1.944352742077e-01
greedy40,6.8784751,-1.943143978858e-01
greedy40,7.0036396,-1.940956137957e-01
greedy40,7.1310816,-1.937754275940e-01
greedy40,7.2608426,-1.933502964694e-01
greedy40,7.3929648,-1.928166318314e-01
greedy40,7.5274911,-1.921708022787e-01
greedy40,7.6644654,-1.914091368623e-01
greedy40,7.8039322,-1.905279286629e-01
greedy40,7.9459367,-1.895234387002e-01
greedy40,8.0905253,-1.883919001939e-01
greedy40,8.2377449,-1.871295231990e-01
greedy40,8.3876433,-1.857324996378e-01
greedy40,8.5402694,-1.841970087530e-01
greedy40,8.6956727,-1.825192230099e-01
greedy40,8.8539039,-1.806953144747e-01
greedy40,9.0150143,-1.787214617035e-01
greedy40,9.1790564,-1.765938571734e-01
greedy40,9.3460834,-1.743087152965e-01
greedy40,9.5161498,-1.718622810570e-01
greedy40,9.6893108,-1.692508393197e-01
greedy40,9.8656227,-1.664707248608e-01
greedy40,10.045143,-1.635183331808e-01
greedy40,10.22793,-1.603901321654e-01
greedy40,10.414043,-1.570826746700e-01
greedy40,10.603542,-1.535926121132e-01
greedy40,10.79649,-1.499167091801e-01
greedy40,10.992949,-1.460518597490e-01
greedy40,11.192982,-1.419951041745e-01
greedy40,11.396656,-1.377436480854e-01
greedy40,11.604036,-1.332948828800e-01
greedy40,11.815189,-1.286464081381e-01
greedy40,12.030184,-1.237960562112e-01
greedy40,12.249092,-1.187419193038e-01
greedy40,12.471983,-1.134823794255e-01
greedy40,12.69893,-1.080161416754e-01
greedy40,12.930007,-1.023422714261e-01
greedy40,13.165288,-9.646023610553e-02
greedy40,13.404851,-9.036995245024e-02
greedy40,13.648773,-8.407184032286e-02
greedy40,13.897133,-7.756688448081e-02
greedy40,14.150013,-7.085670606831e-02
greedy40,14.407494,-6.394364612069e-02
greedy40,14.669661,-5.683086406884e-02
greedy40,14.936598,-4.952245518978e-02
greedy40,15.208392,-4.202359228006e-02
greedy40,15.485132,-3.434069870357e-02
greedy40,15.766908,-2.648166264773e-02
greedy40,16.053811,-1.845610632072e-02
greedy40,16.345935,-1.027572958374e-02
greedy40,16.643375,-1.954756170850e-03
greedy40,16.946226,6.489476116066e-03
greedy40,17.254589,1.503571927865e-02
greedy40,17.568563,2.365771860783e-02
greedy40,17.88825,3.232266915027e-02
greedy40,18.213754,4.098899294678e-02
greedy40,18.545181,4.960305866462e-02
greedy40,18.88264,5.809418769741e-02
greedy40,19.226238,6.636660918163e-02
greedy40,19.576089,7.428448150728e-02
greedy40,19.932306,8.163209230650e-02
greedy40,20.295005,8.794469995099e-02
greedy40,20.664304,9.221510648146e-02
greedy40,21.040323,9.476434160818e-02
greedy40,21.423184,9.682992850157e-02
greedy40,21.813012,9.878314840431e-02
greedy40,22.209933,1.007133458347e-01
greedy40,22.614077,1.026498732956e-01
greedy40,23.025575,1.046051065166e-01
greedy40,23.444561,1.065852897772e-01
greedy40,23.871171,1.085940422064e-01
greedy40,24.305544,1.106337136052e-01
greedy40,24.74782,1.127059820644e-01
greedy40,25.198145,1.148121448717e-01
greedy40,25.656664,1.169532715551e-01
greedy40,26.123527,1.191302895739e-01
greedy40,26.598884,1.213440348088e-01
greedy40,27.082892,1.235952825983e-01
greedy40,27.575707,1.258847675048e-01
greedy40,28.077489,1.282131962852e-01
greedy40,28.588402,1.305812566176e-01
greedy40,29.108612,1.329896230942e-01
greedy40,29.638288,1.354389614062e-01
greedy40,30.177603,1.379299313005e-01
greedy40,30.726731,1.404631886853e-01
greedy40,31.285851,1.430393871300e-01
greedy40,31.855145,1.456591789294e-01
greedy40,32.434798,1.483232158427e-01
greedy40,33.025,1.510321495912e-01
greedy40,33.62594,1.537866321666e-01
greedy40,34.237816,1.565873159941e-01
greedy40,34.860826,1.594348539765e-01
greedy40,35.495172,1.623298994420e-01
greedy40,36.141062,1.652731060112e-01
greedy40,36.798704,1.682651273938e-01
greedy40,37.468313,1.713066171251e-01
greedy40,38.150106,1.743982282470e-01
greedy40,38.844306,1.775406129396e-01
greedy40,39.551138,1.807344221063e-01
greedy40,40.270832,1.839803049135e-01
greedy40,41.003622,1.872789082900e-01
greedy40,41.749746,1.906308763839e-01
greedy40,42.509447,1.940368499797e-01
greedy40,43.282972,1.974974658757e-01
greedy40,44.070572,2.010133562222e-01
greedy40,44.872504,2.045851478199e-01
greedy40,45.689028,2.082134613796e-01
greedy40,46.52041,2.118989107418e-01
greedy40,47.366921,2.156421020570e-01
greedy40,48.228835,2.194436329263e-01
greedy40,49.106433,2.233040915018e-01
greedy40,50,2.272240555470e-01
