family,size,t,lambda_min,t_star
cert5,5,1.000000e-03,-9.803421621e-07,1.091839049
cert5,5,1.035232e-03,-1.014847500e-06,1.091839049
cert5,5,1.071705e-03,-1.050566095e-06,1.091839049
cert5,5,1.109463e-03,-1.087540517e-06,1.091839049
cert5,5,1.148551e-03,-1.125814827e-06,1.091839049
cert5,5,1.189017e-03,-1.165434619e-06,1.091839049
cert5,5,1.230908e-03,-1.206447085e-06,1.091839049
cert5,5,1.274275e-03,-1.248901061e-06,1.091839049
cert5,5,1.319170e-03,-1.292847088e-06,1.091839049
cert5,5,1.365647e-03,-1.338337470e-06,1.091839049
cert5,5,1.413761e-03,-1.385426333e-06,1.091839049
cert5,5,1.463570e-03,-1.434169694e-06,1.091839049
cert5,5,1.515134e-03,-1.484625519e-06,1.091839049
cert5,5,1.568515e-03,-1.536853791e-06,1.091839049
cert5,5,1.623777e-03,-1.590916586e-06,1.091839049
cert5,5,1.680985e-03,-1.646878136e-06,1.091839049
cert5,5,1.740209e-03,-1.704804911e-06,1.091839049
cert5,5,1.801520e-03,-1.764765689e-06,1.091839049
cert5,5,1.864991e-03,-1.826831642e-06,1.091839049
cert5,5,1.930698e-03,-1.891076409e-06,1.091839049
cert5,5,1.998720e-03,-1.957576191e-06,1.091839049
cert5,5,2.069138e-03,-2.026409829e-06,1.091839049
cert5,5,2.142037e-03,-2.097658902e-06,1.091839049
cert5,5,2.217505e-03,-2.171407813e-06,1.091839049
cert5,5,2.295632e-03,-2.247743893e-06,1.091839049
cert5,5,2.376511e-03,-2.326757492e-06,1.091839049
cert5,5,2.460240e-03,-2.408542087e-06,1.091839049
cert5,5,2.546918e-03,-2.493194391e-06,1.091839049
cert5,5,2.636651e-03,-2.580814453e-06,1.091839049
cert5,5,2.729545e-03,-2.671505780e-06,1.091839049
cert5,5,2.825712e-03,-2.765375450e-06,1.091839049
cert5,5,2.925266e-03,-2.862534231e-06,1.091839049
cert5,5,3.028329e-03,-2.963096707e-06,1.091839049
cert5,5,3.135022e-03,-3.067181408e-06,1.091839049
cert5,5,3.245474e-03,-3.174910939e-06,1.091839049
cert5,5,3.359818e-03,-3.286412117e-06,1.091839049
cert5,5,3.478191e-03,-3.401816115e-06,1.091839049
cert5,5,3.600733e-03,-3.521258602e-06,1.091839049
cert5,5,3.727594e-03,-3.644879898e-06,1.091839049
cert5,5,3.858923e-03,-3.772825124e-06,1.091839049
cert5,5,3.994880e-03,-3.905244363e-06,1.091839049
cert5,5,4.135627e-03,-4.042292827e-06,1.091839049
cert5,5,4.281332e-03,-4.184131020e-06,1.091839049
cert5,5,4.432171e-03,-4.330924914e-06,1.091839049
cert5,5,4.588325e-03,-4.482846134e-06,1.091839049
cert5,5,4.749979e-03,-4.640072134e-06,1.091839049
cert5,5,4.917330e-03,-4.802786394e-06,1.091839049
cert5,5,5.090576e-03,-4.971178612e-06,1.091839049
cert5,5,5.269926e-03,-5.145444907e-06,1.091839049
cert5,5,5.455595e-03,-5.325788028e-06,1.091839049
cert5,5,5.647805e-03,-5.512417562e-06,1.091839049
cert5,5,5.846787e-03,-5.705550161e-06,1.091839049
cert5,5,6.052780e-03,-5.905409761e-06,1.091839049
cert5,5,6.266030e-03,-6.112227818e-06,1.091839049
cert5,5,6.486794e-03,-6.326243545e-06,1.091839049
cert5,5,6.715335e-03,-6.547704157e-06,1.091839049
cert5,5,6.951928e-03,-6.776865118e-06,1.091839049
cert5,5,7.196857e-03,-7.013990408e-06,1.091839049
cert5,5,7.450415e-03,-7.259352782e-06,1.091839049
cert5,5,7.712906e-03,-7.513234041e-06,1.091839049
cert5,5,7.984645e-03,-7.775925312e-06,1.091839049
cert5,5,8.265959e-03,-8.047727336e-06,1.091839049
cert5,5,8.557183e-03,-8.328950753e-06,1.091839049
cert5,5,8.858668e-03,-8.619916412e-06,1.091839049
cert5,5,9.170775e-03,-8.920955666e-06,1.091839049
cert5,5,9.493877e-03,-9.232410694e-06,1.091839049
cert5,5,9.828363e-03,-9.554634818e-06,1.091839049
cert5,5,1.017463e-02,-9.887992829e-06,1.091839049
cert5,5,1.053310e-02,-1.023286132e-05,1.091839049
cert5,5,1.090420e-02,-1.058962904e-05,1.091839049
cert5,5,1.128838e-02,-1.095869722e-05,1.091839049
cert5,5,1.168609e-02,-1.134047995e-05,1.091839049
cert5,5,1.209781e-02,-1.173540449e-05,1.091839049
cert5,5,1.252404e-02,-1.214391173e-05,1.091839049
cert5,5,1.296528e-02,-1.256645647e-05,1.091839049
cert5,5,1.342207e-02,-1.300350784e-05,1.091839049
cert5,5,1.389495e-02,-1.345554966e-05,1.091839049
cert5,5,1.438450e-02,-1.392308089e-05,1.091839049
cert5,5,1.489129e-02,-1.440661592e-05,1.091839049
cert5,5,1.541594e-02,-1.490668506e-05,1.091839049
cert5,5,1.595907e-02,-1.542383488e-05,1.091839049
cert5,5,1.652133e-02,-1.595862864e-05,1.091839049
cert5,5,1.710341e-02,-1.651164669e-05,1.091839049
cert5,5,1.770599e-02,-1.708348687e-05,1.091839049
cert5,5,1.832981e-02,-1.767476489e-05,1.091839049
cert5,5,1.897560e-02,-1.828611479e-05,1.091839049
cert5,5,1.964414e-02,-1.891818930e-05,1.091839049
cert5,5,2.033624e-02,-1.957166024e-05,1.091839049
cert5,5,2.105272e-02,-2.024721892e-05,1.091839049
cert5,5,2.179445e-02,-2.094557655e-05,1.091839049
cert5,5,2.256230e-02,-2.166746458e-05,1.091839049
cert5,5,2.335721e-02,-2.241363509e-05,1.091839049
cert5,5,2.418013e-02,-2.318486117e-05,1.091839049
cert5,5,2.503204e-02,-2.398193723e-05,1.091839049
cert5,5,2.591396e-02,-2.480567933e-05,1.091839049
cert5,5,2.682696e-02,-2.565692555e-05,1.091839049
cert5,5,2.777212e-02,-2.653653618e-05,1.091839049
cert5,5,2.875058e-02,-2.744539410e-05,1.091839049
cert5,5,2.976351e-02,-2.838440490e-05,1.091839049
cert5,5,3.081214e-02,-2.935449718e-05,1.091839049
cert5,5,3.189770e-02,-3.035662268e-05,1.091839049
cert5,5,3.302151e-02,-3.139175641e-05,1.091839049
cert5,5,3.418492e-02,-3.246089676e-05,1.091839049
cert5,5,3.538932e-02,-3.356506549e-05,1.091839049
cert5,5,3.663615e-02,-3.470530778e-05,1.091839049
cert5,5,3.792690e-02,-3.588269210e-05,1.091839049
cert5,5,3.926313e-02,-3.709831008e-05,1.091839049
cert5,5,4.064644e-02,-3.835327630e-05,1.091839049
cert5,5,4.207849e-02,-3.964872800e-05,1.091839049
cert5,5,4.356099e-02,-4.098582465e-05,1.091839049
cert5,5,4.509572e-02,-4.236574751e-05,1.091839049
cert5,5,4.668452e-02,-4.378969901e-05,1.091839049
cert5,5,4.832930e-02,-4.525890203e-05,1.091839049
cert5,5,5.003203e-02,-4.677459908e-05,1.091839049
cert5,5,5.179475e-02,-4.833805131e-05,1.091839049
cert5,5,5.361957e-02,-4.995053735e-05,1.091839049
cert5,5,5.550868e-02,-5.161335204e-05,1.091839049
cert5,5,5.746435e-02,-5.332780492e-05,1.091839049
cert5,5,5.948892e-02,-5.509521857e-05,1.091839049
cert5,5,6.158482e-02,-5.691692666e-05,1.091839049
cert5,5,6.375456e-02,-5.879427187e-05,1.091839049
cert5,5,6.600075e-02,-6.072860345e-05,1.091839049
cert5,5,6.832607e-02,-6.272127460e-05,1.091839049
cert5,5,7.073332e-02,-6.477363944e-05,1.091839049
cert5,5,7.322538e-02,-6.688704979e-05,1.091839049
cert5,5,7.580524e-02,-6.906285148e-05,1.091839049
cert5,5,7.847600e-02,-7.130238031e-05,1.091839049
cert5,5,8.124085e-02,-7.360695766e-05,1.091839049
cert5,5,8.410311e-02,-7.597788558e-05,1.091839049
cert5,5,8.706621e-02,-7.841644142e-05,1.091839049
cert5,5,9.013370e-02,-8.092387194e-05,1.091839049
cert5,5,9.330927e-02,-8.350138689e-05,1.091839049
cert5,5,9.659673e-02,-8.615015192e-05,1.091839049
cert5,5,1.000000e-01,-8.887128090e-05,1.091839049
cert5,5,1.035232e-01,-9.166582748e-05,1.091839049
cert5,5,1.071705e-01,-9.453477592e-05,1.091839049
cert5,5,1.109463e-01,-9.747903108e-05,1.091839049
cert5,5,1.148551e-01,-1.004994075e-04,1.091839049
cert5,5,1.189017e-01,-1.035966178e-04,1.091839049
cert5,5,1.230908e-01,-1.067712593e-04,1.091839049
cert5,5,1.274275e-01,-1.100238006e-04,1.091839049
cert5,5,1.319170e-01,-1.133545661e-04,1.091839049
cert5,5,1.365647e-01,-1.167637196e-04,1.091839049
cert5,5,1.413761e-01,-1.202512467e-04,1.091839049
cert5,5,1.463570e-01,-1.238169349e-04,1.091839049
cert5,5,1.515134e-01,-1.274603536e-04,1.091839049
cert5,5,1.568515e-01,-1.311808307e-04,1.091839049
cert5,5,1.623777e-01,-1.349774285e-04,1.091839049
cert5,5,1.680985e-01,-1.388489174e-04,1.091839049
cert5,5,1.740209e-01,-1.427937468e-04,1.091839049
cert5,5,1.801520e-01,-1.468100150e-04,1.091839049
cert5,5,1.864991e-01,-1.508954354e-04,1.091839049
cert5,5,1.930698e-01,-1.550473007e-04,1.091839049
cert5,5,1.998720e-01,-1.592624443e-04,1.091839049
cert5,5,2.069138e-01,-1.635371984e-04,1.091839049
cert5,5,2.142037e-01,-1.678673491e-04,1.091839049
cert5,5,2.217505e-01,-1.722480876e-04,1.091839049
cert5,5,2.295632e-01,-1.766739585e-04,1.091839049
cert5,5,2.376511e-01,-1.811388030e-04,1.091839049
cert5,5,2.460240e-01,-1.856356988e-04,1.091839049
cert5,5,2.546918e-01,-1.901568946e-04,1.091839049
cert5,5,2.636651e-01,-1.946937405e-04,1.091839049
cert5,5,2.729545e-01,-1.992366121e-04,1.091839049
cert5,5,2.825712e-01,-2.037748298e-04,1.091839049
cert5,5,2.925266e-01,-2.082965717e-04,1.091839049
cert5,5,3.028329e-01,-2.127887803e-04,1.091839049
cert5,5,3.135022e-01,-2.172370612e-04,1.091839049
cert5,5,3.245474e-01,-2.216255763e-04,1.091839049
cert5,5,3.359818e-01,-2.259369269e-04,1.091839049
cert5,5,3.478191e-01,-2.301520299e-04,1.091839049
cert5,5,3.600733e-01,-2.342499842e-04,1.091839049
cert5,5,3.727594e-01,-2.382079274e-04,1.091839049
cert5,5,3.858923e-01,-2.420008823e-04,1.091839049
cert5,5,3.994880e-01,-2.456015921e-04,1.091839049
cert5,5,4.135627e-01,-2.489803440e-04,1.091839049
cert5,5,4.281332e-01,-2.521047796e-04,1.091839049
cert5,5,4.432171e-01,-2.549396923e-04,1.091839049
cert5,5,4.588325e-01,-2.574468100e-04,1.091839049
cert5,5,4.749979e-01,-2.595845623e-04,1.091839049
cert5,5,4.917330e-01,-2.613078312e-04,1.091839049
cert5,5,5.090576e-01,-2.625676845e-04,1.091839049
cert5,5,5.269926e-01,-2.633110899e-04,1.091839049
cert5,5,5.455595e-01,-2.634806098e-04,1.091839049
cert5,5,5.647805e-01,-2.630140740e-04,1.091839049
cert5,5,5.846787e-01,-2.618442302e-04,1.091839049
cert5,5,6.052780e-01,-2.598983701e-04,1.091839049
cert5,5,6.266030e-01,-2.570979296e-04,1.091839049
cert5,5,6.486794e-01,-2.533580617e-04,1.091839049
cert5,5,6.715335e-01,-2.485871802e-04,1.091839049
cert5,5,6.951928e-01,-2.426864716e-04,1.091839049
cert5,5,7.196857e-01,-2.355493750e-04,1.091839049
cert5,5,7.450415e-01,-2.270610258e-04,1.091839049
cert5,5,7.712906e-01,-2.170976622e-04,1.091839049
cert5,5,7.984645e-01,-2.055259927e-04,1.091839049
cert5,5,8.265959e-01,-1.922025197e-04,1.091839049
cert5,5,8.557183e-01,-1.769728201e-04,1.091839049
cert5,5,8.858668e-01,-1.596707769e-04,1.091839049
cert5,5,9.170775e-01,-1.401177609e-04,1.091839049
cert5,5,9.493877e-01,-1.181217587e-04,1.091839049
cert5,5,9.828363e-01,-9.347644406e-05,1.091839049
cert5,5,1.017463e+00,-6.596018888e-05,1.091839049
cert5,5,1.053310e+00,-3.533501075e-05,1.091839049
cert5,5,1.090420e+00,-1.345453105e-06,1.091839049
cert5,5,1.128838e+00,3.628260588e-05,1.091839049
cert5,5,1.168609e+00,7.784321963e-05,1.091839049
cert5,5,1.209781e+00,1.236517190e-04,1.091839049
cert5,5,1.252404e+00,1.740461419e-04,1.091839049
cert5,5,1.296528e+00,2.293887517e-04,1.091839049
cert5,5,1.342207e+00,2.900676484e-04,1.091839049
cert5,5,1.389495e+00,3.564984784e-04,1.091839049
cert5,5,1.438450e+00,4.291262476e-04,1.091839049
cert5,5,1.489129e+00,5.084272424e-04,1.091839049
cert5,5,1.541594e+00,5.949110659e-04,1.091839049
cert5,5,1.595907e+00,6.891227930e-04,1.091839049
cert5,5,1.652133e+00,7.916452508e-04,1.091839049
cert5,5,1.710341e+00,9.031014315e-04,1.091839049
cert5,5,1.770599e+00,1.024157041e-03,1.091839049
cert5,5,1.832981e+00,1.155523193e-03,1.091839049
cert5,5,1.897560e+00,1.297959250e-03,1.091839049
cert5,5,1.964414e+00,1.452275823e-03,1.091839049
cert5,5,2.033624e+00,1.619337934e-03,1.091839049
cert5,5,2.105272e+00,1.800068341e-03,1.091839049
cert5,5,2.179445e+00,1.995451047e-03,1.091839049
cert5,5,2.256230e+00,2.206534979e-03,1.091839049
cert5,5,2.335721e+00,2.434437864e-03,1.091839049
cert5,5,2.418013e+00,2.680350287e-03,1.091839049
cert5,5,2.503204e+00,2.945539957e-03,1.091839049
cert5,5,2.591396e+00,3.231356167e-03,1.091839049
cert5,5,2.682696e+00,3.539234464e-03,1.091839049
cert5,5,2.777212e+00,3.870701531e-03,1.091839049
cert5,5,2.875058e+00,4.227380281e-03,1.091839049
cert5,5,2.976351e+00,4.610995170e-03,1.091839049
cert5,5,3.081214e+00,5.023377724e-03,1.091839049
cert5,5,3.189770e+00,5.466472291e-03,1.091839049
cert5,5,3.302151e+00,5.942341999e-03,1.091839049
cert5,5,3.418492e+00,6.453174945e-03,1.091839049
cert5,5,3.538932e+00,7.001290579e-03,1.091839049
cert5,5,3.663615e+00,7.589146306e-03,1.091839049
cert5,5,3.792690e+00,8.219344275e-03,1.091839049
cert5,5,3.926313e+00,8.894638364e-03,1.091839049
cert5,5,4.064644e+00,9.617941333e-03,1.091839049
cert5,5,4.207849e+00,1.039233214e-02,1.091839049
cert5,5,4.356099e+00,1.122106339e-02,1.091839049
cert5,5,4.509572e+00,1.210756890e-02,1.091839049
cert5,5,4.668452e+00,1.305547138e-02,1.091839049
cert5,5,4.832930e+00,1.406859013e-02,1.091839049
cert5,5,5.003203e+00,1.515094880e-02,1.091839049
cert5,5,5.179475e+00,1.630678311e-02,1.091839049
cert5,5,5.361957e+00,1.754054851e-02,1.091839049
cert5,5,5.550868e+00,1.885692776e-02,1.091839049
cert5,5,5.746435e+00,2.026083828e-02,1.091839049
cert5,5,5.948892e+00,2.175743932e-02,1.091839049
cert5,5,6.158482e+00,2.335213878e-02,1.091839049
cert5,5,6.375456e+00,2.505059967e-02,1.091839049
cert5,5,6.600075e+00,2.685874605e-02,1.091839049
cert5,5,6.832607e+00,2.878276848e-02,1.091839049
cert5,5,7.073332e+00,3.082912870e-02,1.091839049
cert5,5,7.322538e+00,3.300456356e-02,1.091839049
cert5,5,7.580524e+00,3.531608801e-02,1.091839049
cert5,5,7.847600e+00,3.777099708e-02,1.091839049
cert5,5,8.124085e+00,4.037686663e-02,1.091839049
cert5,5,8.410311e+00,4.314155269e-02,1.091839049
cert5,5,8.706621e+00,4.607318943e-02,1.091839049
cert5,5,9.013370e+00,4.918018527e-02,1.091839049
cert5,5,9.330927e+00,5.247121720e-02,1.091839049
cert5,5,9.659673e+00,5.595522302e-02,1.091839049
cert5,5,1.000000e+01,5.964139131e-02,1.091839049
cert5,5,1.035232e+01,6.353914882e-02,1.091839049
cert5,5,1.071705e+01,6.765814531e-02,1.091839049
cert5,5,1.109463e+01,7.200823532e-02,1.091839049
cert5,5,1.148551e+01,7.659945683e-02,1.091839049
cert5,5,1.189017e+01,8.144200658e-02,1.091839049
cert5,5,1.230908e+01,8.654621171e-02,1.091839049
cert5,5,1.274275e+01,9.192249760e-02,1.091839049
cert5,5,1.319170e+01,9.758135163e-02,1.091839049
cert5,5,1.365647e+01,1.035332827e-01,1.091839049
cert5,5,1.413761e+01,1.097887765e-01,1.091839049
cert5,5,1.463570e+01,1.163582454e-01,1.091839049
cert5,5,1.515134e+01,1.232519749e-01,1.091839049
cert5,5,1.568515e+01,1.304800639e-01,1.091839049
cert5,5,1.623777e+01,1.380523606e-01,1.091839049
cert5,5,1.680985e+01,1.459783936e-01,1.091839049
cert5,5,1.740209e+01,1.542672975e-01,1.091839049
cert5,5,1.801520e+01,1.629277339e-01,1.091839049
cert5,5,1.864991e+01,1.719678077e-01,1.091839049
cert5,5,1.930698e+01,1.813949786e-01,1.091839049
cert5,5,1.998720e+01,1.912159684e-01,1.091839049
cert5,5,2.069138e+01,2.014366645e-01,1.091839049
cert5,5,2.142037e+01,2.120620198e-01,1.091839049
cert5,5,2.217505e+01,2.230959501e-01,1.091839049
cert5,5,2.295632e+01,2.345412287e-01,1.091839049
cert5,5,2.376511e+01,2.463993806e-01,1.091839049
cert5,5,2.460240e+01,2.586705751e-01,1.091839049
cert5,5,2.546918e+01,2.713535200e-01,1.091839049
cert5,5,2.636651e+01,2.844453573e-01,1.091839049
cert5,5,2.729545e+01,2.979415616e-01,1.091839049
cert5,5,2.825712e+01,3.118358431e-01,1.091839049
cert5,5,2.925266e+01,3.261200572e-01,1.091839049
cert5,5,3.028329e+01,3.407841211e-01,1.091839049
cert5,5,3.135022e+01,3.558159394e-01,1.091839049
cert5,5,3.245474e+01,3.712013419e-01,1.091839049
cert5,5,3.359818e+01,3.869240331e-01,1.091839049
cert5,5,3.478191e+01,4.029655572e-01,1.091839049
cert5,5,3.600733e+01,4.193052797e-01,1.091839049
cert5,5,3.727594e+01,4.359203867e-01,1.091839049
cert5,5,3.858923e+01,4.527859055e-01,1.091839049
cert5,5,3.994880e+01,4.698747456e-01,1.091839049
cert5,5,4.135627e+01,4.871577637e-01,1.091839049
cert5,5,4.281332e+01,5.046038532e-01,1.091839049
cert5,5,4.432171e+01,5.221800583e-01,1.091839049
cert5,5,4.588325e+01,5.398517150e-01,1.091839049
cert5,5,4.749979e+01,5.575826179e-01,1.091839049
cert5,5,4.917330e+01,5.753352132e-01,1.091839049
cert5,5,5.090576e+01,5.930708180e-01,1.091839049
cert5,5,5.269926e+01,6.107498636e-01,1.091839049
cert5,5,5.455595e+01,6.283321630e-01,1.091839049
cert5,5,5.647805e+01,6.457771983e-01,1.091839049
cert5,5,5.846787e+01,6.630444278e-01,1.091839049
cert5,5,6.052780e+01,6.800936083e-01,1.091839049
cert5,5,6.266030e+01,6.968851292e-01,1.091839049
cert5,5,6.486794e+01,7.133803543e-01,1.091839049
cert5,5,6.715335e+01,7.295419672e-01,1.091839049
cert5,5,6.951928e+01,7.453343141e-01,1.091839049
cert5,5,7.196857e+01,7.607237398e-01,1.091839049
cert5,5,7.450415e+01,7.756789109e-01,1.091839049
cert5,5,7.712906e+01,7.901711191e-01,1.091839049
cert5,5,7.984645e+01,8.041745601e-01,1.091839049
cert5,5,8.265959e+01,8.176665809e-01,1.091839049
cert5,5,8.557183e+01,8.306278887e-01,1.091839049
cert5,5,8.858668e+01,8.430427162e-01,1.091839049
cert5,5,9.170775e+01,8.548989374e-01,1.091839049
cert5,5,9.493877e+01,8.661881273e-01,1.091839049
cert5,5,9.828363e+01,8.769055625e-01,1.091839049
cert5,5,1.017463e+02,8.870501585e-01,1.091839049
cert5,5,1.053310e+02,8.966243436e-01,1.091839049
cert5,5,1.090420e+02,9.056338684e-01,1.091839049
cert5,5,1.128838e+02,9.140875579e-01,1.091839049
cert5,5,1.168609e+02,9.219970114e-01,1.091839049
cert5,5,1.209781e+02,9.293762623e-01,1.091839049
cert5,5,1.252404e+02,9.362414119e-01,1.091839049
cert5,5,1.296528e+02,9.426102522e-01,1.091839049
cert5,5,1.342207e+02,9.485018963e-01,1.091839049
cert5,5,1.389495e+02,9.539364299e-01,1.091839049
cert5,5,1.438450e+02,9.589345988e-01,1.091839049
cert5,5,1.489129e+02,9.635175400e-01,1.091839049
cert5,5,1.541594e+02,9.677065618e-01,1.091839049
cert5,5,1.595907e+02,9.715229709e-01,1.091839049
cert5,5,1.652133e+02,9.749879432e-01,1.091839049
cert5,5,1.710341e+02,9.781224307e-01,1.091839049
cert5,5,1.770599e+02,9.809470945e-01,1.091839049
cert5,5,1.832981e+02,9.834822558e-01,1.091839049
cert5,5,1.897560e+02,9.857478554e-01,1.091839049
cert5,5,1.964414e+02,9.877634162e-01,1.091839049
cert5,5,2.033624e+02,9.895480028e-01,1.091839049
cert5,5,2.105272e+02,9.911201756e-01,1.091839049
cert5,5,2.179445e+02,9.924979389e-01,1.091839049
cert5,5,2.256230e+02,9.936986833e-01,1.091839049
cert5,5,2.335721e+02,9.947391243e-01,1.091839049
cert5,5,2.418013e+02,9.956352401e-01,1.091839049
cert5,5,2.503204e+02,9.964022107e-01,1.091839049
cert5,5,2.591396e+02,9.970543625e-01,1.091839049
cert5,5,2.682696e+02,9.976051201e-01,1.091839049
cert5,5,2.777212e+02,9.980669680e-01,1.091839049
cert5,5,2.875058e+02,9.984514250e-01,1.091839049
cert5,5,2.976351e+02,9.987690307e-01,1.091839049
cert5,5,3.081214e+02,9.990293460e-01,1.091839049
cert5,5,3.189770e+02,9.992409667e-01,1.091839049
cert5,5,3.302151e+02,9.994115503e-01,1.091839049
cert5,5,3.418492e+02,9.995478539e-01,1.091839049
cert5,5,3.538932e+02,9.996557818e-01,1.091839049
cert5,5,3.663615e+02,9.997404421e-01,1.091839049
cert5,5,3.792690e+02,9.998062083e-01,1.091839049
cert5,5,3.926313e+02,9.998567856e-01,1.091839049
cert5,5,4.064644e+02,9.998952791e-01,1.091839049
cert5,5,4.207849e+02,9.999242620e-01,1.091839049
cert5,5,4.356099e+02,9.999458420e-01,1.091839049
cert5,5,4.509572e+02,9.999617258e-01,1.091839049
cert5,5,4.668452e+02,9.999732783e-01,1.091839049
cert5,5,4.832930e+02,9.999815773e-01,1.091839049
cert5,5,5.003203e+02,9.999874634e-01,1.091839049
cert5,5,5.179475e+02,9.999915832e-01,1.091839049
cert5,5,5.361957e+02,9.999944276e-01,1.091839049
cert5,5,5.550868e+02,9.999963637e-01,1.091839049
cert5,5,5.746435e+02,9.999976624e-01,1.091839049
cert5,5,5.948892e+02,9.999985204e-01,1.091839049
cert5,5,6.158482e+02,9.999990784e-01,1.091839049
cert5,5,6.375456e+02,9.999994354e-01,1.091839049
cert5,5,6.600075e+02,9.999996600e-01,1.091839049
cert5,5,6.832607e+02,9.999997989e-01,1.091839049
cert5,5,7.073332e+02,9.999998832e-01,1.091839049
cert5,5,7.322538e+02,9.999999335e-01,1.091839049
cert5,5,7.580524e+02,9.999999628e-01,1.091839049
cert5,5,7.847600e+02,9.999999797e-01,1.091839049
cert5,5,8.124085e+02,9.999999891e-01,1.091839049
cert5,5,8.410311e+02,9.999999943e-01,1.091839049
cert5,5,8.706621e+02,9.999999971e-01,1.091839049
cert5,5,9.013370e+02,9.999999985e-01,1.091839049
cert5,5,9.330927e+02,9.999999993e-01,1.091839049
cert5,5,9.659673e+02,9.999999997e-01,1.091839049
cert5,5,1.000000e+03,9.999999998e-01,1.091839049
cert13,13,1.000000e-03,-1.081937717e-06,0.124064840
cert13,13,1.035232e-03,-1.119729882e-06,0.124064840
cert13,13,1.071705e-03,-1.158830131e-06,0.124064840
cert13,13,1.109463e-03,-1.199282870e-06,0.124064840
cert13,13,1.148551e-03,-1.241133954e-06,0.124064840
cert13,13,1.189017e-03,-1.284430721e-06,0.124064840
cert13,13,1.230908e-03,-1.329222039e-06,0.124064840
cert13,13,1.274275e-03,-1.375558353e-06,0.124064840
cert13,13,1.319170e-03,-1.423491724e-06,0.124064840
cert13,13,1.365647e-03,-1.473075877e-06,0.124064840
cert13,13,1.413761e-03,-1.524366248e-06,0.124064840
cert13,13,1.463570e-03,-1.577420032e-06,0.124064840
cert13,13,1.515134e-03,-1.632296229e-06,0.124064840
cert13,13,1.568515e-03,-1.689055694e-06,0.124064840
cert13,13,1.623777e-03,-1.747761184e-06,0.124064840
cert13,13,1.680985e-03,-1.808477413e-06,0.124064840
cert13,13,1.740209e-03,-1.871271095e-06,0.124064840
cert13,13,1.801520e-03,-1.936211002e-06,0.124064840
cert13,13,1.864991e-03,-2.003368010e-06,0.124064840
cert13,13,1.930698e-03,-2.072815155e-06,0.124064840
cert13,13,1.998720e-03,-2.144627679e-06,0.124064840
cert13,13,2.069138e-03,-2.218883088e-06,0.124064840
cert13,13,2.142037e-03,-2.295661199e-06,0.124064840
cert13,13,2.217505e-03,-2.375044194e-06,0.124064840
cert13,13,2.295632e-03,-2.457116670e-06,0.124064840
cert13,13,2.376511e-03,-2.541965690e-06,0.124064840
cert13,13,2.460240e-03,-2.629680835e-06,0.124064840
cert13,13,2.546918e-03,-2.720354250e-06,0.124064840
cert13,13,2.636651e-03,-2.814080693e-06,0.124064840
cert13,13,2.729545e-03,-2.910957584e-06,0.124064840
cert13,13,2.825712e-03,-3.011085048e-06,0.124064840
cert13,13,2.925266e-03,-3.114565958e-06,0.124064840
cert13,13,3.028329e-03,-3.221505977e-06,0.124064840
cert13,13,3.135022e-03,-3.332013597e-06,0.124064840
cert13,13,3.245474e-03,-3.446200173e-06,0.124064840
cert13,13,3.359818e-03,-3.564179959e-06,0.124064840
cert13,13,3.478191e-03,-3.686070130e-06,0.124064840
cert13,13,3.600733e-03,-3.811990812e-06,0.124064840
cert13,13,3.727594e-03,-3.942065101e-06,0.124064840
cert13,13,3.858923e-03,-4.076419073e-06,0.124064840
cert13,13,3.994880e-03,-4.215181795e-06,0.124064840
cert13,13,4.135627e-03,-4.358485330e-06,0.124064840
cert13,13,4.281332e-03,-4.506464724e-06,0.124064840
cert13,13,4.432171e-03,-4.659257996e-06,0.124064840
cert13,13,4.588325e-03,-4.817006116e-06,0.124064840
cert13,13,4.749979e-03,-4.979852969e-06,0.124064840
cert13,13,4.917330e-03,-5.147945314e-06,0.124064840
cert13,13,5.090576e-03,-5.321432726e-06,0.124064840
cert13,13,5.269926e-03,-5.500467528e-06,0.124064840
cert13,13,5.455595e-03,-5.685204707e-06,0.124064840
cert13,13,5.647805e-03,-5.875801814e-06,0.124064840
cert13,13,5.846787e-03,-6.072418848e-06,0.124064840
cert13,13,6.052780e-03,-6.275218121e-06,0.124064840
cert13,13,6.266030e-03,-6.484364101e-06,0.124064840
cert13,13,6.486794e-03,-6.700023233e-06,0.124064840
cert13,13,6.715335e-03,-6.922363735e-06,0.124064840
cert13,13,6.951928e-03,-7.151555371e-06,0.124064840
cert13,13,7.196857e-03,-7.387769189e-06,0.124064840
cert13,13,7.450415e-03,-7.631177233e-06,0.124064840
cert13,13,7.712906e-03,-7.881952219e-06,0.124064840
cert13,13,7.984645e-03,-8.140267170e-06,0.124064840
cert13,13,8.265959e-03,-8.406295019e-06,0.124064840
cert13,13,8.557183e-03,-8.680208159e-06,0.124064840
cert13,13,8.858668e-03,-8.962177956e-06,0.124064840
cert13,13,9.170775e-03,-9.252374200e-06,0.124064840
cert13,13,9.493877e-03,-9.550964511e-06,0.124064840
cert13,13,9.828363e-03,-9.858113677e-06,0.124064840
cert13,13,1.017463e-02,-1.017398293e-05,0.124064840
cert13,13,1.053310e-02,-1.049872917e-05,0.124064840
cert13,13,1.090420e-02,-1.083250405e-05,0.124064840
cert13,13,1.128838e-02,-1.117545309e-05,0.124064840
cert13,13,1.168609e-02,-1.152771459e-05,0.124064840
cert13,13,1.209781e-02,-1.188941852e-05,0.124064840
cert13,13,1.252404e-02,-1.226068527e-05,0.124064840
cert13,13,1.296528e-02,-1.264162433e-05,0.124064840
cert13,13,1.342207e-02,-1.303233278e-05,0.124064840
cert13,13,1.389495e-02,-1.343289375e-05,0.124064840
cert13,13,1.438450e-02,-1.384337465e-05,0.124064840
cert13,13,1.489129e-02,-1.426382531e-05,0.124064840
cert13,13,1.541594e-02,-1.469427593e-05,0.124064840
cert13,13,1.595907e-02,-1.513473487e-05,0.124064840
cert13,13,1.652133e-02,-1.558518624e-05,0.124064840
cert13,13,1.710341e-02,-1.604558732e-05,0.124064840
cert13,13,1.770599e-02,-1.651586574e-05,0.124064840
cert13,13,1.832981e-02,-1.699591641e-05,0.124064840
cert13,13,1.897560e-02,-1.748559828e-05,0.124064840
cert13,13,1.964414e-02,-1.798473070e-05,0.124064840
cert13,13,2.033624e-02,-1.849308966e-05,0.124064840
cert13,13,2.105272e-02,-1.901040353e-05,0.124064840
cert13,13,2.179445e-02,-1.953634867e-05,0.124064840
cert13,13,2.256230e-02,-2.007054451e-05,0.124064840
cert13,13,2.335721e-02,-2.061254835e-05,0.124064840
cert13,13,2.418013e-02,-2.116184969e-05,0.124064840
cert13,13,2.503204e-02,-2.171786419e-05,0.124064840
cert13,13,2.591396e-02,-2.227992705e-05,0.124064840
cert13,13,2.682696e-02,-2.284728600e-05,0.124064840
cert13,13,2.777212e-02,-2.341909364e-05,0.124064840
cert13,13,2.875058e-02,-2.399439924e-05,0.124064840
cert13,13,2.976351e-02,-2.457213992e-05,0.124064840
cert13,13,3.081214e-02,-2.515113115e-05,0.124064840
cert13,13,3.189770e-02,-2.573005648e-05,0.124064840
cert13,13,3.302151e-02,-2.630745656e-05,0.124064840
cert13,13,3.418492e-02,-2.688171728e-05,0.124064840
cert13,13,3.538932e-02,-2.745105703e-05,0.124064840
cert13,13,3.663615e-02,-2.801351303e-05,0.124064840
cert13,13,3.792690e-02,-2.856692657e-05,0.124064840
cert13,13,3.926313e-02,-2.910892720e-05,0.124064840
cert13,13,4.064644e-02,-2.963691575e-05,0.124064840
cert13,13,4.207849e-02,-3.014804604e-05,0.124064840
cert13,13,4.356099e-02,-3.063920527e-05,0.124064840
cert13,13,4.509572e-02,-3.110699298e-05,0.124064840
cert13,13,4.668452e-02,-3.154769839e-05,0.124064840
cert13,13,4.832930e-02,-3.195727616e-05,0.124064840
cert13,13,5.003203e-02,-3.233132032e-05,0.124064840
cert13,13,5.179475e-02,-3.266503631e-05,0.124064840
cert13,13,5.361957e-02,-3.295321100e-05,0.124064840
cert13,13,5.550868e-02,-3.319018051e-05,0.124064840
cert13,13,5.746435e-02,-3.336979570e-05,0.124064840
cert13,13,5.948892e-02,-3.348538518e-05,0.124064840
cert13,13,6.158482e-02,-3.352971565e-05,0.124064840
cert13,13,6.375456e-02,-3.349494937e-05,0.124064840
cert13,13,6.600075e-02,-3.337259863e-05,0.124064840
cert13,13,6.832607e-02,-3.315347688e-05,0.124064840
cert13,13,7.073332e-02,-3.282764647e-05,0.124064840
cert13,13,7.322538e-02,-3.238436259e-05,0.124064840
cert13,13,7.580524e-02,-3.181201330e-05,0.124064840
cert13,13,7.847600e-02,-3.109805527e-05,0.124064840
cert13,13,8.124085e-02,-3.022894498e-05,0.124064840
cert13,13,8.410311e-02,-2.919006516e-05,0.124064840
cert13,13,8.706621e-02,-2.796564592e-05,0.124064840
cert13,13,9.013370e-02,-2.653868051e-05,0.124064840
cert13,13,9.330927e-02,-2.489083512e-05,0.124064840
cert13,13,9.659673e-02,-2.300235240e-05,0.124064840
cert13,13,1.000000e-01,-2.085194833e-05,0.124064840
cert13,13,1.035232e-01,-1.841670194e-05,0.124064840
cert13,13,1.071705e-01,-1.567193735e-05,0.124064840
cert13,13,1.109463e-01,-1.259109787e-05,0.124064840
cert13,13,1.148551e-01,-9.145611290e-06,0.124064840
cert13,13,1.189017e-01,-5.304746097e-06,0.124064840
cert13,13,1.230908e-01,-1.035457843e-06,0.124064840
cert13,13,1.274275e-01,3.697774874e-06,0.124064840
cert13,13,1.319170e-01,8.933125534e-06,0.124064840
cert13,13,1.365647e-01,1.471160659e-05,0.124064840
cert13,13,1.413761e-01,2.107726889e-05,0.124064840
cert13,13,1.463570e-01,2.807741447e-05,0.124064840
cert13,13,1.515134e-01,3.576282340e-05,0.124064840
cert13,13,1.568515e-01,4.418799575e-05,0.124064840
cert13,13,1.623777e-01,5.341140947e-05,0.124064840
cert13,13,1.680985e-01,6.349579516e-05,0.124064840
cert13,13,1.740209e-01,7.450842882e-05,0.124064840
cert13,13,1.801520e-01,8.652144359e-05,0.124064840
cert13,13,1.864991e-01,9.961216171e-05,0.124064840
cert13,13,1.930698e-01,1.138634477e-04,0.124064840
cert13,13,1.998720e-01,1.293640840e-04,0.124064840
cert13,13,2.069138e-01,1.462091710e-04,0.124064840
cert13,13,2.142037e-01,1.645005517e-04,0.124064840
cert13,13,2.217505e-01,1.843472630e-04,0.124064840
cert13,13,2.295632e-01,2.058660155e-04,0.124064840
cert13,13,2.376511e-01,2.291817030e-04,0.124064840
cert13,13,2.460240e-01,2.544279424e-04,0.124064840
cert13,13,2.546918e-01,2.817476470e-04,0.124064840
cert13,13,2.636651e-01,3.112936348e-04,0.124064840
cert13,13,2.729545e-01,3.432292719e-04,0.124064840
cert13,13,2.825712e-01,3.777291550e-04,0.124064840
cert13,13,2.925266e-01,4.149798332e-04,0.124064840
cert13,13,3.028329e-01,4.551805719e-04,0.124064840
cert13,13,3.135022e-01,4.985441596e-04,0.124064840
cert13,13,3.245474e-01,5.452977612e-04,0.124064840
cert13,13,3.359818e-01,5.956838179e-04,0.124064840
cert13,13,3.478191e-01,6.499609967e-04,0.124064840
cert13,13,3.600733e-01,7.084051914e-04,0.124064840
cert13,13,3.727594e-01,7.713105756e-04,0.124064840
cert13,13,3.858923e-01,8.389907112e-04,0.124064840
cert13,13,3.994880e-01,9.117797136e-04,0.124064840
cert13,13,4.135627e-01,9.900334738e-04,0.124064840
cert13,13,4.281332e-01,1.074130940e-03,0.124064840
cert13,13,4.432171e-01,1.164475462e-03,0.124064840
cert13,13,4.588325e-01,1.261496192e-03,0.124064840
cert13,13,4.749979e-01,1.365649554e-03,0.124064840
cert13,13,4.917330e-01,1.477420768e-03,0.124064840
cert13,13,5.090576e-01,1.597325446e-03,0.124064840
cert13,13,5.269926e-01,1.725911241e-03,0.124064840
cert13,13,5.455595e-01,1.863759561e-03,0.124064840
cert13,13,5.647805e-01,2.011487340e-03,0.124064840
cert13,13,5.846787e-01,2.169748870e-03,0.124064840
cert13,13,6.052780e-01,2.339237676e-03,0.124064840
cert13,13,6.266030e-01,2.520688451e-03,0.124064840
cert13,13,6.486794e-01,2.714879026e-03,0.124064840
cert13,13,6.715335e-01,2.922632375e-03,0.124064840
cert13,13,6.951928e-01,3.144818653e-03,0.124064840
cert13,13,7.196857e-01,3.382357247e-03,0.124064840
cert13,13,7.450415e-01,3.636218834e-03,0.124064840
cert13,13,7.712906e-01,3.907427425e-03,0.124064840
cert13,13,7.984645e-01,4.197062388e-03,0.124064840
cert13,13,8.265959e-01,4.506260426e-03,0.124064840
cert13,13,8.557183e-01,4.836217484e-03,0.124064840
cert13,13,8.858668e-01,5.188190558e-03,0.124064840
cert13,13,9.170775e-01,5.563499397e-03,0.124064840
cert13,13,9.493877e-01,5.963528027e-03,0.124064840
cert13,13,9.828363e-01,6.389726102e-03,0.124064840
cert13,13,1.017463e+00,6.843610000e-03,0.124064840
cert13,13,1.053310e+00,7.326763652e-03,0.124064840
cert13,13,1.090420e+00,7.840839027e-03,0.124064840
cert13,13,1.128838e+00,8.387556219e-03,0.124064840
cert13,13,1.168609e+00,8.968703092e-03,0.124064840
cert13,13,1.209781e+00,9.586134385e-03,0.124064840
cert13,13,1.252404e+00,1.024177023e-02,0.124064840
cert13,13,1.296528e+00,1.093759399e-02,0.124064840
cert13,13,1.342207e+00,1.167564934e-02,0.124064840
cert13,13,1.389495e+00,1.245803652e-02,0.124064840
cert13,13,1.438450e+00,1.328690765e-02,0.124064840
cert13,13,1.489129e+00,1.416446107e-02,0.124064840
cert13,13,1.541594e+00,1.509293456e-02,0.124064840
cert13,13,1.595907e+00,1.607459750e-02,0.124064840
cert13,13,1.652133e+00,1.711174180e-02,0.124064840
cert13,13,1.710341e+00,1.820667164e-02,0.124064840
cert13,13,1.770599e+00,1.936169205e-02,0.124064840
cert13,13,1.832981e+00,2.057909635e-02,0.124064840
cert13,13,1.897560e+00,2.186115256e-02,0.124064840
cert13,13,1.964414e+00,2.321008902e-02,0.124064840
cert13,13,2.033624e+00,2.462807931e-02,0.124064840
cert13,13,2.105272e+00,2.611722700e-02,0.124064840
cert13,13,2.179445e+00,2.767955048e-02,0.124064840
cert13,13,2.256230e+00,2.931696847e-02,0.124064840
cert13,13,2.335721e+00,3.103128673e-02,0.124064840
cert13,13,2.418013e+00,3.282418674e-02,0.124064840
cert13,13,2.503204e+00,3.469721691e-02,0.124064840
cert13,13,2.591396e+00,3.665178714e-02,0.124064840
cert13,13,2.682696e+00,3.868916736e-02,0.124064840
cert13,13,2.777212e+00,4.081049063e-02,0.124064840
cert13,13,2.875058e+00,4.301676115e-02,0.124064840
cert13,13,2.976351e+00,4.530886749e-02,0.124064840
cert13,13,3.081214e+00,4.768760082e-02,0.124064840
cert13,13,3.189770e+00,5.015367775e-02,0.124064840
cert13,13,3.302151e+00,5.270776721e-02,0.124064840
cert13,13,3.418492e+00,5.535052020e-02,0.124064840
cert13,13,3.538932e+00,5.808260133e-02,0.124064840
cert13,13,3.663615e+00,6.090472076e-02,0.124064840
cert13,13,3.792690e+00,6.381766519e-02,0.124064840
cert13,13,3.926313e+00,6.682232661e-02,0.124064840
cert13,13,4.064644e+00,6.991972781e-02,0.124064840
cert13,13,4.207849e+00,7.311104370e-02,0.124064840
cert13,13,4.356099e+00,7.639761805e-02,0.124064840
cert13,13,4.509572e+00,7.978097548e-02,0.124064840
cert13,13,4.668452e+00,8.326282863e-02,0.124064840
cert13,13,4.832930e+00,8.684508110e-02,0.124064840
cert13,13,5.003203e+00,9.052982648e-02,0.124064840
cert13,13,5.179475e+00,9.431934423e-02,0.124064840
cert13,13,5.361957e+00,9.821609297e-02,0.124064840
cert13,13,5.550868e+00,1.022227019e-01,0.124064840
cert13,13,5.746435e+00,1.063419611e-01,0.124064840
cert13,13,5.948892e+00,1.105768106e-01,0.124064840
cert13,13,6.158482e+00,1.149303294e-01,0.124064840
cert13,13,6.375456e+00,1.194057248e-01,0.124064840
cert13,13,6.600075e+00,1.240063205e-01,0.124064840
cert13,13,6.832607e+00,1.287355465e-01,0.124064840
cert13,13,7.073332e+00,1.335969284e-01,0.124064840
cert13,13,7.322538e+00,1.385940768e-01,0.124064840
cert13,13,7.580524e+00,1.437306773e-01,0.124064840
cert13,13,7.847600e+00,1.490104804e-01,0.124064840
cert13,13,8.124085e+00,1.544372909e-01,0.124064840
cert13,13,8.410311e+00,1.600149576e-01,0.124064840
cert13,13,8.706621e+00,1.657473624e-01,0.124064840
cert13,13,9.013370e+00,1.716384082e-01,0.124064840
cert13,13,9.330927e+00,1.776920069e-01,0.124064840
cert13,13,9.659673e+00,1.839120662e-01,0.124064840
cert13,13,1.000000e+01,1.903024744e-01,0.124064840
cert13,13,1.035232e+01,1.968670856e-01,0.124064840
cert13,13,1.071705e+01,2.036097022e-01,0.124064840
cert13,13,1.109463e+01,2.105340565e-01,0.124064840
cert13,13,1.148551e+01,2.176437904e-01,0.124064840
cert13,13,1.189017e+01,2.249424344e-01,0.124064840
cert13,13,1.230908e+01,2.324333836e-01,0.124064840
cert13,13,1.274275e+01,2.401198732e-01,0.124064840
cert13,13,1.319170e+01,2.480049522e-01,0.124064840
cert13,13,1.365647e+01,2.560914546e-01,0.124064840
cert13,13,1.413761e+01,2.643819706e-01,0.124064840
cert13,13,1.463570e+01,2.728788156e-01,0.124064840
cert13,13,1.515134e+01,2.815839980e-01,0.124064840
cert13,13,1.568515e+01,2.904991862e-01,0.124064840
cert13,13,1.623777e+01,2.996256751e-01,0.124064840
cert13,13,1.680985e+01,3.089643519e-01,0.124064840
cert13,13,1.740209e+01,3.185156613e-01,0.124064840
cert13,13,1.801520e+01,3.282795714e-01,0.124064840
cert13,13,1.864991e+01,3.382555400e-01,0.124064840
cert13,13,1.930698e+01,3.484424808e-01,0.124064840
cert13,13,1.998720e+01,3.588387321e-01,0.124064840
cert13,13,2.069138e+01,3.694420259e-01,0.124064840
cert13,13,2.142037e+01,3.802494590e-01,0.124064840
cert13,13,2.217505e+01,3.912574671e-01,0.124064840
cert13,13,2.295632e+01,4.024618005e-01,0.124064840
cert13,13,2.376511e+01,4.138575032e-01,0.124064840
cert13,13,2.460240e+01,4.254388951e-01,0.124064840
cert13,13,2.546918e+01,4.371995580e-01,0.124064840
cert13,13,2.636651e+01,4.491323250e-01,0.124064840
cert13,13,2.729545e+01,4.612292741e-01,0.124064840
cert13,13,2.825712e+01,4.734817262e-01,0.124064840
cert13,13,2.925266e+01,4.858802470e-01,0.124064840
cert13,13,3.028329e+01,4.984146543e-01,0.124064840
cert13,13,3.135022e+01,5.110740287e-01,0.124064840
cert13,13,3.245474e+01,5.238467299e-01,0.124064840
cert13,13,3.359818e+01,5.367204172e-01,0.124064840
cert13,13,3.478191e+01,5.496820742e-01,0.124064840
cert13,13,3.600733e+01,5.627180386e-01,0.124064840
cert13,13,3.727594e+01,5.758140357e-01,0.124064840
cert13,13,3.858923e+01,5.889552158e-01,0.124064840
cert13,13,3.994880e+01,6.021261964e-01,0.124064840
cert13,13,4.135627e+01,6.153111069e-01,0.124064840
cert13,13,4.281332e+01,6.284936374e-01,0.124064840
cert13,13,4.432171e+01,6.416570901e-01,0.124064840
cert13,13,4.588325e+01,6.547844342e-01,0.124064840
cert13,13,4.749979e+01,6.678583630e-01,0.124064840
cert13,13,4.917330e+01,6.808613533e-01,0.124064840
cert13,13,5.090576e+01,6.937757274e-01,0.124064840
cert13,13,5.269926e+01,7.065837167e-01,0.124064840
cert13,13,5.455595e+01,7.192675278e-01,0.124064840
cert13,13,5.647805e+01,7.318094096e-01,0.124064840
cert13,13,5.846787e+01,7.441917226e-01,0.124064840
cert13,13,6.052780e+01,7.563970097e-01,0.124064840
cert13,13,6.266030e+01,7.684080683e-01,0.124064840
cert13,13,6.486794e+01,7.802080244e-01,0.124064840
cert13,13,6.715335e+01,7.917804075e-01,0.124064840
cert13,13,6.951928e+01,8.031092274e-01,0.124064840
cert13,13,7.196857e+01,8.141790521e-01,0.124064840
cert13,13,7.450415e+01,8.249750869e-01,0.124064840
cert13,13,7.712906e+01,8.354832544e-01,0.124064840
cert13,13,7.984645e+01,8.456902756e-01,0.124064840
cert13,13,8.265959e+01,8.555837503e-01,0.124064840
cert13,13,8.557183e+01,8.651522382e-01,0.124064840
cert13,13,8.858668e+01,8.743853383e-01,0.124064840
cert13,13,9.170775e+01,8.832737666e-01,0.124064840
cert13,13,9.493877e+01,8.918094309e-01,0.124064840
cert13,13,9.828363e+01,8.999855010e-01,0.124064840
cert13,13,1.017463e+02,9.077964741e-01,0.124064840
cert13,13,1.053310e+02,9.152382322e-01,0.124064840
cert13,13,1.090420e+02,9.223080919e-01,0.124064840
cert13,13,1.128838e+02,9.290048431e-01,0.124064840
cert13,13,1.168609e+02,9.353287764e-01,0.124064840
cert13,13,1.209781e+02,9.412816977e-01,0.124064840
cert13,13,1.252404e+02,9.468669278e-01,0.124064840
cert13,13,1.296528e+02,9.520892869e-01,0.124064840
cert13,13,1.342207e+02,9.569550629e-01,0.124064840
cert13,13,1.389495e+02,9.614719626e-01,0.124064840
cert13,13,1.438450e+02,9.656490469e-01,0.124064840
cert13,13,1.489129e+02,9.694966489e-01,0.124064840
cert13,13,1.541594e+02,9.730262773e-01,0.124064840
cert13,13,1.595907e+02,9.762505040e-01,0.124064840
cert13,13,1.652133e+02,9.791828400e-01,0.124064840
cert13,13,1.710341e+02,9.818375993e-01,0.124064840
cert13,13,1.770599e+02,9.842297543e-01,0.124064840
cert13,13,1.832981e+02,9.863747844e-01,0.124064840
cert13,13,1.897560e+02,9.882885207e-01,0.124064840
cert13,13,1.964414e+02,9.899869901e-01,0.124064840
cert13,13,2.033624e+02,9.914862601e-01,0.124064840
cert13,13,2.105272e+02,9.928022886e-01,0.124064840
cert13,13,2.179445e+02,9.939507811e-01,0.124064840
cert13,13,2.256230e+02,9.949470565e-01,0.124064840
cert13,13,2.335721e+02,9.958059258e-01,0.124064840
cert13,13,2.418013e+02,9.965415836e-01,0.124064840
cert13,13,2.503204e+02,9.971675157e-01,0.124064840
cert13,13,2.591396e+02,9.976964226e-01,0.124064840
cert13,13,2.682696e+02,9.981401601e-01,0.124064840
cert13,13,2.777212e+02,9.985096979e-01,0.124064840
cert13,13,2.875058e+02,9.988150944e-01,0.124064840
cert13,13,2.976351e+02,9.990654890e-01,0.124064840
cert13,13,3.081214e+02,9.992691088e-01,0.124064840
cert13,13,3.189770e+02,9.994332902e-01,0.124064840
cert13,13,3.302151e+02,9.995645124e-01,0.124064840
cert13,13,3.418492e+02,9.996684409e-01,0.124064840
cert13,13,3.538932e+02,9.997499803e-01,0.124064840
cert13,13,3.663615e+02,9.998133326e-01,0.124064840
cert13,13,3.792690e+02,9.998620596e-01,0.124064840
cert13,13,3.926313e+02,9.998991477e-01,0.124064840
cert13,13,4.064644e+02,9.999270729e-01,0.124064840
cert13,13,4.207849e+02,9.999478648e-01,0.124064840
cert13,13,4.356099e+02,9.999631669e-01,0.124064840
cert13,13,4.509572e+02,9.999742944e-01,0.124064840
cert13,13,4.668452e+02,9.999822860e-01,0.124064840
cert13,13,4.832930e+02,9.999879523e-01,0.124064840
cert13,13,5.003203e+02,9.999919165e-01,0.124064840
cert13,13,5.179475e+02,9.999946521e-01,0.124064840
cert13,13,5.361957e+02,9.999965130e-01,0.124064840
cert13,13,5.550868e+02,9.999977604e-01,0.124064840
cert13,13,5.746435e+02,9.999985838e-01,0.124064840
cert13,13,5.948892e+02,9.999991189e-01,0.124064840
cert13,13,6.158482e+02,9.999994608e-01,0.124064840
cert13,13,6.375456e+02,9.999996758e-01,0.124064840
cert13,13,6.600075e+02,9.999998085e-01,0.124064840
cert13,13,6.832607e+02,9.999998889e-01,0.124064840
cert13,13,7.073332e+02,9.999999368e-01,0.124064840
cert13,13,7.322538e+02,9.999999648e-01,0.124064840
cert13,13,7.580524e+02,9.999999808e-01,0.124064840
cert13,13,7.847600e+02,9.999999897e-01,0.124064840
cert13,13,8.124085e+02,9.999999946e-01,0.124064840
cert13,13,8.410311e+02,9.999999972e-01,0.124064840
cert13,13,8.706621e+02,9.999999986e-01,0.124064840
cert13,13,9.013370e+02,9.999999993e-01,0.124064840
cert13,13,9.330927e+02,9.999999997e-01,0.124064840
cert13,13,9.659673e+02,9.999999999e-01,0.124064840
cert13,13,1.000000e+03,9.999999999e-01,0.124064840
greedy25,25,1.000000e-03,-4.520390268e-05,14.742428940
greedy25,25,1.035232e-03,-4.679632734e-05,14.742428940
greedy25,25,1.071705e-03,-4.844484238e-05,14.742428940
greedy25,25,1.109463e-03,-5.015142300e-05,14.742428940
greedy25,25,1.148551e-03,-5.191811391e-05,14.742428940
greedy25,25,1.189017e-03,-5.374703179e-05,14.742428940
greedy25,25,1.230908e-03,-5.564036780e-05,14.742428940
greedy25,25,1.274275e-03,-5.760039024e-05,14.742428940
greedy25,25,1.319170e-03,-5.962944720e-05,14.742428940
greedy25,25,1.365647e-03,-6.172996943e-05,14.742428940
greedy25,25,1.413761e-03,-6.390447319e-05,14.742428940
greedy25,25,1.463570e-03,-6.615556328e-05,14.742428940
greedy25,25,1.515134e-03,-6.848593618e-05,14.742428940
greedy25,25,1.568515e-03,-7.089838321e-05,14.742428940
greedy25,25,1.623777e-03,-7.339579391e-05,14.742428940
greedy25,25,1.680985e-03,-7.598115945e-05,14.742428940
greedy25,25,1.740209e-03,-7.865757627e-05,14.742428940
greedy25,25,1.801520e-03,-8.142824970e-05,14.742428940
greedy25,25,1.864991e-03,-8.429649780e-05,14.742428940
greedy25,25,1.930698e-03,-8.726575538e-05,14.742428940
greedy25,25,1.998720e-03,-9.033957801e-05,14.742428940
greedy25,25,2.069138e-03,-9.352164634e-05,14.742428940
greedy25,25,2.142037e-03,-9.681577042e-05,14.742428940
greedy25,25,2.217505e-03,-1.002258943e-04,14.742428940
greedy25,25,2.295632e-03,-1.037561007e-04,14.742428940
greedy25,25,2.376511e-03,-1.074106158e-04,14.742428940
greedy25,25,2.460240e-03,-1.111938146e-04,14.742428940
greedy25,25,2.546918e-03,-1.151102256e-04,14.742428940
greedy25,25,2.636651e-03,-1.191645366e-04,14.742428940
greedy25,25,2.729545e-03,-1.233616003e-04,14.742428940
greedy25,25,2.825712e-03,-1.277064397e-04,14.742428940
greedy25,25,2.925266e-03,-1.322042546e-04,14.742428940
greedy25,25,3.028329e-03,-1.368604272e-04,14.742428940
greedy25,25,3.135022e-03,-1.416805290e-04,14.742428940
greedy25,25,3.245474e-03,-1.466703272e-04,14.742428940
greedy25,25,3.359818e-03,-1.518357917e-04,14.742428940
greedy25,25,3.478191e-03,-1.571831018e-04,14.742428940
greedy25,25,3.600733e-03,-1.627186542e-04,14.742428940
greedy25,25,3.727594e-03,-1.684490699e-04,14.742428940
greedy25,25,3.858923e-03,-1.743812025e-04,14.742428940
greedy25,25,3.994880e-03,-1.805221464e-04,14.742428940
greedy25,25,4.135627e-03,-1.868792447e-04,14.742428940
greedy25,25,4.281332e-03,-1.934600986e-04,14.742428940
greedy25,25,4.432171e-03,-2.002725758e-04,14.742428940
greedy25,25,4.588325e-03,-2.073248203e-04,14.742428940
greedy25,25,4.749979e-03,-2.146252616e-04,14.742428940
greedy25,25,4.917330e-03,-2.221826250e-04,14.742428940
greedy25,25,5.090576e-03,-2.300059419e-04,14.742428940
greedy25,25,5.269926e-03,-2.381045605e-04,14.742428940
greedy25,25,5.455595e-03,-2.464881565e-04,14.742428940
greedy25,25,5.647805e-03,-2.551667451e-04,14.742428940
greedy25,25,5.846787e-03,-2.641506925e-04,14.742428940
greedy25,25,6.052780e-03,-2.734507279e-04,14.742428940
greedy25,25,6.266030e-03,-2.830779568e-04,14.742428940
greedy25,25,6.486794e-03,-2.930438737e-04,14.742428940
greedy25,25,6.715335e-03,-3.033603753e-04,14.742428940
greedy25,25,6.951928e-03,-3.140397755e-04,14.742428940
greedy25,25,7.196857e-03,-3.250948187e-04,14.742428940
greedy25,25,7.450415e-03,-3.365386959e-04,14.742428940
greedy25,25,7.712906e-03,-3.483850594e-04,14.742428940
greedy25,25,7.984645e-03,-3.606480392e-04,14.742428940
greedy25,25,8.265959e-03,-3.733422595e-04,14.742428940
greedy25,25,8.557183e-03,-3.864828559e-04,14.742428940
greedy25,25,8.858668e-03,-4.000854932e-04,14.742428940
greedy25,25,9.170775e-03,-4.141663834e-04,14.742428940
greedy25,25,9.493877e-03,-4.287423053e-04,14.742428940
greedy25,25,9.828363e-03,-4.438306235e-04,14.742428940
greedy25,25,1.017463e-02,-4.594493089e-04,14.742428940
greedy25,25,1.053310e-02,-4.756169598e-04,14.742428940
greedy25,25,1.090420e-02,-4.923528235e-04,14.742428940
greedy25,25,1.128838e-02,-5.096768187e-04,14.742428940
greedy25,25,1.168609e-02,-5.276095586e-04,14.742428940
greedy25,25,1.209781e-02,-5.461723750e-04,14.742428940
greedy25,25,1.252404e-02,-5.653873428e-04,14.742428940
greedy25,25,1.296528e-02,-5.852773061e-04,14.742428940
greedy25,25,1.342207e-02,-6.058659040e-04,14.742428940
greedy25,25,1.389495e-02,-6.271775987e-04,14.742428940
greedy25,25,1.438450e-02,-6.492377029e-04,14.742428940
greedy25,25,1.489129e-02,-6.720724097e-04,14.742428940
greedy25,25,1.541594e-02,-6.957088225e-04,14.742428940
greedy25,25,1.595907e-02,-7.201749860e-04,14.742428940
greedy25,25,1.652133e-02,-7.454999189e-04,14.742428940
greedy25,25,1.710341e-02,-7.717136467e-04,14.742428940
greedy25,25,1.770599e-02,-7.988472361e-04,14.742428940
greedy25,25,1.832981e-02,-8.269328309e-04,14.742428940
greedy25,25,1.897560e-02,-8.560036885e-04,14.742428940
greedy25,25,1.964414e-02,-8.860942174e-04,14.742428940
greedy25,25,2.033624e-02,-9.172400168e-04,14.742428940
greedy25,25,2.105272e-02,-9.494779169e-04,14.742428940
greedy25,25,2.179445e-02,-9.828460204e-04,14.742428940
greedy25,25,2.256230e-02,-1.017383746e-03,14.742428940
greedy25,25,2.335721e-02,-1.053131871e-03,14.742428940
greedy25,25,2.418013e-02,-1.090132581e-03,14.742428940
greedy25,25,2.503204e-02,-1.128429514e-03,14.742428940
greedy25,25,2.591396e-02,-1.168067809e-03,14.742428940
greedy25,25,2.682696e-02,-1.209094159e-03,14.742428940
greedy25,25,2.777212e-02,-1.251556862e-03,14.742428940
greedy25,25,2.875058e-02,-1.295505871e-03,14.742428940
greedy25,25,2.976351e-02,-1.340992857e-03,14.742428940
greedy25,25,3.081214e-02,-1.388071258e-03,14.742428940
greedy25,25,3.189770e-02,-1.436796343e-03,14.742428940
greedy25,25,3.302151e-02,-1.487225271e-03,14.742428940
greedy25,25,3.418492e-02,-1.539417153e-03,14.742428940
greedy25,25,3.538932e-02,-1.593433119e-03,14.742428940
greedy25,25,3.663615e-02,-1.649336378e-03,14.742428940
greedy25,25,3.792690e-02,-1.707192295e-03,14.742428940
greedy25,25,3.926313e-02,-1.767068455e-03,14.742428940
greedy25,25,4.064644e-02,-1.829034739e-03,14.742428940
greedy25,25,4.207849e-02,-1.893163395e-03,14.742428940
greedy25,25,4.356099e-02,-1.959529121e-03,14.742428940
greedy25,25,4.509572e-02,-2.028209136e-03,14.742428940
greedy25,25,4.668452e-02,-2.099283268e-03,14.742428940
greedy25,25,4.832930e-02,-2.172834037e-03,14.742428940
greedy25,25,5.003203e-02,-2.248946736e-03,14.742428940
greedy25,25,5.179475e-02,-2.327709526e-03,14.742428940
greedy25,25,5.361957e-02,-2.409213522e-03,14.742428940
greedy25,25,5.550868e-02,-2.493552890e-03,14.742428940
greedy25,25,5.746435e-02,-2.580824942e-03,14.742428940
greedy25,25,5.948892e-02,-2.671130230e-03,14.742428940
greedy25,25,6.158482e-02,-2.764572657e-03,14.742428940
greedy25,25,6.375456e-02,-2.861259570e-03,14.742428940
greedy25,25,6.600075e-02,-2.961301875e-03,14.742428940
greedy25,25,6.832607e-02,-3.064814141e-03,14.742428940
greedy25,25,7.073332e-02,-3.171914714e-03,14.742428940
greedy25,25,7.322538e-02,-3.282725830e-03,14.742428940
greedy25,25,7.580524e-02,-3.397373734e-03,14.742428940
greedy25,25,7.847600e-02,-3.515988802e-03,14.742428940
greedy25,25,8.124085e-02,-3.638705656e-03,14.742428940
greedy25,25,8.410311e-02,-3.765663300e-03,14.742428940
greedy25,25,8.706621e-02,-3.897005239e-03,14.742428940
greedy25,25,9.013370e-02,-4.032879616e-03,14.742428940
greedy25,25,9.330927e-02,-4.173439344e-03,14.742428940
greedy25,25,9.659673e-02,-4.318842238e-03,14.742428940
greedy25,25,1.000000e-01,-4.469251162e-03,14.742428940
greedy25,25,1.035232e-01,-4.624834161e-03,14.742428940
greedy25,25,1.071705e-01,-4.785764613e-03,14.742428940
greedy25,25,1.109463e-01,-4.952221367e-03,14.742428940
greedy25,25,1.148551e-01,-5.124388899e-03,14.742428940
greedy25,25,1.189017e-01,-5.302457456e-03,14.742428940
greedy25,25,1.230908e-01,-5.486623211e-03,14.742428940
greedy25,25,1.274275e-01,-5.677088416e-03,14.742428940
greedy25,25,1.319170e-01,-5.874061558e-03,14.742428940
greedy25,25,1.365647e-01,-6.077757516e-03,14.742428940
greedy25,25,1.413761e-01,-6.288397719e-03,14.742428940
greedy25,25,1.463570e-01,-6.506210303e-03,14.742428940
greedy25,25,1.515134e-01,-6.731430274e-03,14.742428940
greedy25,25,1.568515e-01,-6.964299664e-03,14.742428940
greedy25,25,1.623777e-01,-7.205067694e-03,14.742428940
greedy25,25,1.680985e-01,-7.453990932e-03,14.742428940
greedy25,25,1.740209e-01,-7.711333448e-03,14.742428940
greedy25,25,1.801520e-01,-7.977366977e-03,14.742428940
greedy25,25,1.864991e-01,-8.252371068e-03,14.742428940
greedy25,25,1.930698e-01,-8.536633242e-03,14.742428940
greedy25,25,1.998720e-01,-8.830449135e-03,14.742428940
greedy25,25,2.069138e-01,-9.134122649e-03,14.742428940
greedy25,25,2.142037e-01,-9.447966091e-03,14.742428940
greedy25,25,2.217505e-01,-9.772300308e-03,14.742428940
greedy25,25,2.295632e-01,-1.010745482e-02,14.742428940
greedy25,25,2.376511e-01,-1.045376793e-02,14.742428940
greedy25,25,2.460240e-01,-1.081158685e-02,14.742428940
greedy25,25,2.546918e-01,-1.118126782e-02,14.742428940
greedy25,25,2.636651e-01,-1.156317615e-02,14.742428940
greedy25,25,2.729545e-01,-1.195768638e-02,14.742428940
greedy25,25,2.825712e-01,-1.236518226e-02,14.742428940
greedy25,25,2.925266e-01,-1.278605689e-02,14.742428940
greedy25,25,3.028329e-01,-1.322071270e-02,14.742428940
greedy25,25,3.135022e-01,-1.366956147e-02,14.742428940
greedy25,25,3.245474e-01,-1.413302437e-02,14.742428940
greedy25,25,3.359818e-01,-1.461153190e-02,14.742428940
greedy25,25,3.478191e-01,-1.510552387e-02,14.742428940
greedy25,25,3.600733e-01,-1.561544928e-02,14.742428940
greedy25,25,3.727594e-01,-1.614176628e-02,14.742428940
greedy25,25,3.858923e-01,-1.668494197e-02,14.742428940
greedy25,25,3.994880e-01,-1.724545229e-02,14.742428940
greedy25,25,4.135627e-01,-1.782378175e-02,14.742428940
greedy25,25,4.281332e-01,-1.842042323e-02,14.742428940
greedy25,25,4.432171e-01,-1.903587765e-02,14.742428940
greedy25,25,4.588325e-01,-1.967065365e-02,14.742428940
greedy25,25,4.749979e-01,-2.032526716e-02,14.742428940
greedy25,25,4.917330e-01,-2.100024098e-02,14.742428940
greedy25,25,5.090576e-01,-2.169610425e-02,14.742428940
greedy25,25,5.269926e-01,-2.241339185e-02,14.742428940
greedy25,25,5.455595e-01,-2.315264376e-02,14.742428940
greedy25,25,5.647805e-01,-2.391440432e-02,14.742428940
greedy25,25,5.846787e-01,-2.469922140e-02,14.742428940
greedy25,25,6.052780e-01,-2.550764553e-02,14.742428940
greedy25,25,6.266030e-01,-2.634022884e-02,14.742428940
greedy25,25,6.486794e-01,-2.719752399e-02,14.742428940
greedy25,25,6.715335e-01,-2.808008292e-02,14.742428940
greedy25,25,6.951928e-01,-2.898845553e-02,14.742428940
greedy25,25,7.196857e-01,-2.992318821e-02,14.742428940
greedy25,25,7.450415e-01,-3.088482222e-02,14.742428940
greedy25,25,7.712906e-01,-3.187389196e-02,14.742428940
greedy25,25,7.984645e-01,-3.289092303e-02,14.742428940
greedy25,25,8.265959e-01,-3.393643020e-02,14.742428940
greedy25,25,8.557183e-01,-3.501091510e-02,14.742428940
greedy25,25,8.858668e-01,-3.611486384e-02,14.742428940
greedy25,25,9.170775e-01,-3.724874434e-02,14.742428940
greedy25,25,9.493877e-01,-3.841300347e-02,14.742428940
greedy25,25,9.828363e-01,-3.960806398e-02,14.742428940
greedy25,25,1.017463e+00,-4.083432119e-02,14.742428940
greedy25,25,1.053310e+00,-4.209213939e-02,14.742428940
greedy25,25,1.090420e+00,-4.338184803e-02,14.742428940
greedy25,25,1.128838e+00,-4.470373757e-02,14.742428940
greedy25,25,1.168609e+00,-4.605805506e-02,14.742428940
greedy25,25,1.209781e+00,-4.744499940e-02,14.742428940
greedy25,25,1.252404e+00,-4.886471627e-02,14.742428940
greedy25,25,1.296528e+00,-5.031729269e-02,14.742428940
greedy25,25,1.342207e+00,-5.180275123e-02,14.742428940
greedy25,25,1.389495e+00,-5.332104385e-02,14.742428940
greedy25,25,1.438450e+00,-5.487204528e-02,14.742428940
greedy25,25,1.489129e+00,-5.645554604e-02,14.742428940
greedy25,25,1.541594e+00,-5.807124501e-02,14.742428940
greedy25,25,1.595907e+00,-5.971874147e-02,14.742428940
greedy25,25,1.652133e+00,-6.139752675e-02,14.742428940
greedy25,25,1.710341e+00,-6.310697535e-02,14.742428940
greedy25,25,1.770599e+00,-6.484633551e-02,14.742428940
greedy25,25,1.832981e+00,-6.661471932e-02,14.742428940
greedy25,25,1.897560e+00,-6.841109221e-02,14.742428940
greedy25,25,1.964414e+00,-7.023426193e-02,14.742428940
greedy25,25,2.033624e+00,-7.208286692e-02,14.742428940
greedy25,25,2.105272e+00,-7.395536408e-02,14.742428940
greedy25,25,2.179445e+00,-7.585001598e-02,14.742428940
greedy25,25,2.256230e+00,-7.776487743e-02,14.742428940
greedy25,25,2.335721e+00,-7.969778142e-02,14.742428940
greedy25,25,2.418013e+00,-8.164632450e-02,14.742428940
greedy25,25,2.503204e+00,-8.360785145e-02,14.742428940
greedy25,25,2.591396e+00,-8.557943941e-02,14.742428940
greedy25,25,2.682696e+00,-8.755788136e-02,14.742428940
greedy25,25,2.777212e+00,-8.953966906e-02,14.742428940
greedy25,25,2.875058e+00,-9.152097537e-02,14.742428940
greedy25,25,2.976351e+00,-9.349763601e-02,14.742428940
greedy25,25,3.081214e+00,-9.546513090e-02,14.742428940
greedy25,25,3.189770e+00,-9.741856492e-02,14.742428940
greedy25,25,3.302151e+00,-9.935264834e-02,14.742428940
greedy25,25,3.418492e+00,-1.012616768e-01,14.742428940
greedy25,25,3.538932e+00,-1.031395113e-01,14.742428940
greedy25,25,3.663615e+00,-1.049795572e-01,14.742428940
greedy25,25,3.792690e+00,-1.067747445e-01,14.742428940
greedy25,25,3.926313e+00,-1.085175066e-01,14.742428940
greedy25,25,4.064644e+00,-1.101997603e-01,14.742428940
greedy25,25,4.207849e+00,-1.118128853e-01,14.742428940
greedy25,25,4.356099e+00,-1.133477054e-01,14.742428940
greedy25,25,4.509572e+00,-1.147944683e-01,14.742428940
greedy25,25,4.668452e+00,-1.161428284e-01,14.742428940
greedy25,25,4.832930e+00,-1.173818292e-01,14.742428940
greedy25,25,5.003203e+00,-1.184998877e-01,14.742428940
greedy25,25,5.179475e+00,-1.194847799e-01,14.742428940
greedy25,25,5.361957e+00,-1.203236288e-01,14.742428940
greedy25,25,5.550868e+00,-1.210028944e-01,14.742428940
greedy25,25,5.746435e+00,-1.215083656e-01,14.742428940
greedy25,25,5.948892e+00,-1.218251565e-01,14.742428940
greedy25,25,6.158482e+00,-1.219377045e-01,14.742428940
greedy25,25,6.375456e+00,-1.218297739e-01,14.742428940
greedy25,25,6.600075e+00,-1.214844623e-01,14.742428940
greedy25,25,6.832607e+00,-1.208842132e-01,14.742428940
greedy25,25,7.073332e+00,-1.200108331e-01,14.742428940
greedy25,25,7.322538e+00,-1.188455155e-01,14.742428940
greedy25,25,7.580524e+00,-1.173688709e-01,14.742428940
greedy25,25,7.847600e+00,-1.155609650e-01,14.742428940
greedy25,25,8.124085e+00,-1.134013644e-01,14.742428940
greedy25,25,8.410311e+00,-1.108691916e-01,14.742428940
greedy25,25,8.706621e+00,-1.079431904e-01,14.742428940
greedy25,25,9.013370e+00,-1.046018006e-01,14.742428940
greedy25,25,9.330927e+00,-1.008232466e-01,14.742428940
greedy25,25,9.659673e+00,-9.658563692e-02,14.742428940
greedy25,25,1.000000e+01,-9.186707937e-02,14.742428940
greedy25,25,1.035232e+01,-8.664581102e-02,14.742428940
greedy25,25,1.071705e+01,-8.090034574e-02,14.742428940
greedy25,25,1.109463e+01,-7.460964088e-02,14.742428940
greedy25,25,1.148551e+01,-6.775328565e-02,14.742428940
greedy25,25,1.189017e+01,-6.031171407e-02,14.742428940
greedy25,25,1.230908e+01,-5.226644667e-02,14.742428940
greedy25,25,1.274275e+01,-4.360036607e-02,14.742428940
greedy25,25,1.319170e+01,-3.429803374e-02,14.742428940
greedy25,25,1.365647e+01,-2.434605829e-02,14.742428940
greedy25,25,1.413761e+01,-1.373353005e-02,14.742428940
greedy25,25,1.463570e+01,-2.452544116e-03,14.742428940
greedy25,25,1.515134e+01,9.501154656e-03,14.742428940
greedy25,25,1.568515e+01,2.212735174e-02,14.742428940
greedy25,25,1.623777e+01,3.542028262e-02,14.742428940
greedy25,25,1.680985e+01,4.936714616e-02,14.742428940
greedy25,25,1.740209e+01,6.394594740e-02,14.742428940
greedy25,25,1.801520e+01,7.912213926e-02,14.742428940
greedy25,25,1.864991e+01,9.484280949e-02,14.742428940
greedy25,25,1.930698e+01,1.110245071e-01,14.742428940
greedy25,25,1.998720e+01,1.275144365e-01,14.742428940
greedy25,25,2.069138e+01,1.414959243e-01,14.742428940
greedy25,25,2.142037e+01,1.470285567e-01,14.742428940
greedy25,25,2.217505e+01,1.526402532e-01,14.742428940
greedy25,25,2.295632e+01,1.584106000e-01,14.742428940
greedy25,25,2.376511e+01,1.643483476e-01,14.742428940
greedy25,25,2.460240e+01,1.704589368e-01,14.742428940
greedy25,25,2.546918e+01,1.767470406e-01,14.742428940
greedy25,25,2.636651e+01,1.832169827e-01,14.742428940
greedy25,25,2.729545e+01,1.898728411e-01,14.742428940
greedy25,25,2.825712e+01,1.967184743e-01,14.742428940
greedy25,25,2.925266e+01,2.037575236e-01,14.742428940
greedy25,25,3.028329e+01,2.109934052e-01,14.742428940
greedy25,25,3.135022e+01,2.184292981e-01,14.742428940
greedy25,25,3.245474e+01,2.260681287e-01,14.742428940
greedy25,25,3.359818e+01,2.339125547e-01,14.742428940
greedy25,25,3.478191e+01,2.419649458e-01,14.742428940
greedy25,25,3.600733e+01,2.502273651e-01,14.742428940
greedy25,25,3.727594e+01,2.587015482e-01,14.742428940
greedy25,25,3.858923e+01,2.673888822e-01,14.742428940
greedy25,25,3.994880e+01,2.762903836e-01,14.742428940
greedy25,25,4.135627e+01,2.854066758e-01,14.742428940
greedy25,25,4.281332e+01,2.947379666e-01,14.742428940
greedy25,25,4.432171e+01,3.042840243e-01,14.742428940
greedy25,25,4.588325e+01,3.140441551e-01,14.742428940
greedy25,25,4.749979e+01,3.240171800e-01,14.742428940
greedy25,25,4.917330e+01,3.342014117e-01,14.742428940
greedy25,25,5.090576e+01,3.445946327e-01,14.742428940
greedy25,25,5.269926e+01,3.551940738e-01,14.742428940
greedy25,25,5.455595e+01,3.659963937e-01,14.742428940
greedy25,25,5.647805e+01,3.769976603e-01,14.742428940
greedy25,25,5.846787e+01,3.881933329e-01,14.742428940
greedy25,25,6.052780e+01,3.995782470e-01,14.742428940
greedy25,25,6.266030e+01,4.111466008e-01,14.742428940
greedy25,25,6.486794e+01,4.228919450e-01,14.742428940
greedy25,25,6.715335e+01,4.348071743e-01,14.742428940
greedy25,25,6.951928e+01,4.468845227e-01,14.742428940
greedy25,25,7.196857e+01,4.591155624e-01,14.742428940
greedy25,25,7.450415e+01,4.714912053e-01,14.742428940
greedy25,25,7.712906e+01,4.840017093e-01,14.742428940
greedy25,25,7.984645e+01,4.966366876e-01,14.742428940
greedy25,25,8.265959e+01,5.093851228e-01,14.742428940
greedy25,25,8.557183e+01,5.222353836e-01,14.742428940
greedy25,25,8.858668e+01,5.351752471e-01,14.742428940
greedy25,25,9.170775e+01,5.481919232e-01,14.742428940
greedy25,25,9.493877e+01,5.612720834e-01,14.742428940
greedy25,25,9.828363e+01,5.744018929e-01,14.742428940
greedy25,25,1.017463e+02,5.875670447e-01,14.742428940
greedy25,25,1.053310e+02,6.007527975e-01,14.742428940
greedy25,25,1.090420e+02,6.139440145e-01,14.742428940
greedy25,25,1.128838e+02,6.271252051e-01,14.742428940
greedy25,25,1.168609e+02,6.402805670e-01,14.742428940
greedy25,25,1.209781e+02,6.533940305e-01,14.742428940
greedy25,25,1.252404e+02,6.664493026e-01,14.742428940
greedy25,25,1.296528e+02,6.794299125e-01,14.742428940
greedy25,25,1.342207e+02,6.923192578e-01,14.742428940
greedy25,25,1.389495e+02,7.051006511e-01,14.742428940
greedy25,25,1.438450e+02,7.177573680e-01,14.742428940
greedy25,25,1.489129e+02,7.302726962e-01,14.742428940
greedy25,25,1.541594e+02,7.426299865e-01,14.742428940
greedy25,25,1.595907e+02,7.548127059e-01,14.742428940
greedy25,25,1.652133e+02,7.668044934e-01,14.742428940
greedy25,25,1.710341e+02,7.785892195e-01,14.742428940
greedy25,25,1.770599e+02,7.901510492e-01,14.742428940
greedy25,25,1.832981e+02,8.014745092e-01,14.742428940
greedy25,25,1.897560e+02,8.125445601e-01,14.742428940
greedy25,25,1.964414e+02,8.233466721e-01,14.742428940
greedy25,25,2.033624e+02,8.338669064e-01,14.742428940
greedy25,25,2.105272e+02,8.440920000e-01,14.742428940
greedy25,25,2.179445e+02,8.540094534e-01,14.742428940
greedy25,25,2.256230e+02,8.636076213e-01,14.742428940
greedy25,25,2.335721e+02,8.728758045e-01,14.742428940
greedy25,25,2.418013e+02,8.818043411e-01,14.742428940
greedy25,25,2.503204e+02,8.903846954e-01,14.742428940
greedy25,25,2.591396e+02,8.986095441e-01,14.742428940
greedy25,25,2.682696e+02,9.064728553e-01,14.742428940
greedy25,25,2.777212e+02,9.139699607e-01,14.742428940
greedy25,25,2.875058e+02,9.210976175e-01,14.742428940
greedy25,25,2.976351e+02,9.278540591e-01,14.742428940
greedy25,25,3.081214e+02,9.342390316e-01,14.742428940
greedy25,25,3.189770e+02,9.402538168e-01,14.742428940
greedy25,25,3.302151e+02,9.459012379e-01,14.742428940
greedy25,25,3.418492e+02,9.511856484e-01,14.742428940
greedy25,25,3.538932e+02,9.561129042e-01,14.742428940
greedy25,25,3.663615e+02,9.606903170e-01,14.742428940
greedy25,25,3.792690e+02,9.649265901e-01,14.742428940
greedy25,25,3.926313e+02,9.688317381e-01,14.742428940
greedy25,25,4.064644e+02,9.724169890e-01,14.742428940
greedy25,25,4.207849e+02,9.756946726e-01,14.742428940
greedy25,25,4.356099e+02,9.786780949e-01,14.742428940
greedy25,25,4.509572e+02,9.813814019e-01,14.742428940
greedy25,25,4.668452e+02,9.838194333e-01,14.742428940
greedy25,25,4.832930e+02,9.860075707e-01,14.742428940
greedy25,25,5.003203e+02,9.879615808e-01,14.742428940
greedy25,25,5.179475e+02,9.896974579e-01,14.742428940
greedy25,25,5.361957e+02,9.912312675e-01,14.742428940
greedy25,25,5.550868e+02,9.925789939e-01,14.742428940
greedy25,25,5.746435e+02,9.937563956e-01,14.742428940
greedy25,25,5.948892e+02,9.947788685e-01,14.742428940
greedy25,25,6.158482e+02,9.956613220e-01,14.742428940
greedy25,25,6.375456e+02,9.964180682e-01,14.742428940
greedy25,25,6.600075e+02,9.970627256e-01,14.742428940
greedy25,25,6.832607e+02,9.976081402e-01,14.742428940
greedy25,25,7.073332e+02,9.980663231e-01,14.742428940
greedy25,25,7.322538e+02,9.984484049e-01,14.742428940
greedy25,25,7.580524e+02,9.987646087e-01,14.742428940
greedy25,25,7.847600e+02,9.990242386e-01,14.742428940
greedy25,25,8.124085e+02,9.992356841e-01,14.742428940
greedy25,25,8.410311e+02,9.994064394e-01,14.742428940
greedy25,25,8.706621e+02,9.995431344e-01,14.742428940
greedy25,25,9.013370e+02,9.996515769e-01,14.742428940
greedy25,25,9.330927e+02,9.997368041e-01,14.742428940
greedy25,25,9.659673e+02,9.998031392e-01,14.742428940
greedy25,25,1.000000e+03,9.998542542e-01,14.742428940
greedy40,40,1.000000e-03,-6.778318309e-05,16.713364198
greedy40,40,1.035232e-03,-7.017103355e-05,16.713364198
greedy40,40,1.071705e-03,-7.264299276e-05,16.713364198
greedy40,40,1.109463e-03,-7.520202263e-05,16.713364198
greedy40,40,1.148551e-03,-7.785118930e-05,16.713364198
greedy40,40,1.189017e-03,-8.059366686e-05,16.713364198
greedy40,40,1.230908e-03,-8.343274110e-05,16.713364198
greedy40,40,1.274275e-03,-8.637181346e-05,16.713364198
greedy40,40,1.319170e-03,-8.941440506e-05,16.713364198
greedy40,40,1.365647e-03,-9.256416096e-05,16.713364198
greedy40,40,1.413761e-03,-9.582485449e-05,16.713364198
greedy40,40,1.463570e-03,-9.920039174e-05,16.713364198
greedy40,40,1.515134e-03,-1.026948163e-04,16.713364198
greedy40,40,1.568515e-03,-1.063123139e-04,16.713364198
greedy40,40,1.623777e-03,-1.100572177e-04,16.713364198
greedy40,40,1.680985e-03,-1.139340132e-04,16.713364198
greedy40,40,1.740209e-03,-1.179473438e-04,16.713364198
greedy40,40,1.801520e-03,-1.221020162e-04,16.713364198
greedy40,40,1.864991e-03,-1.264030061e-04,16.713364198
greedy40,40,1.930698e-03,-1.308554644e-04,16.713364198
greedy40,40,1.998720e-03,-1.354647230e-04,16.713364198
greedy40,40,2.069138e-03,-1.402363014e-04,16.713364198
greedy40,40,2.142037e-03,-1.451759132e-04,16.713364198
greedy40,40,2.217505e-03,-1.502894731e-04,16.713364198
greedy40,40,2.295632e-03,-1.555831034e-04,16.713364198
greedy40,40,2.376511e-03,-1.610631420e-04,16.713364198
greedy40,40,2.460240e-03,-1.667361495e-04,16.713364198
greedy40,40,2.546918e-03,-1.726089173e-04,16.713364198
greedy40,40,2.636651e-03,-1.786884753e-04,16.713364198
greedy40,40,2.729545e-03,-1.849821008e-04,16.713364198
greedy40,40,2.825712e-03,-1.914973265e-04,16.713364198
greedy40,40,2.925266e-03,-1.982419502e-04,16.713364198
greedy40,40,3.028329e-03,-2.052240436e-04,16.713364198
greedy40,40,3.135022e-03,-2.124519621e-04,16.713364198
greedy40,40,3.245474e-03,-2.199343545e-04,16.713364198
greedy40,40,3.359818e-03,-2.276801736e-04,16.713364198
greedy40,40,3.478191e-03,-2.356986867e-04,16.713364198
greedy40,40,3.600733e-03,-2.439994866e-04,16.713364198
greedy40,40,3.727594e-03,-2.525925030e-04,16.713364198
greedy40,40,3.858923e-03,-2.614880144e-04,16.713364198
greedy40,40,3.994880e-03,-2.706966601e-04,16.713364198
greedy40,40,4.135627e-03,-2.802294530e-04,16.713364198
greedy40,40,4.281332e-03,-2.900977926e-04,16.713364198
greedy40,40,4.432171e-03,-3.003134785e-04,16.713364198
greedy40,40,4.588325e-03,-3.108887246e-04,16.713364198
greedy40,40,4.749979e-03,-3.218361732e-04,16.713364198
greedy40,40,4.917330e-03,-3.331689102e-04,16.713364198
greedy40,40,5.090576e-03,-3.449004808e-04,16.713364198
greedy40,40,5.269926e-03,-3.570449049e-04,16.713364198
greedy40,40,5.455595e-03,-3.696166946e-04,16.713364198
greedy40,40,5.647805e-03,-3.826308705e-04,16.713364198
greedy40,40,5.846787e-03,-3.961029799e-04,16.713364198
greedy40,40,6.052780e-03,-4.100491151e-04,16.713364198
greedy40,40,6.266030e-03,-4.244859324e-04,16.713364198
greedy40,40,6.486794e-03,-4.394306718e-04,16.713364198
greedy40,40,6.715335e-03,-4.549011772e-04,16.713364198
greedy40,40,6.951928e-03,-4.709159175e-04,16.713364198
greedy40,40,7.196857e-03,-4.874940084e-04,16.713364198
greedy40,40,7.450415e-03,-5.046552348e-04,16.713364198
greedy40,40,7.712906e-03,-5.224200744e-04,16.713364198
greedy40,40,7.984645e-03,-5.408097212e-04,16.713364198
greedy40,40,8.265959e-03,-5.598461110e-04,16.713364198
greedy40,40,8.557183e-03,-5.795519467e-04,16.713364198
greedy40,40,8.858668e-03,-5.999507253e-04,16.713364198
greedy40,40,9.170775e-03,-6.210667651e-04,16.713364198
greedy40,40,9.493877e-03,-6.429252344e-04,16.713364198
greedy40,40,9.828363e-03,-6.655521811e-04,16.713364198
greedy40,40,1.017463e-02,-6.889745627e-04,16.713364198
greedy40,40,1.053310e-02,-7.132202783e-04,16.713364198
greedy40,40,1.090420e-02,-7.383182007e-04,16.713364198
greedy40,40,1.128838e-02,-7.642982105e-04,16.713364198
greedy40,40,1.168609e-02,-7.911912307e-04,16.713364198
greedy40,40,1.209781e-02,-8.190292625e-04,16.713364198
greedy40,40,1.252404e-02,-8.478454230e-04,16.713364198
greedy40,40,1.296528e-02,-8.776739830e-04,16.713364198
greedy40,40,1.342207e-02,-9.085504075e-04,16.713364198
greedy40,40,1.389495e-02,-9.405113961e-04,16.713364198
greedy40,40,1.438450e-02,-9.735949258e-04,16.713364198
greedy40,40,1.489129e-02,-1.007840295e-03,16.713364198
greedy40,40,1.541594e-02,-1.043288168e-03,16.713364198
greedy40,40,1.595907e-02,-1.079980624e-03,16.713364198
greedy40,40,1.652133e-02,-1.117961203e-03,16.713364198
greedy40,40,1.710341e-02,-1.157274957e-03,16.713364198
greedy40,40,1.770599e-02,-1.197968501e-03,16.713364198
greedy40,40,1.832981e-02,-1.240090068e-03,16.713364198
greedy40,40,1.897560e-02,-1.283689563e-03,16.713364198
greedy40,40,1.964414e-02,-1.328818619e-03,16.713364198
greedy40,40,2.033624e-02,-1.375530659e-03,16.713364198
greedy40,40,2.105272e-02,-1.423880953e-03,16.713364198
greedy40,40,2.179445e-02,-1.473926683e-03,16.713364198
greedy40,40,2.256230e-02,-1.525727007e-03,16.713364198
greedy40,40,2.335721e-02,-1.579343126e-03,16.713364198
greedy40,40,2.418013e-02,-1.634838353e-03,16.713364198
greedy40,40,2.503204e-02,-1.692278186e-03,16.713364198
greedy40,40,2.591396e-02,-1.751730377e-03,16.713364198
greedy40,40,2.682696e-02,-1.813265014e-03,16.713364198
greedy40,40,2.777212e-02,-1.876954593e-03,16.713364198
greedy40,40,2.875058e-02,-1.942874105e-03,16.713364198
greedy40,40,2.976351e-02,-2.011101114e-03,16.713364198
greedy40,40,3.081214e-02,-2.081715847e-03,16.713364198
greedy40,40,3.189770e-02,-2.154801279e-03,16.713364198
greedy40,40,3.302151e-02,-2.230443228e-03,16.713364198
greedy40,40,3.418492e-02,-2.308730447e-03,16.713364198
greedy40,40,3.538932e-02,-2.389754721e-03,16.713364198
greedy40,40,3.663615e-02,-2.473610968e-03,16.713364198
greedy40,40,3.792690e-02,-2.560397344e-03,16.713364198
greedy40,40,3.926313e-02,-2.650215346e-03,16.713364198
greedy40,40,4.064644e-02,-2.743169920e-03,16.713364198
greedy40,40,4.207849e-02,-2.839369582e-03,16.713364198
greedy40,40,4.356099e-02,-2.938926525e-03,16.713364198
greedy40,40,4.509572e-02,-3.041956742e-03,16.713364198
greedy40,40,4.668452e-02,-3.148580151e-03,16.713364198
greedy40,40,4.832930e-02,-3.258920719e-03,16.713364198
greedy40,40,5.003203e-02,-3.373106593e-03,16.713364198
greedy40,40,5.179475e-02,-3.491270234e-03,16.713364198
greedy40,40,5.361957e-02,-3.613548554e-03,16.713364198
greedy40,40,5.550868e-02,-3.740083058e-03,16.713364198
greedy40,40,5.746435e-02,-3.871019990e-03,16.713364198
greedy40,40,5.948892e-02,-4.006510481e-03,16.713364198
greedy40,40,6.158482e-02,-4.146710706e-03,16.713364198
greedy40,40,6.375456e-02,-4.291782034e-03,16.713364198
greedy40,40,6.600075e-02,-4.441891198e-03,16.713364198
greedy40,40,6.832607e-02,-4.597210455e-03,16.713364198
greedy40,40,7.073332e-02,-4.757917758e-03,16.713364198
greedy40,40,7.322538e-02,-4.924196931e-03,16.713364198
greedy40,40,7.580524e-02,-5.096237845e-03,16.713364198
greedy40,40,7.847600e-02,-5.274236604e-03,16.713364198
greedy40,40,8.124085e-02,-5.458395729e-03,16.713364198
greedy40,40,8.410311e-02,-5.648924350e-03,16.713364198
greedy40,40,8.706621e-02,-5.846038403e-03,16.713364198
greedy40,40,9.013370e-02,-6.049960828e-03,16.713364198
greedy40,40,9.330927e-02,-6.260921775e-03,16.713364198
greedy40,40,9.659673e-02,-6.479158810e-03,16.713364198
greedy40,40,1.000000e-01,-6.704917129e-03,16.713364198
greedy40,40,1.035232e-01,-6.938449775e-03,16.713364198
greedy40,40,1.071705e-01,-7.180017855e-03,16.713364198
greedy40,40,1.109463e-01,-7.429890768e-03,16.713364198
greedy40,40,1.148551e-01,-7.688346431e-03,16.713364198
greedy40,40,1.189017e-01,-7.955671512e-03,16.713364198
greedy40,40,1.230908e-01,-8.232161660e-03,16.713364198
greedy40,40,1.274275e-01,-8.518121750e-03,16.713364198
greedy40,40,1.319170e-01,-8.813866117e-03,16.713364198
greedy40,40,1.365647e-01,-9.119718805e-03,16.713364198
greedy40,40,1.413761e-01,-9.436013807e-03,16.713364198
greedy40,40,1.463570e-01,-9.763095317e-03,16.713364198
greedy40,40,1.515134e-01,-1.010131798e-02,16.713364198
greedy40,40,1.568515e-01,-1.045104713e-02,16.713364198
greedy40,40,1.623777e-01,-1.081265906e-02,16.713364198
greedy40,40,1.680985e-01,-1.118654126e-02,16.713364198
greedy40,40,1.740209e-01,-1.157309268e-02,16.713364198
greedy40,40,1.801520e-01,-1.197272394e-02,16.713364198
greedy40,40,1.864991e-01,-1.238585765e-02,16.713364198
greedy40,40,1.930698e-01,-1.281292857e-02,16.713364198
greedy40,40,1.998720e-01,-1.325438392e-02,16.713364198
greedy40,40,2.069138e-01,-1.371068358e-02,16.713364198
greedy40,40,2.142037e-01,-1.418230033e-02,16.713364198
greedy40,40,2.217505e-01,-1.466972007e-02,16.713364198
greedy40,40,2.295632e-01,-1.517344205e-02,16.713364198
greedy40,40,2.376511e-01,-1.569397906e-02,16.713364198
greedy40,40,2.460240e-01,-1.623185764e-02,16.713364198
greedy40,40,2.546918e-01,-1.678761826e-02,16.713364198
greedy40,40,2.636651e-01,-1.736181548e-02,16.713364198
greedy40,40,2.729545e-01,-1.795501811e-02,16.713364198
greedy40,40,2.825712e-01,-1.856780938e-02,16.713364198
greedy40,40,2.925266e-01,-1.920078699e-02,16.713364198
greedy40,40,3.028329e-01,-1.985456327e-02,16.713364198
greedy40,40,3.135022e-01,-2.052976521e-02,16.713364198
greedy40,40,3.245474e-01,-2.122703451e-02,16.713364198
greedy40,40,3.359818e-01,-2.194702762e-02,16.713364198
greedy40,40,3.478191e-01,-2.269041567e-02,16.713364198
greedy40,40,3.600733e-01,-2.345788446e-02,16.713364198
greedy40,40,3.727594e-01,-2.425013431e-02,16.713364198
greedy40,40,3.858923e-01,-2.506787998e-02,16.713364198
greedy40,40,3.994880e-01,-2.591185042e-02,16.713364198
greedy40,40,4.135627e-01,-2.678278858e-02,16.713364198
greedy40,40,4.281332e-01,-2.768145106e-02,16.713364198
greedy40,40,4.432171e-01,-2.860860778e-02,16.713364198
greedy40,40,4.588325e-01,-2.956504152e-02,16.713364198
greedy40,40,4.749979e-01,-3.055154745e-02,16.713364198
greedy40,40,4.917330e-01,-3.156893252e-02,16.713364198
greedy40,40,5.090576e-01,-3.261801479e-02,16.713364198
greedy40,40,5.269926e-01,-3.369962266e-02,16.713364198
greedy40,40,5.455595e-01,-3.481459404e-02,16.713364198
greedy40,40,5.647805e-01,-3.596377532e-02,16.713364198
greedy40,40,5.846787e-01,-3.714802032e-02,16.713364198
greedy40,40,6.052780e-01,-3.836818906e-02,16.713364198
greedy40,40,6.266030e-01,-3.962514638e-02,16.713364198
greedy40,40,6.486794e-01,-4.091976049e-02,16.713364198
greedy40,40,6.715335e-01,-4.225290129e-02,16.713364198
greedy40,40,6.951928e-01,-4.362543852e-02,16.713364198
greedy40,40,7.196857e-01,-4.503823980e-02,16.713364198
greedy40,40,7.450415e-01,-4.649216844e-02,16.713364198
greedy40,40,7.712906e-01,-4.798808097e-02,16.713364198
greedy40,40,7.984645e-01,-4.952682463e-02,16.713364198
greedy40,40,8.265959e-01,-5.110923442e-02,16.713364198
greedy40,40,8.557183e-01,-5.273613005e-02,16.713364198
greedy40,40,8.858668e-01,-5.440831260e-02,16.713364198
greedy40,40,9.170775e-01,-5.612656080e-02,16.713364198
greedy40,40,9.493877e-01,-5.789162715e-02,16.713364198
greedy40,40,9.828363e-01,-5.970423364e-02,16.713364198
greedy40,40,1.017463e+00,-6.156506713e-02,16.713364198
greedy40,40,1.053310e+00,-6.347477442e-02,16.713364198
greedy40,40,1.090420e+00,-6.543395693e-02,16.713364198
greedy40,40,1.128838e+00,-6.744316491e-02,16.713364198
greedy40,40,1.168609e+00,-6.950289137e-02,16.713364198
greedy40,40,1.209781e+00,-7.161356541e-02,16.713364198
greedy40,40,1.252404e+00,-7.377554523e-02,16.713364198
greedy40,40,1.296528e+00,-7.598911051e-02,16.713364198
greedy40,40,1.342207e+00,-7.825445441e-02,16.713364198
greedy40,40,1.389495e+00,-8.057167493e-02,16.713364198
greedy40,40,1.438450e+00,-8.294076573e-02,16.713364198
greedy40,40,1.489129e+00,-8.536160640e-02,16.713364198
greedy40,40,1.541594e+00,-8.783395209e-02,16.713364198
greedy40,40,1.595907e+00,-9.035742244e-02,16.713364198
greedy40,40,1.652133e+00,-9.293148997e-02,16.713364198
greedy40,40,1.710341e+00,-9.555546766e-02,16.713364198
greedy40,40,1.770599e+00,-9.822849589e-02,16.713364198
greedy40,40,1.832981e+00,-1.009495286e-01,16.713364198
greedy40,40,1.897560e+00,-1.037173187e-01,16.713364198
greedy40,40,1.964414e+00,-1.065304029e-01,16.713364198
greedy40,40,2.033624e+00,-1.093870851e-01,16.713364198
greedy40,40,2.105272e+00,-1.122854200e-01,16.713364198
greedy40,40,2.179445e+00,-1.152231949e-01,16.713364198
greedy40,40,2.256230e+00,-1.181979112e-01,16.713364198
greedy40,40,2.335721e+00,-1.212067651e-01,16.713364198
greedy40,40,2.418013e+00,-1.242466272e-01,16.713364198
greedy40,40,2.503204e+00,-1.273140213e-01,16.713364198
greedy40,40,2.591396e+00,-1.304051026e-01,16.713364198
greedy40,40,2.682696e+00,-1.335156349e-01,16.713364198
greedy40,40,2.777212e+00,-1.366409674e-01,16.713364198
greedy40,40,2.875058e+00,-1.397760100e-01,16.713364198
greedy40,40,2.976351e+00,-1.429152087e-01,16.713364198
greedy40,40,3.081214e+00,-1.460525201e-01,16.713364198
greedy40,40,3.189770e+00,-1.491813852e-01,16.713364198
greedy40,40,3.302151e+00,-1.522947031e-01,16.713364198
greedy40,40,3.418492e+00,-1.553848037e-01,16.713364198
greedy40,40,3.538932e+00,-1.584434209e-01,16.713364198
greedy40,40,3.663615e+00,-1.614616652e-01,16.713364198
greedy40,40,3.792690e+00,-1.644299969e-01,16.713364198
greedy40,40,3.926313e+00,-1.673381984e-01,16.713364198
greedy40,40,4.064644e+00,-1.701753487e-01,16.713364198
greedy40,40,4.207849e+00,-1.729297966e-01,16.713364198
greedy40,40,4.356099e+00,-1.755891367e-01,16.713364198
greedy40,40,4.509572e+00,-1.781401857e-01,16.713364198
greedy40,40,4.668452e+00,-1.805689599e-01,16.713364198
greedy40,40,4.832930e+00,-1.828606558e-01,16.713364198
greedy40,40,5.003203e+00,-1.849996324e-01,16.713364198
greedy40,40,5.179475e+00,-1.869693963e-01,16.713364198
greedy40,40,5.361957e+00,-1.887525902e-01,16.713364198
greedy40,40,5.550868e+00,-1.903309859e-01,16.713364198
greedy40,40,5.746435e+00,-1.916854808e-01,16.713364198
greedy40,40,5.948892e+00,-1.927961006e-01,16.713364198
greedy40,40,6.158482e+00,-1.936420073e-01,16.713364198
greedy40,40,6.375456e+00,-1.942015144e-01,16.713364198
greedy40,40,6.600075e+00,-1.944521093e-01,16.713364198
greedy40,40,6.832607e+00,-1.943704851e-01,16.713364198
greedy40,40,7.073332e+00,-1.939325808e-01,16.713364198
greedy40,40,7.322538e+00,-1.931136341e-01,16.713364198
greedy40,40,7.580524e+00,-1.918882450e-01,16.713364198
greedy40,40,7.847600e+00,-1.902304538e-01,16.713364198
greedy40,40,8.124085e+00,-1.881138341e-01,16.713364198
greedy40,40,8.410311e+00,-1.855116028e-01,16.713364198
greedy40,40,8.706621e+00,-1.823967494e-01,16.713364198
greedy40,40,9.013370e+00,-1.787421868e-01,16.713364198
greedy40,40,9.330927e+00,-1.745209262e-01,16.713364198
greedy40,40,9.659673e+00,-1.697062798e-01,16.713364198
greedy40,40,1.000000e+01,-1.642720942e-01,16.713364198
greedy40,40,1.035232e+01,-1.581930210e-01,16.713364198
greedy40,40,1.071705e+01,-1.514448287e-01,16.713364198
greedy40,40,1.109463e+01,-1.440047648e-01,16.713364198
greedy40,40,1.148551e+01,-1.358519785e-01,16.713364198
greedy40,40,1.189017e+01,-1.269680154e-01,16.713364198
greedy40,40,1.230908e+01,-1.173374051e-01,16.713364198
greedy40,40,1.274275e+01,-1.069483659e-01,16.713364198
greedy40,40,1.319170e+01,-9.579366384e-02,16.713364198
greedy40,40,1.365647e+01,-8.387168137e-02,16.713364198
greedy40,40,1.413761e+01,-7.118777697e-02,16.713364198
greedy40,40,1.463570e+01,-5.775606629e-02,16.713364198
greedy40,40,1.515134e+01,-4.360183343e-02,16.713364198
greedy40,40,1.568515e+01,-2.876492609e-02,16.713364198
greedy40,40,1.623777e+01,-1.330475942e-02,16.713364198
greedy40,40,1.680985e+01,2.691904986e-03,16.713364198
greedy40,40,1.740209e+01,1.909809067e-02,16.713364198
greedy40,40,1.801520e+01,3.572374279e-02,16.713364198
greedy40,40,1.864991e+01,5.227171707e-02,16.713364198
greedy40,40,1.930698e+01,6.824436921e-02,16.713364198
greedy40,40,1.998720e+01,8.268000492e-02,16.713364198
greedy40,40,2.069138e+01,9.243789557e-02,16.713364198
greedy40,40,2.142037e+01,9.681549355e-02,16.713364198
greedy40,40,2.217505e+01,1.005451157e-01,16.713364198
greedy40,40,2.295632e+01,1.042768846e-01,16.713364198
greedy40,40,2.376511e+01,1.080952200e-01,16.713364198
greedy40,40,2.460240e+01,1.120250571e-01,16.713364198
greedy40,40,2.546918e+01,1.160781865e-01,16.713364198
greedy40,40,2.636651e+01,1.202622101e-01,16.713364198
greedy40,40,2.729545e+01,1.245830905e-01,16.713364198
greedy40,40,2.825712e+01,1.290460654e-01,16.713364198
greedy40,40,2.925266e+01,1.336560301e-01,16.713364198
greedy40,40,3.028329e+01,1.384177145e-01,16.713364198
greedy40,40,3.135022e+01,1.433357719e-01,16.713364198
greedy40,40,3.245474e+01,1.484148245e-01,16.713364198
greedy40,40,3.359818e+01,1.536594865e-01,16.713364198
greedy40,40,3.478191e+01,1.590743751e-01,16.713364198
greedy40,40,3.600733e+01,1.646641135e-01,16.713364198
greedy40,40,3.727594e+01,1.704333287e-01,16.713364198
greedy40,40,3.858923e+01,1.763866455e-01,16.713364198
greedy40,40,3.994880e+01,1.825286787e-01,16.713364198
greedy40,40,4.135627e+01,1.888640210e-01,16.713364198
greedy40,40,4.281332e+01,1.953972309e-01,16.713364198
greedy40,40,4.432171e+01,2.021328168e-01,16.713364198
greedy40,40,4.588325e+01,2.090752199e-01,16.713364198
greedy40,40,4.749979e+01,2.162287952e-01,16.713364198
greedy40,40,4.917330e+01,2.235977901e-01,16.713364198
greedy40,40,5.090576e+01,2.311863217e-01,16.713364198
greedy40,40,5.269926e+01,2.389983508e-01,16.713364198
greedy40,40,5.455595e+01,2.470376557e-01,16.713364198
greedy40,40,5.647805e+01,2.553078020e-01,16.713364198
greedy40,40,5.846787e+01,2.638121124e-01,16.713364198
greedy40,40,6.052780e+01,2.725536327e-01,16.713364198
greedy40,40,6.266030e+01,2.815350973e-01,16.713364198
greedy40,40,6.486794e+01,2.907588920e-01,16.713364198
greedy40,40,6.715335e+01,3.002270160e-01,16.713364198
greedy40,40,6.951928e+01,3.099410415e-01,16.713364198
greedy40,40,7.196857e+01,3.199020727e-01,16.713364198
greedy40,40,7.450415e+01,3.301107034e-01,16.713364198
greedy40,40,7.712906e+01,3.405669736e-01,16.713364198
greedy40,40,7.984645e+01,3.512703259e-01,16.713364198
greedy40,40,8.265959e+01,3.622195614e-01,16.713364198
greedy40,40,8.557183e+01,3.734127956e-01,16.713364198
greedy40,40,8.858668e+01,3.848474151e-01,16.713364198
greedy40,40,9.170775e+01,3.965200343e-01,16.713364198
greedy40,40,9.493877e+01,4.084264540e-01,16.713364198
greedy40,40,9.828363e+01,4.205616212e-01,16.713364198
greedy40,40,1.017463e+02,4.329195903e-01,16.713364198
greedy40,40,1.053310e+02,4.454934875e-01,16.713364198
greedy40,40,1.090420e+02,4.582754772e-01,16.713364198
greedy40,40,1.128838e+02,4.712567314e-01,16.713364198
greedy40,40,1.168609e+02,4.844274028e-01,16.713364198
greedy40,40,1.209781e+02,4.977766019e-01,16.713364198
greedy40,40,1.252404e+02,5.112923782e-01,16.713364198
greedy40,40,1.296528e+02,5.249617061e-01,16.713364198
greedy40,40,1.342207e+02,5.387704767e-01,16.713364198
greedy40,40,1.389495e+02,5.527034950e-01,16.713364198
greedy40,40,1.438450e+02,5.667444844e-01,16.713364198
greedy40,40,1.489129e+02,5.808760977e-01,16.713364198
greedy40,40,1.541594e+02,5.950799370e-01,16.713364198
greedy40,40,1.595907e+02,6.093365821e-01,16.713364198
greedy40,40,1.652133e+02,6.236256293e-01,16.713364198
greedy40,40,1.710341e+02,6.379257396e-01,16.713364198
greedy40,40,1.770599e+02,6.522147001e-01,16.713364198
greedy40,40,1.832981e+02,6.664694957e-01,16.713364198
greedy40,40,1.897560e+02,6.806663956e-01,16.713364198
greedy40,40,1.964414e+02,6.947810512e-01,16.713364198
greedy40,40,2.033624e+02,7.087886086e-01,16.713364198
greedy40,40,2.105272e+02,7.226638345e-01,16.713364198
greedy40,40,2.179445e+02,7.363812546e-01,16.713364198
greedy40,40,2.256230e+02,7.499153054e-01,16.713364198
greedy40,40,2.335721e+02,7.632404970e-01,16.713364198
greedy40,40,2.418013e+02,7.763315865e-01,16.713364198
greedy40,40,2.503204e+02,7.891637598e-01,16.713364198
greedy40,40,2.591396e+02,8.017128203e-01,16.713364198
greedy40,40,2.682696e+02,8.139553821e-01,16.713364198
greedy40,40,2.777212e+02,8.258690650e-01,16.713364198
greedy40,40,2.875058e+02,8.374326892e-01,16.713364198
greedy40,40,2.976351e+02,8.486264655e-01,16.713364198
greedy40,40,3.081214e+02,8.594321793e-01,16.713364198
greedy40,40,3.189770e+02,8.698333635e-01,16.713364198
greedy40,40,3.302151e+02,8.798154528e-01,16.713364198
greedy40,40,3.418492e+02,8.893658594e-01,16.713364198
greedy40,40,3.538932e+02,8.982312218e-01,16.713364198
greedy40,40,3.663615e+02,9.061449156e-01,16.713364198
greedy40,40,3.792690e+02,9.136872795e-01,16.713364198
greedy40,40,3.926313e+02,9.208554302e-01,16.713364198
greedy40,40,4.064644e+02,9.276477348e-01,16.713364198
greedy40,40,4.207849e+02,9.340641493e-01,16.713364198
greedy40,40,4.356099e+02,9.401062332e-01,16.713364198
greedy40,40,4.509572e+02,9.457771381e-01,16.713364198
greedy40,40,4.668452e+02,9.510815771e-01,16.713364198
greedy40,40,4.832930e+02,9.560257800e-01,16.713364198
greedy40,40,5.003203e+02,9.606174318e-01,16.713364198
greedy40,40,5.179475e+02,9.648655969e-01,16.713364198
greedy40,40,5.361957e+02,9.687806292e-01,16.713364198
greedy40,40,5.550868e+02,9.723740681e-01,16.713364198
greedy40,40,5.746435e+02,9.756585226e-01,16.713364198
greedy40,40,5.948892e+02,9.786475443e-01,16.713364198
greedy40,40,6.158482e+02,9.813554903e-01,16.713364198
greedy40,40,6.375456e+02,9.837973792e-01,16.713364198
greedy40,40,6.600075e+02,9.859887411e-01,16.713364198
greedy40,40,6.832607e+02,9.879454640e-01,16.713364198
greedy40,40,7.073332e+02,9.896836399e-01,16.713364198
greedy40,40,7.322538e+02,9.912194116e-01,16.713364198
greedy40,40,7.580524e+02,9.925688245e-01,16.713364198
greedy40,40,7.847600e+02,9.937476841e-01,16.713364198
greedy40,40,8.124085e+02,9.947714230e-01,16.713364198
greedy40,40,8.410311e+02,9.956549791e-01,16.713364198
greedy40,40,8.706621e+02,9.964126865e-01,16.713364198
greedy40,40,9.013370e+02,9.970581815e-01,16.713364198
greedy40,40,9.330927e+02,9.976043245e-01,16.713364198
greedy40,40,9.659673e+02,9.980631385e-01,16.713364198
greedy40,40,1.000000e+03,9.984457648e-01,16.713364198
rand25_55,25,1.000000e-03,8.753311697e-06,
rand25_55,25,1.035232e-03,9.061772361e-06,
rand25_55,25,1.071705e-03,9.381105369e-06,
rand25_55,25,1.109463e-03,9.711694114e-06,
rand25_55,25,1.148551e-03,1.005393552e-05,
rand25_55,25,1.189017e-03,1.040824051e-05,
rand25_55,25,1.230908e-03,1.077503454e-05,
rand25_55,25,1.274275e-03,1.115475806e-05,
rand25_55,25,1.319170e-03,1.154786707e-05,
rand25_55,25,1.365647e-03,1.195483369e-05,
rand25_55,25,1.413761e-03,1.237614669e-05,
rand25_55,25,1.463570e-03,1.281231211e-05,
rand25_55,25,1.515134e-03,1.326385386e-05,
rand25_55,25,1.568515e-03,1.373131436e-05,
rand25_55,25,1.623777e-03,1.421525518e-05,
rand25_55,25,1.680985e-03,1.471625771e-05,
rand25_55,25,1.740209e-03,1.523492393e-05,
rand25_55,25,1.801520e-03,1.577187702e-05,
rand25_55,25,1.864991e-03,1.632776225e-05,
rand25_55,25,1.930698e-03,1.690324764e-05,
rand25_55,25,1.998720e-03,1.749902484e-05,
rand25_55,25,2.069138e-03,1.811580995e-05,
rand25_55,25,2.142037e-03,1.875434437e-05,
rand25_55,25,2.217505e-03,1.941539573e-05,
rand25_55,25,2.295632e-03,2.009975879e-05,
rand25_55,25,2.376511e-03,2.080825641e-05,
rand25_55,25,2.460240e-03,2.154174057e-05,
rand25_55,25,2.546918e-03,2.230109337e-05,
rand25_55,25,2.636651e-03,2.308722812e-05,
rand25_55,25,2.729545e-03,2.390109044e-05,
rand25_55,25,2.825712e-03,2.474365943e-05,
rand25_55,25,2.925266e-03,2.561594882e-05,
rand25_55,25,3.028329e-03,2.651900824e-05,
rand25_55,25,3.135022e-03,2.745392448e-05,
rand25_55,25,3.245474e-03,2.842182281e-05,
rand25_55,25,3.359818e-03,2.942386835e-05,
rand25_55,25,3.478191e-03,3.046126749e-05,
rand25_55,25,3.600733e-03,3.153526937e-05,
rand25_55,25,3.727594e-03,3.264716739e-05,
rand25_55,25,3.858923e-03,3.379830079e-05,
rand25_55,25,3.994880e-03,3.499005630e-05,
rand25_55,25,4.135627e-03,3.622386980e-05,
rand25_55,25,4.281332e-03,3.750122811e-05,
rand25_55,25,4.432171e-03,3.882367080e-05,
rand25_55,25,4.588325e-03,4.019279205e-05,
rand25_55,25,4.749979e-03,4.161024264e-05,
rand25_55,25,4.917330e-03,4.307773193e-05,
rand25_55,25,5.090576e-03,4.459703000e-05,
rand25_55,25,5.269926e-03,4.616996980e-05,
rand25_55,25,5.455595e-03,4.779844940e-05,
rand25_55,25,5.647805e-03,4.948443432e-05,
rand25_55,25,5.846787e-03,5.122995998e-05,
rand25_55,25,6.052780e-03,5.303713416e-05,
rand25_55,25,6.266030e-03,5.490813964e-05,
rand25_55,25,6.486794e-03,5.684523685e-05,
rand25_55,25,6.715335e-03,5.885076671e-05,
rand25_55,25,6.951928e-03,6.092715349e-05,
rand25_55,25,7.196857e-03,6.307690782e-05,
rand25_55,25,7.450415e-03,6.530262981e-05,
rand25_55,25,7.712906e-03,6.760701227e-05,
rand25_55,25,7.984645e-03,6.999284402e-05,
rand25_55,25,8.265959e-03,7.246301343e-05,
rand25_55,25,8.557183e-03,7.502051195e-05,
rand25_55,25,8.858668e-03,7.766843785e-05,
rand25_55,25,9.170775e-03,8.041000012e-05,
rand25_55,25,9.493877e-03,8.324852245e-05,
rand25_55,25,9.828363e-03,8.618744739e-05,
rand25_55,25,1.017463e-02,8.923034069e-05,
rand25_55,25,1.053310e-02,9.238089573e-05,
rand25_55,25,1.090420e-02,9.564293820e-05,
rand25_55,25,1.128838e-02,9.902043092e-05,
rand25_55,25,1.168609e-02,1.025174788e-04,
rand25_55,25,1.209781e-02,1.061383341e-04,
rand25_55,25,1.252404e-02,1.098874016e-04,
rand25_55,25,1.296528e-02,1.137692445e-04,
rand25_55,25,1.342207e-02,1.177885901e-04,
rand25_55,25,1.389495e-02,1.219503356e-04,
rand25_55,25,1.438450e-02,1.262595546e-04,
rand25_55,25,1.489129e-02,1.307215035e-04,
rand25_55,25,1.541594e-02,1.353416282e-04,
rand25_55,25,1.595907e-02,1.401255711e-04,
rand25_55,25,1.652133e-02,1.450791784e-04,
rand25_55,25,1.710341e-02,1.502085075e-04,
rand25_55,25,1.770599e-02,1.555198351e-04,
rand25_55,25,1.832981e-02,1.610196650e-04,
rand25_55,25,1.897560e-02,1.667147366e-04,
rand25_55,25,1.964414e-02,1.726120340e-04,
rand25_55,25,2.033624e-02,1.787187948e-04,
rand25_55,25,2.105272e-02,1.850425193e-04,
rand25_55,25,2.179445e-02,1.915909812e-04,
rand25_55,25,2.256230e-02,1.983722369e-04,
rand25_55,25,2.335721e-02,2.053946367e-04,
rand25_55,25,2.418013e-02,2.126668357e-04,
rand25_55,25,2.503204e-02,2.201978051e-04,
rand25_55,25,2.591396e-02,2.279968444e-04,
rand25_55,25,2.682696e-02,2.360735938e-04,
rand25_55,25,2.777212e-02,2.444380471e-04,
rand25_55,25,2.875058e-02,2.531005649e-04,
rand25_55,25,2.976351e-02,2.620718890e-04,
rand25_55,25,3.081214e-02,2.713631567e-04,
rand25_55,25,3.189770e-02,2.809859158e-04,
rand25_55,25,3.302151e-02,2.909521408e-04,
rand25_55,25,3.418492e-02,3.012742490e-04,
rand25_55,25,3.538932e-02,3.119651177e-04,
rand25_55,25,3.663615e-02,3.230381018e-04,
rand25_55,25,3.792690e-02,3.345070527e-04,
rand25_55,25,3.926313e-02,3.463863372e-04,
rand25_55,25,4.064644e-02,3.586908578e-04,
rand25_55,25,4.207849e-02,3.714360739e-04,
rand25_55,25,4.356099e-02,3.846380233e-04,
rand25_55,25,4.509572e-02,3.983133448e-04,
rand25_55,25,4.668452e-02,4.124793025e-04,
rand25_55,25,4.832930e-02,4.271538103e-04,
rand25_55,25,5.003203e-02,4.423554574e-04,
rand25_55,25,5.179475e-02,4.581035357e-04,
rand25_55,25,5.361957e-02,4.744180676e-04,
rand25_55,25,5.550868e-02,4.913198353e-04,
rand25_55,25,5.746435e-02,5.088304118e-04,
rand25_55,25,5.948892e-02,5.269721922e-04,
rand25_55,25,6.158482e-02,5.457684274e-04,
rand25_55,25,6.375456e-02,5.652432590e-04,
rand25_55,25,6.600075e-02,5.854217555e-04,
rand25_55,25,6.832607e-02,6.063299503e-04,
rand25_55,25,7.073332e-02,6.279948816e-04,
rand25_55,25,7.322538e-02,6.504446335e-04,
rand25_55,25,7.580524e-02,6.737083798e-04,
rand25_55,25,7.847600e-02,6.978164291e-04,
rand25_55,25,8.124085e-02,7.228002721e-04,
rand25_55,25,8.410311e-02,7.486926316e-04,
rand25_55,25,8.706621e-02,7.755275142e-04,
rand25_55,25,9.013370e-02,8.033402642e-04,
rand25_55,25,9.330927e-02,8.321676211e-04,
rand25_55,25,9.659673e-02,8.620477787e-04,
rand25_55,25,1.000000e-01,8.930204474e-04,
rand25_55,25,1.035232e-01,9.251269194e-04,
rand25_55,25,1.071705e-01,9.584101371e-04,
rand25_55,25,1.109463e-01,9.929147646e-04,
rand25_55,25,1.148551e-01,1.028687263e-03,
rand25_55,25,1.189017e-01,1.065775968e-03,
rand25_55,25,1.230908e-01,1.104231173e-03,
rand25_55,25,1.274275e-01,1.144105217e-03,
rand25_55,25,1.319170e-01,1.185452572e-03,
rand25_55,25,1.365647e-01,1.228329940e-03,
rand25_55,25,1.413761e-01,1.272796353e-03,
rand25_55,25,1.463570e-01,1.318913274e-03,
rand25_55,25,1.515134e-01,1.366744713e-03,
rand25_55,25,1.568515e-01,1.416357338e-03,
rand25_55,25,1.623777e-01,1.467820593e-03,
rand25_55,25,1.680985e-01,1.521206833e-03,
rand25_55,25,1.740209e-01,1.576591450e-03,
rand25_55,25,1.801520e-01,1.634053016e-03,
rand25_55,25,1.864991e-01,1.693673429e-03,
rand25_55,25,1.930698e-01,1.755538069e-03,
rand25_55,25,1.998720e-01,1.819735958e-03,
rand25_55,25,2.069138e-01,1.886359932e-03,
rand25_55,25,2.142037e-01,1.955506819e-03,
rand25_55,25,2.217505e-01,2.027277630e-03,
rand25_55,25,2.295632e-01,2.101777751e-03,
rand25_55,25,2.376511e-01,2.179117158e-03,
rand25_55,25,2.460240e-01,2.259410631e-03,
rand25_55,25,2.546918e-01,2.342777985e-03,
rand25_55,25,2.636651e-01,2.429344312e-03,
rand25_55,25,2.729545e-01,2.519240236e-03,
rand25_55,25,2.825712e-01,2.612602178e-03,
rand25_55,25,2.925266e-01,2.709572640e-03,
rand25_55,25,3.028329e-01,2.810300498e-03,
rand25_55,25,3.135022e-01,2.914941315e-03,
rand25_55,25,3.245474e-01,3.023657665e-03,
rand25_55,25,3.359818e-01,3.136619479e-03,
rand25_55,25,3.478191e-01,3.254004409e-03,
rand25_55,25,3.600733e-01,3.375998203e-03,
rand25_55,25,3.727594e-01,3.502795107e-03,
rand25_55,25,3.858923e-01,3.634598288e-03,
rand25_55,25,3.994880e-01,3.771620273e-03,
rand25_55,25,4.135627e-01,3.914083415e-03,
rand25_55,25,4.281332e-01,4.062220382e-03,
rand25_55,25,4.432171e-01,4.216274673e-03,
rand25_55,25,4.588325e-01,4.376501154e-03,
rand25_55,25,4.749979e-01,4.543166628e-03,
rand25_55,25,4.917330e-01,4.716550432e-03,
rand25_55,25,5.090576e-01,4.896945065e-03,
rand25_55,25,5.269926e-01,5.084656843e-03,
rand25_55,25,5.455595e-01,5.280006596e-03,
rand25_55,25,5.647805e-01,5.483330389e-03,
rand25_55,25,5.846787e-01,5.694980290e-03,
rand25_55,25,6.052780e-01,5.915325167e-03,
rand25_55,25,6.266030e-01,6.144751532e-03,
rand25_55,25,6.486794e-01,6.383664421e-03,
rand25_55,25,6.715335e-01,6.632488317e-03,
rand25_55,25,6.951928e-01,6.891668125e-03,
rand25_55,25,7.196857e-01,7.161670183e-03,
rand25_55,25,7.450415e-01,7.442983335e-03,
rand25_55,25,7.712906e-01,7.736120037e-03,
rand25_55,25,7.984645e-01,8.041617536e-03,
rand25_55,25,8.265959e-01,8.360039087e-03,
rand25_55,25,8.557183e-01,8.691975236e-03,
rand25_55,25,8.858668e-01,9.038045156e-03,
rand25_55,25,9.170775e-01,9.398898046e-03,
rand25_55,25,9.493877e-01,9.775214598e-03,
rand25_55,25,9.828363e-01,1.016770851e-02,
rand25_55,25,1.017463e+00,1.057712810e-02,
rand25_55,25,1.053310e+00,1.100425795e-02,
rand25_55,25,1.090420e+00,1.144992061e-02,
rand25_55,25,1.128838e+00,1.191497847e-02,
rand25_55,25,1.168609e+00,1.240033556e-02,
rand25_55,25,1.209781e+00,1.290693955e-02,
rand25_55,25,1.252404e+00,1.343578373e-02,
rand25_55,25,1.296528e+00,1.398790914e-02,
rand25_55,25,1.342207e+00,1.456440674e-02,
rand25_55,25,1.389495e+00,1.516641963e-02,
rand25_55,25,1.438450e+00,1.579514541e-02,
rand25_55,25,1.489129e+00,1.645183858e-02,
rand25_55,25,1.541594e+00,1.713781297e-02,
rand25_55,25,1.595907e+00,1.785444434e-02,
rand25_55,25,1.652133e+00,1.860317294e-02,
rand25_55,25,1.710341e+00,1.938550623e-02,
rand25_55,25,1.770599e+00,2.020302155e-02,
rand25_55,25,1.832981e+00,2.105736897e-02,
rand25_55,25,1.897560e+00,2.195027405e-02,
rand25_55,25,1.964414e+00,2.288354074e-02,
rand25_55,25,2.033624e+00,2.385905424e-02,
rand25_55,25,2.105272e+00,2.487878387e-02,
rand25_55,25,2.179445e+00,2.594478596e-02,
rand25_55,25,2.256230e+00,2.705920668e-02,
rand25_55,25,2.335721e+00,2.822428479e-02,
rand25_55,25,2.418013e+00,2.944235438e-02,
rand25_55,25,2.503204e+00,3.071584742e-02,
rand25_55,25,2.591396e+00,3.204729615e-02,
rand25_55,25,2.682696e+00,3.343933533e-02,
rand25_55,25,2.777212e+00,3.489470417e-02,
rand25_55,25,2.875058e+00,3.641624792e-02,
rand25_55,25,2.976351e+00,3.800691913e-02,
rand25_55,25,3.081214e+00,3.966977838e-02,
rand25_55,25,3.189770e+00,4.140799441e-02,
rand25_55,25,3.302151e+00,4.322484358e-02,
rand25_55,25,3.418492e+00,4.512370848e-02,
rand25_55,25,3.538932e+00,4.710807552e-02,
rand25_55,25,3.663615e+00,4.918153143e-02,
rand25_55,25,3.792690e+00,5.134775829e-02,
rand25_55,25,3.926313e+00,5.361052702e-02,
rand25_55,25,4.064644e+00,5.597368908e-02,
rand25_55,25,4.207849e+00,5.844116600e-02,
rand25_55,25,4.356099e+00,6.101693661e-02,
rand25_55,25,4.509572e+00,6.370502170e-02,
rand25_55,25,4.668452e+00,6.650946587e-02,
rand25_55,25,4.832930e+00,6.943431654e-02,
rand25_55,25,5.003203e+00,7.248360014e-02,
rand25_55,25,5.179475e+00,7.566129593e-02,
rand25_55,25,5.361957e+00,7.897130805e-02,
rand25_55,25,5.550868e+00,8.241743722e-02,
rand25_55,25,5.746435e+00,8.600335390e-02,
rand25_55,25,5.948892e+00,8.973257580e-02,
rand25_55,25,6.158482e+00,9.360845318e-02,
rand25_55,25,6.375456e+00,9.763416597e-02,
rand25_55,25,6.600075e+00,1.018127370e-01,
rand25_55,25,6.832607e+00,1.061470642e-01,
rand25_55,25,7.073332e+00,1.106399741e-01,
rand25_55,25,7.322538e+00,1.152942929e-01,
rand25_55,25,7.580524e+00,1.201129313e-01,
rand25_55,25,7.847600e+00,1.250989724e-01,
rand25_55,25,8.124085e+00,1.302557516e-01,
rand25_55,25,8.410311e+00,1.355869173e-01,
rand25_55,25,8.706621e+00,1.410964636e-01,
rand25_55,25,9.013370e+00,1.467887323e-01,
rand25_55,25,9.330927e+00,1.526683857e-01,
rand25_55,25,9.659673e+00,1.587403561e-01,
rand25_55,25,1.000000e+01,1.650097804e-01,
rand25_55,25,1.035232e+01,1.714819265e-01,
rand25_55,25,1.071705e+01,1.781621199e-01,
rand25_55,25,1.109463e+01,1.850556730e-01,
rand25_55,25,1.148551e+01,1.921678207e-01,
rand25_55,25,1.189017e+01,1.995036623e-01,
rand25_55,25,1.230908e+01,2.070681096e-01,
rand25_55,25,1.274275e+01,2.148658399e-01,
rand25_55,25,1.319170e+01,2.229012530e-01,
rand25_55,25,1.365647e+01,2.311784306e-01,
rand25_55,25,1.413761e+01,2.397010977e-01,
rand25_55,25,1.463570e+01,2.484725845e-01,
rand25_55,25,1.515134e+01,2.574957887e-01,
rand25_55,25,1.568515e+01,2.667731376e-01,
rand25_55,25,1.623777e+01,2.763065497e-01,
rand25_55,25,1.680985e+01,2.860973964e-01,
rand25_55,25,1.740209e+01,2.961464623e-01,
rand25_55,25,1.801520e+01,3.064539062e-01,
rand25_55,25,1.864991e+01,3.170192211e-01,
rand25_55,25,1.930698e+01,3.278411953e-01,
rand25_55,25,1.998720e+01,3.389178727e-01,
rand25_55,25,2.069138e+01,3.502465153e-01,
rand25_55,25,2.142037e+01,3.618235654e-01,
rand25_55,25,2.217505e+01,3.736446102e-01,
rand25_55,25,2.295632e+01,3.857043483e-01,
rand25_55,25,2.376511e+01,3.979965583e-01,
rand25_55,25,2.460240e+01,4.105140706e-01,
rand25_55,25,2.546918e+01,4.232487423e-01,
rand25_55,25,2.636651e+01,4.361914367e-01,
rand25_55,25,2.729545e+01,4.493320069e-01,
rand25_55,25,2.825712e+01,4.626592846e-01,
rand25_55,25,2.925266e+01,4.761610749e-01,
rand25_55,25,3.028329e+01,4.898241577e-01,
rand25_55,25,3.135022e+01,5.036342955e-01,
rand25_55,25,3.245474e+01,5.175762491e-01,
rand25_55,25,3.359818e+01,5.316338018e-01,
rand25_55,25,3.478191e+01,5.457897907e-01,
rand25_55,25,3.600733e+01,5.600261484e-01,
rand25_55,25,3.727594e+01,5.743239525e-01,
rand25_55,25,3.858923e+01,5.886634843e-01,
rand25_55,25,3.994880e+01,6.030242967e-01,
rand25_55,25,4.135627e+01,6.173852908e-01,
rand25_55,25,4.281332e+01,6.317248004e-01,
rand25_55,25,4.432171e+01,6.460206845e-01,
rand25_55,25,4.588325e+01,6.602504268e-01,
rand25_55,25,4.749979e+01,6.743912421e-01,
rand25_55,25,4.917330e+01,6.884201877e-01,
rand25_55,25,5.090576e+01,7.023142799e-01,
rand25_55,25,5.269926e+01,7.160506145e-01,
rand25_55,25,5.455595e+01,7.296064901e-01,
rand25_55,25,5.647805e+01,7.429595340e-01,
rand25_55,25,5.846787e+01,7.560878293e-01,
rand25_55,25,6.052780e+01,7.689700425e-01,
rand25_55,25,6.266030e+01,7.815855512e-01,
rand25_55,25,6.486794e+01,7.939145705e-01,
rand25_55,25,6.715335e+01,8.059382771e-01,
rand25_55,25,6.951928e+01,8.176389307e-01,
rand25_55,25,7.196857e+01,8.289999908e-01,
rand25_55,25,7.450415e+01,8.400062277e-01,
rand25_55,25,7.712906e+01,8.506438271e-01,
rand25_55,25,7.984645e+01,8.609004851e-01,
rand25_55,25,8.265959e+01,8.707654936e-01,
rand25_55,25,8.557183e+01,8.802298136e-01,
rand25_55,25,8.858668e+01,8.892861351e-01,
rand25_55,25,9.170775e+01,8.979289224e-01,
rand25_55,25,9.493877e+01,9.061544430e-01,
rand25_55,25,9.828363e+01,9.139607812e-01,
rand25_55,25,1.017463e+02,9.213478328e-01,
rand25_55,25,1.053310e+02,9.283172846e-01,
rand25_55,25,1.090420e+02,9.348725758e-01,
rand25_55,25,1.128838e+02,9.410188439e-01,
rand25_55,25,1.168609e+02,9.467628553e-01,
rand25_55,25,1.209781e+02,9.521129225e-01,
rand25_55,25,1.252404e+02,9.570788076e-01,
rand25_55,25,1.296528e+02,9.616716154e-01,
rand25_55,25,1.342207e+02,9.659036769e-01,
rand25_55,25,1.389495e+02,9.697884234e-01,
rand25_55,25,1.438450e+02,9.733402544e-01,
rand25_55,25,1.489129e+02,9.765744004e-01,
rand25_55,25,1.541594e+02,9.795067799e-01,
rand25_55,25,1.595907e+02,9.821538555e-01,
rand25_55,25,1.652133e+02,9.845324870e-01,
rand25_55,25,1.710341e+02,9.866597855e-01,
rand25_55,25,1.770599e+02,9.885529689e-01,
rand25_55,25,1.832981e+02,9.902292203e-01,
rand25_55,25,1.897560e+02,9.917055515e-01,
rand25_55,25,1.964414e+02,9.929986732e-01,
rand25_55,25,2.033624e+02,9.941248726e-01,
rand25_55,25,2.105272e+02,9.950999023e-01,
rand25_55,25,2.179445e+02,9.959388790e-01,
rand25_55,25,2.256230e+02,9.966561961e-01,
rand25_55,25,2.335721e+02,9.972654494e-01,
rand25_55,25,2.418013e+02,9.977793785e-01,
rand25_55,25,2.503204e+02,9.982098225e-01,
rand25_55,25,2.591396e+02,9.985676915e-01,
rand25_55,25,2.682696e+02,9.988629540e-01,
rand25_55,25,2.777212e+02,9.991046378e-01,
rand25_55,25,2.875058e+02,9.993008461e-01,
rand25_55,25,2.976351e+02,9.994587848e-01,
rand25_55,25,3.081214e+02,9.995848012e-01,
rand25_55,25,3.189770e+02,9.996844328e-01,
rand25_55,25,3.302151e+02,9.997624617e-01,
rand25_55,25,3.418492e+02,9.998229757e-01,
rand25_55,25,3.538932e+02,9.998694323e-01,
rand25_55,25,3.663615e+02,9.999047241e-01,
rand25_55,25,3.792690e+02,9.999312440e-01,
rand25_55,25,3.926313e+02,9.999509490e-01,
rand25_55,25,4.064644e+02,9.999654204e-01,
rand25_55,25,4.207849e+02,9.999759208e-01,
rand25_55,25,4.356099e+02,9.999834450e-01,
rand25_55,25,4.509572e+02,9.999887674e-01,
rand25_55,25,4.668452e+02,9.999924820e-01,
rand25_55,25,4.832930e+02,9.999950389e-01,
rand25_55,25,5.003203e+02,9.999967738e-01,
rand25_55,25,5.179475e+02,9.999979336e-01,
rand25_55,25,5.361957e+02,9.999986970e-01,
rand25_55,25,5.550868e+02,9.999991917e-01,
rand25_55,25,5.746435e+02,9.999995069e-01,
rand25_55,25,5.948892e+02,9.999997044e-01,
rand25_55,25,6.158482e+02,9.999998259e-01,
rand25_55,25,6.375456e+02,9.999998994e-01,
rand25_55,25,6.600075e+02,9.999999430e-01,
rand25_55,25,6.832607e+02,9.999999683e-01,
rand25_55,25,7.073332e+02,9.999999828e-01,
rand25_55,25,7.322538e+02,9.999999908e-01,
rand25_55,25,7.580524e+02,9.999999952e-01,
rand25_55,25,7.847600e+02,9.999999976e-01,
rand25_55,25,8.124085e+02,9.999999988e-01,
rand25_55,25,8.410311e+02,9.999999994e-01,
rand25_55,25,8.706621e+02,9.999999997e-01,
rand25_55,25,9.013370e+02,9.999999999e-01,
rand25_55,25,9.330927e+02,9.999999999e-01,
rand25_55,25,9.659673e+02,1.000000000e+00,
rand25_55,25,1.000000e+03,1.000000000e+00,
rand40_71,40,1.000000e-03,-1.430561637e-06,0.274464288
rand40_71,40,1.035232e-03,-1.480754362e-06,0.274464288
rand40_71,40,1.071705e-03,-1.532700523e-06,0.274464288
rand40_71,40,1.109463e-03,-1.586460822e-06,0.274464288
rand40_71,40,1.148551e-03,-1.642098030e-06,0.274464288
rand40_71,40,1.189017e-03,-1.699677040e-06,0.274464288
rand40_71,40,1.230908e-03,-1.759264950e-06,0.274464288
rand40_71,40,1.274275e-03,-1.820931123e-06,0.274464288
rand40_71,40,1.319170e-03,-1.884747267e-06,0.274464288
rand40_71,40,1.365647e-03,-1.950787507e-06,0.274464288
rand40_71,40,1.413761e-03,-2.019128462e-06,0.274464288
rand40_71,40,1.463570e-03,-2.089849331e-06,0.274464288
rand40_71,40,1.515134e-03,-2.163031966e-06,0.274464288
rand40_71,40,1.568515e-03,-2.238760954e-06,0.274464288
rand40_71,40,1.623777e-03,-2.317123722e-06,0.274464288
rand40_71,40,1.680985e-03,-2.398210604e-06,0.274464288
rand40_71,40,1.740209e-03,-2.482114942e-06,0.274464288
rand40_71,40,1.801520e-03,-2.568933180e-06,0.274464288
rand40_71,40,1.864991e-03,-2.658764956e-06,0.274464288
rand40_71,40,1.930698e-03,-2.751713204e-06,0.274464288
rand40_71,40,1.998720e-03,-2.847884251e-06,0.274464288
rand40_71,40,2.069138e-03,-2.947387921e-06,0.274464288
rand40_71,40,2.142037e-03,-3.050337642e-06,0.274464288
rand40_71,40,2.217505e-03,-3.156850554e-06,0.274464288
rand40_71,40,2.295632e-03,-3.267047619e-06,0.274464288
rand40_71,40,2.376511e-03,-3.381053726e-06,0.274464288
rand40_71,40,2.460240e-03,-3.498997824e-06,0.274464288
rand40_71,40,2.546918e-03,-3.621013018e-06,0.274464288
rand40_71,40,2.636651e-03,-3.747236710e-06,0.274464288
rand40_71,40,2.729545e-03,-3.877810701e-06,0.274464288
rand40_71,40,2.825712e-03,-4.012881334e-06,0.274464288
rand40_71,40,2.925266e-03,-4.152599606e-06,0.274464288
rand40_71,40,3.028329e-03,-4.297121304e-06,0.274464288
rand40_71,40,3.135022e-03,-4.446607135e-06,0.274464288
rand40_71,40,3.245474e-03,-4.601222860e-06,0.274464288
rand40_71,40,3.359818e-03,-4.761139424e-06,0.274464288
rand40_71,40,3.478191e-03,-4.926533096e-06,0.274464288
rand40_71,40,3.600733e-03,-5.097585602e-06,0.274464288
rand40_71,40,3.727594e-03,-5.274484272e-06,0.274464288
rand40_71,40,3.858923e-03,-5.457422170e-06,0.274464288
rand40_71,40,3.994880e-03,-5.646598248e-06,0.274464288
rand40_71,40,4.135627e-03,-5.842217464e-06,0.274464288
rand40_71,40,4.281332e-03,-6.044490953e-06,0.274464288
rand40_71,40,4.432171e-03,-6.253636147e-06,0.274464288
rand40_71,40,4.588325e-03,-6.469876922e-06,0.274464288
rand40_71,40,4.749979e-03,-6.693443744e-06,0.274464288
rand40_71,40,4.917330e-03,-6.924573803e-06,0.274464288
rand40_71,40,5.090576e-03,-7.163511147e-06,0.274464288
rand40_71,40,5.269926e-03,-7.410506823e-06,0.274464288
rand40_71,40,5.455595e-03,-7.665819012e-06,0.274464288
rand40_71,40,5.647805e-03,-7.929713150e-06,0.274464288
rand40_71,40,5.846787e-03,-8.202462057e-06,0.274464288
rand40_71,40,6.052780e-03,-8.484346057e-06,0.274464288
rand40_71,40,6.266030e-03,-8.775653089e-06,0.274464288
rand40_71,40,6.486794e-03,-9.076678826e-06,0.274464288
rand40_71,40,6.715335e-03,-9.387726755e-06,0.274464288
rand40_71,40,6.951928e-03,-9.709108290e-06,0.274464288
rand40_71,40,7.196857e-03,-1.004114284e-05,0.274464288
rand40_71,40,7.450415e-03,-1.038415787e-05,0.274464288
rand40_71,40,7.712906e-03,-1.073848900e-05,0.274464288
rand40_71,40,7.984645e-03,-1.110447999e-05,0.274464288
rand40_71,40,8.265959e-03,-1.148248282e-05,0.274464288
rand40_71,40,8.557183e-03,-1.187285767e-05,0.274464288
rand40_71,40,8.858668e-03,-1.227597292e-05,0.274464288
rand40_71,40,9.170775e-03,-1.269220512e-05,0.274464288
rand40_71,40,9.493877e-03,-1.312193895e-05,0.274464288
rand40_71,40,9.828363e-03,-1.356556712e-05,0.274464288
rand40_71,40,1.017463e-02,-1.402349027e-05,0.274464288
rand40_71,40,1.053310e-02,-1.449611685e-05,0.274464288
rand40_71,40,1.090420e-02,-1.498386289e-05,0.274464288
rand40_71,40,1.128838e-02,-1.548715187e-05,0.274464288
rand40_71,40,1.168609e-02,-1.600641440e-05,0.274464288
rand40_71,40,1.209781e-02,-1.654208797e-05,0.274464288
rand40_71,40,1.252404e-02,-1.709461656e-05,0.274464288
rand40_71,40,1.296528e-02,-1.766445028e-05,0.274464288
rand40_71,40,1.342207e-02,-1.825204488e-05,0.274464288
rand40_71,40,1.389495e-02,-1.885786126e-05,0.274464288
rand40_71,40,1.438450e-02,-1.948236485e-05,0.274464288
rand40_71,40,1.489129e-02,-2.012602498e-05,0.274464288
rand40_71,40,1.541594e-02,-2.078931408e-05,0.274464288
rand40_71,40,1.595907e-02,-2.147270690e-05,0.274464288
rand40_71,40,1.652133e-02,-2.217667957e-05,0.274464288
rand40_71,40,1.710341e-02,-2.290170855e-05,0.274464288
rand40_71,40,1.770599e-02,-2.364826948e-05,0.274464288
rand40_71,40,1.832981e-02,-2.441683595e-05,0.274464288
rand40_71,40,1.897560e-02,-2.520787808e-05,0.274464288
rand40_71,40,1.964414e-02,-2.602186100e-05,0.274464288
rand40_71,40,2.033624e-02,-2.685924312e-05,0.274464288
rand40_71,40,2.105272e-02,-2.772047435e-05,0.274464288
rand40_71,40,2.179445e-02,-2.860599400e-05,0.274464288
rand40_71,40,2.256230e-02,-2.951622861e-05,0.274464288
rand40_71,40,2.335721e-02,-3.045158949e-05,0.274464288
rand40_71,40,2.418013e-02,-3.141247011e-05,0.274464288
rand40_71,40,2.503204e-02,-3.239924316e-05,0.274464288
rand40_71,40,2.591396e-02,-3.341225747e-05,0.274464288
rand40_71,40,2.682696e-02,-3.445183454e-05,0.274464288
rand40_71,40,2.777212e-02,-3.551826485e-05,0.274464288
rand40_71,40,2.875058e-02,-3.661180383e-05,0.274464288
rand40_71,40,2.976351e-02,-3.773266745e-05,0.274464288
rand40_71,40,3.081214e-02,-3.888102753e-05,0.274464288
rand40_71,40,3.189770e-02,-4.005700651e-05,0.274464288
rand40_71,40,3.302151e-02,-4.126067200e-05,0.274464288
rand40_71,40,3.418492e-02,-4.249203065e-05,0.274464288
rand40_71,40,3.538932e-02,-4.375102171e-05,0.274464288
rand40_71,40,3.663615e-02,-4.503750994e-05,0.274464288
rand40_71,40,3.792690e-02,-4.635127808e-05,0.274464288
rand40_71,40,3.926313e-02,-4.769201858e-05,0.274464288
rand40_71,40,4.064644e-02,-4.905932483e-05,0.274464288
rand40_71,40,4.207849e-02,-5.045268155e-05,0.274464288
rand40_71,40,4.356099e-02,-5.187145460e-05,0.274464288
rand40_71,40,4.509572e-02,-5.331487983e-05,0.274464288
rand40_71,40,4.668452e-02,-5.478205125e-05,0.274464288
rand40_71,40,4.832930e-02,-5.627190818e-05,0.274464288
rand40_71,40,5.003203e-02,-5.778322145e-05,0.274464288
rand40_71,40,5.179475e-02,-5.931457864e-05,0.274464288
rand40_71,40,5.361957e-02,-6.086436812e-05,0.274464288
rand40_71,40,5.550868e-02,-6.243076195e-05,0.274464288
rand40_71,40,5.746435e-02,-6.401169755e-05,0.274464288
rand40_71,40,5.948892e-02,-6.560485801e-05,0.274464288
rand40_71,40,6.158482e-02,-6.720765089e-05,0.274464288
rand40_71,40,6.375456e-02,-6.881718562e-05,0.274464288
rand40_71,40,6.600075e-02,-7.043024920e-05,0.274464288
rand40_71,40,6.832607e-02,-7.204328014e-05,0.274464288
rand40_71,40,7.073332e-02,-7.365234059e-05,0.274464288
rand40_71,40,7.322538e-02,-7.525308649e-05,0.274464288
rand40_71,40,7.580524e-02,-7.684073559e-05,0.274464288
rand40_71,40,7.847600e-02,-7.841003331e-05,0.274464288
rand40_71,40,8.124085e-02,-7.995521613e-05,0.274464288
rand40_71,40,8.410311e-02,-8.146997249e-05,0.274464288
rand40_71,40,8.706621e-02,-8.294740105e-05,0.274464288
rand40_71,40,9.013370e-02,-8.437996601e-05,0.274464288
rand40_71,40,9.330927e-02,-8.575944946e-05,0.274464288
rand40_71,40,9.659673e-02,-8.707690047e-05,0.274464288
rand40_71,40,1.000000e-01,-8.832258080e-05,0.274464288
rand40_71,40,1.035232e-01,-8.948590696e-05,0.274464288
rand40_71,40,1.071705e-01,-9.055538842e-05,0.274464288
rand40_71,40,1.109463e-01,-9.151856177e-05,0.274464288
rand40_71,40,1.148551e-01,-9.236192054e-05,0.274464288
rand40_71,40,1.189017e-01,-9.307084046e-05,0.274464288
rand40_71,40,1.230908e-01,-9.362949993e-05,0.274464288
rand40_71,40,1.274275e-01,-9.402079526e-05,0.274464288
rand40_71,40,1.319170e-01,-9.422625065e-05,0.274464288
rand40_71,40,1.365647e-01,-9.422592236e-05,0.274464288
rand40_71,40,1.413761e-01,-9.399829685e-05,0.274464288
rand40_71,40,1.463570e-01,-9.352018263e-05,0.274464288
rand40_71,40,1.515134e-01,-9.276659534e-05,0.274464288
rand40_71,40,1.568515e-01,-9.171063573e-05,0.274464288
rand40_71,40,1.623777e-01,-9.032336028e-05,0.274464288
rand40_71,40,1.680985e-01,-8.857364390e-05,0.274464288
rand40_71,40,1.740209e-01,-8.642803439e-05,0.274464288
rand40_71,40,1.801520e-01,-8.385059828e-05,0.274464288
rand40_71,40,1.864991e-01,-8.080275748e-05,0.274464288
rand40_71,40,1.930698e-01,-7.724311648e-05,0.274464288
rand40_71,40,1.998720e-01,-7.312727943e-05,0.274464288
rand40_71,40,2.069138e-01,-6.840765675e-05,0.274464288
rand40_71,40,2.142037e-01,-6.303326082e-05,0.274464288
rand40_71,40,2.217505e-01,-5.694949006e-05,0.274464288
rand40_71,40,2.295632e-01,-5.009790108e-05,0.274464288
rand40_71,40,2.376511e-01,-4.241596829e-05,0.274464288
rand40_71,40,2.460240e-01,-3.383683042e-05,0.274464288
rand40_71,40,2.546918e-01,-2.428902345e-05,0.274464288
rand40_71,40,2.636651e-01,-1.369619939e-05,0.274464288
rand40_71,40,2.729545e-01,-1.976830364e-06,0.274464288
rand40_71,40,2.825712e-01,1.095610259e-05,0.274464288
rand40_71,40,2.925266e-01,2.519543648e-05,0.274464288
rand40_71,40,3.028329e-01,4.084016970e-05,0.274464288
rand40_71,40,3.135022e-01,5.799582222e-05,0.274464288
rand40_71,40,3.245474e-01,7.677481321e-05,0.274464288
rand40_71,40,3.359818e-01,9.729685653e-05,0.274464288
rand40_71,40,3.478191e-01,1.196893747e-04,0.274464288
rand40_71,40,3.600733e-01,1.440879317e-04,0.274464288
rand40_71,40,3.727594e-01,1.706366849e-04,0.274464288
rand40_71,40,3.858923e-01,1.994888570e-04,0.274464288
rand40_71,40,3.994880e-01,2.308072279e-04,0.274464288
rand40_71,40,4.135627e-01,2.647646462e-04,0.274464288
rand40_71,40,4.281332e-01,3.015445629e-04,0.274464288
rand40_71,40,4.432171e-01,3.413415839e-04,0.274464288
rand40_71,40,4.588325e-01,3.843620446e-04,0.274464288
rand40_71,40,4.749979e-01,4.308246052e-04,0.274464288
rand40_71,40,4.917330e-01,4.809608660e-04,0.274464288
rand40_71,40,5.090576e-01,5.350160045e-04,0.274464288
rand40_71,40,5.269926e-01,5.932494314e-04,0.274464288
rand40_71,40,5.455595e-01,6.559354678e-04,0.274464288
rand40_71,40,5.647805e-01,7.233640408e-04,0.274464288
rand40_71,40,5.846787e-01,7.958413979e-04,0.274464288
rand40_71,40,6.052780e-01,8.736908398e-04,0.274464288
rand40_71,40,6.266030e-01,9.572534696e-04,0.274464288
rand40_71,40,6.486794e-01,1.046888958e-03,0.274464288
rand40_71,40,6.715335e-01,1.142976321e-03,0.274464288
rand40_71,40,6.951928e-01,1.245914717e-03,0.274464288
rand40_71,40,7.196857e-01,1.356124248e-03,0.274464288
rand40_71,40,7.450415e-01,1.474046771e-03,0.274464288
rand40_71,40,7.712906e-01,1.600146728e-03,0.274464288
rand40_71,40,7.984645e-01,1.734911967e-03,0.274464288
rand40_71,40,8.265959e-01,1.878854583e-03,0.274464288
rand40_71,40,8.557183e-01,2.032511745e-03,0.274464288
rand40_71,40,8.858668e-01,2.196446540e-03,0.274464288
rand40_71,40,9.170775e-01,2.371248805e-03,0.274464288
rand40_71,40,9.493877e-01,2.557535961e-03,0.274464288
rand40_71,40,9.828363e-01,2.755953841e-03,0.274464288
rand40_71,40,1.017463e+00,2.967177515e-03,0.274464288
rand40_71,40,1.053310e+00,3.191912111e-03,0.274464288
rand40_71,40,1.090420e+00,3.430893624e-03,0.274464288
rand40_71,40,1.128838e+00,3.684889729e-03,0.274464288
rand40_71,40,1.168609e+00,3.954700586e-03,0.274464288
rand40_71,40,1.209781e+00,4.241159646e-03,0.274464288
rand40_71,40,1.252404e+00,4.545134455e-03,0.274464288
rand40_71,40,1.296528e+00,4.867527477e-03,0.274464288
rand40_71,40,1.342207e+00,5.209276916e-03,0.274464288
rand40_71,40,1.389495e+00,5.571357569e-03,0.274464288
rand40_71,40,1.438450e+00,5.954781702e-03,0.274464288
rand40_71,40,1.489129e+00,6.360599963e-03,0.274464288
rand40_71,40,1.541594e+00,6.789902349e-03,0.274464288
rand40_71,40,1.595907e+00,7.243819227e-03,0.274464288
rand40_71,40,1.652133e+00,7.723522426e-03,0.274464288
rand40_71,40,1.710341e+00,8.230226424e-03,0.274464288
rand40_71,40,1.770599e+00,8.765189617e-03,0.274464288
rand40_71,40,1.832981e+00,9.329715710e-03,0.274464288
rand40_71,40,1.897560e+00,9.925155225e-03,0.274464288
rand40_71,40,1.964414e+00,1.055290713e-02,0.274464288
rand40_71,40,2.033624e+00,1.121442064e-02,0.274464288
rand40_71,40,2.105272e+00,1.191119711e-02,0.274464288
rand40_71,40,2.179445e+00,1.264479210e-02,0.274464288
rand40_71,40,2.256230e+00,1.341681764e-02,0.274464288
rand40_71,40,2.335721e+00,1.422894452e-02,0.274464288
rand40_71,40,2.418013e+00,1.508290481e-02,0.274464288
rand40_71,40,2.503204e+00,1.598049446e-02,0.274464288
rand40_71,40,2.591396e+00,1.692357603e-02,0.274464288
rand40_71,40,2.682696e+00,1.791408143e-02,0.274464288
rand40_71,40,2.777212e+00,1.895401481e-02,0.274464288
rand40_71,40,2.875058e+00,2.004545543e-02,0.274464288
rand40_71,40,2.976351e+00,2.119056050e-02,0.274464288
rand40_71,40,3.081214e+00,2.239156808e-02,0.274464288
rand40_71,40,3.189770e+00,2.365079981e-02,0.274464288
rand40_71,40,3.302151e+00,2.497066363e-02,0.274464288
rand40_71,40,3.418492e+00,2.635365628e-02,0.274464288
rand40_71,40,3.538932e+00,2.780236572e-02,0.274464288
rand40_71,40,3.663615e+00,2.931947328e-02,0.274464288
rand40_71,40,3.792690e+00,3.090775558e-02,0.274464288
rand40_71,40,3.926313e+00,3.257008625e-02,0.274464288
rand40_71,40,4.064644e+00,3.430943723e-02,0.274464288
rand40_71,40,4.207849e+00,3.612887982e-02,0.274464288
rand40_71,40,4.356099e+00,3.803158531e-02,0.274464288
rand40_71,40,4.509572e+00,4.002082522e-02,0.274464288
rand40_71,40,4.668452e+00,4.209997109e-02,0.274464288
rand40_71,40,4.832930e+00,4.427249378e-02,0.274464288
rand40_71,40,5.003203e+00,4.654196220e-02,0.274464288
rand40_71,40,5.179475e+00,4.891204153e-02,0.274464288
rand40_71,40,5.361957e+00,5.138649076e-02,0.274464288
rand40_71,40,5.550868e+00,5.396915956e-02,0.274464288
rand40_71,40,5.746435e+00,5.666398445e-02,0.274464288
rand40_71,40,5.948892e+00,5.947498405e-02,0.274464288
rand40_71,40,6.158482e+00,6.240625362e-02,0.274464288
rand40_71,40,6.375456e+00,6.546195848e-02,0.274464288
rand40_71,40,6.600075e+00,6.864632648e-02,0.274464288
rand40_71,40,6.832607e+00,7.196363937e-02,0.274464288
rand40_71,40,7.073332e+00,7.541822282e-02,0.274464288
rand40_71,40,7.322538e+00,7.901443519e-02,0.274464288
rand40_71,40,7.580524e+00,8.275665480e-02,0.274464288
rand40_71,40,7.847600e+00,8.664926554e-02,0.274464288
rand40_71,40,8.124085e+00,9.069664078e-02,0.274464288
rand40_71,40,8.410311e+00,9.490312522e-02,0.274464288
rand40_71,40,8.706621e+00,9.927301459e-02,0.274464288
rand40_71,40,9.013370e+00,1.038105329e-01,0.274464288
rand40_71,40,9.330927e+00,1.085198065e-01,0.274464288
rand40_71,40,9.659673e+00,1.134048357e-01,0.274464288
rand40_71,40,1.000000e+01,1.184694614e-01,0.274464288
rand40_71,40,1.035232e+01,1.237173276e-01,0.274464288
rand40_71,40,1.071705e+01,1.291518383e-01,0.274464288
rand40_71,40,1.109463e+01,1.347761061e-01,0.274464288
rand40_71,40,1.148551e+01,1.405928924e-01,0.274464288
rand40_71,40,1.189017e+01,1.466045346e-01,0.274464288
rand40_71,40,1.230908e+01,1.528128566e-01,0.274464288
rand40_71,40,1.274275e+01,1.592190588e-01,0.274464288
rand40_71,40,1.319170e+01,1.658235799e-01,0.274464288
rand40_71,40,1.365647e+01,1.726259254e-01,0.274464288
rand40_71,40,1.413761e+01,1.796244594e-01,0.274464288
rand40_71,40,1.463570e+01,1.868161671e-01,0.274464288
rand40_71,40,1.515134e+01,1.941964181e-01,0.274464288
rand40_71,40,1.568515e+01,2.017588134e-01,0.274464288
rand40_71,40,1.623777e+01,2.094952710e-01,0.274464288
rand40_71,40,1.680985e+01,2.173965903e-01,0.274464288
rand40_71,40,1.740209e+01,2.254537058e-01,0.274464288
rand40_71,40,1.801520e+01,2.336595722e-01,0.274464288
rand40_71,40,1.864991e+01,2.420110871e-01,0.274464288
rand40_71,40,1.930698e+01,2.505101072e-01,0.274464288
rand40_71,40,1.998720e+01,2.591629792e-01,0.274464288
rand40_71,40,2.069138e+01,2.679789199e-01,0.274464288
rand40_71,40,2.142037e+01,2.769681419e-01,0.274464288
rand40_71,40,2.217505e+01,2.861404277e-01,0.274464288
rand40_71,40,2.295632e+01,2.955043462e-01,0.274464288
rand40_71,40,2.376511e+01,3.050669679e-01,0.274464288
rand40_71,40,2.460240e+01,3.148338624e-01,0.274464288
rand40_71,40,2.546918e+01,3.248092130e-01,0.274464288
rand40_71,40,2.636651e+01,3.349959565e-01,0.274464288
rand40_71,40,2.729545e+01,3.453959067e-01,0.274464288
rand40_71,40,2.825712e+01,3.560098495e-01,0.274464288
rand40_71,40,2.925266e+01,3.668376080e-01,0.274464288
rand40_71,40,3.028329e+01,3.778780828e-01,0.274464288
rand40_71,40,3.135022e+01,3.891292718e-01,0.274464288
rand40_71,40,3.245474e+01,4.005882764e-01,0.274464288
rand40_71,40,3.359818e+01,4.122512963e-01,0.274464288
rand40_71,40,3.478191e+01,4.241136183e-01,0.274464288
rand40_71,40,3.600733e+01,4.361696007e-01,0.274464288
rand40_71,40,3.727594e+01,4.484126554e-01,0.274464288
rand40_71,40,3.858923e+01,4.608352317e-01,0.274464288
rand40_71,40,3.994880e+01,4.734287999e-01,0.274464288
rand40_71,40,4.135627e+01,4.861838397e-01,0.274464288
rand40_71,40,4.281332e+01,4.990898319e-01,0.274464288
rand40_71,40,4.432171e+01,5.121352565e-01,0.274464288
rand40_71,40,4.588325e+01,5.253075964e-01,0.274464288
rand40_71,40,4.749979e+01,5.385933492e-01,0.274464288
rand40_71,40,4.917330e+01,5.519780473e-01,0.274464288
rand40_71,40,5.090576e+01,5.654462863e-01,0.274464288
rand40_71,40,5.269926e+01,5.789817634e-01,0.274464288
rand40_71,40,5.455595e+01,5.925673264e-01,0.274464288
rand40_71,40,5.647805e+01,6.061850314e-01,0.274464288
rand40_71,40,5.846787e+01,6.198162125e-01,0.274464288
rand40_71,40,6.052780e+01,6.334415604e-01,0.274464288
rand40_71,40,6.266030e+01,6.470412114e-01,0.274464288
rand40_71,40,6.486794e+01,6.605948452e-01,0.274464288
rand40_71,40,6.715335e+01,6.740817905e-01,0.274464288
rand40_71,40,6.951928e+01,6.874811384e-01,0.274464288
rand40_71,40,7.196857e+01,7.007718603e-01,0.274464288
rand40_71,40,7.450415e+01,7.139329307e-01,0.274464288
rand40_71,40,7.712906e+01,7.269434515e-01,0.274464288
rand40_71,40,7.984645e+01,7.397827776e-01,0.274464288
rand40_71,40,8.265959e+01,7.524306397e-01,0.274464288
rand40_71,40,8.557183e+01,7.648672662e-01,0.274464288
rand40_71,40,8.858668e+01,7.770734980e-01,0.274464288
rand40_71,40,9.170775e+01,7.890308995e-01,0.274464288
rand40_71,40,9.493877e+01,8.007218606e-01,0.274464288
rand40_71,40,9.828363e+01,8.121296921e-01,0.274464288
rand40_71,40,1.017463e+02,8.232387119e-01,0.274464288
rand40_71,40,1.053310e+02,8.340343230e-01,0.274464288
rand40_71,40,1.090420e+02,8.445030832e-01,0.274464288
rand40_71,40,1.128838e+02,8.546327659e-01,0.274464288
rand40_71,40,1.168609e+02,8.644124151e-01,0.274464288
rand40_71,40,1.209781e+02,8.738323914e-01,0.274464288
rand40_71,40,1.252404e+02,8.828844139e-01,0.274464288
rand40_71,40,1.296528e+02,8.915615948e-01,0.274464288
rand40_71,40,1.342207e+02,8.998584693e-01,0.274464288
rand40_71,40,1.389495e+02,9.077710199e-01,0.274464288
rand40_71,40,1.438450e+02,9.152966952e-01,0.274464288
rand40_71,40,1.489129e+02,9.224344226e-01,0.274464288
rand40_71,40,1.541594e+02,9.291846137e-01,0.274464288
rand40_71,40,1.595907e+02,9.355491629e-01,0.274464288
rand40_71,40,1.652133e+02,9.415314358e-01,0.274464288
rand40_71,40,1.710341e+02,9.471362481e-01,0.274464288
rand40_71,40,1.770599e+02,9.523698337e-01,0.274464288
rand40_71,40,1.832981e+02,9.572397996e-01,0.274464288
rand40_71,40,1.897560e+02,9.617550691e-01,0.274464288
rand40_71,40,1.964414e+02,9.659258109e-01,0.274464288
rand40_71,40,2.033624e+02,9.697633550e-01,0.274464288
rand40_71,40,2.105272e+02,9.732800957e-01,0.274464288
rand40_71,40,2.179445e+02,9.764893826e-01,0.274464288
rand40_71,40,2.256230e+02,9.794053995e-01,0.274464288
rand40_71,40,2.335721e+02,9.820430343e-01,0.274464288
rand40_71,40,2.418013e+02,9.844177411e-01,0.274464288
rand40_71,40,2.503204e+02,9.865453959e-01,0.274464288
rand40_71,40,2.591396e+02,9.884421496e-01,0.274464288
rand40_71,40,2.682696e+02,9.901242790e-01,0.274464288
rand40_71,40,2.777212e+02,9.916080408e-01,0.274464288
rand40_71,40,2.875058e+02,9.929095286e-01,0.274464288
rand40_71,40,2.976351e+02,9.940445374e-01,0.274464288
rand40_71,40,3.081214e+02,9.950284368e-01,0.274464288
rand40_71,40,3.189770e+02,9.958760558e-01,0.274464288
rand40_71,40,3.302151e+02,9.966015804e-01,0.274464288
rand40_71,40,3.418492e+02,9.972184666e-01,0.274464288
rand40_71,40,3.538932e+02,9.977393683e-01,0.274464288
rand40_71,40,3.663615e+02,9.981760826e-01,0.274464288
rand40_71,40,3.792690e+02,9.985395114e-01,0.274464288
rand40_71,40,3.926313e+02,9.988396399e-01,0.274464288
rand40_71,40,4.064644e+02,9.990855312e-01,0.274464288
rand40_71,40,4.207849e+02,9.992853354e-01,0.274464288
rand40_71,40,4.356099e+02,9.994463130e-01,0.274464288
rand40_71,40,4.509572e+02,9.995748697e-01,0.274464288
rand40_71,40,4.668452e+02,9.996766018e-01,0.274464288
rand40_71,40,4.832930e+02,9.997563488e-01,0.274464288
rand40_71,40,5.003203e+02,9.998182529e-01,0.274464288
rand40_71,40,5.179475e+02,9.998658220e-01,0.274464288
rand40_71,40,5.361957e+02,9.999019940e-01,0.274464288
rand40_71,40,5.550868e+02,9.999292027e-01,0.274464288
rand40_71,40,5.746435e+02,9.999494402e-01,0.274464288
rand40_71,40,5.948892e+02,9.999643185e-01,0.274464288
rand40_71,40,6.158482e+02,9.999751259e-01,0.274464288
rand40_71,40,6.375456e+02,9.999828789e-01,0.274464288
rand40_71,40,6.600075e+02,9.999883694e-01,0.274464288
rand40_71,40,6.832607e+02,9.999922061e-01,0.274464288
rand40_71,40,7.073332e+02,9.999948503e-01,0.274464288
rand40_71,40,7.322538e+02,9.999966467e-01,0.274464288
rand40_71,40,7.580524e+02,9.999978493e-01,0.274464288
rand40_71,40,7.847600e+02,9.999986419e-01,0.274464288
rand40_71,40,8.124085e+02,9.999991563e-01,0.274464288
rand40_71,40,8.410311e+02,9.999994845e-01,0.274464288
rand40_71,40,8.706621e+02,9.999996905e-01,0.274464288
rand40_71,40,9.013370e+02,9.999998175e-01,0.274464288
rand40_71,40,9.330927e+02,9.999998943e-01,0.274464288
rand40_71,40,9.659673e+02,9.999999400e-01,0.274464288
rand40_71,40,1.000000e+03,9.999999666e-01,0.274464288
