n,grad_frac,curl_frac,curl_energy,order_agreement,ties,min_abs_A,sd_psi,rms_A,cycles,triangles,cycle_frac,pool,q,replicate
8,0.9892493894601084,0.14623831732074358,0.02138564545280249,0.9285714285714286,0,0.00012886705252590502,0.01412901790871544,0.02159320739503337,0,56,0.0,arithmetic,11,0
8,0.9924107106290373,0.12296739986179023,0.015120981428769407,1.0,0,0.00267544268498332,0.011730039217721866,0.017869771230073186,0,56,0.0,arithmetic,11,1
8,0.9982790265819605,0.05864286049105814,0.0034389850865737077,1.0,0,0.0020169011505988266,0.022605174817544284,0.034234729007373794,0,56,0.0,arithmetic,11,2
8,0.9941739310434492,0.10778773044097087,0.011618194833615396,1.0,0,0.0025295366125624996,0.012238701309857956,0.018611609685008478,0,56,0.0,arithmetic,11,3
8,0.9902565795771139,0.13925482614342397,0.01939190660423523,1.0,0,0.0026100990813435754,0.009209411014525652,0.014060316296275613,0,56,0.0,arithmetic,11,4
8,0.9918803844979328,0.12717430105266084,0.016173302848232807,1.0,0,0.001001250341271076,0.0104726895342931,0.01596283036818777,0,56,0.0,arithmetic,11,5
8,0.9881806248971531,0.15329400698615747,0.023499052577872093,0.9642857142857143,0,0.0020430873482351064,0.012681370499844458,0.01940174659266295,0,56,0.0,arithmetic,11,6
8,0.9992886471718092,0.03771206217558904,0.0014221996335354939,0.9642857142857143,0,0.0005849917857523312,0.018854133663794438,0.028525062160768763,0,56,0.0,arithmetic,11,7
8,0.9959933978898896,0.08942679329905563,0.00799715135975202,1.0,0,0.0005266083987565118,0.009154112188564536,0.013895390055991698,0,56,0.0,control:loose,11,0
8,0.9911466845726863,0.13277141883919052,0.01762824966057176,0.9285714285714286,0,0.001395504921891333,0.019476971889460064,0.02970944071387019,1,56,0.017857142857142856,control:loose,11,1
8,0.9916040299865797,0.12931143690476252,0.016721447714374373,1.0,0,0.0011103997822228262,0.011663134649871154,0.01778230183930927,0,56,0.0,control:loose,11,2
8,0.9986777903460019,0.05140691655436248,0.0026426710696271873,0.9642857142857143,0,6.696814096951442e-05,0.016563831340345416,0.025075313956459774,0,56,0.0,control:loose,11,3
8,0.9879361815035282,0.1548615551911693,0.023982101276227567,0.9285714285714286,0,0.00015623880337289897,0.011803202082212031,0.01806266897942841,0,56,0.0,control:loose,11,4
8,0.9943982841839117,0.10569793002747123,0.011172052412092204,1.0,0,0.001954281638676836,0.013803992475118135,0.02098723951666197,0,56,0.0,control:loose,11,5
8,0.992848067801628,0.11938473211669004,0.01425271426257384,1.0,0,0.0020116547593783674,0.016357245776019144,0.024907971239969195,0,56,0.0,control:loose,11,6
8,0.9915134845903987,0.1300038840781516,0.01690100987540548,0.9642857142857143,0,5.712066067187216e-05,0.01741294949403895,0.02655123256047124,1,56,0.017857142857142856,control:loose,11,7
8,0.9978068031349167,0.0661935315395532,0.004381583617677823,1.0,0,0.0013830832185453001,0.016074927905536593,0.02435642505298068,0,56,0.0,control:m2matched,11,0
8,0.998814782767357,0.04867267945570333,0.0023690297253976455,1.0,0,7.412687684138497e-05,0.01667884906550313,0.025245971550309575,0,56,0.0,control:m2matched,11,1
8,0.9981410841015484,0.060945682608248744,0.003714376228585394,1.0,0,0.0019456548819366537,0.017793068124305353,0.026950689532527654,0,56,0.0,control:m2matched,11,2
8,0.9937291502843123,0.11181402360714245,0.012502375875218607,1.0,0,0.0005356997581367207,0.016090901284512165,0.024480670703899948,0,56,0.0,control:m2matched,11,3
8,0.9947704527048351,0.10213592132750063,0.010431746425417398,1.0,0,0.0022136394618634814,0.009471995198500439,0.01439559312930022,0,56,0.0,control:m2matched,11,4
8,0.9970121137728316,0.07724535578421679,0.005966844990230234,1.0,0,0.0010035919102009405,0.012315347071208684,0.01867485299885014,0,56,0.0,control:m2matched,11,5
8,0.9932917940509337,0.11563482118755283,0.013371411871077316,1.0,0,0.0001489703645474183,0.012052482454106093,0.018344700747565324,0,56,0.0,control:m2matched,11,6
8,0.9953742034549957,0.09607390434625095,0.009230195096332576,0.9642857142857143,0,0.0003840754501698296,0.012375252126938406,0.018796571710534886,0,56,0.0,control:m2matched,11,7
8,0.994698700984508,0.1028323599832878,0.010574494259732491,1.0,0,0.00016861224105357842,0.007255762479054909,0.011028145262326325,0,56,0.0,control:marginal,11,0
8,0.9877948446615339,0.15576053691515077,0.02426134486009604,1.0,0,0.0010585991359559621,0.009631533147578211,0.0147414308550787,0,56,0.0,control:marginal,11,1
8,0.9875744428763649,0.1571519003303416,0.024696719777437613,1.0,0,0.002075635566173628,0.011230191272666272,0.017192074407286043,0,56,0.0,control:marginal,11,2
8,0.9970813744695881,0.0763461373340998,0.005828732685837226,0.9642857142857143,0,0.0003684509849157802,0.017600362738553338,0.026687137068576155,0,56,0.0,control:marginal,11,3
8,0.9978687871487931,0.06525246075204012,0.004257883634196537,1.0,0,0.0006785324425520045,0.015466292888341136,0.023432777199700335,0,56,0.0,control:marginal,11,4
8,0.9936160803909166,0.1128143820113005,0.012727084788591643,1.0,0,0.002265456879136263,0.01125839137119536,0.017130447244256924,0,56,0.0,control:marginal,11,5
8,0.9920565677189378,0.1257925532204546,0.0158237664457209,1.0,0,0.0013696528967352961,0.014962311829321525,0.022802015488179034,0,56,0.0,control:marginal,11,6
8,0.9942571721811276,0.10701717416558702,0.011452675566387587,1.0,0,0.000860725298773346,0.0139543451258108,0.021218842968346734,0,56,0.0,control:marginal,11,7
8,0.9988221529181904,0.04852119990139351,0.002354306839870989,0.9642857142857143,0,0.0008393981911219983,0.015124664983841084,0.022893308937359264,0,56,0.0,control:sigshuffle,11,0
8,0.994586245045506,0.10391439345095932,0.010798201166280776,0.9642857142857143,0,0.0001511791748304292,0.007988567245738359,0.01214331939205986,0,56,0.0,control:sigshuffle,11,1
8,0.9993149569558185,0.037008334255823915,0.00136961680439079,1.0,0,0.0021486383435936895,0.015666510915873847,0.0237017749048796,0,56,0.0,control:sigshuffle,11,2
8,0.9914301683678558,0.13063774818208254,0.017066221250085212,1.0,0,0.00035260056740493706,0.00885272421290062,0.013499751565290348,0,56,0.0,control:sigshuffle,11,3
8,0.9980897416123181,0.06178080355787134,0.0038168676882562886,1.0,0,0.00030188331589764417,0.012826955601994677,0.01942964970900905,0,56,0.0,control:sigshuffle,11,4
8,0.9980139235126906,0.06299371774078245,0.00396820847480537,0.9642857142857143,0,0.002552071397160627,0.015895250850388527,0.024079183544337298,0,56,0.0,control:sigshuffle,11,5
8,0.9988047461718925,0.04887820602785083,0.0023890790245010337,1.0,0,0.0010128022350219812,0.014411798505546412,0.02181466537135006,0,56,0.0,control:sigshuffle,11,6
8,0.9966798665271674,0.08142016739965396,0.006629243659387675,1.0,0,0.0019575582458262186,0.010281782153465877,0.01559637554141154,0,56,0.0,control:sigshuffle,11,7
8,0.9855448048689255,0.16941498633790208,0.028701437595871546,0.9642857142857143,0,0.002481654378275966,0.009550048474886675,0.014650086008025498,0,56,0.0,control:maxmatched,11,0
8,0.9986345342373736,0.052240473088439966,0.00272906702850402,1.0,0,0.0019681774199534763,0.020111185647936413,0.03044682884241695,0,56,0.0,control:maxmatched,11,1
8,0.998340149442824,0.0575929336853041,0.003316946010479835,1.0,0,0.003482630165638878,0.015376378855538225,0.023285550257263584,0,56,0.0,control:maxmatched,11,2
8,0.9989154877847902,0.046560157470465234,0.0021678482636745197,1.0,0,0.00013975595863136014,0.019738800598772838,0.029874660899268077,0,56,0.0,control:maxmatched,11,3
8,0.9950175355985335,0.09970006946547678,0.009940103851420896,1.0,0,0.004381391831617232,0.01882816374615397,0.028608046525595367,0,56,0.0,control:maxmatched,11,4
8,0.9969483613023737,0.07806385140711126,0.006093964896511548,1.0,0,0.003739855006832715,0.019050426273032616,0.028889698228628864,0,56,0.0,control:maxmatched,11,5
8,0.980409890385025,0.1969681365988499,0.038796446835223194,1.0,0,0.0015293851802354874,0.008698363751290131,0.013413461057630943,0,56,0.0,control:maxmatched,11,6
8,0.9961921490972648,0.0871848729824881,0.007601202076972583,1.0,0,0.003021935870080261,0.013966416060406429,0.021195947351653813,0,56,0.0,control:maxmatched,11,7
16,0.9980327170446378,0.06269526065419893,0.003930695708497945,0.9833333333333333,0,0.0003454113467692421,0.023796329608774047,0.03482527520380058,0,560,0.0,arithmetic,11,0
16,0.996869148328447,0.07906896427117678,0.006251901110916629,0.9916666666666667,0,0.00011818429829735244,0.015965565849238406,0.023392439749657244,0,560,0.0,arithmetic,11,1
16,0.9972538348156869,0.07405936095731934,0.005484788945406517,0.975,0,9.92658031669924e-05,0.01691303864763602,0.024771099620065552,0,560,0.0,arithmetic,11,2
16,0.9980850531904949,0.0618565000442703,0.003826226597726811,0.975,0,0.0003454113467692421,0.014790517901836319,0.02164438195221572,0,560,0.0,arithmetic,11,3
16,0.9939269325828034,0.11004204962894658,0.012109252686539541,0.9833333333333333,0,7.361391122340244e-05,0.014328150801733245,0.02105547505670723,0,560,0.0,arithmetic,11,4
16,0.9988904213945846,0.04709486220543821,0.0022179260461492123,0.975,0,0.00043006534803913254,0.022520082595407942,0.032929223520269474,0,560,0.0,arithmetic,11,5
16,0.9977334669336435,0.06728988750601247,0.004527928960571813,0.975,0,0.0005179062635236598,0.01601908848219986,0.023450527696105547,0,560,0.0,arithmetic,11,6
16,0.9985035966558111,0.0546860810939062,0.002990567465409285,1.0,0,0.001459738996092641,0.028293804756002437,0.04138767960219024,0,560,0.0,arithmetic,11,7
16,0.9922170216438446,0.12452060857632438,0.01550538196021819,0.9333333333333333,0,5.307580054603189e-05,0.017407193400540834,0.025624266413102264,2,560,0.0035714285714285713,control:loose,11,0
16,0.9892466137212971,0.1462570929594415,0.02139113724094671,0.9583333333333334,0,0.0002521723646308205,0.013758939827566494,0.02031466938276881,0,560,0.0,control:loose,11,1
16,0.987674216117985,0.15652361743751053,0.02449964281572415,0.9666666666666667,0,4.8562283515130034e-05,0.013090645761436613,0.019358723376161548,1,560,0.0017857142857142857,control:loose,11,2
16,0.9915997874595315,0.1293439658824947,0.016729861510211955,0.9833333333333333,0,0.00028692283517084416,0.016982542120224497,0.025014719367402533,1,560,0.0017857142857142857,control:loose,11,3
16,0.9946860138916124,0.1029550084668785,0.010599733768415023,0.9416666666666667,0,5.46094137784392e-05,0.01750357431262233,0.02570218770305248,1,560,0.0017857142857142857,control:loose,11,4
16,0.9901667297342512,0.1398922704347102,0.019569847327378095,0.9583333333333334,0,0.0004545391734487314,0.012670377093431237,0.01869005461475928,0,560,0.0,control:loose,11,5
16,0.9871686033395044,0.15968139710289417,0.025498148580732172,0.975,0,1.513733299507436e-05,0.011501859616051935,0.01701790472578535,0,560,0.0,control:loose,11,6
16,0.9948790128540446,0.1010729923498951,0.010215749782561954,0.9666666666666667,0,0.0004122161990410822,0.017854701632079202,0.02621269578863198,0,560,0.0,control:loose,11,7
16,0.9975687861670884,0.06968871404410967,0.004856516865121689,1.0,0,0.00043837426885007247,0.016782317275550556,0.02457188280545112,0,560,0.0,control:m2matched,11,0
16,0.9946030409308744,0.10375351064449367,0.010764790971057061,1.0,0,0.00015643825836098024,0.012345030092139529,0.018128911538996827,0,560,0.0,control:m2matched,11,1
16,0.9937390876576185,0.11172567145201749,0.012482625661404156,1.0,0,0.00025374353414586714,0.014311991952535266,0.021035704931934972,0,560,0.0,control:m2matched,11,2
16,0.99514121826007,0.098457888053034,0.009693955719863777,0.9916666666666667,0,0.00014991906210926054,0.014560046400650733,0.021370141793280395,0,560,0.0,control:m2matched,11,3
16,0.997215701045944,0.07457107741910621,0.005560845587446332,1.0,0,0.00019389377662837326,0.014289938459731694,0.020930066601896453,0,560,0.0,control:m2matched,11,4
16,0.9976238307821486,0.06889624268094018,0.0047466922555510025,0.9833333333333333,0,0.00010178179378450558,0.015076665040835479,0.02207332872375594,0,560,0.0,control:m2matched,11,5
16,0.9978952964400508,0.06484579664729974,0.00420497734282295,1.0,0,0.00013472546029213994,0.01910000069807878,0.02795617607852081,0,560,0.0,control:m2matched,11,6
16,0.9982499564738675,0.05913564407294308,0.003497024399921808,0.975,0,0.0004692387925409047,0.019943978193126394,0.029181112865031996,0,560,0.0,control:m2matched,11,7
16,0.9970855983554762,0.07629095327823619,0.005820309552102017,0.9916666666666667,0,8.816090308094715e-05,0.017501744131832416,0.02563765189935931,0,560,0.0,control:marginal,11,0
16,0.9960590544243982,0.08869250306070878,0.007866360099173835,1.0,0,8.936138335680077e-05,0.014240885093900365,0.020882440574505345,0,560,0.0,control:marginal,11,1
16,0.9932361145046886,0.11611210463870159,0.013482020843628786,0.9916666666666667,0,0.0005988315241209907,0.011730506264187614,0.017250179282376148,0,560,0.0,control:marginal,11,2
16,0.9927055942697187,0.1205636890013097,0.014535603105604524,1.0,0,0.0013317573876926447,0.011047607690348453,0.016254631714646653,0,560,0.0,control:marginal,11,3
16,0.9964068767860328,0.08469554825080103,0.007173335893503765,1.0,0,0.00024698327758199135,0.013643182625796375,0.019999002561188767,0,560,0.0,control:marginal,11,4
16,0.9951040460822986,0.09883287646647936,0.00976793747063837,0.975,0,0.0005276366955022649,0.01646688678550187,0.02416976162392083,0,560,0.0,control:marginal,11,5
16,0.9982642379869803,0.05889406724173071,0.0034685111562734986,1.0,0,0.00043355098913866463,0.016470054214924687,0.02409788209993607,0,560,0.0,control:marginal,11,6
16,0.9949233713291549,0.10063540720357113,0.010127485183028574,0.975,0,3.0697408980540075e-05,0.01303319969549452,0.019133339445442574,0,560,0.0,control:marginal,11,7
16,0.9960668079731142,0.08860538388975794,0.007850914054251378,0.9916666666666667,0,0.00019697317550071425,0.015075452122969141,0.022106054537022506,0,560,0.0,control:sigshuffle,11,0
16,0.9972658275651157,0.0738976939482187,0.005460869170864599,1.0,0,2.744157359346744e-06,0.014618885342668763,0.02141078950450251,0,560,0.0,control:sigshuffle,11,1
16,0.9973762183280586,0.07239253493020259,0.005240679113620602,0.975,0,0.00018897820216401406,0.011415459520463888,0.016717208127344365,0,560,0.0,control:sigshuffle,11,2
16,0.9982228707586155,0.05959110918944369,0.003551100294428201,0.9666666666666667,0,0.00012447395776982173,0.016246930908218497,0.023772408104672047,0,560,0.0,control:sigshuffle,11,3
16,0.9969445787015205,0.07811214372712758,0.006101506997647437,0.9833333333333333,0,0.0001467752138875067,0.012524554040619106,0.018349347041067957,0,560,0.0,control:sigshuffle,11,4
16,0.9972214648773864,0.07449395940477031,0.005549349987799567,0.9583333333333334,0,1.410161346426797e-05,0.013522880604535725,0.01980646428882346,1,560,0.0017857142857142857,control:sigshuffle,11,5
16,0.9966657444110979,0.08159285457361962,0.006657393917471841,0.975,0,0.00014520985848232026,0.017448416116508388,0.02557030085118519,0,560,0.0,control:sigshuffle,11,6
16,0.9936806417692561,0.11224429683970319,0.012598782173039405,0.975,0,5.329352816096922e-05,0.010923809327542515,0.016056712874207985,0,560,0.0,control:sigshuffle,11,7
16,0.9940056059188458,0.10932911506962807,0.011952855401907977,0.9833333333333333,0,0.0006428760281476098,0.012809323599093547,0.01882204135088712,0,560,0.0,control:maxmatched,11,0
16,0.9884050100393401,0.1518404956825805,0.023055536129131755,0.9916666666666667,0,0.0002556599056657838,0.010448704438757667,0.015440340237541953,0,560,0.0,control:maxmatched,11,1
16,0.9961701550400497,0.08743581764633544,0.007645022207483224,0.9916666666666667,0,0.0005350327862587712,0.016541446968578923,0.024253215758712424,0,560,0.0,control:maxmatched,11,2
16,0.9980164278538287,0.0629540287343357,0.003963209733883565,0.9916666666666667,0,0.0002724535495549629,0.015738522428849763,0.023033271505345232,0,560,0.0,control:maxmatched,11,3
16,0.9943709801608679,0.10595448935233778,0.011226353813914661,0.9916666666666667,0,0.00020172009439400895,0.014356061952665922,0.021087070118490918,0,560,0.0,control:maxmatched,11,4
16,0.9959936870299395,0.08942357293525505,0.00799657539650688,0.9833333333333333,0,1.53125597686099e-05,0.020923945226693684,0.03068430905912807,0,560,0.0,control:maxmatched,11,5
16,0.998335757878828,0.05766900849248557,0.0033257145405063727,0.9833333333333333,0,0.000304343633124593,0.01949552386132569,0.028522503523039783,0,560,0.0,control:maxmatched,11,6
16,0.9936099557800644,0.11286831165007513,0.012739255774738485,0.9916666666666667,0,0.00039248674982639287,0.017445209838295794,0.025644227612015288,0,560,0.0,control:maxmatched,11,7
24,0.9970430221002302,0.07684537774804542,0.005905212081239794,0.9782608695652174,0,1.606970998113688e-05,0.016926642861802867,0.024525260743560207,0,2024,0.0,arithmetic,11,0
24,0.9980121981887122,0.06302104621897622,0.003971652266534338,0.9746376811594203,0,1.830711663641793e-05,0.019729678390880682,0.028558859322618257,0,2024,0.0,arithmetic,11,1
24,0.9973555224180861,0.07267710713936383,0.005281961902146568,0.9855072463768116,0,4.2962255919487546e-07,0.014667921787013012,0.02124590765439829,0,2024,0.0,arithmetic,11,2
24,0.9922363432350567,0.12436655162672478,0.0154670391635228,0.9927536231884058,0,6.0065036185386056e-05,0.01314960800040726,0.019144956191117515,0,2024,0.0,arithmetic,11,3
24,0.993782308609193,0.11134057254829795,0.012396723095382799,0.9818840579710145,0,1.295555174252172e-07,0.015711702775561574,0.022839610554707724,0,2024,0.0,arithmetic,11,4
24,0.9949309619403023,0.10056033498623955,0.010112380972544716,0.9746376811594203,0,0.0004187344353181466,0.015494708630804741,0.022498168675306945,0,2024,0.0,arithmetic,11,5
24,0.993893913567825,0.11033987752772391,0.012174888572833114,0.9782608695652174,0,0.00039041163816500024,0.015019266135065254,0.02183058543825538,0,2024,0.0,arithmetic,11,6
24,0.9960603119980925,0.08867837877556795,0.007863854862263101,0.9855072463768116,0,2.3066979762065287e-05,0.017689651268381488,0.025656082063487858,0,2024,0.0,arithmetic,11,7
24,0.9894832404635178,0.14464756078764882,0.02092291684181656,0.967391304347826,0,0.0003921961360260351,0.016523106215498354,0.02412347968356986,1,2024,0.0004940711462450593,control:loose,11,0
24,0.9888242281844403,0.14908603474318521,0.02222664575544623,0.9384057971014492,0,0.0002303479075109749,0.017846662439413623,0.026073216508224372,0,2024,0.0,control:loose,11,1
24,0.9963651455305811,0.08518507364452957,0.007256496771823926,0.9637681159420289,0,0.00026441486584816154,0.021873947305775097,0.0317150452551001,0,2024,0.0,control:loose,11,2
24,0.994950068236256,0.10037111993332332,0.010074361716669573,0.9746376811594203,0,0.0003139914930345711,0.018832096567808293,0.027343498932300373,0,2024,0.0,control:loose,11,3
24,0.9900447880634055,0.14075268249126438,0.019811317628486685,0.9855072463768116,0,3.55554063727892e-05,0.013493845433747811,0.01968963158275065,0,2024,0.0,control:loose,11,4
24,0.996341888629333,0.0854566613116491,0.007302840962533904,0.9818840579710145,0,0.00013583411041784288,0.022900608580971385,0.03320437691117701,0,2024,0.0,control:loose,11,5
24,0.9928462665376371,0.11939971114820787,0.014256291022275474,0.9601449275362319,0,0.0001332903612001335,0.016496948152958175,0.024003706236995218,0,2024,0.0,control:loose,11,6
24,0.9939727084543836,0.10962780143675684,0.012018254847856987,0.967391304347826,0,0.0001138367930741957,0.01812274576109797,0.026339421879284883,0,2024,0.0,control:loose,11,7
24,0.9947234744173314,0.10259244340161014,0.010525209443112582,0.9420289855072463,0,3.500687184088136e-05,0.013476623112664666,0.019572009450170416,0,2024,0.0,control:m2matched,11,0
24,0.9993116436611111,0.037097693234598335,0.001376238843328363,0.967391304347826,0,0.00013958116842172075,0.02183486107143999,0.03156502851259852,0,2024,0.0,control:m2matched,11,1
24,0.9942522757593496,0.10706265524147195,0.011462412147354282,0.9710144927536232,0,1.2707500268493988e-05,0.013351729697265795,0.01939981723710922,0,2024,0.0,control:m2matched,11,2
24,0.9967806745520602,0.08017659782966707,0.006428286839540174,0.9818840579710145,0,1.7797126005913988e-05,0.014235200410810358,0.020631018907814425,0,2024,0.0,control:m2matched,11,3
24,0.9968456881926674,0.07936418544713626,0.006298673931687435,0.9927536231884058,0,0.00013195104535113078,0.01805116580317259,0.026159776023278562,0,2024,0.0,control:m2matched,11,4
24,0.9984206038403496,0.05618093828934879,0.0031562978270716167,0.9818840579710145,0,0.00027578039407016863,0.020853548606263223,0.030173322495640125,0,2024,0.0,control:m2matched,11,5
24,0.9939553488701482,0.10978508301414062,0.012052764452421746,0.9782608695652174,0,1.7630740265062173e-05,0.015181285099778705,0.02206471700869812,0,2024,0.0,control:m2matched,11,6
24,0.9971656243888877,0.07523774011172828,0.0056607175371199666,1.0,0,0.00012856524207638387,0.01711933795198723,0.024801409754291584,0,2024,0.0,control:m2matched,11,7
24,0.9966212751083946,0.08213424378003231,0.006746034001317778,0.9963768115942029,0,8.333487353662239e-05,0.01762858434068727,0.02555312294713658,0,2024,0.0,control:marginal,11,0
24,0.9969177919257067,0.07845327362177659,0.006154916141973348,0.9963768115942029,0,0.0001228514204597575,0.016504507806979807,0.0239166270462398,0,2024,0.0,control:marginal,11,1
24,0.9967946714498989,0.08000239352099539,0.006400382969088205,0.9818840579710145,0,1.0907923227110317e-05,0.01923061199307194,0.027870457535010027,0,2024,0.0,control:marginal,11,2
24,0.992558896031435,0.12176550377204302,0.014826837908859426,0.9818840579710145,0,1.9521630954866254e-05,0.011776371347861967,0.017140042973396795,0,2024,0.0,control:marginal,11,3
24,0.9977194560469712,0.06749731124523159,0.004555887025335667,0.9891304347826086,0,0.0003485433233127999,0.01759179674076288,0.02547173089724922,0,2024,0.0,control:marginal,11,4
24,0.9980243671001771,0.06282804050972012,0.003947362674291033,0.9782608695652174,0,8.99070803310753e-05,0.018491801931964688,0.02676669737602741,1,2024,0.0004940711462450593,control:marginal,11,5
24,0.9961719436284682,0.08741543758101328,0.007641458727480028,0.9746376811594203,0,0.00010799519529858248,0.016824729220815262,0.0243989129764971,0,2024,0.0,control:marginal,11,6
24,0.9981747411817418,0.06039193710059809,0.003647186066762596,0.9927536231884058,0,0.00041750200083834343,0.02079657357482145,0.030098296193331566,0,2024,0.0,control:marginal,11,7
24,0.9949708103742788,0.10016529590208063,0.01003308650315137,0.9927536231884058,0,0.00017300488358418242,0.011603175441954307,0.01684702497221674,0,2024,0.0,control:sigshuffle,11,0
24,0.9944533959331004,0.10517815037888929,0.011062443317124249,0.9855072463768116,0,0.00012387149299386557,0.010361017283964285,0.015051322581841938,0,2024,0.0,control:sigshuffle,11,1
24,0.9968496648648867,0.07931422103735886,0.0062907456587630185,0.9601449275362319,0,7.355137279030366e-05,0.012918887799171467,0.018721996506866158,0,2024,0.0,control:sigshuffle,11,2
24,0.9958019808137757,0.09153368236535071,0.008378415007360918,0.9818840579710145,0,2.3827717710034335e-05,0.010223152560407636,0.014830935859816844,0,2024,0.0,control:sigshuffle,11,3
24,0.9982152106784465,0.05971928641724272,0.0035663931701846708,0.9710144927536232,0,3.8657474375258793e-05,0.015078209887631299,0.02182138449797879,0,2024,0.0,control:sigshuffle,11,4
24,0.9947317201995631,0.10251246182205276,0.010508804828817825,0.9891304347826086,0,4.44811087937369e-05,0.010866749688790327,0.01578157694167535,0,2024,0.0,control:sigshuffle,11,5
24,0.9955576431868558,0.09415401792931245,0.00886497909223329,0.9891304347826086,0,4.456909270311726e-06,0.013922765767105078,0.020202997333084026,0,2024,0.0,control:sigshuffle,11,6
24,0.9963105489704908,0.0858212678193429,0.007365290010119384,0.9710144927536232,0,0.00013502018024769136,0.012683978749500724,0.018391513816951133,0,2024,0.0,control:sigshuffle,11,7
24,0.9977808159910354,0.06658410651397109,0.004433443240263849,0.9782608695652174,0,0.0004423806794209284,0.017800320486549146,0.025772074178574706,0,2024,0.0,control:maxmatched,11,0
24,0.9927277535352634,0.12038109220649591,0.01449160736082887,0.9782608695652174,0,8.95828043968594e-05,0.014644132098676339,0.02131032999677961,1,2024,0.0004940711462450593,control:maxmatched,11,1
24,0.9977040668888065,0.06772440412093601,0.004586594913535854,0.9855072463768116,0,7.290391479730651e-05,0.01942207787359278,0.028122287853974963,0,2024,0.0,control:maxmatched,11,2
24,0.9971805735134641,0.07503934839375341,0.005630903807359104,0.9927536231884058,0,0.00029215210041677597,0.01997491131097192,0.02893794928248028,0,2024,0.0,control:maxmatched,11,3
24,0.993055105889471,0.1176501452053999,0.013841556666851683,0.9855072463768116,0,1.0045736121178095e-05,0.015122594549522889,0.021999340438420507,0,2024,0.0,control:maxmatched,11,4
24,0.9939433935381442,0.10989326841020754,0.01207653044187792,0.9601449275362319,0,4.034364217486708e-05,0.01468744026865656,0.02134721197867464,0,2024,0.0,control:maxmatched,11,5
24,0.9937973947372996,0.11120583713706798,0.01236673821335609,0.9746376811594203,0,0.00021796948433505658,0.01498936650735307,0.021789242158518154,0,2024,0.0,control:maxmatched,11,6
24,0.9933183293713247,0.11540665723848254,0.013318696534960593,0.9818840579710145,0,9.216867589234568e-05,0.013144913822386122,0.01911727530788748,0,2024,0.0,control:maxmatched,11,7
50,0.9950021866396278,0.09985313506525235,0.00997064858235953,0.9787755102040816,0,3.8786541045832124e-05,0.014787878001690374,0.021231651835621663,0,19600,0.0,arithmetic,11,0
50,0.9962059394599743,0.08702715774211098,0.007573726184670266,0.9861224489795918,0,1.606970998113688e-05,0.01702477333179227,0.02441373193667896,2,19600,0.00010204081632653062,arithmetic,11,1
50,0.9946238072812371,0.10355424660233038,0.010723481989376253,0.9861224489795918,0,0.00010649244362204158,0.01673039926637731,0.024029758995886327,0,19600,0.0,arithmetic,11,2
50,0.9947666525324381,0.10217292698854746,0.010439307009407052,0.9885714285714285,0,0.00010034297320837826,0.014943002344768912,0.021459450970202902,0,19600,0.0,arithmetic,11,3
50,0.9962870139581698,0.08609405216571997,0.007412185818313711,0.9812244897959184,0,0.00017449608775610415,0.01903118938715086,0.027288736106478056,0,19600,0.0,arithmetic,11,4
50,0.9962276531428282,0.08677824101428012,0.00753046311353249,0.9828571428571429,0,2.3461031746219163e-05,0.01650272584866135,0.02366459369660241,0,19600,0.0,arithmetic,11,5
50,0.997662893787863,0.06832825446934496,0.004668750358827559,0.9804081632653061,0,1.295555174252172e-07,0.018833628253654897,0.026968210792480324,0,19600,0.0,arithmetic,11,6
50,0.993905532250812,0.1102351711625212,0.012151792961230345,0.9820408163265306,0,6.577860267231728e-05,0.01510044052325432,0.021704334255501063,1,19600,5.102040816326531e-05,arithmetic,11,7
50,0.993334224917509,0.11526976016081533,0.013287117607531889,0.9697959183673469,0,1.1886936899463407e-05,0.01668585425530032,0.023996892538771186,11,19600,0.0005612244897959184,control:loose,11,0
50,0.9950443224939042,0.09943237034611577,0.009886796272647122,0.9681632653061224,0,1.7323300916305406e-05,0.018791447638570644,0.0269786225508789,5,19600,0.00025510204081632655,control:loose,11,1
50,0.9920784420783145,0.1256199218414962,0.015780364763463617,0.9583673469387755,0,1.0784766177662775e-05,0.01626884305675672,0.023426780969161155,19,19600,0.0009693877551020408,control:loose,11,2
50,0.9936063275156739,0.11290024765613037,0.01274646592081557,0.9551020408163265,0,4.66601284193624e-05,0.019857949240664134,0.028551044945702576,1,19600,5.102040816326531e-05,control:loose,11,3
50,0.9947374391525,0.1024569526597686,0.010497427148326063,0.9575510204081633,0,1.007123668239629e-05,0.01863804450281086,0.026766638927195798,9,19600,0.00045918367346938773,control:loose,11,4
50,0.9937690615104764,0.11145874745656781,0.012423052384586962,0.9681632653061224,0,4.0252347888181106e-05,0.018310912073942236,0.026322459445616092,5,19600,0.00025510204081632655,control:loose,11,5
50,0.9942456435920775,0.10712422787668621,0.011475600198176195,0.9624489795918367,0,2.5268399758693327e-05,0.017680485868893515,0.025404020745123868,13,19600,0.000663265306122449,control:loose,11,6
50,0.9849504933777977,0.17283670210586888,0.029872525594832857,0.9526530612244898,0,3.305774758555202e-05,0.013152780843261163,0.019076783092424277,17,19600,0.0008673469387755102,control:loose,11,7
50,0.9970237657629856,0.07709481502536639,0.005943610503795459,0.9918367346938776,0,5.7182242456432775e-05,0.017988587953769803,0.025774694318779857,0,19600,0.0,control:m2matched,11,0
50,0.9985510034832252,0.053813506135948326,0.002895893442643748,0.9836734693877551,0,1.2223027278324139e-05,0.021714582849473578,0.031065846946120697,1,19600,5.102040816326531e-05,control:m2matched,11,1
50,0.9963749608325486,0.08507019117139118,0.007236937425937042,0.986938775510204,0,4.1802695676218526e-05,0.017081631977520297,0.024491112639028513,0,19600,0.0,control:m2matched,11,2
50,0.994673974173774,0.10307126224778088,0.01062368510135082,0.9779591836734693,0,2.3142480614080085e-06,0.014420508267958166,0.020711033596908065,0,19600,0.0,control:m2matched,11,3
50,0.9975024179461335,0.07063233106458466,0.004988926191617092,0.9828571428571429,0,2.801843225297418e-05,0.01993522705981794,0.02855020227257014,1,19600,5.102040816326531e-05,control:m2matched,11,4
50,0.9978708640229235,0.06522069253039178,0.004253738734143903,0.9885714285714285,0,2.0436532378598216e-06,0.019120959014675202,0.0273739385726997,1,19600,5.102040816326531e-05,control:m2matched,11,5
50,0.9962341333897263,0.08670381461746897,0.0075175514692204255,0.9812244897959184,0,2.0997011471624027e-05,0.015860046012460664,0.022742855148053857,0,19600,0.0,control:m2matched,11,6
50,0.9969681832471311,0.07781029233279124,0.006054441592914432,0.9844897959183674,0,6.497628673107769e-05,0.019350093300611375,0.02772705377558934,0,19600,0.0,control:m2matched,11,7
50,0.9955403027722275,0.09433719073717084,0.008899505556181351,0.986938775510204,0,9.286933172902856e-05,0.014685052579818413,0.021072624065725534,0,19600,0.0,control:marginal,11,0
50,0.9954667201082361,0.09511051023388986,0.009046009156950868,0.9836734693877551,0,0.00012851051645423883,0.014103865084904422,0.020240132880112647,0,19600,0.0,control:marginal,11,1
50,0.9956032238338078,0.09367081024379353,0.008774220691728776,0.9844897959183674,0,8.886412706821112e-05,0.016882749469453794,0.024224724217864823,0,19600,0.0,control:marginal,11,2
50,0.9972288813038095,0.0743946119927557,0.005534558293552669,0.9804081632653061,0,1.3348427498227622e-05,0.019040818157523034,0.027276755924776047,0,19600,0.0,control:marginal,11,3
50,0.9950997164709039,0.09887645968341592,0.009776554279526173,0.9706122448979592,0,1.859730358455547e-05,0.01641446318072669,0.023564706860218946,0,19600,0.0,control:marginal,11,4
50,0.9954576302267473,0.09520560079821182,0.00906410642334847,0.9795918367346939,0,1.9926707446327185e-06,0.015466009934402329,0.02219511834095476,0,19600,0.0,control:marginal,11,5
50,0.9967781954679965,0.08020741262230476,0.006433229039564653,0.9893877551020408,0,1.7317047819487286e-05,0.01914100209746942,0.02743267141576287,0,19600,0.0,control:marginal,11,6
50,0.9968605056682783,0.07917785194601115,0.006269132238784463,0.9918367346938776,0,1.0321177613459298e-05,0.018289998927691925,0.02621085873914385,0,19600,0.0,control:marginal,11,7
50,0.9977218730155129,0.06746157503658763,0.004551064106417144,0.9746938775510204,0,3.208600876347667e-05,0.014324192393992869,0.02050985604792912,2,19600,0.00010204081632653062,control:sigshuffle,11,0
50,0.9949263617947974,0.10060583783144643,0.010121534605767297,0.9804081632653061,0,6.0478987042866805e-06,0.011877118817816053,0.017053837598867003,3,19600,0.0001530612244897959,control:sigshuffle,11,1
50,0.9975430941241934,0.07005551630764342,0.004907775365130493,0.9746938775510204,0,1.6139057583686167e-06,0.013323113330135144,0.019079896553001057,0,19600,0.0,control:sigshuffle,11,2
50,0.9970814984146151,0.07634451859345143,0.005828485519265851,0.9820408163265306,0,1.136795864886686e-05,0.013367685477313509,0.019152590404478996,0,19600,0.0,control:sigshuffle,11,3
50,0.9974952700973422,0.07073320389625909,0.005003186133429762,0.9812244897959184,0,3.271193691256613e-05,0.015126830366451337,0.021664020185529525,0,19600,0.0,control:sigshuffle,11,4
50,0.9964868528849863,0.08374934045934662,0.007013952027375553,0.986938775510204,0,2.003736411615442e-05,0.013788341425682275,0.019767075251509635,0,19600,0.0,control:sigshuffle,11,5
50,0.9963700083433528,0.08512817673289622,0.0072468064738672126,0.9844897959183674,0,0.00016786734917617618,0.012718325550797183,0.01823523023474801,0,19600,0.0,control:sigshuffle,11,6
50,0.9970914326324877,0.07621466375241381,0.005808674970893499,0.9853061224489796,0,1.1138763998941315e-05,0.014729620668776557,0.021103696764853498,0,19600,0.0,control:sigshuffle,11,7
50,0.9955513128378067,0.0942209292403726,0.008877583506919303,0.9836734693877551,0,6.262370450449417e-05,0.018225865717714035,0.026153298870238793,0,19600,0.0,control:maxmatched,11,0
50,0.9958425846166938,0.09109087036549247,0.008297546663942957,0.9844897959183674,0,7.014416822270775e-06,0.01642014799878574,0.02355528338146788,0,19600,0.0,control:maxmatched,11,1
50,0.9956225034127224,0.09346566587888523,0.00873583069818341,0.9795918367346939,0,6.220735145223699e-06,0.017137621614344185,0.02458995905375939,1,19600,5.102040816326531e-05,control:maxmatched,11,2
50,0.9934825466657651,0.11398433870714676,0.012992429470505556,0.9918367346938776,0,8.280550308548129e-06,0.013204025665220248,0.018986638336791525,0,19600,0.0,control:maxmatched,11,3
50,0.9955460002038792,0.09427704640079514,0.008888161478057679,0.9730612244897959,0,2.9049439557282675e-05,0.017219524922940287,0.024709376878063287,1,19600,5.102040816326531e-05,control:maxmatched,11,4
50,0.9961457936380089,0.08771292845015143,0.007693557817301383,0.9853061224489796,0,2.3412292253999212e-05,0.017922917894362025,0.02570323398847932,5,19600,0.00025510204081632655,control:maxmatched,11,5
50,0.9954551974393797,0.09523103428465701,0.009068949890925519,0.9820408163265306,0,5.489847398898462e-08,0.017826486612271715,0.025582677665062146,0,19600,0.0,control:maxmatched,11,6
50,0.9968700712012561,0.07905732820682924,0.006250061143202319,0.9844897959183674,0,2.3029624411918803e-06,0.01641527788694471,0.023524025506243964,0,19600,0.0,control:maxmatched,11,7
100,0.9966894260837831,0.08130306225954638,0.006610187932779675,0.9842424242424243,0,5.656630107875316e-06,0.017126055115753904,0.02442276817277059,8,161700,4.9474335188620906e-05,arithmetic,11,0
100,0.9954701287911544,0.09507482676566713,0.009039222684521614,0.9852525252525253,0,5.656630107875316e-06,0.01695063461649008,0.024202215873662315,4,161700,2.4737167594310453e-05,arithmetic,11,1
100,0.9967966359934605,0.07997791240161425,0.006396466472120284,0.977979797979798,0,1.8068102081159054e-05,0.019701860110615237,0.02809299668856929,3,161700,1.8552875695732837e-05,arithmetic,11,2
100,0.9961472270294428,0.0876966480633787,0.007690702081552103,0.9826262626262626,0,2.296452098038415e-06,0.016869949848363014,0.024070641333341185,6,161700,3.7105751391465674e-05,arithmetic,11,3
100,0.9964342113322152,0.08437335175721071,0.007118862486746011,0.9850505050505051,0,2.0080015308732158e-05,0.0176062967468933,0.025114051927144672,7,161700,4.329004329004329e-05,arithmetic,11,4
100,0.9954891429601158,0.0948755302938213,0.009001366248533803,0.9894949494949495,0,5.525375345039052e-06,0.01603084952628286,0.022888504121900716,2,161700,1.2368583797155226e-05,arithmetic,11,5
100,0.9936341788526367,0.11265486503407757,0.012691118615846231,0.9832323232323232,0,4.2962255919487546e-07,0.014823823444593926,0.021204650194071306,5,161700,3.0921459492888065e-05,arithmetic,11,6
100,0.994925996022346,0.10060945501762308,0.010122262438943121,0.982020202020202,0,2.296452098038415e-06,0.017513111706796182,0.025018999580084765,5,161700,3.0921459492888065e-05,arithmetic,11,7
100,0.9918291046918613,0.12757361438063916,0.016275027086140023,0.9608080808080808,0,5.867430683537123e-07,0.016016887714922455,0.022952959123401583,44,161700,0.00027210884353741496,control:loose,11,0
100,0.9933335283197151,0.11527576291617468,0.013288501515906112,0.9618181818181818,0,1.226837957224447e-06,0.017954001712715287,0.025689968290078267,41,161700,0.0002535559678416821,control:loose,11,1
100,0.9900105951121694,0.14099298410079944,0.019879021565648282,0.9553535353535354,0,4.595647842275952e-06,0.015822885124277455,0.022716594886046108,49,161700,0.00030303030303030303,control:loose,11,2
100,0.9927395085990569,0.1202841139407155,0.01446826806650303,0.9606060606060606,0,2.2510906375616813e-06,0.017170906171271965,0.024584156363813274,37,161700,0.00022881880024737167,control:loose,11,3
100,0.9928399353671871,0.11945234505893852,0.014268862740079713,0.9513131313131313,0,2.8068051938223704e-06,0.018991585012325275,0.027188132313652715,49,161700,0.00030303030303030303,control:loose,11,4
100,0.9924130212355907,0.12294875063231117,0.015116395282046238,0.9597979797979798,0,4.461056715254763e-06,0.015432106264561015,0.02210192759182711,94,161700,0.0005813234384662956,control:loose,11,5
100,0.9931279304404788,0.11703381468195684,0.013696913779010618,0.9577777777777777,0,2.5117793542861477e-06,0.016507425968254972,0.023624986159021956,62,161700,0.000383426097711812,control:loose,11,6
100,0.9931367574029959,0.11695888634500239,0.013679381095063184,0.9654545454545455,0,9.928112854051818e-08,0.018307588350045582,0.026201097494904263,22,161700,0.00013605442176870748,control:loose,11,7
100,0.9962997762053142,0.0859462386218345,0.007386755933241315,0.9850505050505051,0,5.76773821925336e-07,0.016087113374993522,0.022950147987960228,8,161700,4.9474335188620906e-05,control:m2matched,11,0
100,0.9974227274493657,0.07174888687267784,0.0051479027674683235,0.9818181818181818,0,1.5681702968284306e-05,0.01997676813202074,0.028467109340945332,4,161700,2.4737167594310453e-05,control:m2matched,11,1
100,0.9976137261670065,0.06904240264635059,0.004766853363180799,0.9870707070707071,0,1.8005413149890792e-05,0.020845336584414384,0.02969914156752469,1,161700,6.184291898577613e-06,control:m2matched,11,2
100,0.9959884229181257,0.08948218489210409,0.008007061413064703,0.9812121212121212,0,4.296695855221522e-06,0.016620421318911074,0.02371838634390224,9,161700,5.5658627087198515e-05,control:m2matched,11,3
100,0.99669117245263,0.08128165078910392,0.006606706755001838,0.9826262626262626,0,9.340276214242493e-06,0.01789827106124951,0.025523949091105568,4,161700,2.4737167594310453e-05,control:m2matched,11,4
100,0.9960423909235893,0.08887944353572488,0.007899555483220105,0.9836363636363636,0,8.8865312575237e-07,0.01668953152502638,0.023815720490073897,2,161700,1.2368583797155226e-05,control:m2matched,11,5
100,0.9963828342825936,0.08497792388018083,0.007221247546985806,0.9868686868686869,0,1.4169860262591705e-05,0.01675615383919152,0.023902619749249485,3,161700,1.8552875695732837e-05,control:m2matched,11,6
100,0.9970072933446323,0.07730754825765877,0.005976457017610241,0.9747474747474747,0,8.440583644242494e-07,0.019792459188182777,0.028216219383269302,7,161700,4.329004329004329e-05,control:m2matched,11,7
100,0.996428362475144,0.08444239726051805,0.007130518455103146,0.9864646464646465,0,1.0277305096395573e-05,0.01820655487978515,0.025970427237377084,2,161700,1.2368583797155226e-05,control:marginal,11,0
100,0.9953308185487467,0.09652233755500256,0.009316561647081858,0.9826262626262626,0,5.267364995287238e-06,0.015961982144934852,0.022793801915477783,7,161700,4.329004329004329e-05,control:marginal,11,1
100,0.9957884316837733,0.0916809648987789,0.008405399324771128,0.9864646464646465,0,1.402023827368204e-05,0.017159976817469166,0.024493284140312974,2,161700,1.2368583797155226e-05,control:marginal,11,2
100,0.995465169697796,0.09512673608685339,0.009049095918537855,0.9854545454545455,0,2.4033678478474485e-06,0.015250848136832298,0.021775359210812383,3,161700,1.8552875695732837e-05,control:marginal,11,3
100,0.9948332966819843,0.10152197699441834,0.010306711812855206,0.9842424242424243,0,1.2732114846869536e-05,0.015040018366688994,0.021487973247874773,3,161700,1.8552875695732837e-05,control:marginal,11,4
100,0.995990201911458,0.08946238145932232,0.008003517696373297,0.9806060606060606,0,1.5369669169817968e-05,0.015747654982030273,0.02247285375998322,3,161700,1.8552875695732837e-05,control:marginal,11,5
100,0.9970387613085667,0.0769006401031817,0.005913708448279078,0.9773737373737373,0,1.2603040914882513e-05,0.0184540637174296,0.026307366419498268,1,161700,6.184291898577613e-06,control:marginal,11,6
100,0.9955834460266416,0.09388078609448157,0.008813601997717805,0.9822222222222222,0,1.4427768016078701e-05,0.015736482233369382,0.022466084575575997,10,161700,6.184291898577613e-05,control:marginal,11,7
100,0.9962605203816529,0.08640008986614343,0.007464975528877663,0.9816161616161616,0,7.839334040804502e-07,0.012477999177364344,0.01780202606897552,18,161700,0.00011131725417439703,control:sigshuffle,11,0
100,0.9975930270918142,0.06934084148458966,0.00480815229779099,0.9844444444444445,0,5.175613034924531e-06,0.01400222647499702,0.019949917010049473,3,161700,1.8552875695732837e-05,control:sigshuffle,11,1
100,0.9965353253172827,0.08317058010364779,0.0069173453947772925,0.98,0,7.924598722230947e-06,0.013893437416611925,0.019815927809151614,3,161700,1.8552875695732837e-05,control:sigshuffle,11,2
100,0.997413611819903,0.07187549621654528,0.005166086956374614,0.9785858585858586,0,5.041702312524876e-06,0.014909920010815503,0.02124699047910923,1,161700,6.184291898577613e-06,control:sigshuffle,11,3
100,0.996561660010811,0.08285443739774238,0.006864857796496412,0.9812121212121212,0,3.210041343404413e-06,0.01338720306768849,0.019093391464931192,3,161700,1.8552875695732837e-05,control:sigshuffle,11,4
100,0.9963636861477352,0.08520214155816568,0.007259404926097702,0.9824242424242424,0,1.941694387874726e-05,0.014098612475677461,0.020112028845317917,11,161700,6.802721088435374e-05,control:sigshuffle,11,5
100,0.9965913712083071,0.08249629587530866,0.006805638833146469,0.9775757575757575,0,1.0220398858340474e-06,0.013226466350829006,0.018863579612917118,1,161700,6.184291898577613e-06,control:sigshuffle,11,6
100,0.9965567306440651,0.08291370579109586,0.006874682608012402,0.9874747474747475,0,1.701257904973552e-05,0.012771116362002373,0.018214792818200706,3,161700,1.8552875695732837e-05,control:sigshuffle,11,7
100,0.9960577167738001,0.08870752423196458,0.007869024855364582,0.9872727272727273,0,2.016371642543646e-06,0.01787765271289112,0.025510759741183348,6,161700,3.7105751391465674e-05,control:maxmatched,11,0
100,0.9951575655611014,0.09829252111174272,0.009661419706502389,0.9826262626262626,0,8.542118392629305e-07,0.016929865429300316,0.024180153724673636,13,161700,8.039579468150897e-05,control:maxmatched,11,1
100,0.9938213331049195,0.11099170178693563,0.01231915786556005,0.9781818181818182,0,7.654167728077255e-06,0.015222431686796208,0.021770736396919125,10,161700,6.184291898577613e-05,control:maxmatched,11,2
100,0.9958090057146207,0.0914572257268842,0.008364424137658248,0.9826262626262626,0,6.467692453382412e-06,0.0158456986526388,0.022616882584984916,17,161700,0.00010513296227581942,control:maxmatched,11,3
100,0.9958127929918864,0.0914159795314701,0.00835688131369816,0.9866666666666667,0,8.8865312575237e-07,0.016720171048830855,0.02386494376109185,5,161700,3.0921459492888065e-05,control:maxmatched,11,4
100,0.9961113948678207,0.08810271854196366,0.007762089014484468,0.9846464646464647,0,4.191551692400708e-07,0.017582726562272128,0.025088558822337105,5,161700,3.0921459492888065e-05,control:maxmatched,11,5
100,0.9945727297643041,0.10404366972180741,0.010825085209180544,0.9777777777777777,0,8.866055822398522e-06,0.01584569544863854,0.0226449912925803,7,161700,4.329004329004329e-05,control:maxmatched,11,6
100,0.9941341003365192,0.10815447539560721,0.011697390548099006,0.983030303030303,0,4.161176084482854e-06,0.015192744802844943,0.021721442974196113,19,161700,0.00011750154607297464,control:maxmatched,11,7
200,0.9959834037390467,0.08953803368615439,0.008017059476382916,0.9846231155778894,0,2.296452098038415e-06,0.017088082751815628,0.024324543254262913,24,1313400,1.827318410232983e-05,arithmetic,11,0
200,0.9954868009936504,0.09490010035520707,0.009006029047428376,0.9831155778894473,0,1.295555174252172e-07,0.016876702138647583,0.024035631485359223,34,1313400,2.5887010811633928e-05,arithmetic,11,1
200,0.9960370719548173,0.08893903131738098,0.007910151291674074,0.9837185929648241,0,1.295555174252172e-07,0.017671905505763207,0.02515424781355354,22,1313400,1.6750418760469013e-05,arithmetic,11,2
200,0.9958291791827597,0.09123730535362798,0.008324245888191154,0.9831658291457287,0,1.295555174252172e-07,0.017245169544283092,0.024551954939012487,43,1313400,3.273945485000761e-05,arithmetic,11,3
200,0.992964007930335,0.11841654848426243,0.014022478954925678,0.9613065326633166,0,6.547630641451363e-06,0.017468806543637923,0.024942109751837756,569,1313400,0.0004332267397594031,control:loose,11,0
200,0.9924187785266949,0.12290227022957308,0.015104968027583003,0.9630150753768845,0,2.6440684952611093e-07,0.017222455777477243,0.02460387785661484,664,1313400,0.000505558093497792,control:loose,11,1
200,0.9927925560518148,0.11984548655708212,0.014362940648103752,0.9595477386934673,0,2.1654573383322884e-06,0.01781691276168606,0.02544353200684803,598,1313400,0.00045530683721638497,control:loose,11,2
200,0.992477028991168,0.12243098841741065,0.014989346924864142,0.9626130653266332,0,3.169700434013656e-06,0.017553303781837077,0.025075053171546558,389,1313400,0.00029617785899192935,control:loose,11,3
200,0.9970456981316336,0.07681064924347226,0.005899875837203725,0.9819597989949749,0,6.158447317994309e-06,0.01855813769981162,0.026388991076347342,20,1313400,1.5227653418608192e-05,control:m2matched,11,0
200,0.9969779943137956,0.07768448271077762,0.0060348788540411065,0.9836683417085427,0,1.5744763293135122e-07,0.018206907711990412,0.025891313051968998,46,1313400,3.5023602862798846e-05,control:m2matched,11,1
200,0.9968965176806619,0.07872314168127632,0.006197333036170306,0.9844221105527639,0,1.061332560725603e-07,0.018088793532413067,0.02572544999201518,14,1313400,1.0659357393025734e-05,control:m2matched,11,2
200,0.9968699535766283,0.07905881137565388,0.006250295656131219,0.9853266331658291,0,7.950357723274237e-07,0.01823214809281086,0.02593001637485648,51,1313400,3.883051621745089e-05,control:m2matched,11,3
200,0.9968715815296311,0.07903828147557693,0.006247049938612526,0.9798994974874372,0,1.1657413280241613e-06,0.017936550706769916,0.025509571973549618,10,1313400,7.613826709304096e-06,control:marginal,11,0
200,0.995353822439552,0.0962848282699452,0.009270768154972837,0.9834170854271357,0,6.881602598207692e-06,0.016115185417009053,0.022954153186136795,31,1313400,2.36028627988427e-05,control:marginal,11,1
200,0.995753509838058,0.09205947884486813,0.008474947645188724,0.9837185929648241,0,1.1609339367613103e-07,0.017329288756732477,0.0246735903503022,36,1313400,2.7409776153494748e-05,control:marginal,11,2
200,0.9955670323586069,0.09405468664918629,0.008846284080676621,0.9855778894472362,0,7.582262426808484e-07,0.016541483061188793,0.023556317282344,47,1313400,3.578498553372925e-05,control:marginal,11,3
200,0.9971690574839964,0.07519222563854613,0.0056538707964780355,0.9782914572864322,0,3.0722375294889304e-06,0.01380966464821559,0.01963440731161114,35,1313400,2.6648393482564338e-05,control:sigshuffle,11,0
200,0.9966078728179874,0.08229670611395236,0.006772747837206243,0.97321608040201,0,8.047332242799854e-07,0.0130125865433111,0.018511549588736388,25,1313400,1.903456677326024e-05,control:sigshuffle,11,1
200,0.9956762797520836,0.09289104337367982,0.008628745939050865,0.982713567839196,0,3.9140431273843035e-07,0.012524492966474681,0.017833863971136593,16,1313400,1.2182122734886554e-05,control:sigshuffle,11,2
200,0.9963296392407098,0.08559935730177451,0.007327249970476858,0.9808040201005025,0,2.2250349096530897e-07,0.012698126267142082,0.01806924675343309,23,1313400,1.7511801431399423e-05,control:sigshuffle,11,3
200,0.9957146151919799,0.09247921438403094,0.008552405093087556,0.9834170854271357,0,9.005957957164412e-07,0.016988799478815847,0.024189743652333544,47,1313400,3.578498553372925e-05,control:maxmatched,11,0
200,0.995103165643776,0.09884174080688646,0.009769689725735725,0.9803015075376884,0,3.4879368837614777e-07,0.01697565236387973,0.02418587603572646,51,1313400,3.883051621745089e-05,control:maxmatched,11,1
200,0.9955852790526037,0.0938613452585737,0.008809952133749176,0.9807035175879397,0,8.955647958774904e-07,0.017161903020301694,0.024439394091573072,73,1313400,5.55809349779199e-05,control:maxmatched,11,2
200,0.9955164620652133,0.09458844409948138,0.008946973757160713,0.98321608040201,0,1.232806583040258e-06,0.016565685412693293,0.023591981618822852,89,1313400,6.776305771280645e-05,control:maxmatched,11,3
296,0.9958658105100727,0.09083659756461529,0.008251287457115872,0.9831424644983967,0,1.295555174252172e-07,0.017418030529628883,0.02477696287628576,132,4278680,3.085063617751269e-05,arithmetic,11,0
296,0.9958658105100727,0.09083659756461529,0.008251287457115872,0.9831424644983967,0,1.295555174252172e-07,0.017418030529628883,0.02477696287628576,132,4278680,3.085063617751269e-05,arithmetic,11,1
296,0.9958658105100727,0.09083659756461529,0.008251287457115872,0.9831424644983967,0,1.295555174252172e-07,0.017418030529628883,0.02477696287628576,132,4278680,3.085063617751269e-05,arithmetic,11,2
296,0.9958658105100728,0.09083659756461529,0.008251287457115874,0.9831424644983967,0,1.295555174252172e-07,0.017418030529628883,0.02477696287628576,132,4278680,3.085063617751269e-05,arithmetic,11,3
296,0.9935092460963268,0.1137513864579616,0.012939377921108528,0.9629409070087036,0,1.4063714179890496e-06,0.017907288807048182,0.02553334833487322,2127,4278680,0.0004971159329512841,control:loose,11,0
296,0.9926538263312735,0.12098917749072371,0.014638381069881846,0.9573751717819514,0,2.093201868502703e-06,0.018100138636750238,0.025830566188935637,1639,4278680,0.00038306206587078256,control:loose,11,1
296,0.9928357540550203,0.11948709331973506,0.014277165469999076,0.959024278515804,0,1.1635881682625637e-06,0.018087136968579404,0.025807281804034684,1948,4278680,0.0004552806005590509,control:loose,11,2
296,0.9914420345607639,0.1305476622004895,0.017042692106013113,0.9592533211177279,0,1.8955397829145681e-07,0.01706163119637743,0.024378280370412,3133,4278680,0.0007322351753344489,control:loose,11,3
296,0.9966867914857572,0.08133535318560205,0.006615439677826625,0.9855245075584058,0,1.0790698046214686e-06,0.017716449313978096,0.025180701720548544,114,4278680,2.6643731244215504e-05,control:m2matched,11,0
296,0.9969033874178829,0.078636099564708,0.006183636154750671,0.9867842418689876,0,3.6735560851042237e-06,0.017529722946520825,0.024909890926325555,157,4278680,3.6693559695981004e-05,control:m2matched,11,1
296,0.9969069360430893,0.07859109917274429,0.006176560869180129,0.9859596885020614,0,3.1806398406164504e-06,0.018700599004798535,0.02657362154000318,121,4278680,2.8279749829386632e-05,control:m2matched,11,2
296,0.9971815605977794,0.07502623010505889,0.005628935203777244,0.9854786990380211,0,1.631499915388801e-06,0.01709660528714411,0.024287649753076655,123,4278680,2.87471837108641e-05,control:m2matched,11,3
296,0.9953335517922481,0.0964941484061491,0.009311120676627928,0.9845167201099404,0,1.0614995502589153e-06,0.016084893602377016,0.022892825288680065,92,4278680,2.150195854796339e-05,control:marginal,11,0
296,0.9957597590888579,0.09199185930993911,0.008462502179299633,0.9824324324324324,0,1.504248136052766e-06,0.017362967017413355,0.024701266096018974,91,4278680,2.126824160722466e-05,control:marginal,11,1
296,0.9958602497629078,0.09089754090270502,0.008262362942158933,0.984722858451672,0,9.067754254132865e-07,0.01663617296635024,0.023664910962435188,86,4278680,2.0099656903530997e-05,control:marginal,11,2
296,0.9956541464459656,0.09312798003261821,0.008672820664955736,0.9836005497022446,0,1.3429553727961618e-06,0.016670484667205242,0.02371862807308357,113,4278680,2.6410014303476775e-05,control:marginal,11,3
296,0.996109144323226,0.0881281600605081,0.0077665725956505335,0.9770499312872194,0,1.0125524338988612e-06,0.01295013733610921,0.018416932337914128,83,4278680,1.9398506081314797e-05,control:sigshuffle,11,0
296,0.9970212068760004,0.07712790052583994,0.00594871303952386,0.9774393037104901,0,9.951906416727496e-07,0.014291464085778057,0.020305896661262153,146,4278680,3.412267334785495e-05,control:sigshuffle,11,1
296,0.9963904676737387,0.08488837334351669,0.007206035928908275,0.9825011452130096,0,1.8559991932232123e-07,0.012861030286363949,0.01828504536985946,161,4278680,3.7628427458935937e-05,control:sigshuffle,11,2
296,0.9970744532086461,0.07643647531564648,0.005842534758679434,0.977027027027027,0,2.1366075575457444e-08,0.013648719002594288,0.019391622542595806,63,4278680,1.4724167266540149e-05,control:sigshuffle,11,3
296,0.9952307505139835,0.09754872234618599,0.009515753231373283,0.9827301878149336,0,3.1094364949524333e-07,0.01667450841915451,0.02373444596443194,101,4278680,2.3605411014611982e-05,control:maxmatched,11,0
296,0.9956237101059014,0.0934528109526941,0.008733427874959983,0.9838295923041686,0,5.268541201086663e-07,0.016804340659727433,0.023909808178545416,91,4278680,2.126824160722466e-05,control:maxmatched,11,1
296,0.9957377417971891,0.09222987347185568,0.00850634956063451,0.9847457627118644,0,1.8815303970409758e-07,0.0167216116554216,0.023789373768886457,136,4278680,3.178550394046762e-05,control:maxmatched,11,2
296,0.9952176932294573,0.0976818462306955,0.009541743083037237,0.9828905176362803,0,2.6965130783818125e-07,0.016700706585886387,0.02377204824332904,157,4278680,3.6693559695981004e-05,control:maxmatched,11,3
8,0.9978830391931417,0.06503414557491187,0.004229440090658829,1.0,0,0.002398125344805213,0.017100975927652997,0.025909093954197628,0,56,0.0,arithmetic,13,0
8,0.9938988310346923,0.11029557410826688,0.01216511366787219,1.0,0,1.8215234275142933e-05,0.00753206283231175,0.011457311630494222,0,56,0.0,arithmetic,13,1
8,0.9997135177461857,0.023934962618455284,0.0005728824355468519,1.0,0,0.002215598438888189,0.01991662345407583,0.030119733120800678,0,56,0.0,arithmetic,13,2
8,0.9992737221491447,0.03810548808497696,0.001452028222194321,0.9642857142857143,0,0.0003380098834424583,0.015354741496699235,0.023231059315804336,0,56,0.0,arithmetic,13,3
8,0.9865751836946876,0.16330770624129534,0.02666940691779321,1.0,0,0.0013215905895185287,0.008804255600663594,0.013491909723012714,0,56,0.0,arithmetic,13,4
8,0.9977388959267147,0.06720934127738909,0.0045170955549405575,1.0,0,0.0007102918846249029,0.015034950122823318,0.022782220972210478,0,56,0.0,arithmetic,13,5
8,0.9974942356502128,0.07074779038668057,0.005005249844597692,0.9642857142857143,0,0.001897328368767992,0.013811373621381783,0.020933288096392194,0,56,0.0,arithmetic,13,6
8,0.9970876285988277,0.07626441434355932,0.005816260895166097,1.0,0,0.0020272719340928003,0.012436233163824709,0.018856735071882354,0,56,0.0,arithmetic,13,7
8,0.9993944887601797,0.0347944799613283,0.0012106558357792767,1.0,0,0.0005279779738878165,0.020476785042861136,0.030976745838371136,0,56,0.0,control:loose,13,0
8,0.9882697686167524,0.1527182518174904,0.023322864438190417,1.0,0,0.000567038357991323,0.011897252511085931,0.018200450599249764,0,56,0.0,control:loose,13,1
8,0.9962584117638295,0.08642440043073546,0.007469176989812108,1.0,0,0.0008881735420531722,0.018525972594473465,0.028113828243644334,0,56,0.0,control:loose,13,2
8,0.9734421656221807,0.2289330692337806,0.05241035018879898,1.0,0,0.0011379364958729044,0.007076405583938805,0.010990400875530104,0,56,0.0,control:loose,13,3
8,0.9968808763531231,0.07892096275026822,0.006228518361429223,1.0,0,0.0025444483615063573,0.014153557190229043,0.021465119500259814,0,56,0.0,control:loose,13,4
8,0.9983076680613704,0.05815324487824125,0.003381799889868692,1.0,0,0.0034481365449019474,0.017143856017250395,0.025963012054146712,0,56,0.0,control:loose,13,5
8,0.9975457357429194,0.07001789129299477,0.004902505101117631,1.0,0,0.00035974068866984066,0.012114856890390777,0.018361004758337497,0,56,0.0,control:loose,13,6
8,0.9934126998011998,0.11459148255298465,0.013131207873690985,0.9642857142857143,0,0.00047325923151131377,0.014570134756785104,0.02217404028003168,0,56,0.0,control:loose,13,7
8,0.9984904971941035,0.054924739535766334,0.0030167270130717736,0.9642857142857143,0,0.00022659056403973032,0.022158566535093432,0.03355124939741267,0,56,0.0,control:m2matched,13,0
8,0.9981612876254974,0.060613891854993794,0.0036740438858088825,1.0,0,0.0006432456716165547,0.013277396798096489,0.02011051458693637,0,56,0.0,control:m2matched,13,1
8,0.9955950768895399,0.09375736170195494,0.008790442873311207,1.0,0,0.00027131873639119064,0.01498690578650022,0.0227583204422051,0,56,0.0,control:m2matched,13,2
8,0.9983376373169346,0.05763646342760016,0.003321961916441091,0.9642857142857143,0,0.0006163338169022925,0.013472088907484797,0.02040179912653915,0,56,0.0,control:m2matched,13,3
8,0.9978613817897339,0.0653656081795507,0.004272662732682546,1.0,0,0.0009247051011160856,0.013409305037827423,0.020316412698333605,0,56,0.0,control:m2matched,13,4
8,0.9972001958888079,0.07477813396523901,0.005591769319323232,1.0,0,0.0013821585268679604,0.013683555641524363,0.020745675415081377,0,56,0.0,control:m2matched,13,5
8,0.9988483456385887,0.04797897888715943,0.00230198241505449,0.9642857142857143,0,7.682840043399253e-05,0.014692379999349877,0.02223840160702389,0,56,0.0,control:m2matched,13,6
8,0.9981416168318182,0.0609369571636454,0.003713312748363955,1.0,0,0.0004990316690760555,0.014917995960530374,0.022595881732584637,0,56,0.0,control:m2matched,13,7
8,0.998145469078005,0.06087382490898191,0.0037056225590493866,1.0,0,0.0015330361087400046,0.015938907440236294,0.024142135340478956,0,56,0.0,control:marginal,13,0
8,0.9967157609271303,0.08097957717506145,0.0065576919194517335,1.0,0,0.0014489655646103827,0.010864664716104788,0.01647995320160173,0,56,0.0,control:marginal,13,1
8,0.9973108328357644,0.07328780736544342,0.005371102708434343,1.0,0,0.00018324626940646738,0.01324192220685649,0.02007388663096136,0,56,0.0,control:marginal,13,2
8,0.998404414771381,0.05646790739009646,0.0031886245650165107,1.0,0,0.0010717631780169379,0.01513470373473815,0.02291808904935969,0,56,0.0,control:marginal,13,3
8,0.9897610336455911,0.14273435562894787,0.020373096276810963,0.9642857142857143,0,0.002115224421344708,0.010247515960961339,0.015653059024044357,0,56,0.0,control:marginal,13,4
8,0.9994824834152434,0.032167768746024394,0.0010347653460977037,1.0,0,0.0026814192634818657,0.02443976980874235,0.0369685907237271,0,56,0.0,control:marginal,13,5
8,0.9881576116000652,0.15344228438359075,0.02354453463685474,1.0,0,0.0010622547696237383,0.007962391395153635,0.01218227146047822,0,56,0.0,control:marginal,13,6
8,0.9916739279648675,0.12877430098715753,0.016582820594731044,1.0,0,0.0006311072651010718,0.00730524919428422,0.01113722801036083,0,56,0.0,control:marginal,13,7
8,0.9951805708751033,0.09805932567942639,0.009615631352703814,1.0,0,0.00041544341356059,0.00791505263717115,0.012024385468932712,0,56,0.0,control:sigshuffle,13,0
8,0.9941517344874634,0.10799226275788484,0.01166232881556804,1.0,0,7.899662016241926e-05,0.008467368970087754,0.012876765344895182,0,56,0.0,control:sigshuffle,13,1
8,0.9988950159348741,0.04699730992799069,0.002208747140467613,1.0,0,0.0007129229509043045,0.011009570322016552,0.016663318480669313,0,56,0.0,control:sigshuffle,13,2
8,0.9998709501239953,0.016064964928038307,0.0002580830981391008,1.0,0,0.0005834779783722155,0.01311110502469894,0.019824685978183182,0,56,0.0,control:sigshuffle,13,3
8,0.9987170842416,0.05063778869537097,0.002564185643957041,1.0,0,0.002247456582569418,0.011138329377615558,0.016861202676273602,0,56,0.0,control:sigshuffle,13,4
8,0.998246808946246,0.059188752551789243,0.0035033084286369377,1.0,0,0.0010170484455440665,0.01471204683982767,0.022281588003561403,0,56,0.0,control:sigshuffle,13,5
8,0.9860918837594466,0.16620107335317083,0.027622796783746073,1.0,0,0.00045291259248414484,0.006784510464073566,0.010401886332956394,0,56,0.0,control:sigshuffle,13,6
8,0.9937045790603347,0.11203218088800501,0.012551209554522677,1.0,0,0.00011803819873612564,0.006922168465674797,0.01053163610731841,0,56,0.0,control:sigshuffle,13,7
8,0.9996074143942169,0.028018156400962113,0.0007850170881087741,1.0,0,0.000595278778995123,0.022927422773851153,0.03467661860603559,0,56,0.0,control:maxmatched,13,0
8,0.9955124549776161,0.09463060807392064,0.008954951984439975,0.9642857142857143,0,0.00030287452041610763,0.009408730244284014,0.01428878463824642,0,56,0.0,control:maxmatched,13,1
8,0.9978367062887883,0.06574121677260589,0.004321907582742757,1.0,0,5.998547828023337e-05,0.018969672644785145,0.028741625875882384,0,56,0.0,control:maxmatched,13,2
8,0.9977602824297187,0.06689109661059714,0.004474418805768241,1.0,0,0.0014827929543965723,0.01504048864641092,0.022790124903342802,0,56,0.0,control:maxmatched,13,3
8,0.9934176019496657,0.11454897702107851,0.013121468136575574,0.9642857142857143,0,0.00018016653454377973,0.014201943985844186,0.021613590352260088,0,56,0.0,control:maxmatched,13,4
8,0.9964820517756292,0.0838064465839726,0.0070235204890322514,1.0,0,0.001593038980392536,0.010067597777887365,0.015274512097062251,0,56,0.0,control:maxmatched,13,5
8,0.9906145690827115,0.1366849498703991,0.01868277552107351,0.9642857142857143,0,4.4804178921387106e-05,0.009584861095555211,0.014628240229508226,0,56,0.0,control:maxmatched,13,6
8,0.9876240338461922,0.15683994315663086,0.0245987677693752,1.0,0,0.0004347465268299544,0.006571060500916731,0.010058999514900541,0,56,0.0,control:maxmatched,13,7
16,0.9936876016492306,0.11218266500934934,0.012584950328599891,0.9916666666666667,0,0.0003805888516780209,0.009697078750783678,0.014253463603364595,0,560,0.0,arithmetic,13,0
16,0.9931763135888388,0.1166225112321127,0.013600810126084254,0.975,0,0.00035151484349837947,0.009984173564264601,0.014683011141452797,0,560,0.0,arithmetic,13,1
16,0.9958201977945982,0.09133528159658214,0.008342133664326954,0.9916666666666667,0,0.0003882185511856484,0.011293205519625347,0.016564016739406086,0,560,0.0,arithmetic,13,2
16,0.994395638448235,0.10572281794923487,0.01117731423512706,0.975,0,0.0001410097202841909,0.013949705702133008,0.020489680869316438,0,560,0.0,arithmetic,13,3
16,0.9993713463479772,0.03545295613388637,0.0012569120986312711,0.9833333333333333,0,0.0006640517823004455,0.02452793417922998,0.03584787680257913,0,560,0.0,arithmetic,13,4
16,0.997211805569649,0.07462315212131151,0.005568614832520399,0.9833333333333333,0,0.0001059409505388409,0.011445243817454945,0.01676358871794036,0,560,0.0,arithmetic,13,5
16,0.9899555432489967,0.14137900265097325,0.0199880223905839,1.0,0,7.227438700407873e-06,0.011209554697977474,0.016538725089330575,0,560,0.0,arithmetic,13,6
16,0.9980578134004064,0.06229447094565885,0.0038806011103995333,0.9833333333333333,0,0.00021238617187435693,0.015779307749496367,0.023092003102223545,0,560,0.0,arithmetic,13,7
16,0.9922850489820934,0.12397734295670451,0.01537038156660433,0.975,0,8.183991724086681e-06,0.014596776372861638,0.021485717756811053,0,560,0.0,control:loose,13,0
16,0.989050116929281,0.14758003320969718,0.02177986620217532,0.9583333333333334,0,0.00045276169256847076,0.012317847638450506,0.01819055245299496,0,560,0.0,control:loose,13,1
16,0.9940616824222531,0.1088180662382832,0.01184137153983939,0.9166666666666666,0,0.00024794005317074763,0.015148527046478955,0.022258015099199016,0,560,0.0,control:loose,13,2
16,0.9971487364613784,0.07546123093003979,0.005694397373476792,0.9916666666666667,0,0.0004456774529244534,0.017124192220752028,0.025083001870968194,0,560,0.0,control:loose,13,3
16,0.9903497778700716,0.13859046674537084,0.019207317472699742,0.975,0,6.24446832646619e-05,0.012619536266813685,0.01861161873118921,0,560,0.0,control:loose,13,4
16,0.993384337461014,0.11483709368989778,0.01318755808714236,0.9666666666666667,0,3.1049703154817365e-05,0.01560154137368979,0.022939268169688724,0,560,0.0,control:loose,13,5
16,0.9936904171060659,0.11215772354845924,0.01257935495157261,0.975,0,0.0002170185797738533,0.012331998712561435,0.018126407065266328,0,560,0.0,control:loose,13,6
16,0.9943218590229882,0.10641447584360485,0.01132404066906916,0.975,0,0.00029231233667492695,0.010174514682606398,0.014945693630985404,0,560,0.0,control:loose,13,7
16,0.996064708680328,0.08862898014516997,0.007855096121572935,0.9916666666666667,0,5.4079262071793366e-05,0.013567142611329165,0.01989437027362019,0,560,0.0,control:m2matched,13,0
16,0.9968195004570154,0.07969243068589452,0.006350883508626102,0.9916666666666667,0,0.00017317110963821492,0.01541839470428164,0.022591860281442295,0,560,0.0,control:m2matched,13,1
16,0.9917023213348797,0.1285554583011216,0.01652650585901142,0.9916666666666667,0,0.00023479045689511757,0.008727908632935502,0.012854589756781323,0,560,0.0,control:m2matched,13,2
16,0.9978514402445394,0.06551719775675957,0.004292503201898343,1.0,0,0.0002934196614712281,0.016889818239276325,0.02472227579834728,0,560,0.0,control:m2matched,13,3
16,0.9973349412863051,0.07295899457532751,0.00532301488944267,1.0,0,0.00015190588472313582,0.015561518771999372,0.022789789087227917,0,560,0.0,control:m2matched,13,4
16,0.9989710854198756,0.04535163166894787,0.0020567704950359158,0.9833333333333333,0,0.0002468026915373178,0.013469791759529382,0.019694153712808842,0,560,0.0,control:m2matched,13,5
16,0.9963531742301597,0.08532497993838158,0.007280352201485218,1.0,0,4.003626292559126e-05,0.013573491339535476,0.019897917279540094,0,560,0.0,control:m2matched,13,6
16,0.9972350713460506,0.0743115904649926,0.005522212477436778,0.9833333333333333,0,0.00019386779077112948,0.011911484377997505,0.017446073648127617,0,560,0.0,control:m2matched,13,7
16,0.9942315599887911,0.10725486059966957,0.01150360512225455,0.9833333333333333,0,0.0002127864495924392,0.012503789264206502,0.018368913131595575,0,560,0.0,control:marginal,13,0
16,0.9985020686264992,0.05471397397924697,0.0029936189486017145,0.9833333333333333,0,6.842283014041328e-05,0.017130008453612327,0.02505751320930522,0,560,0.0,control:marginal,13,1
16,0.9949576237111368,0.10029619643380189,0.010059327019087775,1.0,0,0.0007712838365010466,0.01322482579886779,0.019413987052294565,0,560,0.0,control:marginal,13,2
16,0.9977669240474708,0.06679195518061168,0.004461165276848839,0.975,0,0.00023059733318642195,0.018437527502534322,0.02699000330803903,0,560,0.0,control:marginal,13,3
16,0.9961011148109107,0.08821887027422809,0.0077825690724610845,1.0,0,0.0006366833523168136,0.012548228019097146,0.018399598034335597,0,560,0.0,control:marginal,13,4
16,0.9976860926172681,0.06798867992605814,0.004622460598087982,1.0,0,0.0004965382445554223,0.0146123117104272,0.021392146755905308,0,560,0.0,control:marginal,13,5
16,0.9968402869667787,0.07943199783456317,0.006309442279990049,0.9833333333333333,0,3.655716577033452e-05,0.01500364120217291,0.021983682745272525,0,560,0.0,control:marginal,13,6
16,0.9952928510990942,0.09691305665923775,0.009392140551036626,1.0,0,5.948841302894081e-05,0.012803759760704976,0.01878953324225666,0,560,0.0,control:marginal,13,7
16,0.9969102229779606,0.07854939415445909,0.006170007322032571,0.9916666666666667,0,0.0003061937761620337,0.011802476386009427,0.017292048710875953,0,560,0.0,control:sigshuffle,13,0
16,0.9986347010877115,0.052237283461692374,0.0027287337834571994,0.9916666666666667,0,6.635354260953186e-05,0.014432661980223995,0.021109072277195103,0,560,0.0,control:sigshuffle,13,1
16,0.9980047281064091,0.06313923247278536,0.003986562677252433,0.9916666666666667,0,0.00018752462735993625,0.011448319742660196,0.016754771574370483,0,560,0.0,control:sigshuffle,13,2
16,0.9990952537637577,0.042528506989223475,0.0018086739067324302,0.9916666666666667,0,0.00019291266760501635,0.012968165961173181,0.01895837125211621,0,560,0.0,control:sigshuffle,13,3
16,0.9982511839038115,0.059114920575422135,0.003494573834638467,1.0,0,0.0003240316910624319,0.012383167091983427,0.01811845905185461,0,560,0.0,control:sigshuffle,13,4
16,0.9946606791806634,0.10319948300191054,0.010650133291861623,0.9833333333333333,0,6.708825062484713e-05,0.007752505306232386,0.011384041807167806,0,560,0.0,control:sigshuffle,13,5
16,0.9978475145131841,0.06557696073973937,0.00430033777986132,1.0,0,0.00017367677470514487,0.011589149108139836,0.016963549497616016,0,560,0.0,control:sigshuffle,13,6
16,0.998466470798373,0.05535979309428249,0.0030647066914417666,0.9833333333333333,0,7.261250586299006e-05,0.013143726521718198,0.019227126708601616,0,560,0.0,control:sigshuffle,13,7
16,0.9973313455816074,0.07300813050873614,0.00533018712038065,0.9916666666666667,0,2.080821574246272e-05,0.019474328987619884,0.028520188604121532,0,560,0.0,control:maxmatched,13,0
16,0.9901367619003606,0.1401042209694923,0.019629192733468328,0.9583333333333334,0,0.00046489576656549847,0.011212463979885049,0.016539989715387633,0,560,0.0,control:maxmatched,13,1
16,0.9955000820138751,0.09476068124685506,0.00897958671036807,0.9916666666666667,0,7.204185546638708e-05,0.01599566400452106,0.023468770201273213,0,560,0.0,control:maxmatched,13,2
16,0.9970475903227867,0.07678608357980365,0.0058961026315245925,1.0,0,0.000632609192895428,0.013999440659740403,0.020508039980485258,0,560,0.0,control:maxmatched,13,3
16,0.9974212062326197,0.0717700310538184,0.005150937357466058,1.0,0,0.00018549965482872466,0.01649239338629192,0.024150962711907295,0,560,0.0,control:maxmatched,13,4
16,0.9943399035333529,0.10624573516749806,0.011288156241282135,0.9833333333333333,0,9.48395214375175e-05,0.01111527431515724,0.016327311425092094,0,560,0.0,control:maxmatched,13,5
16,0.9982776523481962,0.05866624942992383,0.0034417288221740383,1.0,0,0.0010856243389113507,0.018103991570412595,0.026488194049483937,0,560,0.0,control:maxmatched,13,6
16,0.9956381263014785,0.09329909675276042,0.008704721454880951,1.0,0,0.0004043240022771899,0.010615010596103732,0.015572139041427516,0,560,0.0,control:maxmatched,13,7
24,0.9965873190166744,0.08254523350962006,0.006813715575157705,0.9855072463768116,0,0.0005792293255177938,0.015127508371914032,0.021928490949034637,0,2024,0.0,arithmetic,13,0
24,0.9970656865941409,0.07655074536903198,0.00586001661655437,0.9927536231884058,0,2.1679815485509124e-05,0.01570526236939049,0.022755067398617834,0,2024,0.0,arithmetic,13,1
24,0.9943253939955644,0.10638144037173779,0.011317010855565602,0.9891304347826086,0,0.00010125113278136588,0.01249003362997937,0.018146454221464492,0,2024,0.0,arithmetic,13,2
24,0.9962913063039953,0.08604436636455924,0.007403632983078494,0.9963768115942029,0,7.447473859856224e-05,0.012398251535116683,0.01797756232599157,0,2024,0.0,arithmetic,13,3
24,0.9956571531516564,0.09309582900398532,0.008666833377939274,0.9891304347826086,0,3.5470659370373525e-05,0.014658089498640767,0.02126788246314309,0,2024,0.0,arithmetic,13,4
24,0.996650899478861,0.08177398466491308,0.00668698456797744,0.9927536231884058,0,2.847560000163174e-05,0.013130979269765716,0.019033153639681135,0,2024,0.0,arithmetic,13,5
24,0.9973760435559177,0.07239494278431716,0.005241027740744555,0.9818840579710145,0,6.247781274382191e-05,0.01871701139524273,0.027110296846499675,0,2024,0.0,arithmetic,13,6
24,0.9980419805129034,0.0625476229275044,0.003912205133881274,0.9818840579710145,0,0.00019344722820680005,0.017846554356593342,0.025832252103334407,0,2024,0.0,arithmetic,13,7
24,0.9921413275195465,0.12512228509642753,0.01565558622775169,0.9528985507246377,0,8.963452534427319e-06,0.01343323610041092,0.019559772900825882,0,2024,0.0,control:loose,13,0
24,0.9921639032519182,0.12494314340498333,0.01561078908391823,0.9565217391304348,0,2.1674396817439323e-05,0.012921347675481306,0.018813997862637485,2,2024,0.0009881422924901185,control:loose,13,1
24,0.9963136545050273,0.08578520762250999,0.007359101846837145,0.9746376811594203,0,6.301558032928423e-05,0.013852371267107958,0.020085596836430884,0,2024,0.0,control:loose,13,2
24,0.9944330411876864,0.10537042561463401,0.011102926594209122,0.9601449275362319,0,2.993171496035174e-05,0.013519923680780156,0.01964062912496917,3,2024,0.0014822134387351778,control:loose,13,3
24,0.9944994271923641,0.10474201312777849,0.010970889314059722,0.967391304347826,0,2.2451456106908907e-05,0.012501243658758845,0.018159562586072465,0,2024,0.0,control:loose,13,4
24,0.9937394499547874,0.11172244896866743,0.012481905603556498,0.9818840579710145,0,0.00012762383991260506,0.015348955240971665,0.022313258117029354,1,2024,0.0004940711462450593,control:loose,13,5
24,0.9946303595831754,0.10349129333158079,0.010710447795443298,0.967391304347826,0,0.00010994017043353121,0.01634393230324096,0.023738405498818105,0,2024,0.0,control:loose,13,6
24,0.9899214053481492,0.14161783515343543,0.02005561123354561,0.9782608695652174,0,2.6953052931988353e-05,0.014356037324663375,0.020950315339261803,0,2024,0.0,control:loose,13,7
24,0.9966126842399353,0.08223841931889883,0.0067631576120710316,0.9927536231884058,0,0.0001441239155226537,0.01384725645456602,0.020072156104876778,0,2024,0.0,control:m2matched,13,0
24,0.9989785347287927,0.04518724544729512,0.0020418871511140935,0.9891304347826086,0,2.8118420087208662e-05,0.023398840872047213,0.03383723659725252,0,2024,0.0,control:m2matched,13,1
24,0.9974006525430179,0.07205510604226345,0.00519193830676183,0.9891304347826086,0,1.5516733840259533e-05,0.011345602965620665,0.01643291595977496,0,2024,0.0,control:m2matched,13,2
24,0.9967157489442555,0.08097972466297952,0.006557715806491974,0.9927536231884058,0,3.2874195975196585e-05,0.014555879486747927,0.021097151976762457,0,2024,0.0,control:m2matched,13,3
24,0.9988821755704115,0.04726943333404236,0.002234399327721475,0.9927536231884058,0,1.842934646978378e-05,0.015650399687281078,0.022634341830084385,0,2024,0.0,control:m2matched,13,4
24,0.9964354722171611,0.08435845960757767,0.007116349707363313,0.9927536231884058,0,0.00021689873906827195,0.015747133308015627,0.022830163675999365,0,2024,0.0,control:m2matched,13,5
24,0.9965465139849398,0.08303641047434575,0.006895045464464036,0.9927536231884058,0,8.955866202442486e-05,0.013518513333934872,0.01959693084850857,0,2024,0.0,control:m2matched,13,6
24,0.9952623987718808,0.09722529295837415,0.009452757590841679,0.9891304347826086,0,0.00012424005667832638,0.012316816743557847,0.01787794446333732,0,2024,0.0,control:m2matched,13,7
24,0.9970910620531606,0.07621951176503411,0.005809413973700174,0.9891304347826086,0,0.0005200121672370717,0.013521365566785624,0.019590360687299947,0,2024,0.0,control:marginal,13,0
24,0.9965853392546665,0.08256913214186885,0.0068176615826614,0.9927536231884058,0,2.708937241435727e-05,0.015416224446271842,0.022347051575703002,0,2024,0.0,control:marginal,13,1
24,0.9950804109643963,0.09907055927432767,0.009814975714928073,0.9818840579710145,0,7.822850939476211e-05,0.013513193344419432,0.01961808059838185,0,2024,0.0,control:marginal,13,2
24,0.997121639155165,0.07581844583290001,0.005748436728516394,0.9891304347826086,0,7.822517708977461e-05,0.016203266323611284,0.02347529885075914,0,2024,0.0,control:marginal,13,3
24,0.9977905752937039,0.0664376990500081,0.004413967855059447,0.9891304347826086,0,1.419388461065818e-05,0.01686088946888157,0.024411686533303074,0,2024,0.0,control:marginal,13,4
24,0.997304517554143,0.07337369600952656,0.005383699266098415,0.9782608695652174,0,3.6307923243494855e-06,0.014565186657395509,0.021098178823907656,0,2024,0.0,control:marginal,13,5
24,0.9965275622280886,0.08326354376161997,0.006932817719743204,0.9818840579710145,0,7.971303547171793e-05,0.015063459459824019,0.021836956482438982,0,2024,0.0,control:marginal,13,6
24,0.998375499398424,0.056976856713471184,0.0032463622009474263,0.9855072463768116,0,7.697932472860991e-05,0.017516453478872006,0.025345972889300548,0,2024,0.0,control:marginal,13,7
24,0.9983646639537145,0.05716640419500761,0.0032679977685869835,0.9710144927536232,0,1.846693569840241e-06,0.012920593640473372,0.01869605458538221,0,2024,0.0,control:sigshuffle,13,0
24,0.9976221946245424,0.06891993029967416,0.0047499567925119454,0.9637681159420289,0,4.421453118097496e-05,0.011306940502728135,0.016373280613187467,0,2024,0.0,control:sigshuffle,13,1
24,0.9921854966169739,0.12477155245859832,0.015567940302928754,0.9963768115942029,0,0.00018786186470254318,0.008287446558485248,0.012066590296847932,0,2024,0.0,control:sigshuffle,13,2
24,0.9980068128466751,0.06310627157122828,0.003982401511621614,0.9891304347826086,0,8.168730652236e-05,0.013813794085382114,0.019995679755849902,0,2024,0.0,control:sigshuffle,13,3
24,0.9962725639796046,0.08626110514887154,0.007440978261504673,0.9927536231884058,0,0.00011585059484819915,0.011200732852995915,0.016241456345731334,0,2024,0.0,control:sigshuffle,13,4
24,0.9988156096332036,0.04865570832956802,0.0023673779530519945,0.9855072463768116,0,2.2485495588808746e-05,0.011329830870353514,0.016386824653001286,0,2024,0.0,control:sigshuffle,13,5
24,0.9984187805077664,0.056213332309910186,0.0031599387293843925,0.9818840579710145,0,9.162808861495897e-05,0.012508131936015467,0.018098242897964346,0,2024,0.0,control:sigshuffle,13,6
24,0.9968867287652279,0.07884700382235856,0.006216850011763024,0.9891304347826086,0,2.1720383063694726e-05,0.010590499417008096,0.01534713547847161,0,2024,0.0,control:sigshuffle,13,7
24,0.9926116517348422,0.12133469759400274,0.014722108840228095,0.9855072463768116,0,0.0001362536180586904,0.015055937335057905,0.021912156967962046,0,2024,0.0,control:maxmatched,13,0
24,0.9938107443267281,0.11108647289726345,0.012340204460754447,0.9927536231884058,0,0.00019937428796590329,0.012082118288072553,0.017562894651675407,1,2024,0.0004940711462450593,control:maxmatched,13,1
24,0.9965538096499994,0.0829488063330208,0.0068805044720729935,0.9963768115942029,0,9.438498927927252e-05,0.013462243892015687,0.01951521773972072,0,2024,0.0,control:maxmatched,13,2
24,0.9953466576814725,0.09635886592484239,0.00928503104232175,0.9818840579710145,0,8.977840372159651e-05,0.012863731590844037,0.018670214516466884,0,2024,0.0,control:maxmatched,13,3
24,0.9953130298327835,0.09670559779601656,0.009351972645084925,0.9927536231884058,0,0.00023916434908577422,0.01530503126239107,0.02221422836596682,0,2024,0.0,control:maxmatched,13,4
24,0.997333267122724,0.07298187645102883,0.005326354290313236,0.9891304347826086,0,8.043024586312786e-05,0.015041063929432882,0.021786875526808892,0,2024,0.0,control:maxmatched,13,5
24,0.9950592835575173,0.09928253726612872,0.009857022206000238,0.9927536231884058,0,6.176058996931744e-05,0.013694105820654362,0.01988114644473016,0,2024,0.0,control:maxmatched,13,6
24,0.9922849589255472,0.12397806374566789,0.015370560290124886,0.9855072463768116,0,9.249538651712186e-05,0.011643691078972878,0.016951610575177346,0,2024,0.0,control:maxmatched,13,7
50,0.9944397779502269,0.10530682803267685,0.011089528030303775,0.9844897959183674,0,3.5470659370373525e-05,0.014187619115456901,0.020381352151432164,0,19600,0.0,arithmetic,13,0
50,0.9937424201325387,0.11169602691736526,0.012476002429124783,0.9795918367346939,0,5.2856539264345415e-06,0.01341653002091579,0.01928716241769656,2,19600,0.00010204081632653062,arithmetic,13,1
50,0.9940279760754959,0.10912553678792666,0.011908382779253135,0.9828571428571429,0,1.5467221998410885e-05,0.01371341817501818,0.019708295806953442,0,19600,0.0,arithmetic,13,2
50,0.9962264969480938,0.08679151328631984,0.007532766778529434,0.9877551020408163,0,7.65892258547396e-06,0.01582296514782519,0.022689856166957883,2,19600,0.00010204081632653062,arithmetic,13,3
50,0.9943455745921544,0.10619264705711948,0.011276878288997946,0.9820408163265306,0,8.17480499271106e-06,0.011813838310643225,0.01697288377762407,0,19600,0.0,arithmetic,13,4
50,0.9968685335713204,0.07907671449525945,0.006253126775364777,0.9836734693877551,0,6.207092144161486e-06,0.015873627302060853,0.02274784454302681,0,19600,0.0,arithmetic,13,5
50,0.9968483195170447,0.079331128039657,0.006293427876044452,0.9836734693877551,0,6.809069705737691e-05,0.015775873828897904,0.02260821648736896,0,19600,0.0,arithmetic,13,6
50,0.997774121092014,0.06668435557954336,0.004446803279058975,0.9893877551020408,0,2.0679165106729513e-05,0.01826548559409813,0.02615176150304793,0,19600,0.0,arithmetic,13,7
50,0.9925889369176992,0.12152037816181936,0.014767202308591583,0.9657142857142857,0,7.149722369259592e-06,0.012885454225380202,0.0185452316320441,5,19600,0.00025510204081632655,control:loose,13,0
50,0.9907174070657693,0.13593755675632363,0.018479019336878708,0.9608163265306122,0,5.945432217002722e-05,0.013435936917664685,0.019374036894649636,20,19600,0.0010204081632653062,control:loose,13,1
50,0.989838356549644,0.14219714449699725,0.020220027903099916,0.9493877551020408,0,1.0847114226164578e-05,0.013006614604454863,0.01877162860321244,27,19600,0.0013775510204081633,control:loose,13,2
50,0.9917133179947616,0.1284705994063282,0.016504694911821258,0.9510204081632653,0,1.1487943364585362e-05,0.014944274256855237,0.021527353557423624,6,19600,0.0003061224489795918,control:loose,13,3
50,0.9937902563032216,0.11126961165015764,0.012380926476776896,0.9640816326530612,0,2.8790739675099708e-05,0.014310708037087007,0.020571613068997786,2,19600,0.00010204081632653062,control:loose,13,4
50,0.9880794641222196,0.15394470624203765,0.023698972579947273,0.9444897959183673,0,8.683081437199647e-07,0.012606988129305614,0.018227261769745106,27,19600,0.0013775510204081633,control:loose,13,5
50,0.9901327342720411,0.14013268185177724,0.01963716852297142,0.9542857142857143,0,2.934347652150393e-05,0.014675613596322608,0.021174092679477702,10,19600,0.0005102040816326531,control:loose,13,6
50,0.9940671581373823,0.10876803350556637,0.01183048511266801,0.9657142857142857,0,3.762840943499768e-06,0.016172507566721728,0.023241470205558206,4,19600,0.00020408163265306123,control:loose,13,7
50,0.9972408572138116,0.07423390534966015,0.005510672703462301,0.9893877551020408,0,3.128613394731694e-05,0.016199569927762426,0.023206272172405142,0,19600,0.0,control:m2matched,13,0
50,0.9943147424120491,0.10648095145170691,0.011338193022060765,0.986938775510204,0,3.551769349829925e-05,0.012293480304979239,0.017662530758415614,1,19600,5.102040816326531e-05,control:m2matched,13,1
50,0.9974886296543432,0.07082678667213853,0.00501643371030062,0.9877551020408163,0,3.5321162973334097e-06,0.015243869244084449,0.021831783757298658,1,19600,5.102040816326531e-05,control:m2matched,13,2
50,0.9954436635386946,0.09535152185813428,0.00909191272066226,0.9853061224489796,0,4.6731628149387916e-05,0.013939962346737389,0.020005383180719254,0,19600,0.0,control:m2matched,13,3
50,0.9945722368222537,0.1040483817383966,0.010826065742379104,0.9836734693877551,0,3.665111723005765e-06,0.011418489358658097,0.016401149208975053,4,19600,0.00020408163265306123,control:m2matched,13,4
50,0.9968021582172564,0.0799090568923186,0.006385457373419811,0.9861224489795918,0,2.137508095856333e-06,0.014820944943629526,0.021240702898121782,0,19600,0.0,control:m2matched,13,5
50,0.9967272691609681,0.08083780619808259,0.006534750910918759,0.996734693877551,0,3.968979019663976e-05,0.01426841009743582,0.020450371558004426,2,19600,0.00010204081632653062,control:m2matched,13,6
50,0.9967521619378992,0.08053029040133824,0.006485127672123871,0.9853061224489796,0,1.2202586689324946e-05,0.013340313811955688,0.019119688812999077,1,19600,5.102040816326531e-05,control:m2matched,13,7
50,0.9969793426829388,0.07766717622970044,0.006032190263495345,0.9893877551020408,0,4.951981745326961e-05,0.015270119043742685,0.021880549418477512,1,19600,5.102040816326531e-05,control:marginal,13,0
50,0.9959408950384924,0.09000963053988505,0.008101733589926607,0.9820408163265306,0,4.232954634231234e-05,0.013580952462658027,0.01948043378637463,0,19600,0.0,control:marginal,13,1
50,0.9959835970264354,0.0895358836125662,0.008016674454283002,0.9885714285714285,0,1.189885425167958e-05,0.01286333520482589,0.01845029697739443,0,19600,0.0,control:marginal,13,2
50,0.9949757323534616,0.10011639240250819,0.010023292027693,0.990204081632653,0,3.7072066792598335e-05,0.012560291159896549,0.01803388012602524,1,19600,5.102040816326531e-05,control:marginal,13,3
50,0.9955989887782556,0.09371581266635264,0.0087826535437149,0.9836734693877551,0,5.18231734241148e-05,0.013662321448632747,0.01960387896077143,0,19600,0.0,control:marginal,13,4
50,0.9956586414637495,0.09307991017701239,0.008663869678560697,0.990204081632653,0,7.5345044130425975e-06,0.013497305808097064,0.019365939928760907,0,19600,0.0,control:marginal,13,5
50,0.9959054582974567,0.09040087462703823,0.008172318133333484,0.990204081632653,0,9.384346661200915e-05,0.015028588720882394,0.021557681283428564,0,19600,0.0,control:marginal,13,6
50,0.9967154542876037,0.08098335127824326,0.006558303184255345,0.9918367346938776,0,4.0939415094420895e-05,0.015069666257177615,0.021599037679713662,1,19600,5.102040816326531e-05,control:marginal,13,7
50,0.9978342900314273,0.06577788106557589,0.0043267296374770465,0.9844897959183674,0,3.2472747923950607e-06,0.013190785429234428,0.01888487835392699,0,19600,0.0,control:sigshuffle,13,0
50,0.9979551188543073,0.06391854779706263,0.0040855807524853805,0.9795918367346939,0,6.979198889478511e-06,0.012334997949614858,0.01765753319902507,0,19600,0.0,control:sigshuffle,13,1
50,0.9979330324858466,0.06426245150631976,0.004129662673602099,0.9804081632653061,0,1.0018602208061722e-05,0.012473748964077602,0.01785655028661099,2,19600,0.00010204081632653062,control:sigshuffle,13,2
50,0.9972370755090669,0.0742846904154796,0.005518215230123647,0.9918367346938776,0,2.77503738954632e-05,0.012032983433435436,0.017237602527667855,0,19600,0.0,control:sigshuffle,13,3
50,0.9966543799654715,0.08173155385554218,0.006680046895641392,0.9836734693877551,0,2.553402877913946e-06,0.011549311166365622,0.016554400686547413,0,19600,0.0,control:sigshuffle,13,4
50,0.9982248344230507,0.05955820632854072,0.003547179941073028,0.9861224489795918,0,3.5456782090381722e-06,0.013957788847899505,0.019975157566247893,0,19600,0.0,control:sigshuffle,13,5
50,0.9981668742533079,0.06052182369510423,0.0036628911433812797,0.9861224489795918,0,1.4233354231452111e-05,0.012520751440715456,0.01791963671989326,0,19600,0.0,control:sigshuffle,13,6
50,0.9965170156299703,0.08338967298135763,0.0069538375599377655,0.9893877551020408,0,2.570694475090285e-05,0.011497512403866409,0.016482425751080342,0,19600,0.0,control:sigshuffle,13,7
50,0.9956510602973986,0.09316096891223331,0.008678966128666104,0.9942857142857143,0,1.6476614796978595e-06,0.01240719621715829,0.017801985787287325,0,19600,0.0,control:maxmatched,13,0
50,0.9957061840845555,0.09256994639607995,0.008569194975773116,0.9804081632653061,0,1.1437087792387501e-06,0.01578531006689688,0.022647687955702045,2,19600,0.00010204081632653062,control:maxmatched,13,1
50,0.994405188334888,0.10563295609162739,0.011158321412655678,0.9779591836734693,0,2.7285978750124507e-05,0.0140068977209008,0.02012243512175077,3,19600,0.0001530612244897959,control:maxmatched,13,2
50,0.9948395122846615,0.10146105064120217,0.01029434479721659,0.9893877551020408,0,1.9394952439633073e-05,0.013466058378726425,0.019337014682041458,0,19600,0.0,control:maxmatched,13,3
50,0.994965053626335,0.10022246286309483,0.010044542062344425,0.9812244897959184,0,1.8386187162766632e-05,0.013999864327533496,0.020101013708268146,1,19600,5.102040816326531e-05,control:maxmatched,13,4
50,0.9965962648723516,0.0824371569286426,0.006795884842477647,0.9853061224489796,0,3.3918155557755014e-05,0.014996113694833713,0.021496186890477775,0,19600,0.0,control:maxmatched,13,5
50,0.9955063558567401,0.09469474879228391,0.008967095448833756,0.990204081632653,0,2.846783979293388e-05,0.015100269049143342,0.021669186540534714,0,19600,0.0,control:maxmatched,13,6
50,0.9970247469011846,0.07708212546776556,0.005941654066628353,0.9877551020408163,0,5.688063245656849e-05,0.01752659897026874,0.02511271521271163,0,19600,0.0,control:maxmatched,13,7
100,0.9969838901608808,0.07760878017129638,0.006023122759676608,0.9876767676767677,0,1.5956231956604228e-05,0.016401725892131166,0.023382923530198323,0,161700,0.0,arithmetic,13,0
100,0.9967692773630358,0.08031816547439,0.006451007705171493,0.9824242424242424,0,1.0742264708429872e-05,0.016386408019422517,0.0233661156269352,3,161700,1.8552875695732837e-05,arithmetic,13,1
100,0.9967811790478293,0.08017032553270158,0.006427281096019341,0.9868686868686869,0,1.6347457014731503e-05,0.015932294131870393,0.022718302963597368,0,161700,0.0,arithmetic,13,2
100,0.9959610995133524,0.0897857909479783,0.00806148825615406,0.9866666666666667,0,5.808187390821118e-06,0.014690278627684773,0.020964526482117007,1,161700,6.184291898577613e-06,arithmetic,13,3
100,0.9954128264870258,0.0956729055956301,0.00915330486511035,0.9862626262626263,0,1.616954933503223e-06,0.013857604229366847,0.019787107888360845,1,161700,6.184291898577613e-06,arithmetic,13,4
100,0.9953899108098845,0.09591102886472405,0.009198925457889933,0.9860606060606061,0,8.844100609306516e-06,0.01452991788794586,0.02074757418278287,5,161700,3.0921459492888065e-05,arithmetic,13,5
100,0.9963561492477269,0.08529023306476291,0.007274423856241576,0.9882828282828283,0,8.270436983037754e-07,0.014681875725641029,0.020944227118747195,5,161700,3.0921459492888065e-05,arithmetic,13,6
100,0.9976176067728135,0.06898630774932288,0.004759110656884286,0.9882828282828283,0,1.2094017030062076e-05,0.0162187683781159,0.023107404501448995,3,161700,1.8552875695732837e-05,arithmetic,13,7
100,0.9905273609895856,0.1373155021510951,0.0188555471310074,0.9537373737373738,0,8.48928406194105e-06,0.01531895630827729,0.021981640537299976,87,161700,0.0005380333951762523,control:loose,13,0
100,0.9898088911258158,0.14240210338433523,0.020278359048282905,0.9591919191919192,0,8.31676479018384e-06,0.013709466719113118,0.019686413889748126,64,161700,0.00039579468150896725,control:loose,13,1
100,0.9921119806133502,0.12535476825177225,0.015713817923455525,0.9597979797979798,0,4.418107698356266e-06,0.013766017399829194,0.01972173053283046,35,161700,0.00021645021645021645,control:loose,13,2
100,0.9888297954518737,0.1490491047494283,0.022215635626606056,0.9575757575757575,0,9.316386328062087e-06,0.012164481185009146,0.01748515342523724,129,161700,0.0007977736549165121,control:loose,13,3
100,0.9899249508179166,0.14159304978757228,0.020048591748145928,0.9628282828282828,0,5.022493149819951e-06,0.013316268704610633,0.019119550592605054,61,161700,0.0003772418058132344,control:loose,13,4
100,0.9905680816011336,0.13702144253017345,0.018774875713049626,0.9648484848484848,0,2.430672663145117e-08,0.013343229244621382,0.019145822054298083,69,161700,0.00042671614100185526,control:loose,13,5
100,0.9921432704875051,0.1251068776141327,0.01565173082635758,0.9604040404040404,0,1.6996525997736711e-06,0.015252161247199032,0.02185014873424014,55,161700,0.0003401360544217687,control:loose,13,6
100,0.9902082735393235,0.13959790476318637,0.01948757501427165,0.9595959595959596,0,4.036552456732068e-06,0.012207996348135271,0.017523273545850676,91,161700,0.0005627705627705628,control:loose,13,7
100,0.9966154539258149,0.08220484776606563,0.006757636996242024,0.9878787878787879,0,5.110836591271095e-06,0.01607428791738279,0.022924587314613623,10,161700,6.184291898577613e-05,control:m2matched,13,0
100,0.9971498203943236,0.07544690641482678,0.00569223568756763,0.9818181818181818,0,8.720515794591321e-06,0.015638440351760697,0.022291044718912825,4,161700,2.4737167594310453e-05,control:m2matched,13,1
100,0.997058019662243,0.07665054094529782,0.005875305427206779,0.9884848484848485,0,5.554435771326638e-06,0.015325693680024375,0.02184726670392902,1,161700,6.184291898577613e-06,control:m2matched,13,2
100,0.9963949588675554,0.08483564076095154,0.007197085943321224,0.9816161616161616,0,4.5373192244513305e-06,0.01451473473372217,0.02070498795282487,5,161700,3.0921459492888065e-05,control:m2matched,13,3
100,0.9964144446428522,0.08460646847065699,0.007158254507076274,0.9876767676767677,0,3.0096491789866064e-06,0.014399795646318684,0.020540627872772024,4,161700,2.4737167594310453e-05,control:m2matched,13,4
100,0.996400581935002,0.08476957189693488,0.007185880319589611,0.9791919191919192,0,1.4125979293955204e-05,0.013964844394683646,0.019920467615941257,2,161700,1.2368583797155226e-05,control:m2matched,13,5
100,0.9970303567521038,0.07700953002565737,0.005930467714772624,0.9844444444444445,0,2.6234949939141217e-06,0.016935520186954073,0.02414279572841028,2,161700,1.2368583797155226e-05,control:m2matched,13,6
100,0.9969757303737247,0.07771353193477908,0.006039393045777928,0.9880808080808081,0,1.063583385896294e-05,0.01490451553075192,0.021248617469009405,2,161700,1.2368583797155226e-05,control:m2matched,13,7
100,0.9965606840620158,0.08286617513707133,0.006866802981847779,0.9864646464646465,0,5.141023296184599e-06,0.014961026328737345,0.02133806521914028,5,161700,3.0921459492888065e-05,control:marginal,13,0
100,0.9958474502709617,0.09103766137607176,0.008287855788824306,0.9890909090909091,0,9.147916740115392e-06,0.014236563639823908,0.02031934754415668,10,161700,6.184291898577613e-05,control:marginal,13,1
100,0.9957072239952144,0.0925587601674919,0.008567124083743285,0.9868686868686869,0,4.921046680372854e-06,0.014260518359977674,0.020356403680929044,6,161700,3.7105751391465674e-05,control:marginal,13,2
100,0.9960334560518365,0.08897951688694841,0.007917354425434736,0.9864646464646465,0,3.270634373087056e-05,0.015050930075306685,0.021477652545214564,1,161700,6.184291898577613e-06,control:marginal,13,3
100,0.9956096821705138,0.09360214083197257,0.008761360768328428,0.9868686868686869,0,3.667666131690339e-06,0.014760604682241813,0.021072324147720665,15,161700,9.276437847866419e-05,control:marginal,13,4
100,0.9966832712880338,0.0813784783255597,0.006622456734583589,0.9854545454545455,0,4.711850046135169e-06,0.01483500834797797,0.021155730531746356,4,161700,2.4737167594310453e-05,control:marginal,13,5
100,0.9954358841809481,0.09543270133918677,0.00910740048489442,0.9844444444444445,0,5.935388860844881e-06,0.013004415526699896,0.018568419792365405,4,161700,2.4737167594310453e-05,control:marginal,13,6
100,0.995692732535771,0.09271452084463216,0.008595982375449734,0.9888888888888889,0,1.614732484456205e-05,0.0145857715312458,0.020820994519338533,1,161700,6.184291898577613e-06,control:marginal,13,7
100,0.9964340606576773,0.08437513117768933,0.007119162761252282,0.9876767676767677,0,8.061617506882612e-07,0.010970630812085162,0.01564877824740831,0,161700,0.0,control:sigshuffle,13,0
100,0.9978041532590882,0.06623346389034572,0.00438687173891373,0.9797979797979798,0,9.372091234194357e-06,0.012156560939089229,0.01731660795470402,0,161700,0.0,control:sigshuffle,13,1
100,0.9966220672719098,0.08212463105954362,0.006744455026666156,0.9860606060606061,0,5.3552462038197746e-06,0.011927509176502926,0.017010483607756234,0,161700,0.0,control:sigshuffle,13,2
100,0.9977658607397291,0.06680783743175142,0.004463287142307327,0.9876767676767677,0,2.3377861212647844e-05,0.01291183621034297,0.01839317778401796,1,161700,6.184291898577613e-06,control:sigshuffle,13,3
100,0.9983230858972044,0.05788796217420794,0.003351016164682529,0.9834343434343434,0,6.184409441889471e-06,0.013950501595809201,0.019861685899500887,1,161700,6.184291898577613e-06,control:sigshuffle,13,4
100,0.9971183974073297,0.07586106743144438,0.005754901551838151,0.9888888888888889,0,1.060845715206149e-05,0.012646920325179684,0.01802749790483953,0,161700,0.0,control:sigshuffle,13,5
100,0.997824443077981,0.06592708696823564,0.004346380796117306,0.9888888888888889,0,1.4361545186414304e-06,0.012702858603122334,0.01809442247239115,0,161700,0.0,control:sigshuffle,13,6
100,0.9969310476337252,0.07828464896723503,0.006128486263923213,0.9844444444444445,0,6.471183451095541e-06,0.011695189735161829,0.016673990545749178,2,161700,1.2368583797155226e-05,control:sigshuffle,13,7
100,0.9971494820015201,0.07545137867594132,0.005692910544100291,0.9862626262626263,0,4.837636421450853e-06,0.0176494439940716,0.025157539370869404,3,161700,1.8552875695732837e-05,control:maxmatched,13,0
100,0.996009464857283,0.0892476661583289,0.007965145914708524,0.9878787878787879,0,5.086010995247747e-06,0.015426520633075265,0.022014149904472514,2,161700,1.2368583797155226e-05,control:maxmatched,13,1
100,0.9954089144537182,0.0957135989610168,0.009161093026070358,0.9878787878787879,0,4.3015704355164885e-06,0.015160330727003533,0.021647340600446992,4,161700,2.4737167594310453e-05,control:maxmatched,13,2
100,0.9966687288953039,0.0815563905664024,0.006651444842219571,0.9854545454545455,0,7.731737730276578e-06,0.015963077059613917,0.02276476536740361,1,161700,6.184291898577613e-06,control:maxmatched,13,3
100,0.9959902622091557,0.08946171015880244,0.008003397584537577,0.9876767676767677,0,5.116864408405419e-06,0.016130300080707545,0.023018910008282985,3,161700,1.8552875695732837e-05,control:maxmatched,13,4
100,0.9954500620328295,0.09528469971005685,0.009079173998835706,0.9846464646464647,0,1.699067367022522e-06,0.013831144697635666,0.019748587900245508,1,161700,6.184291898577613e-06,control:maxmatched,13,5
100,0.9965491280635743,0.08300503211088879,0.006889835355729679,0.9872727272727273,0,4.893512352666107e-06,0.01591103203874715,0.02269326775161625,0,161700,0.0,control:maxmatched,13,6
100,0.9943247234817262,0.10638770733965847,0.01131834427298882,0.9858585858585859,0,1.156824992110117e-05,0.013198160842278407,0.01886611941886432,0,161700,0.0,control:maxmatched,13,7
200,0.9968572975129089,0.07921823271987444,0.006275528395260184,0.9879899497487438,0,3.923474676037486e-06,0.016423062305380147,0.023357405771138675,14,1313400,1.0659357393025734e-05,arithmetic,13,0
200,0.9971615484891172,0.07529174068107543,0.0056688462147863085,0.9887437185929648,0,9.500302373011138e-06,0.016915404060432813,0.024050289608000028,12,1313400,9.136592051164915e-06,arithmetic,13,1
200,0.9970667214512893,0.07653726526586475,0.0058579529743773475,0.9857788944723618,0,4.7663980096146474e-07,0.015533097474575543,0.02208702911929849,41,1313400,3.1216689508146793e-05,arithmetic,13,2
200,0.9966887509506056,0.08131133825317065,0.0066115337285215315,0.9872361809045226,0,4.7663980096146474e-07,0.015827161139735205,0.022513702597517574,34,1313400,2.5887010811633928e-05,arithmetic,13,3
200,0.9903061139129108,0.13890212650175404,0.019293800746709285,0.954824120603015,0,8.732908443054299e-07,0.013911165642840218,0.019915789118988236,495,1313400,0.00037688442211055275,control:loose,13,0
200,0.9891367057366443,0.14699856245711732,0.021608577364459015,0.9568341708542714,0,2.9596438877455e-07,0.013420347230532188,0.019235828295998698,1004,1313400,0.0007644282016141313,control:loose,13,1
200,0.9918583959914657,0.12734568033991758,0.01621692230123647,0.96,0,2.433437269466765e-06,0.014584327365842673,0.020846837812972564,493,1313400,0.00037536165676869195,control:loose,13,2
200,0.991661647585609,0.12886883528532128,0.016607176707795268,0.9628140703517588,0,8.793252317396139e-07,0.013786525001989711,0.019710368914805335,850,1313400,0.0006471752702908481,control:loose,13,3
200,0.9971842757754087,0.07499013365952412,0.005623520146273292,0.9842211055276382,0,4.1608136736037693e-07,0.015620842708721135,0.022209178527195127,37,1313400,2.8171158824425157e-05,control:m2matched,13,0
200,0.9970191237014993,0.07715482469356463,0.005952866973494692,0.9873869346733668,0,4.9421024828077975e-08,0.016058880531600185,0.02283574770373991,41,1313400,3.1216689508146793e-05,control:m2matched,13,1
200,0.9970516179503068,0.07673376794264229,0.005888071142675278,0.9839195979899498,0,6.474466731631878e-07,0.015013350761104759,0.021348307323593732,20,1313400,1.5227653418608192e-05,control:m2matched,13,2
200,0.9969309901503849,0.07828538099654006,0.006128600877773435,0.9867336683417085,0,1.1848154877203143e-06,0.015055539822965243,0.02141088865167017,16,1313400,1.2182122734886554e-05,control:m2matched,13,3
200,0.9950596669831835,0.09927869430706675,0.009856259143316006,0.9851758793969849,0,8.94978307008909e-06,0.013475263402159142,0.01919957420701835,17,1313400,1.2943505405816964e-05,control:marginal,13,0
200,0.9970062779996655,0.07732064167642193,0.005978481629253635,0.9864824120603015,0,1.1786065012842073e-08,0.015670590533315393,0.02228388596055072,31,1313400,2.36028627988427e-05,control:marginal,13,1
200,0.9966400107687214,0.08190658663943212,0.006708688934922802,0.9869849246231156,0,1.159185323507117e-06,0.01604524616654181,0.022825038758820235,23,1313400,1.7511801431399423e-05,control:marginal,13,2
200,0.9964426152967922,0.08427404357504703,0.007102114420488925,0.9871859296482413,0,5.233191895603895e-06,0.015193142136436579,0.02161716638811595,25,1313400,1.903456677326024e-05,control:marginal,13,3
200,0.9967097592377487,0.08105341350139902,0.006569655840228773,0.9834170854271357,0,4.6676873477480285e-08,0.011324354772682338,0.01610824451712045,11,1313400,8.375209380234507e-06,control:sigshuffle,13,0
200,0.9976418900893532,0.06863424173794583,0.004710659138942785,0.9821608040201005,0,1.331013995797825e-06,0.012658446497869636,0.01798908986498088,23,1313400,1.7511801431399423e-05,control:sigshuffle,13,1
200,0.9974201660117848,0.0717844860190792,0.005153012433023379,0.9822613065326633,0,5.347867894078817e-07,0.012060046182286895,0.017142504957243274,19,1313400,1.4466270747677784e-05,control:sigshuffle,13,2
200,0.9971407156457898,0.07556714366311838,0.005710393201402374,0.9849246231155779,0,2.682057669289861e-07,0.011893955575617145,0.01691115692793383,6,1313400,4.568296025582457e-06,control:sigshuffle,13,3
200,0.9958646654013186,0.09084915082222962,0.008253568205120226,0.9856281407035176,0,3.034448056160599e-06,0.014689734825983443,0.020913036251767537,33,1313400,2.5125628140703518e-05,control:maxmatched,13,0
200,0.996134169382837,0.08784484383255185,0.007716716587965425,0.9846231155778894,0,2.0710849053529046e-06,0.015422308697893598,0.0219500246247887,28,1313400,2.131871478605147e-05,control:maxmatched,13,1
200,0.9957680462126182,0.0919021117380066,0.008445998141905052,0.9856281407035176,0,3.536552504179724e-07,0.01461931295125863,0.020814799632703593,41,1313400,3.1216689508146793e-05,control:maxmatched,13,2
200,0.9954385310642104,0.09540508829578709,0.009102130872726932,0.9839195979899498,0,7.170961380253971e-07,0.014889505726985405,0.02120651438002874,31,1313400,2.36028627988427e-05,control:maxmatched,13,3
296,0.9960112693508375,0.0892275256080387,0.007961551326133203,0.9856161245991755,0,2.487801293860059e-07,0.014497969830474,0.02062019579748143,65,4278680,1.5191601148017613e-05,arithmetic,13,0
296,0.9964790829295626,0.08384173950877927,0.007029437283858,0.9875400824553366,0,1.8164687338728669e-06,0.014870886632198597,0.021140659011288546,59,4278680,1.3789299503585218e-05,arithmetic,13,1
296,0.9966508703745127,0.08177433938422561,0.006687042581726513,0.9871965185524507,0,2.487801293860059e-07,0.0156137575809468,0.02219290873753867,75,4278680,1.7528770555404937e-05,arithmetic,13,2
296,0.996623943053048,0.08210186437222489,0.0067407161333952114,0.9872652313330279,0,3.8119813017267745e-07,0.015224978075639451,0.021640894346691076,80,4278680,1.8697355259098602e-05,arithmetic,13,3
296,0.9910226974592351,0.13369372880064828,0.017874013120621292,0.9591387998167659,0,2.1708217357030435e-07,0.013727062667491718,0.019622026615006196,2105,4278680,0.000491974160255032,control:loose,13,0
296,0.9904735631767175,0.13770301611808408,0.018962120648017323,0.9587494273934952,0,2.489831111285312e-07,0.013859380012846631,0.01982215008309116,2720,4278680,0.0006357100788093524,control:loose,13,1
296,0.9906351332493767,0.1365358296272061,0.018642032771989444,0.9598488318827302,0,1.7770182104692722e-06,0.01294558719340228,0.018512193163551897,2353,4278680,0.0005499359615582376,control:loose,13,2
296,0.9909190913217928,0.13445949001090562,0.01807935445399283,0.9585203847915712,0,9.300451031535317e-07,0.014206157341487969,0.020308987396169355,2870,4278680,0.0006707676199201623,control:loose,13,3
296,0.9969259879108843,0.0783490563306755,0.006138574627907362,0.9858909757214842,0,3.099730068178985e-07,0.015431106691019459,0.02192724161079051,80,4278680,1.8697355259098602e-05,control:m2matched,13,0
296,0.996812989268051,0.07977383296853977,0.006363864426492484,0.987792029317453,0,1.1218701519988272e-06,0.015103847052208526,0.021464646274821662,76,4278680,1.776248749614367e-05,control:m2matched,13,1
296,0.997027169171267,0.0770507880188761,0.00593682393432978,0.987150710032066,0,3.0756029700818033e-07,0.015354613422755098,0.021816332255575076,45,4278680,1.0517262333242963e-05,control:m2matched,13,2
296,0.9969093185369803,0.07856087203012263,0.006171810614133303,0.986463582226294,0,4.109583124911609e-07,0.015287204495581415,0.021723123184966386,140,4278680,3.272037170342255e-05,control:m2matched,13,3
296,0.9956710425079285,0.09294716300767382,0.008639175111175089,0.985936784241869,0,2.6806159625358816e-08,0.013421409643223902,0.01909554688211015,135,4278680,3.155178699972889e-05,control:marginal,13,0
296,0.9964125922595563,0.08462828124564102,0.007161945986591316,0.9864406779661017,0,1.3379680141589745e-07,0.014832215907630845,0.021087091220985323,105,4278680,2.4540278777566914e-05,control:marginal,13,1
296,0.9965157437744815,0.08340487041889105,0.006956372409592007,0.9879523591387999,0,2.965667740939537e-06,0.015525301423212972,0.022070172198783607,60,4278680,1.402301644432395e-05,control:marginal,13,2
296,0.9955551929845079,0.09417992207248586,0.00886985772157951,0.9875629867155291,0,3.409175899360406e-07,0.013597806556004604,0.019348769987135552,118,4278680,2.7578599007170437e-05,control:marginal,13,3
296,0.9970628532276783,0.0765876407358336,0.005865666713481118,0.9830966559780119,0,6.18267799179506e-08,0.011937517841315469,0.01696060510843921,68,4278680,1.589275197023381e-05,control:sigshuffle,13,0
296,0.9970085429966805,0.07729143025999795,0.005973965191636127,0.9839899221255154,0,2.6323453861110124e-07,0.012148699291947335,0.017261588059782805,14,4278680,3.2720371703422552e-06,control:sigshuffle,13,1
296,0.9975927985948219,0.0693441287475108,0.004808608191751353,0.9831653687585891,0,1.993910319075809e-07,0.012750081070811374,0.018105456785972227,45,4278680,1.0517262333242963e-05,control:sigshuffle,13,2
296,0.9973212361895886,0.07314609931685112,0.005350351845270648,0.9830966559780119,0,4.393965946647427e-08,0.012308021530114932,0.017482479432394036,19,4278680,4.440621874035917e-06,control:sigshuffle,13,3
296,0.9958891330717914,0.0905805422235683,0.008204834629515639,0.9829363261566652,0,3.20179955659583e-07,0.015417299844952796,0.021930431193726046,105,4278680,2.4540278777566914e-05,control:maxmatched,13,0
296,0.9953038954969242,0.0967995640932733,0.009370155608647724,0.9861200183234081,0,1.5370245416423955e-06,0.014568185170031975,0.02073478776803283,149,4278680,3.482382417007114e-05,control:maxmatched,13,1
296,0.9953727037698228,0.09608944057466771,0.009233180589952598,0.9863719651855245,0,3.0574268250482817e-07,0.014514761792035119,0.020657322576988595,162,4278680,3.786214439967466e-05,control:maxmatched,13,2
296,0.9951781924499071,0.09808346074713772,0.009620365272135308,0.9848144754924416,0,1.6081443638960025e-06,0.014213649922390357,0.020232735748109975,108,4278680,2.524142959978311e-05,control:maxmatched,13,3
500,0.9963817146235926,0.08499105108038811,0.007223478763749142,0.986749498997996,0,2.487801293860059e-07,0.015223230862878362,0.021628719676349953,665,20708500,3.211241760629693e-05,arithmetic,13,0
500,0.9961205057027959,0.08799964839933411,0.007743938118406426,0.9867014028056112,0,2.487801293860059e-07,0.01499810365748069,0.02131445329278807,384,20708500,1.8543110317019583e-05,arithmetic,13,1
500,0.9920422817007897,0.12590516795545242,0.01585211131789068,0.9629098196392786,0,3.0830751240884524e-07,0.01408120402192438,0.02009367324393843,11377,20708500,0.000549387932491489,control:loose,13,0
500,0.9905429030954115,0.13720334225999675,0.018824757127313813,0.9581162324649298,0,1.8842493210158295e-07,0.013712578606024345,0.019597269569105135,12258,20708500,0.0005919308496511094,control:loose,13,1
500,0.9966070324469348,0.08230688232046277,0.006774422877314507,0.9849859719438878,0,2.341392951743515e-07,0.014946907801679158,0.021231326811501052,666,20708500,3.216070695608084e-05,control:m2matched,13,0
500,0.9967426251336445,0.08064824388472994,0.006504139241690879,0.9864609218436874,0,7.007460918195818e-07,0.015387026841639338,0.021853520389457048,427,20708500,2.0619552357727503e-05,control:m2matched,13,1
500,0.9964882789363918,0.0837323709349481,0.007011109942387742,0.9869498997995992,0,4.510638851318305e-08,0.01545451444268274,0.021954972486701668,201,20708500,9.706159306564937e-06,control:marginal,13,0
500,0.9961163546092909,0.0880466244662311,0.007752208079897525,0.9867815631262525,0,1.74060348800964e-07,0.015331245670042746,0.021787986600720104,437,20708500,2.1102445855566556e-05,control:marginal,13,1
500,0.9974105208043442,0.07191837726761102,0.0051722529888064295,0.9836152304609218,0,8.473902513017606e-08,0.01183185663938704,0.016793015204169766,249,20708500,1.2024048096192385e-05,control:sigshuffle,13,0
500,0.9971057312688385,0.07602736790679482,0.005780160670835134,0.9821322645290581,0,9.565796921240377e-08,0.01217296204341908,0.01728242904391795,218,20708500,1.0527078252891325e-05,control:sigshuffle,13,1
500,0.9963357366245255,0.08552835743111309,0.007315099924864236,0.9857795591182364,0,1.826371092139567e-07,0.015447707490673215,0.021948662301985025,420,20708500,2.028152690924017e-05,control:maxmatched,13,0
500,0.9958895877380841,0.09057554324909717,0.008203929034869072,0.9862284569138277,0,1.2594513885133551e-06,0.014781333063990534,0.021011262008028504,613,20708500,2.9601371417533865e-05,control:maxmatched,13,1
698,0.9963668385656138,0.08516526878231723,0.007253123006764337,0.9865078745174777,0,2.487801293860059e-07,0.015134926661977082,0.021497471220102208,1475,56434696,2.613640374708495e-05,arithmetic,13,0
698,0.9963668385656137,0.08516526878231723,0.007253123006764337,0.9865078745174777,0,2.487801293860059e-07,0.015134926661977084,0.021497471220102208,1475,56434696,2.613640374708495e-05,arithmetic,13,1
698,0.991346769108028,0.1312691257648745,0.017231583379074437,0.9616325389614928,0,5.587873941337307e-08,0.013731448693984228,0.01960275369511174,34502,56434696,0.0006113614929368983,control:loose,13,0
698,0.9914297686691107,0.13064078152213646,0.01706701379671459,0.9590755304148356,0,1.4629493982898367e-07,0.013810642219279605,0.019714158309063784,41081,56434696,0.0007279387134467775,control:loose,13,1
698,0.996717189814042,0.08096198817469423,0.006554843529199328,0.9868326392685804,0,1.8654602751411176e-08,0.015218952971180876,0.0216092227736034,1466,56434696,2.597692738523833e-05,control:m2matched,13,0
698,0.9966785353757583,0.08143646063792977,0.0066318971212330855,0.9857391275749939,0,2.6332172775589413e-07,0.014858433671303411,0.021098143635426808,1515,56434696,2.684518757751437e-05,control:m2matched,13,1
698,0.9964815790238752,0.08381206754449924,0.0070244626660837025,0.9858419012304062,0,2.1407840389287003e-08,0.015219374855720062,0.021614931287295993,1120,56434696,1.9845947252023826e-05,control:marginal,13,0
698,0.996029636748687,0.08902225967856772,0.007924962718278344,0.9873793951153738,0,1.066680030303857e-06,0.014664200935787044,0.020835909479624496,1252,56434696,2.218493389244092e-05,control:marginal,13,1
698,0.9969334472249044,0.0782540849046803,0.006123701804268914,0.9833958882315943,0,1.8165011761439587e-07,0.011606117776076693,0.01647582333815314,685,56434696,1.2137923096103857e-05,control:sigshuffle,13,0
698,0.9967865941152309,0.08010296993344279,0.006416485792158039,0.9851101528038708,0,1.5121679020069223e-07,0.01140074404656731,0.01618666308410207,554,56434696,9.816656051447499e-06,control:sigshuffle,13,1
698,0.9958596299203955,0.09090433155143345,0.008263597494812938,0.9847072800746548,0,7.935081558496648e-08,0.014802338305308574,0.021035775075678997,2525,56434696,4.474197929585729e-05,control:maxmatched,13,0
698,0.9957253915755949,0.09236311261335987,0.008530944571628197,0.9851389294273863,0,1.673094829346411e-07,0.014855825045466951,0.021114631881482875,2320,56434696,4.11094621649065e-05,control:maxmatched,13,1
