genus,partitions,pairs,dominance_comparable,incomparable,crossing_pairs,cycles,closest_approach
1,1,0,0,0,0,0,inf
2,2,1,1,0,0,0,inf
3,3,3,3,0,0,0,0.465316
4,5,10,10,0,0,0,0.319553
5,7,21,21,0,0,0,0.319553
6,11,55,53,2,0,0,0.233224
7,15,105,101,4,2,0,0.16964
8,22,231,216,15,7,0,0.078999
9,30,435,400,35,17,0,0.078999
10,42,861,776,85,46,0,0.0504658
11,56,1540,1370,170,97,0,0.00219256
12,77,2926,2541,385,215,0,0.00219256
13,101,5050,4338,712,415,2,-0.00800018
14,135,9045,7640,1405,823,3,-0.00800018
15,176,15400,12817,2583,1526,6,-0.00800018

genus,lambda,mu,dm2,dt,mid,sign_changes
6,411,33,1.0,0.0,0.2963641297,0
6,3111,222,1.0,0.0,0.2332239775,0
7,511,43,1.0,2.0,0.2618541066,1
7,4111,331,1.0,0.0,0.2963641297,0
7,4111,322,1.0,2.0,0.1650962756,1
7,31111,2221,1.0,0.0,0.2332239775,0
8,611,53,1.0,4.0,0.1980674677,1
8,611,44,1.0,6.0,0.1163654324,1
8,521,44,1.0,-2.0,0.4461649867,0
8,5111,44,2.0,-4.0,0.7628170019,0
8,5111,431,1.0,2.0,0.2618541066,1
8,5111,422,1.0,4.0,0.0789990017,1
8,5111,332,1.0,6.0,-0.0350069516,1
8,4211,332,1.0,0.0,0.2963641297,0
8,41111,332,2.0,-2.0,0.6116884279,0
8,41111,3311,1.0,0.0,0.2963641297,0
8,41111,3221,1.0,2.0,0.1650962756,1
8,41111,2222,1.0,4.0,-0.0166184606,1
8,32111,2222,1.0,0.0,0.2332239775,0
8,311111,2222,2.0,-2.0,0.5358060914,0
8,311111,22211,1.0,0.0,0.2332239775,0
9,711,63,1.0,6.0,0.1393278729,1
9,711,54,1.0,10.0,-0.0134051055,1
9,621,54,1.0,0.0,0.4439739707,0
9,6111,54,2.0,-2.0,0.7612470390,0
9,6111,531,1.0,4.0,0.1980674677,1
9,6111,522,1.0,6.0,0.0080001812,1
9,6111,441,1.0,6.0,0.1163654324,1
9,6111,432,1.0,10.0,-0.1930277062,1
9,6111,333,1.0,12.0,-0.3080608680,1
9,522,441,0.0,0.0,0.1327698092,0
9,5211,441,1.0,-2.0,0.4461649867,0
9,5211,432,1.0,2.0,0.2618541066,1
9,5211,333,1.0,4.0,0.1589737464,1
9,51111,441,2.0,-4.0,0.7628170019,0
9,51111,432,2.0,0.0,0.6090890277,0
9,51111,4311,1.0,2.0,0.2618541066,1
9,51111,4221,1.0,4.0,0.0789990017,1
9,51111,333,2.0,2.0,0.5786865809,1
9,51111,3321,1.0,6.0,-0.0350069516,1
9,51111,3222,1.0,8.0,-0.2203687837,1
9,4311,333,1.0,0.0,0.2963641297,0
9,4221,333,1.0,-2.0,0.4088839742,0
9,42111,333,2.0,-4.0,0.7280546675,0
9,42111,3321,1.0,0.0,0.2963641297,0
9,42111,3222,1.0,2.0,0.1650962756,1
9,411111,333,3.0,-6.0,1.0474280674,0
9,411111,3321,2.0,-2.0,0.6116884279,0
9,411111,33111,1.0,0.0,0.2963641297,0
9,411111,3222,2.0,0.0,0.5236979344,0
9,411111,32211,1.0,2.0,0.1650962756,1
9,411111,22221,1.0,4.0,-0.0166184606,1
9,33111,3222,1.0,0.0,0.2332239775,0
9,321111,22221,1.0,0.0,0.2332239775,0
9,3111111,22221,2.0,-2.0,0.5358060914,0
9,3111111,222111,1.0,0.0,0.2332239775,0
10,811,73,1.0,8.0,0.0880982503,1
10,811,64,1.0,14.0,-0.1234124951,1
10,811,55,1.0,16.0,-0.1936251426,1
10,721,64,1.0,2.0,0.4365234693,1
10,721,55,1.0,4.0,0.3966581618,1
10,7111,64,2.0,0.0,0.7611066176,0
10,7111,631,1.0,6.0,0.1393278729,1
10,7111,622,1.0,8.0,-0.0504657607,1
10,7111,55,2.0,2.0,0.7579862252,1
10,7111,541,1.0,10.0,-0.0134051055,1
10,7111,532,1.0,14.0,-0.3198445664,1
10,7111,442,1.0,16.0,-0.4075030840,1
10,7111,433,1.0,18.0,-0.5208155568,1
10,631,55,1.0,-4.0,0.5376139324,0
10,622,55,1.0,-6.0,0.7037404315,0
10,622,541,0.0,2.0,0.0916900195,1
10,6211,55,2.0,-8.0,1.0011354270,0
10,6211,541,1.0,0.0,0.4439739707,0
10,6211,532,1.0,4.0,0.1980674677,1
10,6211,442,1.0,6.0,0.1163654324,1
10,6211,433,1.0,8.0,0.0021925552,1
10,61111,55,3.0,-10.0,1.3049629611,0
10,61111,541,2.0,-2.0,0.7612470390,0
10,61111,532,2.0,2.0,0.6012504958,1
10,61111,5311,1.0,4.0,0.1980674677,1
10,61111,5221,1.0,6.0,0.0080001812,1
10,61111,442,2.0,4.0,0.5548796153,1
10,61111,4411,1.0,6.0,0.1163654324,1
10,61111,433,2.0,6.0,0.4619444293,1
10,61111,4321,1.0,10.0,-0.1930277062,1
10,61111,4222,1.0,12.0,-0.3747323694,1
10,61111,3331,1.0,12.0,-0.3080608680,1
10,61111,3322,1.0,14.0,-0.4901502102,1
10,5311,442,1.0,0.0,0.3147991465,0
10,5311,433,1.0,2.0,0.2618541066,1
10,5221,442,1.0,-2.0,0.4461649867,0
10,5221,4411,0.0,0.0,0.1327698092,0
10,5221,433,1.0,0.0,0.4016925375,0
10,52111,442,2.0,-4.0,0.7628170019,0
10,52111,4411,1.0,-2.0,0.4461649867,0
10,52111,433,2.0,-2.0,0.7212452679,0
10,52111,4321,1.0,2.0,0.2618541066,1
10,52111,4222,1.0,4.0,0.0789990017,1
10,52111,3331,1.0,4.0,0.1589737464,1
10,52111,3322,1.0,6.0,-0.0350069516,1
10,511111,442,3.0,-6.0,1.0807668731,0
10,511111,4411,2.0,-4.0,0.7628170019,0
10,511111,433,3.0,-4.0,1.0407979984,0
10,511111,4321,2.0,0.0,0.6090890277,0
10,511111,43111,1.0,2.0,0.2618541066,1
10,511111,4222,2.0,2.0,0.5048778215,1
10,511111,42211,1.0,4.0,0.0789990017,1
10,511111,3331,2.0,2.0,0.5786865809,1
10,511111,3322,2.0,4.0,0.4226025237,1
10,511111,33211,1.0,6.0,-0.0350069516,1
10,511111,32221,1.0,8.0,-0.2203687837,1
10,511111,22222,1.0,10.0,-0.4002691761,1
10,4411,433,1.0,0.0,0.2963641297,0
10,43111,4222,1.0,0.0,0.2332239775,0
10,43111,3331,1.0,0.0,0.2963641297,0
10,43111,3322,1.0,2.0,0.1650962756,1
10,4222,3331,0.0,0.0,0.0903387488,0
10,42211,3331,1.0,-2.0,0.4088839742,0
10,42211,3322,1.0,0.0,0.2963641297,0
10,421111,3331,2.0,-4.0,0.7280546675,0
10,421111,3322,2.0,-2.0,0.6116884279,0
10,421111,33211,1.0,0.0,0.2963641297,0
10,421111,32221,1.0,2.0,0.1650962756,1
10,421111,22222,1.0,4.0,-0.0166184606,1
10,4111111,3331,3.0,-6.0,1.0474280674,0
10,4111111,3322,3.0,-4.0,0.9292832014,0
10,4111111,33211,2.0,-2.0,0.6116884279,0
10,4111111,331111,1.0,0.0,0.2963641297,0
10,4111111,32221,2.0,0.0,0.5236979344,0
10,4111111,322111,1.0,2.0,0.1650962756,1
10,4111111,22222,2.0,2.0,0.4265421708,1
10,4111111,222211,1.0,4.0,-0.0166184606,1
10,331111,32221,1.0,0.0,0.2332239775,0
10,331111,22222,1.0,2.0,0.0995602268,1
10,322111,22222,1.0,0.0,0.2332239775,0
10,3211111,22222,2.0,-2.0,0.5358060914,0
10,3211111,222211,1.0,0.0,0.2332239775,0
10,31111111,22222,3.0,-4.0,0.8488105375,0
10,31111111,222211,2.0,-2.0,0.5358060914,0
10,31111111,2221111,1.0,0.0,0.2332239775,0
11,911,83,1.0,10.0,0.0434980794,1
11,911,74,1.0,18.0,-0.2174515454,1
11,911,65,1.0,22.0,-0.3466658124,1
11,821,74,1.0,4.0,0.4052867454,1
11,821,65,1.0,8.0,0.3004813308,1
11,8111,74,2.0,2.0,0.7598720532,1
11,8111,731,1.0,8.0,0.0880982503,1
11,8111,722,1.0,10.0,-0.0994118256,1
11,8111,65,2.0,6.0,0.7079069939,1
11,8111,641,1.0,14.0,-0.1234124951,1
11,8111,632,1.0,18.0,-0.4242152160,1
11,8111,551,1.0,16.0,-0.1936251426,1
11,8111,542,1.0,22.0,-0.5820259113,1
11,8111,533,1.0,24.0,-0.6929596728,1
11,8111,443,1.0,26.0,-0.7803716262,1
11,731,65,1.0,-2.0,0.5352857086,0
11,722,65,1.0,-4.0,0.7004471094,0
11,722,641,0.0,4.0,0.0344288622,1
11,722,551,0.0,6.0,-0.0362144387,1
11,7211,65,2.0,-6.0,0.9994178653,0
11,7211,641,1.0,2.0,0.4365234693,1
11,7211,632,1.0,6.0,0.1393278729,1
11,7211,551,1.0,4.0,0.3966581618,1
11,7211,542,1.0,10.0,-0.0134051055,1
11,7211,533,1.0,12.0,-0.1276951419,1
11,7211,443,1.0,14.0,-0.2143608169,1
11,71111,65,3.0,-8.0,1.3039683360,0
11,71111,641,2.0,0.0,0.7611066176,0
11,71111,632,2.0,4.0,0.5663058659,1
11,71111,6311,1.0,6.0,0.1393278729,1
11,71111,6221,1.0,8.0,-0.0504657607,1
11,71111,551,2.0,2.0,0.7579862252,1
11,71111,542,2.0,8.0,0.4426134842,1
11,71111,5411,1.0,10.0,-0.0134051055,1
11,71111,533,2.0,10.0,0.3375448223,1
11,71111,5321,1.0,14.0,-0.3198445664,1
11,71111,5222,1.0,16.0,-0.4967262223,1
11,71111,443,2.0,12.0,0.2563809732,1
11,71111,4421,1.0,16.0,-0.4075030840,1
11,71111,4331,1.0,18.0,-0.5208155568,1
11,71111,4322,1.0,20.0,-0.6983003124,1
11,71111,3332,1.0,22.0,-0.8123591481,1
11,632,551,0.0,-2.0,0.2467278428,0
11,6311,551,1.0,-4.0,0.5376139324,0
11,6311,542,1.0,2.0,0.2941661631,1
11,6311,533,1.0,4.0,0.1980674677,1
11,6311,443,1.0,6.0,0.1163654324,1
11,6221,551,1.0,-6.0,0.7037404315,0
11,6221,542,1.0,0.0,0.4439739707,0
11,6221,5411,0.0,2.0,0.0916900195,1
11,6221,533,1.0,2.0,0.3870341140,1
11,6221,443,1.0,4.0,0.3256395921,1
11,62111,551,2.0,-8.0,1.0011354270,0
11,62111,542,2.0,-2.0,0.7612470390,0
11,62111,5411,1.0,0.0,0.4439739707,0
11,62111,533,2.0,0.0,0.7205881360,0
11,62111,5321,1.0,4.0,0.1980674677,1
11,62111,5222,1.0,6.0,0.0080001812,1
11,62111,443,2.0,2.0,0.7110082185,1
11,62111,4421,1.0,6.0,0.1163654324,1
11,62111,4331,1.0,8.0,0.0021925552,1
11,62111,4322,1.0,10.0,-0.1930277062,1
11,62111,3332,1.0,12.0,-0.3080608680,1
11,611111,551,3.0,-10.0,1.3049629611,0
11,611111,542,3.0,-4.0,1.0794648888,0
11,611111,5411,2.0,-2.0,0.7612470390,0
11,611111,533,3.0,-2.0,1.0401408664,0
11,611111,5321,2.0,2.0,0.6012504958,1
11,611111,53111,1.0,4.0,0.1980674677,1
11,611111,5222,2.0,4.0,0.4514831339,1
11,611111,52211,1.0,6.0,0.0080001812,1
11,611111,443,3.0,0.0,1.0344991151,0
11,611111,4421,2.0,4.0,0.5548796153,1
11,611111,44111,1.0,6.0,0.1163654324,1
11,611111,4331,2.0,6.0,0.4619444293,1
11,611111,4322,2.0,8.0,0.2732397878,1
11,611111,43211,1.0,10.0,-0.1930277062,1
11,611111,42221,1.0,12.0,-0.3747323694,1
11,611111,3332,2.0,10.0,0.1635122152,1
11,611111,33311,1.0,12.0,-0.3080608680,1
11,611111,33221,1.0,14.0,-0.4901502102,1
11,611111,32222,1.0,16.0,-0.6656561133,1
11,5411,533,1.0,0.0,0.2963641297,0
11,5411,443,1.0,2.0,0.2618541066,1
11,5321,443,1.0,-2.0,0.4461649867,0
11,53111,5222,1.0,0.0,0.2332239775,0
11,53111,443,2.0,-4.0,0.7628170019,0
11,53111,4421,1.0,0.0,0.3147991465,0
11,53111,4331,1.0,2.0,0.2618541066,1
11,53111,4322,1.0,4.0,0.0789990017,1
11,53111,3332,1.0,6.0,-0.0350069516,1
11,5222,443,1.0,-4.0,0.5978271810,0
11,5222,4421,0.0,0.0,0.1327698092,0
11,5222,44111,-1.0,2.0,-0.2335765227,0
11,5222,4331,0.0,2.0,0.0217095052,1
11,52211,443,2.0,-6.0,0.9086673091,0
11,52211,4421,1.0,-2.0,0.4461649867,0
11,52211,44111,0.0,0.0,0.1327698092,0
11,52211,4331,1.0,0.0,0.4016925375,0
11,52211,4322,1.0,2.0,0.2618541066,1
11,52211,3332,1.0,4.0,0.1589737464,1
11,521111,443,3.0,-8.0,1.2225096625,0
11,521111,4421,2.0,-4.0,0.7628170019,0
11,521111,44111,1.0,-2.0,0.4461649867,0
11,521111,4331,2.0,-2.0,0.7212452679,0
11,521111,4322,2.0,0.0,0.6090890277,0
11,521111,43211,1.0,2.0,0.2618541066,1
11,521111,42221,1.0,4.0,0.0789990017,1
11,521111,3332,2.0,2.0,0.5786865809,1
11,521111,33311,1.0,4.0,0.1589737464,1
11,521111,33221,1.0,6.0,-0.0350069516,1
11,521111,32222,1.0,8.0,-0.2203687837,1
11,5111111,443,4.0,-10.0,1.5380953764,0
11,5111111,4421,3.0,-6.0,1.0807668731,0
11,5111111,44111,2.0,-4.0,0.7628170019,0
11,5111111,4331,3.0,-4.0,1.0407979984,0
11,5111111,4322,3.0,-2.0,0.9260392048,0
11,5111111,43211,2.0,0.0,0.6090890277,0
11,5111111,431111,1.0,2.0,0.2618541066,1
11,5111111,42221,2.0,2.0,0.5048778215,1
11,5111111,422111,1.0,4.0,0.0789990017,1
11,5111111,3332,3.0,0.0,0.9048322676,0
11,5111111,33311,2.0,2.0,0.5786865809,1
11,5111111,33221,2.0,4.0,0.4226025237,1
11,5111111,332111,1.0,6.0,-0.0350069516,1
11,5111111,32222,2.0,6.0,0.2447692508,1
11,5111111,322211,1.0,8.0,-0.2203687837,1
11,5111111,222221,1.0,10.0,-0.4002691761,1
11,44111,4331,1.0,0.0,0.2963641297,0
11,44111,4322,1.0,2.0,0.1650962756,1
11,44111,3332,1.0,4.0,0.0532068671,1
11,43211,3332,1.0,0.0,0.2963641297,0
11,431111,42221,1.0,0.0,0.2332239775,0
11,431111,3332,2.0,-2.0,0.6116884279,0
11,431111,33311,1.0,0.0,0.2963641297,0
11,431111,33221,1.0,2.0,0.1650962756,1
11,431111,32222,1.0,4.0,-0.0166184606,1
11,42221,3332,1.0,-2.0,0.4088839742,0
11,42221,33311,0.0,0.0,0.0903387488,0
11,422111,3332,2.0,-4.0,0.7280546675,0
11,422111,33311,1.0,-2.0,0.4088839742,0
11,422111,33221,1.0,0.0,0.2963641297,0
11,422111,32222,1.0,2.0,0.1650962756,1
11,4211111,3332,3.0,-6.0,1.0474280674,0
11,4211111,33311,2.0,-4.0,0.7280546675,0
11,4211111,33221,2.0,-2.0,0.6116884279,0
11,4211111,332111,1.0,0.0,0.2963641297,0
11,4211111,32222,2.0,0.0,0.5236979344,0
11,4211111,322211,1.0,2.0,0.1650962756,1
11,4211111,222221,1.0,4.0,-0.0166184606,1
11,41111111,3332,4.0,-8.0,1.3668513376,0
11,41111111,33311,3.0,-6.0,1.0474280674,0
11,41111111,33221,3.0,-4.0,0.9292832014,0
11,41111111,332111,2.0,-2.0,0.6116884279,0
11,41111111,3311111,1.0,0.0,0.2963641297,0
11,41111111,32222,3.0,-2.0,0.8319236879,0
11,41111111,322211,2.0,0.0,0.5236979344,0
11,41111111,3221111,1.0,2.0,0.1650962756,1
11,41111111,222221,2.0,2.0,0.4265421708,1
11,41111111,2222111,1.0,4.0,-0.0166184606,1
11,332111,32222,1.0,0.0,0.2332239775,0
11,3311111,32222,2.0,-2.0,0.5358060914,0
11,3311111,322211,1.0,0.0,0.2332239775,0
11,3311111,222221,1.0,2.0,0.0995602268,1
11,3221111,222221,1.0,0.0,0.2332239775,0
11,32111111,222221,2.0,-2.0,0.5358060914,0
11,32111111,2222111,1.0,0.0,0.2332239775,0
11,311111111,222221,3.0,-4.0,0.8488105375,0
11,311111111,2222111,2.0,-2.0,0.5358060914,0
11,311111111,22211111,1.0,0.0,0.2332239775,0
12,1011,93,1.0,12.0,0.0044038115,1
12,1011,84,1.0,22.0,-0.2988637027,1
12,1011,75,1.0,28.0,-0.4783032600,1
12,1011,66,1.0,30.0,-0.5376916135,1
12,921,84,1.0,6.0,0.3672184416,1
12,921,75,1.0,12.0,0.2070665315,1
12,921,66,1.0,14.0,0.1508895763,1
12,9111,84,2.0,4.0,0.7462939840,1
12,9111,831,1.0,10.0,0.0434980794,1
12,9111,822,1.0,12.0,-0.1410726203,1
12,9111,75,2.0,10.0,0.6299504312,1
12,9111,741,1.0,18.0,-0.2174515454,1
12,9111,732,1.0,22.0,-0.5119766917,1
12,9111,66,2.0,12.0,0.5808738380,1
12,9111,651,1.0,22.0,-0.3466658124,1
12,9111,642,1.0,28.0,-0.7275503930,1
12,9111,633,1.0,30.0,-0.8358557270,1
12,9111,552,1.0,30.0,-0.7985262144,1
12,9111,543,1.0,34.0,-0.9933113408,1
12,9111,444,1.0,36.0,-1.0798882387,1
12,831,75,1.0,0.0,0.5350039710,0
12,831,66,1.0,2.0,0.5308791688,1
12,822,75,1.0,-2.0,0.7000176070,0
12,822,741,0.0,6.0,-0.0167081545,1
12,822,66,1.0,0.0,0.6972984957,0
12,822,651,0.0,10.0,-0.1469287367,1
12,8211,75,2.0,-4.0,0.9992019363,0
12,8211,741,1.0,4.0,0.4052867454,1
12,8211,732,1.0,8.0,0.0880982503,1
12,8211,66,2.0,-2.0,0.9976560446,0
12,8211,651,1.0,8.0,0.3004813308,1
12,8211,642,1.0,14.0,-0.1234124951,1
12,8211,633,1.0,16.0,-0.2360925866,1
12,8211,552,1.0,16.0,-0.1936251426,1
12,8211,543,1.0,20.0,-0.3927482132,1
12,8211,444,1.0,22.0,-0.4791107191,1
12,81111,75,3.0,-6.0,1.3038629472,0
12,81111,741,2.0,2.0,0.7598720532,1
12,81111,732,2.0,6.0,0.5233559276,1
12,81111,7311,1.0,8.0,0.0880982503,1
12,81111,7221,1.0,10.0,-0.0994118256,1
12,81111,66,3.0,-4.0,1.3028683220,0
12,81111,651,2.0,6.0,0.7079069939,1
12,81111,642,2.0,12.0,0.3350062987,1
12,81111,6411,1.0,14.0,-0.1234124951,1
12,81111,633,2.0,14.0,0.2274261232,1
12,81111,6321,1.0,18.0,-0.4242152160,1
12,81111,6222,1.0,20.0,-0.5961357667,1
12,81111,552,2.0,14.0,0.2685904343,1
12,81111,5511,1.0,16.0,-0.1936251426,1
12,81111,543,2.0,18.0,0.0765480587,1
12,81111,5421,1.0,22.0,-0.5820259113,1
12,81111,5331,1.0,24.0,-0.6929596728,1
12,81111,5322,1.0,26.0,-0.8654249119,1
12,81111,444,2.0,20.0,-0.0070466624,1
12,81111,4431,1.0,26.0,-0.7803716262,1
12,81111,4422,1.0,28.0,-0.9532742996,1
12,81111,4332,1.0,30.0,-1.0651743815,1
12,81111,3333,1.0,32.0,-1.1775673464,1
12,741,66,1.0,-6.0,0.6001821798,0
12,732,66,1.0,-10.0,0.8761087780,0
12,732,651,0.0,0.0,0.2407538923,0
12,7311,66,2.0,-12.0,1.1520720807,0
12,7311,651,1.0,-2.0,0.5352857086,0
12,7311,642,1.0,4.0,0.2450144948,1
12,7311,633,1.0,6.0,0.1393278729,1
12,7311,552,1.0,6.0,0.1820129734,1
12,7311,543,1.0,10.0,-0.0134051055,1
12,7311,444,1.0,12.0,-0.0988004648,1
12,7221,66,2.0,-14.0,1.3215688167,0
12,7221,651,1.0,-4.0,0.7004471094,0
12,7221,642,1.0,2.0,0.4365234693,1
12,7221,6411,0.0,4.0,0.0344288622,1
12,7221,633,1.0,4.0,0.3433612354,1
12,7221,552,1.0,4.0,0.3966581618,1
12,7221,5511,0.0,6.0,-0.0362144387,1
12,7221,543,1.0,8.0,0.2044791644,1
12,7221,444,1.0,10.0,0.1213574284,1
12,72111,66,3.0,-16.0,1.6054772975,0
12,72111,651,2.0,-6.0,0.9994178653,0
12,72111,642,2.0,0.0,0.7611066176,0
12,72111,6411,1.0,2.0,0.4365234693,1
12,72111,633,2.0,2.0,0.7178016575,1
12,72111,6321,1.0,6.0,0.1393278729,1
12,72111,6222,1.0,8.0,-0.0504657607,1
12,72111,552,2.0,2.0,0.7579862252,1
12,72111,5511,1.0,4.0,0.3966581618,1
12,72111,543,2.0,6.0,0.6375774691,1
12,72111,5421,1.0,10.0,-0.0134051055,1
12,72111,5331,1.0,12.0,-0.1276951419,1
12,72111,5322,1.0,14.0,-0.3198445664,1
12,72111,444,2.0,8.0,0.5703210233,1
12,72111,4431,1.0,14.0,-0.2143608169,1
12,72111,4422,1.0,16.0,-0.4075030840,1
12,72111,4332,1.0,18.0,-0.5208155568,1
12,72111,3333,1.0,20.0,-0.6347979694,1
12,711111,66,4.0,-18.0,1.8960378105,0
12,711111,651,3.0,-8.0,1.3039683360,0
12,711111,642,3.0,-2.0,1.0793630131,0
12,711111,6411,2.0,0.0,0.7611066176,0
12,711111,633,3.0,0.0,1.0400959935,0
12,711111,6321,2.0,4.0,0.5663058659,1
12,711111,63111,1.0,6.0,0.1393278729,1
12,711111,6222,2.0,6.0,0.3959489475,1
12,711111,62211,1.0,8.0,-0.0504657607,1
12,711111,552,3.0,0.0,1.0781419787,0
12,711111,5511,2.0,2.0,0.7579862252,1
12,711111,543,3.0,4.0,1.0190433985,1
12,711111,5421,2.0,8.0,0.4426134842,1
12,711111,54111,1.0,10.0,-0.0134051055,1
12,711111,5331,2.0,10.0,0.3375448223,1
12,711111,5322,2.0,12.0,0.1434514745,1
12,711111,53211,1.0,14.0,-0.3198445664,1
12,711111,52221,1.0,16.0,-0.4967262223,1
12,711111,444,3.0,6.0,0.9782204584,1
12,711111,4431,2.0,12.0,0.2563809732,1
12,711111,4422,2.0,14.0,0.0587855027,1
12,711111,44211,1.0,16.0,-0.4075030840,1
12,711111,4332,2.0,16.0,-0.0525762974,1
12,711111,43311,1.0,18.0,-0.5208155568,1
12,711111,43221,1.0,20.0,-0.6983003124,1
12,711111,42222,1.0,22.0,-0.8686230862,1
12,711111,3333,2.0,18.0,-0.1653189544,1
12,711111,33321,1.0,22.0,-0.8123591481,1
12,711111,33222,1.0,24.0,-0.9831973101,1
12,6411,633,1.0,0.0,0.2963641297,0
12,6411,552,1.0,0.0,0.3189601952,0
12,6411,543,1.0,4.0,0.1980674677,1
12,6411,444,1.0,6.0,0.1163654324,1
12,633,552,0.0,0.0,0.0776445436,0
12,633,5511,-1.0,2.0,-0.2964663511,0
12,6321,552,1.0,-4.0,0.5376139324,0
12,6321,5511,0.0,-2.0,0.2467278428,0
12,6321,543,1.0,0.0,0.4439739707,0
12,6321,444,1.0,2.0,0.4221920161,1
12,63111,6222,1.0,0.0,0.2332239775,0
12,63111,552,2.0,-6.0,0.8396885812,0
12,63111,5511,1.0,-4.0,0.5376139324,0
12,63111,543,2.0,-2.0,0.7612470390,0
12,63111,5421,1.0,2.0,0.2941661631,1
12,63111,5331,1.0,4.0,0.1980674677,1
12,63111,5322,1.0,6.0,0.0080001812,1
12,63111,444,2.0,0.0,0.7516543993,0
12,63111,4431,1.0,6.0,0.1163654324,1
12,63111,4422,1.0,8.0,-0.0792665569,1
12,63111,4332,1.0,10.0,-0.1930277062,1
12,63111,3333,1.0,12.0,-0.3080608680,1
12,6222,552,1.0,-6.0,0.7037404315,0
12,6222,5511,0.0,-4.0,0.4161018814,0
12,6222,543,1.0,-2.0,0.5929891152,0
12,6222,5421,0.0,2.0,0.0916900195,1
12,6222,54111,-1.0,4.0,-0.2335886585,0
12,6222,5331,0.0,4.0,-0.0495400173,1
12,6222,444,1.0,0.0,0.5746979513,0
12,6222,4431,0.0,6.0,-0.1404959551,1
12,62211,552,2.0,-8.0,1.0011354270,0
12,62211,5511,1.0,-6.0,0.7037404315,0
12,62211,543,2.0,-4.0,0.9053524103,0
12,62211,5421,1.0,0.0,0.4439739707,0
12,62211,54111,0.0,2.0,0.0916900195,1
12,62211,5331,1.0,2.0,0.3870341140,1
12,62211,5322,1.0,4.0,0.1980674677,1
12,62211,444,2.0,-2.0,0.8900681725,0
12,62211,4431,1.0,4.0,0.3256395921,1
12,62211,4422,1.0,6.0,0.1163654324,1
12,62211,4332,1.0,8.0,0.0021925552,1
12,62211,3333,1.0,10.0,-0.1136926113,1
12,621111,552,3.0,-10.0,1.3049629611,0
12,621111,5511,2.0,-8.0,1.0011354270,0
12,621111,543,3.0,-6.0,1.2199885889,0
12,621111,5421,2.0,-2.0,0.7612470390,0
12,621111,54111,1.0,0.0,0.4439739707,0
12,621111,5331,2.0,0.0,0.7205881360,0
12,621111,5322,2.0,2.0,0.6012504958,1
12,621111,53211,1.0,4.0,0.1980674677,1
12,621111,52221,1.0,6.0,0.0080001812,1
12,621111,444,3.0,-4.0,1.2066400529,0
12,621111,4431,2.0,2.0,0.7110082185,1
12,621111,4422,2.0,4.0,0.5548796153,1
12,621111,44211,1.0,6.0,0.1163654324,1
12,621111,4332,2.0,6.0,0.4619444293,1
12,621111,43311,1.0,8.0,0.0021925552,1
12,621111,43221,1.0,10.0,-0.1930277062,1
12,621111,42222,1.0,12.0,-0.3747323694,1
12,621111,3333,2.0,8.0,0.3575390324,1
12,621111,33321,1.0,12.0,-0.3080608680,1
12,621111,33222,1.0,14.0,-0.4901502102,1
12,6111111,552,4.0,-12.0,1.6131311269,0
12,6111111,5511,3.0,-10.0,1.3049629611,0
12,6111111,543,4.0,-8.0,1.5360283798,0
12,6111111,5421,3.0,-4.0,1.0794648888,0
12,6111111,54111,2.0,-2.0,0.7612470390,0
12,6111111,5331,3.0,-2.0,1.0401408664,0
12,6111111,5322,3.0,0.0,0.9258078639,0
12,6111111,53211,2.0,2.0,0.6012504958,1
12,6111111,531111,1.0,4.0,0.1980674677,1
12,6111111,52221,2.0,4.0,0.4514831339,1
12,6111111,522111,1.0,6.0,0.0080001812,1
12,6111111,444,4.0,-6.0,1.5240453470,0
12,6111111,4431,3.0,0.0,1.0344991151,0
12,6111111,4422,3.0,2.0,0.9206568909,1
12,6111111,44211,2.0,4.0,0.5548796153,1
12,6111111,441111,1.0,6.0,0.1163654324,1
12,6111111,4332,3.0,4.0,0.8709026474,1
12,6111111,43311,2.0,6.0,0.4619444293,1
12,6111111,43221,2.0,8.0,0.2732397878,1
12,6111111,432111,1.0,10.0,-0.1930277062,1
12,6111111,42222,2.0,10.0,0.0870140733,1
12,6111111,422211,1.0,12.0,-0.3747323694,1
12,6111111,3333,3.0,6.0,0.7937643619,1
12,6111111,33321,2.0,10.0,0.1635122152,1
12,6111111,333111,1.0,12.0,-0.3080608680,1
12,6111111,33222,2.0,12.0,-0.0256216991,1
12,6111111,332211,1.0,14.0,-0.4901502102,1
12,6111111,322221,1.0,16.0,-0.6656561133,1
12,6111111,222222,1.0,18.0,-0.8379664014,1
12,5511,543,1.0,2.0,0.2618541066,1
12,5511,444,1.0,4.0,0.1858552883,1
12,5421,444,1.0,-2.0,0.4461649867,0
12,54111,5331,1.0,0.0,0.2963641297,0
12,54111,5322,1.0,2.0,0.1650962756,1
12,54111,444,2.0,-4.0,0.7628170019,0
12,54111,4431,1.0,2.0,0.2618541066,1
12,54111,4422,1.0,4.0,0.0789990017,1
12,54111,4332,1.0,6.0,-0.0350069516,1
12,54111,3333,1.0,8.0,-0.1511595401,1
12,5331,444,1.0,-4.0,0.5134349335,0
12,5322,444,1.0,-6.0,0.6769030201,0
12,5322,4431,0.0,0.0,0.1327698092,0
12,53211,444,2.0,-8.0,0.9784969353,0
12,53211,4431,1.0,-2.0,0.4461649867,0
12,53211,4422,1.0,0.0,0.3147991465,0
12,53211,4332,1.0,2.0,0.2618541066,1
12,53211,3333,1.0,4.0,0.1589737464,1
12,531111,52221,1.0,0.0,0.2332239775,0
12,531111,444,3.0,-10.0,1.2858070031,0
12,531111,4431,2.0,-4.0,0.7628170019,0
12,531111,4422,2.0,-2.0,0.6338357577,0
12,531111,44211,1.0,0.0,0.3147991465,0
12,531111,4332,2.0,0.0,0.6090890277,0
12,531111,43311,1.0,2.0,0.2618541066,1
12,531111,43221,1.0,4.0,0.0789990017,1
12,531111,42222,1.0,6.0,-0.1039955913,1
12,531111,3333,2.0,2.0,0.5786865809,1
12,531111,33321,1.0,6.0,-0.0350069516,1
12,531111,33222,1.0,8.0,-0.2203687837,1
12,52221,444,2.0,-10.0,1.1404108813,0
12,52221,4431,1.0,-4.0,0.5978271810,0
12,52221,4422,1.0,-2.0,0.4461649867,0
12,52221,44211,0.0,0.0,0.1327698092,0
12,52221,441111,-1.0,2.0,-0.2335765227,0
12,52221,4332,1.0,0.0,0.4016925375,0
12,52221,43311,0.0,2.0,0.0217095052,1
12,52221,3333,1.0,2.0,0.3499699160,1
12,522111,444,3.0,-12.0,1.4437407868,0
12,522111,4431,2.0,-6.0,0.9086673091,0
12,522111,4422,2.0,-4.0,0.7628170019,0
12,522111,44211,1.0,-2.0,0.4461649867,0
12,522111,441111,0.0,0.0,0.1327698092,0
12,522111,4332,2.0,-2.0,0.7212452679,0
12,522111,43311,1.0,0.0,0.4016925375,0
12,522111,43221,1.0,2.0,0.2618541066,1
12,522111,42222,1.0,4.0,0.0789990017,1
12,522111,3333,2.0,0.0,0.6908387056,0
12,522111,33321,1.0,4.0,0.1589737464,1
12,522111,33222,1.0,6.0,-0.0350069516,1
12,5211111,444,4.0,-14.0,1.7509367124,0
12,5211111,4431,3.0,-8.0,1.2225096625,0
12,5211111,4422,3.0,-6.0,1.0807668731,0
12,5211111,44211,2.0,-4.0,0.7628170019,0
12,5211111,441111,1.0,-2.0,0.4461649867,0
12,5211111,4332,3.0,-4.0,1.0407979984,0
12,5211111,43311,2.0,-2.0,0.7212452679,0
12,5211111,43221,2.0,0.0,0.6090890277,0
12,5211111,432111,1.0,2.0,0.2618541066,1
12,5211111,42222,2.0,2.0,0.5048778215,1
12,5211111,422211,1.0,4.0,0.0789990017,1
12,5211111,3333,3.0,-2.0,1.0095527504,0
12,5211111,33321,2.0,2.0,0.5786865809,1
12,5211111,333111,1.0,4.0,0.1589737464,1
12,5211111,33222,2.0,4.0,0.4226025237,1
12,5211111,332211,1.0,6.0,-0.0350069516,1
12,5211111,322221,1.0,8.0,-0.2203687837,1
12,5211111,222222,1.0,10.0,-0.4002691761,1
12,51111111,444,5.0,-16.0,2.0608982666,0
12,51111111,4431,4.0,-10.0,1.5380953764,0
12,51111111,4422,4.0,-8.0,1.3992864989,0
12,51111111,44211,3.0,-6.0,1.0807668731,0
12,51111111,441111,2.0,-4.0,0.7628170019,0
12,51111111,4332,4.0,-6.0,1.3603507288,0
12,51111111,43311,3.0,-4.0,1.0407979984,0
12,51111111,43221,3.0,-2.0,0.9260392048,0
12,51111111,432111,2.0,0.0,0.6090890277,0
12,51111111,4311111,1.0,2.0,0.2618541066,1
12,51111111,42222,3.0,0.0,0.8305466376,0
12,51111111,422211,2.0,2.0,0.5048778215,1
12,51111111,4221111,1.0,4.0,0.0789990017,1
12,51111111,3333,4.0,-4.0,1.3285721701,0
12,51111111,33321,3.0,0.0,0.9048322676,0
12,51111111,333111,2.0,2.0,0.5786865809,1
12,51111111,33222,3.0,2.0,0.8104451387,1
12,51111111,332211,2.0,4.0,0.4226025237,1
12,51111111,3321111,1.0,6.0,-0.0350069516,1
12,51111111,322221,2.0,6.0,0.2447692508,1
12,51111111,3222111,1.0,8.0,-0.2203687837,1
12,51111111,222222,2.0,8.0,0.0622100817,1
12,51111111,2222211,1.0,10.0,-0.4002691761,1
12,44211,4332,1.0,0.0,0.2963641297,0
12,44211,3333,1.0,2.0,0.2398293225,1
12,441111,4332,2.0,-2.0,0.6116884279,0
12,441111,43311,1.0,0.0,0.2963641297,0
12,441111,43221,1.0,2.0,0.1650962756,1
12,441111,42222,1.0,4.0,-0.0166184606,1
12,441111,3333,2.0,0.0,0.5927282594,0
12,441111,33321,1.0,4.0,0.0532068671,1
12,441111,33222,1.0,6.0,-0.1336256519,1
12,43311,3333,1.0,0.0,0.2963641297,0
12,43221,3333,1.0,-2.0,0.4088839742,0
12,432111,42222,1.0,0.0,0.2332239775,0
12,432111,3333,2.0,-4.0,0.7280546675,0
12,432111,33321,1.0,0.0,0.2963641297,0
12,432111,33222,1.0,2.0,0.1650962756,1
12,4311111,42222,2.0,-2.0,0.5358060914,0
12,4311111,422211,1.0,0.0,0.2332239775,0
12,4311111,3333,3.0,-6.0,1.0474280674,0
12,4311111,33321,2.0,-2.0,0.6116884279,0
12,4311111,333111,1.0,0.0,0.2963641297,0
12,4311111,33222,2.0,0.0,0.5236979344,0
12,4311111,332211,1.0,2.0,0.1650962756,1
12,4311111,322221,1.0,4.0,-0.0166184606,1
12,4311111,222222,1.0,6.0,-0.1996050816,1
12,42222,3333,1.0,-4.0,0.5520740481,0
12,42222,33321,0.0,0.0,0.0903387488,0
12,42222,333111,-1.0,2.0,-0.2407467360,0
12,422211,3333,2.0,-6.0,0.8660471472,0
12,422211,33321,1.0,-2.0,0.4088839742,0
12,422211,333111,0.0,0.0,0.0903387488,0
12,422211,33222,1.0,0.0,0.2963641297,0
12,4221111,3333,3.0,-8.0,1.1822538998,0
12,4221111,33321,2.0,-4.0,0.7280546675,0
12,4221111,333111,1.0,-2.0,0.4088839742,0
12,4221111,33222,2.0,-2.0,0.6116884279,0
12,4221111,332211,1.0,0.0,0.2963641297,0
12,4221111,322221,1.0,2.0,0.1650962756,1
12,4221111,222222,1.0,4.0,-0.0166184606,1
12,42111111,3333,4.0,-10.0,1.4996370675,0
12,42111111,33321,3.0,-6.0,1.0474280674,0
12,42111111,333111,2.0,-4.0,0.7280546675,0
12,42111111,33222,3.0,-4.0,0.9292832014,0
12,42111111,332211,2.0,-2.0,0.6116884279,0
12,42111111,3321111,1.0,0.0,0.2963641297,0
12,42111111,322221,2.0,0.0,0.5236979344,0
12,42111111,3222111,1.0,2.0,0.1650962756,1
12,42111111,222222,2.0,2.0,0.4265421708,1
12,42111111,2222211,1.0,4.0,-0.0166184606,1
12,411111111,3333,5.0,-12.0,1.8176396262,0
12,411111111,33321,4.0,-8.0,1.3668513376,0
12,411111111,333111,3.0,-6.0,1.0474280674,0
12,411111111,33222,4.0,-6.0,1.2477203173,0
12,411111111,332211,3.0,-4.0,0.9292832014,0
12,411111111,3321111,2.0,-2.0,0.6116884279,0
12,411111111,33111111,1.0,0.0,0.2963641297,0
12,411111111,322221,3.0,-2.0,0.8319236879,0
12,411111111,3222111,2.0,0.0,0.5236979344,0
12,411111111,32211111,1.0,2.0,0.1650962756,1
12,411111111,222222,3.0,0.0,0.7547830158,0
12,411111111,2222211,2.0,2.0,0.4265421708,1
12,411111111,22221111,1.0,4.0,-0.0166184606,1
12,333111,33222,1.0,0.0,0.2332239775,0
12,3321111,322221,1.0,0.0,0.2332239775,0
12,3321111,222222,1.0,2.0,0.0995602268,1
12,33111111,322221,2.0,-2.0,0.5358060914,0
12,33111111,3222111,1.0,0.0,0.2332239775,0
12,33111111,222222,2.0,0.0,0.4664479549,0
12,33111111,2222211,1.0,2.0,0.0995602268,1
12,3222111,222222,1.0,0.0,0.2332239775,0
12,32211111,222222,2.0,-2.0,0.5358060914,0
12,32211111,2222211,1.0,0.0,0.2332239775,0
12,321111111,222222,3.0,-4.0,0.8488105375,0
12,321111111,2222211,2.0,-2.0,0.5358060914,0
12,321111111,22221111,1.0,0.0,0.2332239775,0
12,3111111111,222222,4.0,-6.0,1.1650352811,0
12,3111111111,2222211,3.0,-4.0,0.8488105375,0
12,3111111111,22221111,2.0,-2.0,0.5358060914,0
12,3111111111,222111111,1.0,0.0,0.2332239775,0
13,1111,103,1.0,14.0,-0.0301399094,1
13,1111,94,1.0,26.0,-0.3701617263,1
13,1111,85,1.0,34.0,-0.5930149406,1
13,1111,76,1.0,38.0,-0.7033218110,1
13,1021,94,1.0,8.0,0.3295356584,1
13,1021,85,1.0,16.0,0.1223845974,1
13,1021,76,1.0,20.0,0.0156511292,1
13,10111,94,2.0,6.0,0.7221547746,1
13,10111,931,1.0,12.0,0.0044038115,1
13,10111,922,1.0,14.0,-0.1770202469,1
13,10111,85,2.0,14.0,0.5507119922,1
13,10111,841,1.0,22.0,-0.2988637027,1
13,10111,832,1.0,26.0,-0.5870280858,1
13,10111,76,2.0,18.0,0.4516471538,1
13,10111,751,1.0,28.0,-0.4783032600,1
13,10111,742,1.0,34.0,-0.8512196476,1
13,10111,733,1.0,36.0,-0.9568402613,1
13,10111,661,1.0,30.0,-0.5376916135,1
13,10111,652,1.0,38.0,-0.9812470881,1
13,10111,643,1.0,42.0,-1.1720030252,1
13,10111,553,1.0,44.0,-1.2429176543,1
13,10111,544,1.0,46.0,-1.3283146959,1
13,931,85,1.0,2.0,0.5333112095,1
13,931,76,1.0,6.0,0.4814556288,1
13,922,85,1.0,0.0,0.6999720377,0
13,922,841,0.0,8.0,-0.0615843104,1
13,922,76,1.0,4.0,0.6858764947,1
13,922,751,0.0,14.0,-0.2423618995,1
13,922,661,0.0,16.0,-0.3017708656,1
13,9211,85,2.0,-2.0,0.9991825765,0
13,9211,841,1.0,6.0,0.3672184416,1
13,9211,832,1.0,10.0,0.0434980794,1
13,9211,76,2.0,2.0,0.9973585514,1
13,9211,751,1.0,12.0,0.2070665315,1
13,9211,742,1.0,18.0,-0.2174515454,1
13,9211,733,1.0,20.0,-0.3279958527,1
13,9211,661,1.0,14.0,0.1508895763,1
13,9211,652,1.0,22.0,-0.3466658124,1
13,9211,643,1.0,26.0,-0.5425307602,1
13,9211,553,1.0,28.0,-0.6131885552,1
13,9211,544,1.0,30.0,-0.6984904833,1
13,91111,85,3.0,-4.0,1.3038549261,0
13,91111,841,2.0,4.0,0.7462939840,1
13,91111,832,2.0,8.0,0.4811194053,1
13,91111,8311,1.0,10.0,0.0434980794,1
13,91111,8221,1.0,12.0,-0.1410726203,1
13,91111,76,3.0,0.0,1.3027549122,0
13,91111,751,2.0,10.0,0.6299504312,1
13,91111,742,2.0,16.0,0.2391437939,1
13,91111,7411,1.0,18.0,-0.2174515454,1
13,91111,733,2.0,18.0,0.1316370603,1
13,91111,7321,1.0,22.0,-0.5119766917,1
13,91111,7222,1.0,24.0,-0.6790970170,1
13,91111,661,2.0,12.0,0.5808738380,1
13,91111,652,2.0,20.0,0.1141215371,1
13,91111,6511,1.0,22.0,-0.3466658124,1
13,91111,643,2.0,24.0,-0.0776116605,1
13,91111,6421,1.0,28.0,-0.7275503930,1
13,91111,6331,1.0,30.0,-0.8358557270,1
13,91111,6322,1.0,32.0,-1.0033348947,1
13,91111,553,2.0,26.0,-0.1469900071,1
13,91111,5521,1.0,30.0,-0.7985262144,1
13,91111,544,2.0,28.0,-0.2303084054,1
13,91111,5431,1.0,34.0,-0.9933113408,1
13,91111,5422,1.0,36.0,-1.1613445923,1
13,91111,5332,1.0,38.0,-1.2706998098,1
13,91111,4441,1.0,36.0,-1.0798882387,1
13,91111,4432,1.0,40.0,-1.3580544147,1
13,91111,4333,1.0,42.0,-1.4682379478,1
13,841,76,1.0,-4.0,0.5979485485,0
13,832,76,1.0,-8.0,0.8724355479,0
13,832,751,0.0,2.0,0.2286450323,1
13,832,661,0.0,4.0,0.1841526602,1
13,8311,76,2.0,-10.0,1.1503091414,0
13,8311,751,1.0,0.0,0.5350039710,0
13,8311,742,1.0,6.0,0.1959001723,1
13,8311,733,1.0,8.0,0.0880982503,1
13,8311,661,1.0,2.0,0.5308791688,1
13,8311,652,1.0,10.0,0.0730860593,1
13,8311,643,1.0,14.0,-0.1234124951,1
13,8311,553,1.0,16.0,-0.1936251426,1
13,8311,544,1.0,18.0,-0.2786587563,1
13,8221,76,2.0,-12.0,1.3196917152,0
13,8221,751,1.0,-2.0,0.7000176070,0
13,8221,742,1.0,4.0,0.4052867454,1
13,8221,7411,0.0,6.0,-0.0167081545,1
13,8221,733,1.0,6.0,0.2963112731,1
13,8221,661,1.0,0.0,0.6972984957,0
13,8221,652,1.0,8.0,0.3004813308,1
13,8221,6511,0.0,10.0,-0.1469287367,1
13,8221,643,1.0,12.0,0.0947612544,1
13,8221,553,1.0,14.0,0.0263281056,1
13,8221,544,1.0,16.0,-0.0585214177,1
13,82111,76,3.0,-14.0,1.6044987119,0
13,82111,751,2.0,-4.0,0.9992019363,0
13,82111,742,2.0,2.0,0.7598720532,1
13,82111,7411,1.0,4.0,0.4052867454,1
13,82111,733,2.0,4.0,0.6969106708,1
13,82111,7321,1.0,8.0,0.0880982503,1
13,82111,7222,1.0,10.0,-0.0994118256,1
13,82111,661,2.0,-2.0,0.9976560446,0
13,82111,652,2.0,6.0,0.7079069939,1
13,82111,6511,1.0,8.0,0.3004813308,1
13,82111,643,2.0,10.0,0.5403484030,1
13,82111,6421,1.0,14.0,-0.1234124951,1
13,82111,6331,1.0,16.0,-0.2360925866,1
13,82111,6322,1.0,18.0,-0.4242152160,1
13,82111,553,2.0,12.0,0.4787698335,1
13,82111,5521,1.0,16.0,-0.1936251426,1
13,82111,544,2.0,14.0,0.4014303853,1
13,82111,5431,1.0,20.0,-0.3927482132,1
13,82111,5422,1.0,22.0,-0.5820259113,1
13,82111,5332,1.0,24.0,-0.6929596728,1
13,82111,4441,1.0,22.0,-0.4791107191,1
13,82111,4432,1.0,26.0,-0.7803716262,1
13,82111,4333,1.0,28.0,-0.8923220262,1
13,811111,76,4.0,-16.0,1.8954396741,0
13,811111,751,3.0,-6.0,1.3038629472,0
13,811111,742,3.0,0.0,1.0793571355,0
13,811111,7411,2.0,2.0,0.7598720532,1
13,811111,733,3.0,2.0,1.0396305794,1
13,811111,7321,2.0,6.0,0.5233559276,1
13,811111,73111,1.0,8.0,0.0880982503,1
13,811111,7222,2.0,8.0,0.3453678574,1
13,811111,72211,1.0,10.0,-0.0994118256,1
13,811111,661,3.0,-4.0,1.3028683220,0
13,811111,652,3.0,4.0,1.0698173209,1
13,811111,6511,2.0,6.0,0.7079069939,1
13,811111,643,3.0,8.0,0.9529493047,1
13,811111,6421,2.0,12.0,0.3350062987,1
13,811111,64111,1.0,14.0,-0.1234124951,1
13,811111,6331,2.0,14.0,0.2274261232,1
13,811111,6322,2.0,16.0,0.0335205746,1
13,811111,63211,1.0,18.0,-0.4242152160,1
13,811111,62221,1.0,20.0,-0.5961357667,1
13,811111,553,3.0,10.0,0.9034404732,1
13,811111,5521,2.0,14.0,0.2685904343,1
13,811111,55111,1.0,16.0,-0.1936251426,1
13,811111,544,3.0,12.0,0.8375536874,1
13,811111,5431,2.0,18.0,0.0765480587,1
13,811111,5422,2.0,20.0,-0.1210517237,1
13,811111,54211,1.0,22.0,-0.5820259113,1
13,811111,5332,2.0,22.0,-0.2312482242,1
13,811111,53311,1.0,24.0,-0.6929596728,1
13,811111,53221,1.0,26.0,-0.8654249119,1
13,811111,52222,1.0,28.0,-1.0303339380,1
13,811111,4441,2.0,20.0,-0.0070466624,1
13,811111,4432,2.0,24.0,-0.3171533768,1
13,811111,44311,1.0,26.0,-0.7803716262,1
13,811111,44221,1.0,28.0,-0.9532742996,1
13,811111,4333,2.0,26.0,-0.4289317538,1
13,811111,43321,1.0,30.0,-1.0651743815,1
13,811111,43222,1.0,32.0,-1.2309266412,1
13,811111,33331,1.0,32.0,-1.1775673464,1
13,811111,33322,1.0,34.0,-1.3438465694,1
13,742,661,0.0,-4.0,0.3314512308,0
13,7411,733,1.0,0.0,0.2963641297,0
13,7411,661,1.0,-6.0,0.6001821798,0
13,7411,652,1.0,2.0,0.3051380352,1
13,7411,643,1.0,6.0,0.1393278729,1
13,7411,553,1.0,8.0,0.0704654623,1
13,7411,544,1.0,10.0,-0.0134051055,1
13,733,661,0.0,-6.0,0.4445947477,0
13,733,652,0.0,2.0,0.0364548221,1
13,733,6511,-1.0,4.0,-0.2964704232,0
13,7321,661,1.0,-10.0,0.8761087780,0
13,7321,652,1.0,-2.0,0.5352857086,0
13,7321,6511,0.0,0.0,0.2407538923,0
13,7321,643,1.0,2.0,0.4365234693,1
13,7321,553,1.0,4.0,0.3966581618,1
13,7321,544,1.0,6.0,0.3249847840,1
13,73111,7222,1.0,0.0,0.2332239775,0
13,73111,661,2.0,-12.0,1.1520720807,0
13,73111,652,2.0,-4.0,0.8386527651,0
13,73111,6511,1.0,-2.0,0.5352857086,0
13,73111,643,2.0,0.0,0.7611066176,0
13,73111,6421,1.0,4.0,0.2450144948,1
13,73111,6331,1.0,6.0,0.1393278729,1
13,73111,6322,1.0,8.0,-0.0504657607,1
13,73111,553,2.0,2.0,0.7579862252,1
13,73111,5521,1.0,6.0,0.1820129734,1
13,73111,544,2.0,4.0,0.7262399939,1
13,73111,5431,1.0,10.0,-0.0134051055,1
13,73111,5422,1.0,12.0,-0.2080622496,1
13,73111,5332,1.0,14.0,-0.3198445664,1
13,73111,4441,1.0,12.0,-0.0988004648,1
13,73111,4432,1.0,16.0,-0.4075030840,1
13,73111,4333,1.0,18.0,-0.5208155568,1
13,7222,661,1.0,-12.0,1.0455910315,0
13,7222,652,1.0,-4.0,0.7004471094,0
13,7222,6511,0.0,-2.0,0.4092616233,0
13,7222,643,1.0,0.0,0.5924295871,0
13,7222,6421,0.0,4.0,0.0344288622,1
13,7222,64111,-1.0,6.0,-0.2650052240,0
13,7222,6331,0.0,6.0,-0.1089290396,1
13,7222,553,1.0,2.0,0.5853823652,1
13,7222,5521,0.0,6.0,-0.0362144387,1
13,7222,55111,-1.0,8.0,-0.3345123109,0
13,7222,544,1.0,4.0,0.5389664451,1
13,7222,5431,0.0,10.0,-0.2705218937,1
13,7222,4441,0.0,12.0,-0.3605674476,1
13,72211,661,2.0,-14.0,1.3215688167,0
13,72211,652,2.0,-6.0,0.9994178653,0
13,72211,6511,1.0,-4.0,0.7004471094,0
13,72211,643,2.0,-2.0,0.9049950815,0
13,72211,6421,1.0,2.0,0.4365234693,1
13,72211,64111,0.0,4.0,0.0344288622,1
13,72211,6331,1.0,4.0,0.3433612354,1
13,72211,6322,1.0,6.0,0.1393278729,1
13,72211,553,2.0,0.0,0.9020901800,0
13,72211,5521,1.0,4.0,0.3966581618,1
13,72211,55111,0.0,6.0,-0.0362144387,1
13,72211,544,2.0,2.0,0.8868626228,1
13,72211,5431,1.0,8.0,0.2044791644,1
13,72211,5422,1.0,10.0,-0.0134051055,1
13,72211,5332,1.0,12.0,-0.1276951419,1
13,72211,4441,1.0,10.0,0.1213574284,1
13,72211,4432,1.0,14.0,-0.2143608169,1
13,72211,4333,1.0,16.0,-0.3297582693,1
13,721111,661,3.0,-16.0,1.6054772975,0
13,721111,652,3.0,-8.0,1.3039683360,0
13,721111,6511,2.0,-6.0,0.9994178653,0
13,721111,643,3.0,-4.0,1.2197255044,0
13,721111,6421,2.0,0.0,0.7611066176,0
13,721111,64111,1.0,2.0,0.4365234693,1
13,721111,6331,2.0,2.0,0.7178016575,1
13,721111,6322,2.0,4.0,0.5663058659,1
13,721111,63211,1.0,6.0,0.1393278729,1
13,721111,62221,1.0,8.0,-0.0504657607,1
13,721111,553,3.0,-2.0,1.2174298897,0
13,721111,5521,2.0,2.0,0.7579862252,1
13,721111,55111,1.0,4.0,0.3966581618,1
13,721111,544,3.0,0.0,1.2047304309,0
13,721111,5431,2.0,6.0,0.6375774691,1
13,721111,5422,2.0,8.0,0.4426134842,1
13,721111,54211,1.0,10.0,-0.0134051055,1
13,721111,5332,2.0,10.0,0.3375448223,1
13,721111,53311,1.0,12.0,-0.1276951419,1
13,721111,53221,1.0,14.0,-0.3198445664,1
13,721111,52222,1.0,16.0,-0.4967262223,1
13,721111,4441,2.0,8.0,0.5703210233,1
13,721111,4432,2.0,12.0,0.2563809732,1
13,721111,44311,1.0,14.0,-0.2143608169,1
13,721111,44221,1.0,16.0,-0.4075030840,1
13,721111,4333,2.0,14.0,0.1448413681,1
13,721111,43321,1.0,18.0,-0.5208155568,1
13,721111,43222,1.0,20.0,-0.6983003124,1
13,721111,33331,1.0,20.0,-0.6347979694,1
13,721111,33322,1.0,22.0,-0.8123591481,1
13,7111111,661,4.0,-18.0,1.8960378105,0
13,7111111,652,4.0,-10.0,1.6124834071,0
13,7111111,6511,3.0,-8.0,1.3039683360,0
13,7111111,643,4.0,-6.0,1.5358357040,0
13,7111111,6421,3.0,-2.0,1.0793630131,0
13,7111111,64111,2.0,0.0,0.7611066176,0
13,7111111,6331,3.0,0.0,1.0400959935,0
13,7111111,6322,3.0,2.0,0.9242949060,1
13,7111111,63211,2.0,4.0,0.5663058659,1
13,7111111,631111,1.0,6.0,0.1393278729,1
13,7111111,62221,2.0,6.0,0.3959489475,1
13,7111111,622111,1.0,8.0,-0.0504657607,1
13,7111111,553,4.0,-4.0,1.5338754049,0
13,7111111,5521,3.0,0.0,1.0781419787,0
13,7111111,55111,2.0,2.0,0.7579862252,1
13,7111111,544,4.0,-2.0,1.5223536566,0
13,7111111,5431,3.0,4.0,1.0190433985,1
13,7111111,5422,3.0,6.0,0.8597629054,1
13,7111111,54211,2.0,8.0,0.4426134842,1
13,7111111,541111,1.0,10.0,-0.0134051055,1
13,7111111,5332,3.0,8.0,0.7742613481,1
13,7111111,53311,2.0,10.0,0.3375448223,1
13,7111111,53221,2.0,12.0,0.1434514745,1
13,7111111,532111,1.0,14.0,-0.3198445664,1
13,7111111,52222,2.0,14.0,-0.0422974367,1
13,7111111,522211,1.0,16.0,-0.4967262223,1
13,7111111,4441,3.0,6.0,0.9782204584,1
13,7111111,4432,3.0,10.0,0.7045299411,1
13,7111111,44311,2.0,12.0,0.2563809732,1
13,7111111,44221,2.0,14.0,0.0587855027,1
13,7111111,442111,1.0,16.0,-0.4075030840,1
13,7111111,4333,3.0,12.0,0.6026650186,1
13,7111111,43321,2.0,16.0,-0.0525762974,1
13,7111111,433111,1.0,18.0,-0.5208155568,1
13,7111111,43222,2.0,18.0,-0.2409609810,1
13,7111111,432211,1.0,20.0,-0.6983003124,1
13,7111111,422221,1.0,22.0,-0.8686230862,1
13,7111111,33331,2.0,18.0,-0.1653189544,1
13,7111111,33322,2.0,20.0,-0.3539340164,1
13,7111111,333211,1.0,22.0,-0.8123591481,1
13,7111111,332221,1.0,24.0,-0.9831973101,1
13,7111111,322222,1.0,26.0,-1.1506884901,1
13,6511,643,1.0,2.0,0.2618541066,1
13,6511,553,1.0,4.0,0.1980674677,1
13,6511,544,1.0,6.0,0.1163654324,1
13,6421,553,1.0,-2.0,0.4602598268,0
13,6421,544,1.0,0.0,0.4439739707,0
13,64111,6331,1.0,0.0,0.2963641297,0
13,64111,6322,1.0,2.0,0.1650962756,1
13,64111,553,2.0,-4.0,0.7738236022,0
13,64111,5521,1.0,0.0,0.3189601952,0
13,64111,544,2.0,-2.0,0.7612470390,0
13,64111,5431,1.0,4.0,0.1980674677,1
13,64111,5422,1.0,6.0,0.0080001812,1
13,64111,5332,1.0,8.0,-0.1049634627,1
13,64111,4441,1.0,6.0,0.1163654324,1
13,64111,4432,1.0,10.0,-0.1930277062,1
13,64111,4333,1.0,12.0,-0.3080608680,1
13,6331,553,1.0,-4.0,0.5376139324,0
13,6331,5521,0.0,0.0,0.0776445436,0
13,6331,55111,-1.0,2.0,-0.2964663511,0
13,6331,544,1.0,-2.0,0.5066196546,0
13,6322,553,1.0,-6.0,0.7037404315,0
13,6322,5521,0.0,-2.0,0.2467278428,0
13,6322,55111,-1.0,0.0,-0.2278959056,0
13,6322,544,1.0,-4.0,0.6667706701,0
13,6322,5431,0.0,2.0,0.0916900195,1
13,6322,4441,0.0,4.0,0.0004267903,1
13,63211,553,2.0,-8.0,1.0011354270,0
13,63211,5521,1.0,-4.0,0.5376139324,0
13,63211,55111,0.0,-2.0,0.2467278428,0
13,63211,544,2.0,-6.0,0.9718971166,0
13,63211,5431,1.0,0.0,0.4439739707,0
13,63211,5422,1.0,2.0,0.2941661631,1
13,63211,5332,1.0,4.0,0.1980674677,1
13,63211,4441,1.0,2.0,0.4221920161,1
13,63211,4432,1.0,6.0,0.1163654324,1
13,63211,4333,1.0,8.0,0.0021925552,1
13,631111,62221,1.0,0.0,0.2332239775,0
13,631111,553,3.0,-10.0,1.3049629611,0
13,631111,5521,2.0,-6.0,0.8396885812,0
13,631111,55111,1.0,-4.0,0.5376139324,0
13,631111,544,3.0,-8.0,1.2810848514,0
13,631111,5431,2.0,-2.0,0.7612470390,0
13,631111,5422,2.0,0.0,0.6333999304,0
13,631111,54211,1.0,2.0,0.2941661631,1
13,631111,5332,2.0,2.0,0.6012504958,1
13,631111,53311,1.0,4.0,0.1980674677,1
13,631111,53221,1.0,6.0,0.0080001812,1
13,631111,52222,1.0,8.0,-0.1717993841,1
13,631111,4441,2.0,0.0,0.7516543993,0
13,631111,4432,2.0,4.0,0.5548796153,1
13,631111,44311,1.0,6.0,0.1163654324,1
13,631111,44221,1.0,8.0,-0.0792665569,1
13,631111,4333,2.0,6.0,0.4619444293,1
13,631111,43321,1.0,10.0,-0.1930277062,1
13,631111,43222,1.0,12.0,-0.3747323694,1
13,631111,33331,1.0,12.0,-0.3080608680,1
13,631111,33322,1.0,14.0,-0.4901502102,1
13,62221,553,2.0,-10.0,1.1653681254,0
13,62221,5521,1.0,-6.0,0.7037404315,0
13,62221,55111,0.0,-4.0,0.4161018814,0
13,62221,544,2.0,-8.0,1.1315754691,0
13,62221,5431,1.0,-2.0,0.5929891152,0
13,62221,5422,1.0,0.0,0.4439739707,0
13,62221,54211,0.0,2.0,0.0916900195,1
13,62221,541111,-1.0,4.0,-0.2335886585,0
13,62221,5332,1.0,2.0,0.3870341140,1
13,62221,53311,0.0,4.0,-0.0495400173,1
13,62221,4441,1.0,0.0,0.5746979513,0
13,62221,4432,1.0,4.0,0.3256395921,1
13,62221,44311,0.0,6.0,-0.1404959551,1
13,62221,4333,1.0,6.0,0.2133627121,1
13,622111,553,3.0,-12.0,1.4656285369,0
13,622111,5521,2.0,-8.0,1.0011354270,0
13,622111,55111,1.0,-6.0,0.7037404315,0
13,622111,544,3.0,-10.0,1.4371841221,0
13,622111,5431,2.0,-4.0,0.9053524103,0
13,622111,5422,2.0,-2.0,0.7612470390,0
13,622111,54211,1.0,0.0,0.4439739707,0
13,622111,541111,0.0,2.0,0.0916900195,1
13,622111,5332,2.0,0.0,0.7205881360,0
13,622111,53311,1.0,2.0,0.3870341140,1
13,622111,53221,1.0,4.0,0.1980674677,1
13,622111,52222,1.0,6.0,0.0080001812,1
13,622111,4441,2.0,-2.0,0.8900681725,0
13,622111,4432,2.0,2.0,0.7110082185,1
13,622111,44311,1.0,4.0,0.3256395921,1
13,622111,44221,1.0,6.0,0.1163654324,1
13,622111,4333,2.0,4.0,0.6441116901,1
13,622111,43321,1.0,8.0,0.0021925552,1
13,622111,43222,1.0,10.0,-0.1930277062,1
13,622111,33331,1.0,10.0,-0.1136926113,1
13,622111,33322,1.0,12.0,-0.3080608680,1
13,6211111,553,4.0,-14.0,1.7702785320,0
13,6211111,5521,3.0,-10.0,1.3049629611,0
13,6211111,55111,2.0,-8.0,1.0011354270,0
13,6211111,544,4.0,-12.0,1.7459009361,0
13,6211111,5431,3.0,-6.0,1.2199885889,0
13,6211111,5422,3.0,-4.0,1.0794648888,0
13,6211111,54211,2.0,-2.0,0.7612470390,0
13,6211111,541111,1.0,0.0,0.4439739707,0
13,6211111,5332,3.0,-2.0,1.0401408664,0
13,6211111,53311,2.0,0.0,0.7205881360,0
13,6211111,53221,2.0,2.0,0.6012504958,1
13,6211111,532111,1.0,4.0,0.1980674677,1
13,6211111,52222,2.0,4.0,0.4514831339,1
13,6211111,522211,1.0,6.0,0.0080001812,1
13,6211111,4441,3.0,-4.0,1.2066400529,0
13,6211111,4432,3.0,0.0,1.0344991151,0
13,6211111,44311,2.0,2.0,0.7110082185,1
13,6211111,44221,2.0,4.0,0.5548796153,1
13,6211111,442111,1.0,6.0,0.1163654324,1
13,6211111,4333,3.0,2.0,1.0037893840,1
13,6211111,43321,2.0,6.0,0.4619444293,1
13,6211111,433111,1.0,8.0,0.0021925552,1
13,6211111,43222,2.0,8.0,0.2732397878,1
13,6211111,432211,1.0,10.0,-0.1930277062,1
13,6211111,422221,1.0,12.0,-0.3747323694,1
13,6211111,33331,2.0,8.0,0.3575390324,1
13,6211111,33322,2.0,10.0,0.1635122152,1
13,6211111,333211,1.0,12.0,-0.3080608680,1
13,6211111,332221,1.0,14.0,-0.4901502102,1
13,6211111,322222,1.0,16.0,-0.6656561133,1
13,61111111,553,5.0,-16.0,2.0781624175,0
13,61111111,5521,4.0,-12.0,1.6131311269,0
13,61111111,55111,3.0,-10.0,1.3049629611,0
13,61111111,544,5.0,-14.0,2.0568162817,0
13,61111111,5431,4.0,-8.0,1.5360283798,0
13,61111111,5422,4.0,-6.0,1.3981603239,0
13,61111111,54211,3.0,-4.0,1.0794648888,0
13,61111111,541111,2.0,-2.0,0.7612470390,0
13,61111111,5332,4.0,-4.0,1.3596935969,0
13,61111111,53311,3.0,-2.0,1.0401408664,0
13,61111111,53221,3.0,0.0,0.9258078639,0
13,61111111,532111,2.0,2.0,0.6012504958,1
13,61111111,5311111,1.0,4.0,0.1980674677,1
13,61111111,52222,3.0,2.0,0.8262745814,1
13,61111111,522211,2.0,4.0,0.4514831339,1
13,61111111,5221111,1.0,6.0,0.0080001812,1
13,61111111,4441,4.0,-6.0,1.5240453470,0
13,61111111,4432,4.0,-2.0,1.3539539305,0
13,61111111,44311,3.0,0.0,1.0344991151,0
13,61111111,44221,3.0,2.0,0.9206568909,1
13,61111111,442111,2.0,4.0,0.5548796153,1
13,61111111,4411111,1.0,6.0,0.1163654324,1
13,61111111,4333,4.0,0.0,1.3240073949,0
13,61111111,43321,3.0,4.0,0.8709026474,1
13,61111111,433111,2.0,6.0,0.4619444293,1
13,61111111,43222,3.0,6.0,0.7119639062,1
13,61111111,432211,2.0,8.0,0.2732397878,1
13,61111111,4321111,1.0,10.0,-0.1930277062,1
13,61111111,422221,2.0,10.0,0.0870140733,1
13,61111111,4222111,1.0,12.0,-0.3747323694,1
13,61111111,33331,3.0,6.0,0.7937643619,1
13,61111111,33322,3.0,8.0,0.6175597166,1
13,61111111,333211,2.0,10.0,0.1635122152,1
13,61111111,3331111,1.0,12.0,-0.3080608680,1
13,61111111,332221,2.0,12.0,-0.0256216991,1
13,61111111,3322111,1.0,14.0,-0.4901502102,1
13,61111111,322222,2.0,14.0,-0.2099360049,1
13,61111111,3222211,1.0,16.0,-0.6656561133,1
13,61111111,2222221,1.0,18.0,-0.8379664014,1
13,5521,544,1.0,-2.0,0.4461649867,0
13,55111,544,2.0,-4.0,0.7628170019,0
13,55111,5431,1.0,2.0,0.2618541066,1
13,55111,5422,1.0,4.0,0.0789990017,1
13,55111,5332,1.0,6.0,-0.0350069516,1
13,55111,4441,1.0,4.0,0.1858552883,1
13,55111,4432,1.0,8.0,-0.1232237637,1
13,55111,4333,1.0,10.0,-0.2392708819,1
13,5422,4441,0.0,0.0,0.1327698092,0
13,54211,5332,1.0,0.0,0.2963641297,0
13,54211,4441,1.0,-2.0,0.4461649867,0
13,54211,4432,1.0,2.0,0.2618541066,1
13,54211,4333,1.0,4.0,0.1589737464,1
13,541111,5332,2.0,-2.0,0.6116884279,0
13,541111,53311,1.0,0.0,0.2963641297,0
13,541111,53221,1.0,2.0,0.1650962756,1
13,541111,52222,1.0,4.0,-0.0166184606,1
13,541111,4441,2.0,-4.0,0.7628170019,0
13,541111,4432,2.0,0.0,0.6090890277,0
13,541111,44311,1.0,2.0,0.2618541066,1
13,541111,44221,1.0,4.0,0.0789990017,1
13,541111,4333,2.0,2.0,0.5786865809,1
13,541111,43321,1.0,6.0,-0.0350069516,1
13,541111,43222,1.0,8.0,-0.2203687837,1
13,541111,33331,1.0,8.0,-0.1511595401,1
13,541111,33322,1.0,10.0,-0.3370402132,1
13,5332,4441,0.0,-2.0,0.2164973250,0
13,53311,4441,1.0,-4.0,0.5134349335,0
13,53311,4432,1.0,0.0,0.3147991465,0
13,53311,4333,1.0,2.0,0.2618541066,1
13,53221,4441,1.0,-6.0,0.6769030201,0
13,53221,4432,1.0,-2.0,0.4461649867,0
13,53221,44311,0.0,0.0,0.1327698092,0
13,53221,4333,1.0,0.0,0.4016925375,0
13,532111,52222,1.0,0.0,0.2332239775,0
13,532111,4441,2.0,-8.0,0.9784969353,0
13,532111,4432,2.0,-4.0,0.7628170019,0
13,532111,44311,1.0,-2.0,0.4461649867,0
13,532111,44221,1.0,0.0,0.3147991465,0
13,532111,4333,2.0,-2.0,0.7212452679,0
13,532111,43321,1.0,2.0,0.2618541066,1
13,532111,43222,1.0,4.0,0.0789990017,1
13,532111,33331,1.0,4.0,0.1589737464,1
13,532111,33322,1.0,6.0,-0.0350069516,1
13,5311111,52222,2.0,-2.0,0.5358060914,0
13,5311111,522211,1.0,0.0,0.2332239775,0
13,5311111,4441,3.0,-10.0,1.2858070031,0
13,5311111,4432,3.0,-6.0,1.0807668731,0
13,5311111,44311,2.0,-4.0,0.7628170019,0
13,5311111,44221,2.0,-2.0,0.6338357577,0
13,5311111,442111,1.0,0.0,0.3147991465,0
13,5311111,4333,3.0,-4.0,1.0407979984,0
13,5311111,43321,2.0,0.0,0.6090890277,0
13,5311111,433111,1.0,2.0,0.2618541066,1
13,5311111,43222,2.0,2.0,0.5048778215,1
13,5311111,432211,1.0,4.0,0.0789990017,1
13,5311111,422221,1.0,6.0,-0.1039955913,1
13,5311111,33331,2.0,2.0,0.5786865809,1
13,5311111,33322,2.0,4.0,0.4226025237,1
13,5311111,333211,1.0,6.0,-0.0350069516,1
13,5311111,332221,1.0,8.0,-0.2203687837,1
13,5311111,322222,1.0,10.0,-0.4002691761,1
13,52222,4441,1.0,-8.0,0.8428911256,0
13,52222,4432,1.0,-4.0,0.5978271810,0
13,52222,44311,0.0,-2.0,0.2927786436,0
13,52222,44221,0.0,0.0,0.1327698092,0
13,52222,442111,-1.0,2.0,-0.2335765227,0
13,52222,4411111,-2.0,4.0,-0.5371654620,0
13,52222,4333,1.0,-2.0,0.5361500446,0
13,52222,43321,0.0,2.0,0.0217095052,1
13,52222,433111,-1.0,4.0,-0.2759965878,0
13,52222,33331,0.0,4.0,-0.1111913833,1
13,522211,4441,2.0,-10.0,1.1404108813,0
13,522211,4432,2.0,-6.0,0.9086673091,0
13,522211,44311,1.0,-4.0,0.5978271810,0
13,522211,44221,1.0,-2.0,0.4461649867,0
13,522211,442111,0.0,0.0,0.1327698092,0
13,522211,4411111,-1.0,2.0,-0.2335765227,0
13,522211,4333,2.0,-4.0,0.8531370568,0
13,522211,43321,1.0,0.0,0.4016925375,0
13,522211,433111,0.0,2.0,0.0217095052,1
13,522211,43222,1.0,2.0,0.2618541066,1
13,522211,33331,1.0,2.0,0.3499699160,1
13,522211,33322,1.0,4.0,0.1589737464,1
13,5221111,4441,3.0,-12.0,1.4437407868,0
13,5221111,4432,3.0,-8.0,1.2225096625,0
13,5221111,44311,2.0,-6.0,0.9086673091,0
13,5221111,44221,2.0,-4.0,0.7628170019,0
13,5221111,442111,1.0,-2.0,0.4461649867,0
13,5221111,4411111,0.0,0.0,0.1327698092,0
13,5221111,4333,3.0,-6.0,1.1710587499,0
13,5221111,43321,2.0,-2.0,0.7212452679,0
13,5221111,433111,1.0,0.0,0.4016925375,0
13,5221111,43222,2.0,0.0,0.6090890277,0
13,5221111,432211,1.0,2.0,0.2618541066,1
13,5221111,422221,1.0,4.0,0.0789990017,1
13,5221111,33331,2.0,0.0,0.6908387056,0
13,5221111,33322,2.0,2.0,0.5786865809,1
13,5221111,333211,1.0,4.0,0.1589737464,1
13,5221111,332221,1.0,6.0,-0.0350069516,1
13,5221111,322222,1.0,8.0,-0.2203687837,1
13,52111111,4441,4.0,-14.0,1.7509367124,0
13,52111111,4432,4.0,-10.0,1.5380953764,0
13,52111111,44311,3.0,-8.0,1.2225096625,0
13,52111111,44221,3.0,-6.0,1.0807668731,0
13,52111111,442111,2.0,-4.0,0.7628170019,0
13,52111111,4411111,1.0,-2.0,0.4461649867,0
13,52111111,4333,4.0,-8.0,1.4894523392,0
13,52111111,43321,3.0,-4.0,1.0407979984,0
13,52111111,433111,2.0,-2.0,0.7212452679,0
13,52111111,43222,3.0,-2.0,0.9260392048,0
13,52111111,432211,2.0,0.0,0.6090890277,0
13,52111111,4321111,1.0,2.0,0.2618541066,1
13,52111111,422221,2.0,2.0,0.5048778215,1
13,52111111,4222111,1.0,4.0,0.0789990017,1
13,52111111,33331,3.0,-2.0,1.0095527504,0
13,52111111,33322,3.0,0.0,0.9048322676,0
13,52111111,333211,2.0,2.0,0.5786865809,1
13,52111111,3331111,1.0,4.0,0.1589737464,1
13,52111111,332221,2.0,4.0,0.4226025237,1
13,52111111,3322111,1.0,6.0,-0.0350069516,1
13,52111111,322222,2.0,6.0,0.2447692508,1
13,52111111,3222211,1.0,8.0,-0.2203687837,1
13,52111111,2222221,1.0,10.0,-0.4002691761,1
13,511111111,4441,5.0,-16.0,2.0608982666,0
13,511111111,4432,5.0,-12.0,1.8547303173,0
13,511111111,44311,4.0,-10.0,1.5380953764,0
13,511111111,44221,4.0,-8.0,1.3992864989,0
13,511111111,442111,3.0,-6.0,1.0807668731,0
13,511111111,4411111,2.0,-4.0,0.7628170019,0
13,511111111,4333,5.0,-10.0,1.8081255454,0
13,511111111,43321,4.0,-6.0,1.3603507288,0
13,511111111,433111,3.0,-4.0,1.0407979984,0
13,511111111,43222,4.0,-4.0,1.2440260640,0
13,511111111,432211,3.0,-2.0,0.9260392048,0
13,511111111,4321111,2.0,0.0,0.6090890277,0
13,511111111,43111111,1.0,2.0,0.2618541066,1
13,511111111,422221,3.0,0.0,0.8305466376,0
13,511111111,4222111,2.0,2.0,0.5048778215,1
13,511111111,42211111,1.0,4.0,0.0789990017,1
13,511111111,33331,4.0,-4.0,1.3285721701,0
13,511111111,33322,4.0,-2.0,1.2206653607,0
13,511111111,333211,3.0,0.0,0.9048322676,0
13,511111111,3331111,2.0,2.0,0.5786865809,1
13,511111111,332221,3.0,2.0,0.8104451387,1
13,511111111,3322111,2.0,4.0,0.4226025237,1
13,511111111,33211111,1.0,6.0,-0.0350069516,1
13,511111111,322222,3.0,4.0,0.6787889491,1
13,511111111,3222211,2.0,6.0,0.2447692508,1
13,511111111,32221111,1.0,8.0,-0.2203687837,1
13,511111111,2222221,2.0,8.0,0.0622100817,1
13,511111111,22222111,1.0,10.0,-0.4002691761,1
13,44311,4333,1.0,0.0,0.2963641297,0
13,44221,4333,1.0,-2.0,0.4088839742,0
13,442111,4333,2.0,-4.0,0.7280546675,0
13,442111,43321,1.0,0.0,0.2963641297,0
13,442111,43222,1.0,2.0,0.1650962756,1
13,442111,33331,1.0,2.0,0.2398293225,1
13,442111,33322,1.0,4.0,0.0532068671,1
13,4411111,4333,3.0,-6.0,1.0474280674,0
13,4411111,43321,2.0,-2.0,0.6116884279,0
13,4411111,433111,1.0,0.0,0.2963641297,0
13,4411111,43222,2.0,0.0,0.5236979344,0
13,4411111,432211,1.0,2.0,0.1650962756,1
13,4411111,422221,1.0,4.0,-0.0166184606,1
13,4411111,33331,2.0,0.0,0.5927282594,0
13,4411111,33322,2.0,2.0,0.4905341971,1
13,4411111,333211,1.0,4.0,0.0532068671,1
13,4411111,332221,1.0,6.0,-0.1336256519,1
13,4411111,322222,1.0,8.0,-0.3162061433,1
13,433111,43222,1.0,0.0,0.2332239775,0
13,433111,33331,1.0,0.0,0.2963641297,0
13,433111,33322,1.0,2.0,0.1650962756,1
13,43222,33331,0.0,0.0,0.0903387488,0
13,432211,33331,1.0,-2.0,0.4088839742,0
13,432211,33322,1.0,0.0,0.2963641297,0
13,4321111,422221,1.0,0.0,0.2332239775,0
13,4321111,33331,2.0,-4.0,0.7280546675,0
13,4321111,33322,2.0,-2.0,0.6116884279,0
13,4321111,333211,1.0,0.0,0.2963641297,0
13,4321111,332221,1.0,2.0,0.1650962756,1
13,4321111,322222,1.0,4.0,-0.0166184606,1
13,43111111,422221,2.0,-2.0,0.5358060914,0
13,43111111,4222111,1.0,0.0,0.2332239775,0
13,43111111,33331,3.0,-6.0,1.0474280674,0
13,43111111,33322,3.0,-4.0,0.9292832014,0
13,43111111,333211,2.0,-2.0,0.6116884279,0
13,43111111,3331111,1.0,0.0,0.2963641297,0
13,43111111,332221,2.0,0.0,0.5236979344,0
13,43111111,3322111,1.0,2.0,0.1650962756,1
13,43111111,322222,2.0,2.0,0.4265421708,1
13,43111111,3222211,1.0,4.0,-0.0166184606,1
13,43111111,2222221,1.0,6.0,-0.1996050816,1
13,422221,33331,1.0,-4.0,0.5520740481,0
13,422221,33322,1.0,-2.0,0.4088839742,0
13,422221,333211,0.0,0.0,0.0903387488,0
13,422221,3331111,-1.0,2.0,-0.2407467360,0
13,4222111,33331,2.0,-6.0,0.8660471472,0
13,4222111,33322,2.0,-4.0,0.7280546675,0
13,4222111,333211,1.0,-2.0,0.4088839742,0
13,4222111,3331111,0.0,0.0,0.0903387488,0
13,4222111,332221,1.0,0.0,0.2963641297,0
13,4222111,322222,1.0,2.0,0.1650962756,1
13,42211111,33331,3.0,-8.0,1.1822538998,0
13,42211111,33322,3.0,-6.0,1.0474280674,0
13,42211111,333211,2.0,-4.0,0.7280546675,0
13,42211111,3331111,1.0,-2.0,0.4088839742,0
13,42211111,332221,2.0,-2.0,0.6116884279,0
13,42211111,3322111,1.0,0.0,0.2963641297,0
13,42211111,322222,2.0,0.0,0.5236979344,0
13,42211111,3222211,1.0,2.0,0.1650962756,1
13,42211111,2222221,1.0,4.0,-0.0166184606,1
13,421111111,33331,4.0,-10.0,1.4996370675,0
13,421111111,33322,4.0,-8.0,1.3668513376,0
13,421111111,333211,3.0,-6.0,1.0474280674,0
13,421111111,3331111,2.0,-4.0,0.7280546675,0
13,421111111,332221,3.0,-4.0,0.9292832014,0
13,421111111,3322111,2.0,-2.0,0.6116884279,0
13,421111111,33211111,1.0,0.0,0.2963641297,0
13,421111111,322222,3.0,-2.0,0.8319236879,0
13,421111111,3222211,2.0,0.0,0.5236979344,0
13,421111111,32221111,1.0,2.0,0.1650962756,1
13,421111111,2222221,2.0,2.0,0.4265421708,1
13,421111111,22222111,1.0,4.0,-0.0166184606,1
13,4111111111,33331,5.0,-12.0,1.8176396262,0
13,4111111111,33322,5.0,-10.0,1.6863486361,0
13,4111111111,333211,4.0,-8.0,1.3668513376,0
13,4111111111,3331111,3.0,-6.0,1.0474280674,0
13,4111111111,332221,4.0,-6.0,1.2477203173,0
13,4111111111,3322111,3.0,-4.0,0.9292832014,0
13,4111111111,33211111,2.0,-2.0,0.6116884279,0
13,4111111111,331111111,1.0,0.0,0.2963641297,0
13,4111111111,322222,4.0,-4.0,1.1449119048,0
13,4111111111,3222211,3.0,-2.0,0.8319236879,0
13,4111111111,32221111,2.0,0.0,0.5236979344,0
13,4111111111,322111111,1.0,2.0,0.1650962756,1
13,4111111111,2222221,3.0,0.0,0.7547830158,0
13,4111111111,22222111,2.0,2.0,0.4265421708,1
13,4111111111,222211111,1.0,4.0,-0.0166184606,1
13,3331111,332221,1.0,0.0,0.2332239775,0
13,3331111,322222,1.0,2.0,0.0995602268,1
13,3322111,322222,1.0,0.0,0.2332239775,0
13,33211111,322222,2.0,-2.0,0.5358060914,0
13,33211111,3222211,1.0,0.0,0.2332239775,0
13,33211111,2222221,1.0,2.0,0.0995602268,1
13,331111111,322222,3.0,-4.0,0.8488105375,0
13,331111111,3222211,2.0,-2.0,0.5358060914,0
13,331111111,32221111,1.0,0.0,0.2332239775,0
13,331111111,2222221,2.0,0.0,0.4664479549,0
13,331111111,22222111,1.0,2.0,0.0995602268,1
13,32221111,2222221,1.0,0.0,0.2332239775,0
13,322111111,2222221,2.0,-2.0,0.5358060914,0
13,322111111,22222111,1.0,0.0,0.2332239775,0
13,3211111111,2222221,3.0,-4.0,0.8488105375,0
13,3211111111,22222111,2.0,-2.0,0.5358060914,0
13,3211111111,222211111,1.0,0.0,0.2332239775,0
13,31111111111,2222221,4.0,-6.0,1.1650352811,0
13,31111111111,22222111,3.0,-4.0,0.8488105375,0
13,31111111111,222211111,2.0,-2.0,0.5358060914,0
13,31111111111,2221111111,1.0,0.0,0.2332239775,0
14,1211,113,1.0,16.0,-0.0609374420,1
14,1211,104,1.0,30.0,-0.4332356998,1
14,1211,95,1.0,40.0,-0.6941173610,1
14,1211,86,1.0,46.0,-0.8486749848,1
14,1211,77,1.0,48.0,-0.8998940596,1
14,1121,104,1.0,10.0,0.2941122754,1
14,1121,95,1.0,20.0,0.0463535182,1
14,1121,86,1.0,26.0,-0.1048856982,1
14,1121,77,1.0,28.0,-0.1552876745,1
14,11111,104,2.0,8.0,0.6940655182,1
14,11111,1031,1.0,14.0,-0.0301399094,1
14,11111,1022,1.0,16.0,-0.2084579546,1
14,11111,95,2.0,18.0,0.4761567219,1
14,11111,941,1.0,26.0,-0.3701617263,1
14,11111,932,1.0,30.0,-0.6521289199,1
14,11111,86,2.0,24.0,0.3320714965,1
14,11111,851,1.0,34.0,-0.5930149406,1
14,11111,842,1.0,40.0,-0.9579957894,1
14,11111,833,1.0,42.0,-1.0609505981,1
14,11111,77,2.0,26.0,0.2833516472,1
14,11111,761,1.0,38.0,-0.7033218110,1
14,11111,752,1.0,46.0,-1.1381658028,1
14,11111,743,1.0,50.0,-1.3247482794,1
14,11111,662,1.0,48.0,-1.1976953752,1
14,11111,653,1.0,54.0,-1.4546902330,1
14,11111,644,1.0,56.0,-1.5387218493,1
14,11111,554,1.0,58.0,-1.6093135142,1
14,1031,95,1.0,4.0,0.5186657360,1
14,1031,86,1.0,10.0,0.4097849389,1
14,1031,77,1.0,12.0,0.3658198691,1
14,1022,95,1.0,2.0,0.6995649527,1
14,1022,941,0.0,10.0,-0.1011401616,1
14,1022,86,1.0,8.0,0.6357968550,1
14,1022,851,0.0,18.0,-0.3255614416,1
14,1022,77,1.0,10.0,0.5993216610,1
14,1022,761,0.0,22.0,-0.4358866063,1
14,10211,95,2.0,0.0,0.9991812724,0
14,10211,941,1.0,8.0,0.3295356584,1
14,10211,932,1.0,12.0,0.0044038115,1
14,10211,86,2.0,6.0,0.9805160089,1
14,10211,851,1.0,16.0,0.1223845974,1
14,10211,842,1.0,22.0,-0.2988637027,1
14,10211,833,1.0,24.0,-0.4071354748,1
14,10211,77,2.0,8.0,0.9581419159,1
14,10211,761,1.0,20.0,0.0156511292,1
14,10211,752,1.0,28.0,-0.4783032600,1
14,10211,743,1.0,32.0,-0.6704317484,1
14,10211,662,1.0,30.0,-0.5376916135,1
14,10211,653,1.0,36.0,-0.8000737313,1
14,10211,644,1.0,38.0,-0.8840763806,1
14,10211,554,1.0,40.0,-0.9544555920,1
14,101111,95,3.0,-2.0,1.3038544645,0
14,101111,941,2.0,6.0,0.7221547746,1
14,101111,932,2.0,10.0,0.4417839284,1
14,101111,9311,1.0,12.0,0.0044038115,1
14,101111,9221,1.0,14.0,-0.1770202469,1
14,101111,86,3.0,4.0,1.3012014141,1
14,101111,851,2.0,14.0,0.5507119922,1
14,101111,842,2.0,20.0,0.1544615495,1
14,101111,8411,1.0,22.0,-0.2988637027,1
14,101111,833,2.0,22.0,0.0479949777,1
14,101111,8321,1.0,26.0,-0.5870280858,1
14,101111,8222,1.0,28.0,-0.7496085214,1
14,101111,77,3.0,6.0,1.2933014827,1
14,101111,761,2.0,18.0,0.4516471538,1
14,101111,752,2.0,26.0,-0.0210685112,1
14,101111,7511,1.0,28.0,-0.4783032600,1
14,101111,743,2.0,30.0,-0.2106252957,1
14,101111,7421,1.0,34.0,-0.8512196476,1
14,101111,7331,1.0,36.0,-0.9568402613,1
14,101111,7322,1.0,38.0,-1.1196122955,1
14,101111,662,2.0,28.0,-0.0795206539,1
14,101111,6611,1.0,30.0,-0.5376916135,1
14,101111,653,2.0,34.0,-0.3387375414,1
14,101111,6521,1.0,38.0,-0.9812470881,1
14,101111,644,2.0,36.0,-0.4210488345,1
14,101111,6431,1.0,42.0,-1.1720030252,1
14,101111,6422,1.0,44.0,-1.3353254157,1
14,101111,6332,1.0,46.0,-1.4419384029,1
14,101111,554,2.0,38.0,-0.4905283150,1
14,101111,5531,1.0,44.0,-1.2429176543,1
14,101111,5522,1.0,46.0,-1.4063389018,1
14,101111,5441,1.0,46.0,-1.3283146959,1
14,101111,5432,1.0,50.0,-1.5994088864,1
14,101111,5333,1.0,52.0,-1.7070118595,1
14,101111,4442,1.0,52.0,-1.6858519306,1
14,101111,4433,1.0,54.0,-1.7937225248,1
14,941,86,1.0,-2.0,0.5976121253,0
14,941,77,1.0,0.0,0.5957712388,0
14,932,86,1.0,-6.0,0.8718019741,0
14,932,851,0.0,4.0,0.1948669342,1
14,932,77,1.0,-4.0,0.8688155315,0
14,932,761,0.0,8.0,0.0943790238,1
14,9311,86,2.0,-8.0,1.1500306890,0
14,9311,851,1.0,2.0,0.5333112095,1
14,9311,842,1.0,8.0,0.1512031806,1
14,9311,833,1.0,10.0,0.0434980794,1
14,9311,77,2.0,-6.0,1.1484823806,0
14,9311,761,1.0,6.0,0.4814556288,1
14,9311,752,1.0,14.0,-0.0229060504,1
14,9311,743,1.0,18.0,-0.2174515454,1
14,9311,662,1.0,16.0,-0.0814137863,1
14,9311,653,1.0,22.0,-0.3466658124,1
14,9311,644,1.0,24.0,-0.4305958630,1
14,9311,554,1.0,26.0,-0.5008726118,1
14,9221,86,2.0,-10.0,1.3194132628,0
14,9221,851,1.0,0.0,0.6999720377,0
14,9221,842,1.0,6.0,0.3672184416,1
14,9221,8411,0.0,8.0,-0.0615843104,1
14,9221,833,1.0,8.0,0.2523034940,1
14,9221,77,2.0,-8.0,1.3176810771,0
14,9221,761,1.0,4.0,0.6858764947,1
14,9221,752,1.0,12.0,0.2070665315,1
14,9221,7511,0.0,14.0,-0.2423618995,1
14,9221,743,1.0,16.0,-0.0011685664,1
14,9221,662,1.0,14.0,0.1508895763,1
14,9221,6611,0.0,16.0,-0.3017708656,1
14,9221,653,1.0,20.0,-0.1283705343,1
14,9221,644,1.0,22.0,-0.2128417346,1
14,9221,554,1.0,24.0,-0.2823437207,1
14,92111,86,3.0,-12.0,1.6043713331,0
14,92111,851,2.0,-2.0,0.9991825765,0
14,92111,842,2.0,4.0,0.7462939840,1
14,92111,8411,1.0,6.0,0.3672184416,1
14,92111,833,2.0,6.0,0.6652603875,1
14,92111,8321,1.0,10.0,0.0434980794,1
14,92111,8222,1.0,12.0,-0.1410726203,1
14,92111,77,3.0,-10.0,1.6034056018,0
14,92111,761,2.0,2.0,0.9973585514,1
14,92111,752,2.0,10.0,0.6299504312,1
14,92111,7511,1.0,12.0,0.2070665315,1
14,92111,743,2.0,14.0,0.4473431414,1
14,92111,7421,1.0,18.0,-0.2174515454,1
14,92111,7331,1.0,20.0,-0.3279958527,1
14,92111,7322,1.0,22.0,-0.5119766917,1
14,92111,662,2.0,12.0,0.5808738380,1
14,92111,6611,1.0,14.0,0.1508895763,1
14,92111,653,2.0,18.0,0.3274316148,1
14,92111,6521,1.0,22.0,-0.3466658124,1
14,92111,644,2.0,20.0,0.2479888466,1
14,92111,6431,1.0,26.0,-0.5425307602,1
14,92111,6422,1.0,28.0,-0.7275503930,1
14,92111,6332,1.0,30.0,-0.8358557270,1
14,92111,554,2.0,22.0,0.1812151561,1
14,92111,5531,1.0,28.0,-0.6131885552,1
14,92111,5522,1.0,30.0,-0.7985262144,1
14,92111,5441,1.0,30.0,-0.6984904833,1
14,92111,5432,1.0,34.0,-0.9933113408,1
14,92111,5333,1.0,36.0,-1.1027189460,1
14,92111,4442,1.0,36.0,-1.0798882387,1
14,92111,4433,1.0,38.0,-1.1897022355,1
14,911111,86,4.0,-14.0,1.8953705093,0
14,911111,851,3.0,-4.0,1.3038549261,0
14,911111,842,3.0,2.0,1.0791748455,1
14,911111,8411,2.0,4.0,0.7462939840,1
14,911111,833,3.0,4.0,1.0309964851,1
14,911111,8321,2.0,8.0,0.4811194053,1
14,911111,83111,1.0,10.0,0.0434980794,1
14,911111,8222,2.0,10.0,0.3004046514,1
14,911111,82211,1.0,12.0,-0.1410726203,1
14,911111,77,4.0,-12.0,1.8948524996,0
14,911111,761,3.0,0.0,1.3027549122,0
14,911111,752,3.0,8.0,1.0219998282,1
14,911111,7511,2.0,10.0,0.6299504312,1
14,911111,743,3.0,12.0,0.8720748893,1
14,911111,7421,2.0,16.0,0.2391437939,1
14,911111,74111,1.0,18.0,-0.2174515454,1
14,911111,7331,2.0,18.0,0.1316370603,1
14,911111,7322,2.0,20.0,-0.0603529024,1
14,911111,73211,1.0,22.0,-0.5119766917,1
14,911111,72221,1.0,24.0,-0.6790970170,1
14,911111,662,3.0,10.0,0.9844783821,1
14,911111,6611,2.0,12.0,0.5808738380,1
14,911111,653,3.0,16.0,0.7646818792,1
14,911111,6521,2.0,20.0,0.1141215371,1
14,911111,65111,1.0,22.0,-0.3466658124,1
14,911111,644,3.0,18.0,0.6921749448,1
14,911111,6431,2.0,24.0,-0.0776116605,1
14,911111,6422,2.0,26.0,-0.2729552428,1
14,911111,64211,1.0,28.0,-0.7275503930,1
14,911111,6332,2.0,28.0,-0.3811692270,1
14,911111,63311,1.0,30.0,-0.8358557270,1
14,911111,63221,1.0,32.0,-1.0033348947,1
14,911111,62222,1.0,34.0,-1.1630469162,1
14,911111,554,3.0,20.0,0.6296618502,1
14,911111,5531,2.0,26.0,-0.1469900071,1
14,911111,5522,2.0,28.0,-0.3432147751,1
14,911111,55211,1.0,30.0,-0.7985262144,1
14,911111,5441,2.0,28.0,-0.2303084054,1
14,911111,5432,2.0,32.0,-0.5367775730,1
14,911111,54311,1.0,34.0,-0.9933113408,1
14,911111,54221,1.0,36.0,-1.1613445923,1
14,911111,5333,2.0,34.0,-0.6465862957,1
14,911111,53321,1.0,38.0,-1.2706998098,1
14,911111,53222,1.0,40.0,-1.4312465970,1
14,911111,4442,2.0,34.0,-0.6221319363,1
14,911111,44411,1.0,36.0,-1.0798882387,1
14,911111,4433,2.0,36.0,-0.7324862046,1
14,911111,44321,1.0,40.0,-1.3580544147,1
14,911111,44222,1.0,42.0,-1.5190017079,1
14,911111,43331,1.0,42.0,-1.4682379478,1
14,911111,43322,1.0,44.0,-1.6296728457,1
14,911111,33332,1.0,46.0,-1.7407951254,1
14,851,77,1.0,-8.0,0.6461434869,0
14,842,77,1.0,-14.0,1.0016133317,0
14,842,761,0.0,-2.0,0.3247980184,0
14,8411,833,1.0,0.0,0.2963641297,0
14,8411,77,2.0,-16.0,1.2582131948,0
14,8411,761,1.0,-4.0,0.5979485485,0
14,8411,752,1.0,4.0,0.2658501014,1
14,8411,743,1.0,8.0,0.0880982503,1
14,8411,662,1.0,6.0,0.2147487842,1
14,8411,653,1.0,12.0,-0.0399867799,1
14,8411,644,1.0,14.0,-0.1234124951,1
14,8411,554,1.0,16.0,-0.1936251426,1
14,833,77,1.0,-16.0,1.1159407604,0
14,833,761,0.0,-4.0,0.4356407048,0
14,833,752,0.0,4.0,-0.0141127380,1
14,833,7511,-1.0,6.0,-0.2964705381,0
14,833,662,0.0,6.0,-0.0748808585,1
14,833,6611,-1.0,8.0,-0.3071325181,0
14,8321,77,2.0,-20.0,1.5380989909,0
14,8321,761,1.0,-8.0,0.8724355479,0
14,8321,752,1.0,0.0,0.5350039710,0
14,8321,7511,0.0,2.0,0.2286450323,1
14,8321,743,1.0,4.0,0.4052867454,1
14,8321,662,1.0,2.0,0.5308791688,1
14,8321,6611,0.0,4.0,0.1841526602,1
14,8321,653,1.0,8.0,0.3004813308,1
14,8321,644,1.0,10.0,0.2196387581,1
14,8321,554,1.0,12.0,0.1533885152,1
14,83111,8222,1.0,0.0,0.2332239775,0
14,83111,77,3.0,-22.0,1.8024646023,0
14,83111,761,2.0,-10.0,1.1503091414,0
14,83111,752,2.0,-2.0,0.8385473763,0
14,83111,7511,1.0,0.0,0.5350039710,0
14,83111,743,2.0,2.0,0.7598720532,1
14,83111,7421,1.0,6.0,0.1959001723,1
14,83111,7331,1.0,8.0,0.0880982503,1
14,83111,7322,1.0,10.0,-0.0994118256,1
14,83111,662,2.0,0.0,0.8375682244,0
14,83111,6611,1.0,2.0,0.5308791688,1
14,83111,653,2.0,6.0,0.7079069939,1
14,83111,6521,1.0,10.0,0.0730860593,1
14,83111,644,2.0,8.0,0.6470694739,1
14,83111,6431,1.0,14.0,-0.1234124951,1
14,83111,6422,1.0,16.0,-0.3148969891,1
14,83111,6332,1.0,18.0,-0.4242152160,1
14,83111,554,2.0,10.0,0.5914277381,1
14,83111,5531,1.0,16.0,-0.1936251426,1
14,83111,5522,1.0,18.0,-0.3858752253,1
14,83111,5441,1.0,18.0,-0.2786587563,1
14,83111,5432,1.0,22.0,-0.5820259113,1
14,83111,5333,1.0,24.0,-0.6929596728,1
14,83111,4442,1.0,24.0,-0.6690410229,1
14,83111,4433,1.0,26.0,-0.7803716262,1
14,8222,77,2.0,-22.0,1.7064392084,0
14,8222,761,1.0,-10.0,1.0420171193,0
14,8222,752,1.0,-2.0,0.7000176070,0
14,8222,7511,0.0,0.0,0.4081344270,0
14,8222,743,1.0,2.0,0.5901411028,1
14,8222,7421,0.0,6.0,-0.0167081545,1
14,8222,74111,-1.0,8.0,-0.3082205960,0
14,8222,7331,0.0,8.0,-0.1591714261,1
14,8222,662,1.0,0.0,0.6972984957,0
14,8222,6611,0.0,2.0,0.3992138160,1
14,8222,653,1.0,6.0,0.5248378519,1
14,8222,6521,0.0,10.0,-0.1469287367,1
14,8222,65111,-1.0,12.0,-0.4368393850,0
14,8222,644,1.0,8.0,0.4512598325,1
14,8222,6431,0.0,14.0,-0.3786829877,1
14,8222,554,1.0,10.0,0.3907509671,1
14,8222,5531,0.0,16.0,-0.4498691264,1
14,8222,5441,0.0,18.0,-0.5388222593,1
14,82211,77,3.0,-24.0,1.9718078334,0
14,82211,761,2.0,-12.0,1.3196917152,0
14,82211,752,2.0,-4.0,0.9992019363,0
14,82211,7511,1.0,-2.0,0.7000176070,0
14,82211,743,2.0,0.0,0.9049667533,0
14,82211,7421,1.0,4.0,0.4052867454,1
14,82211,74111,0.0,6.0,-0.0167081545,1
14,82211,7331,1.0,6.0,0.2963112731,1
14,82211,7322,1.0,8.0,0.0880982503,1
14,82211,662,2.0,-2.0,0.9976560446,0
14,82211,6611,1.0,0.0,0.6972984957,0
14,82211,653,2.0,4.0,0.8906547423,1
14,82211,6521,1.0,8.0,0.3004813308,1
14,82211,65111,0.0,10.0,-0.1469287367,1
14,82211,644,2.0,6.0,0.8458524294,1
14,82211,6431,1.0,12.0,0.0947612544,1
14,82211,6422,1.0,14.0,-0.1234124951,1
14,82211,6332,1.0,16.0,-0.2360925866,1
14,82211,554,2.0,8.0,0.8021267524,1
14,82211,5531,1.0,14.0,0.0263281056,1
14,82211,5522,1.0,16.0,-0.1936251426,1
14,82211,5441,1.0,16.0,-0.0585214177,1
14,82211,5432,1.0,20.0,-0.3927482132,1
14,82211,5333,1.0,22.0,-0.5062072555,1
14,82211,4442,1.0,22.0,-0.4791107191,1
14,82211,4433,1.0,24.0,-0.5930613316,1
14,821111,77,4.0,-26.0,2.2439126320,0
14,821111,761,3.0,-14.0,1.6044987119,0
14,821111,752,3.0,-6.0,1.3038629472,0
14,821111,7511,2.0,-4.0,0.9992019363,0
14,821111,743,3.0,-2.0,1.2197062645,0
14,821111,7421,2.0,2.0,0.7598720532,1
14,821111,74111,1.0,4.0,0.4052867454,1
14,821111,7331,2.0,4.0,0.6969106708,1
14,821111,7322,2.0,6.0,0.5233559276,1
14,821111,73211,1.0,8.0,0.0880982503,1
14,821111,72221,1.0,10.0,-0.0994118256,1
14,821111,662,3.0,-4.0,1.3028683220,0
14,821111,6611,2.0,-2.0,0.9976560446,0
14,821111,653,3.0,2.0,1.2170862781,1
14,821111,6521,2.0,6.0,0.7079069939,1
14,821111,65111,1.0,8.0,0.3004813308,1
14,821111,644,3.0,4.0,1.1985905617,1
14,821111,6431,2.0,10.0,0.5403484030,1
14,821111,6422,2.0,12.0,0.3350062987,1
14,821111,64211,1.0,14.0,-0.1234124951,1
14,821111,6332,2.0,14.0,0.2274261232,1
14,821111,63311,1.0,16.0,-0.2360925866,1
14,821111,63221,1.0,18.0,-0.4242152160,1
14,821111,62222,1.0,20.0,-0.5961357667,1
14,821111,554,3.0,6.0,1.1772332227,1
14,821111,5531,2.0,12.0,0.4787698335,1
14,821111,5522,2.0,14.0,0.2685904343,1
14,821111,55211,1.0,16.0,-0.1936251426,1
14,821111,5441,2.0,14.0,0.4014303853,1
14,821111,5432,2.0,18.0,0.0765480587,1
14,821111,54311,1.0,20.0,-0.3927482132,1
14,821111,54221,1.0,22.0,-0.5820259113,1
14,821111,5333,2.0,20.0,-0.0353466212,1
14,821111,53321,1.0,24.0,-0.6929596728,1
14,821111,53222,1.0,26.0,-0.8654249119,1
14,821111,4442,2.0,20.0,-0.0070466624,1
14,821111,44411,1.0,22.0,-0.4791107191,1
14,821111,4433,2.0,22.0,-0.1200890432,1
14,821111,44321,1.0,26.0,-0.7803716262,1
14,821111,44222,1.0,28.0,-0.9532742996,1
14,821111,43331,1.0,28.0,-0.8923220262,1
14,821111,43322,1.0,30.0,-1.0651743815,1
14,821111,33332,1.0,32.0,-1.1775673464,1
14,8111111,77,5.0,-28.0,2.5223017755,0
14,8111111,761,4.0,-16.0,1.8954396741,0
14,8111111,752,4.0,-8.0,1.6124228919,0
14,8111111,7511,3.0,-6.0,1.3038629472,0
14,8111111,743,4.0,-4.0,1.5358226944,0
14,8111111,7421,3.0,0.0,1.0793571355,0
14,8111111,74111,2.0,2.0,0.7598720532,1
14,8111111,7331,3.0,2.0,1.0396305794,1
14,8111111,7322,3.0,4.0,0.9083153167,1
14,8111111,73211,2.0,6.0,0.5233559276,1
14,8111111,731111,1.0,8.0,0.0880982503,1
14,8111111,72221,2.0,8.0,0.3453678574,1
14,8111111,722111,1.0,10.0,-0.0994118256,1
14,8111111,662,4.0,-6.0,1.6117751721,0
14,8111111,6611,3.0,-4.0,1.3028683220,0
14,8111111,653,4.0,0.0,1.5336697195,0
14,8111111,6521,3.0,4.0,1.0698173209,1
14,8111111,65111,2.0,6.0,0.7079069939,1
14,8111111,644,4.0,2.0,1.5221748868,1
14,8111111,6431,3.0,8.0,0.9529493047,1
14,8111111,6422,3.0,10.0,0.7683868537,1
14,8111111,64211,2.0,12.0,0.3350062987,1
14,8111111,641111,1.0,14.0,-0.1234124951,1
14,8111111,6332,3.0,12.0,0.6720159511,1
14,8111111,63311,2.0,14.0,0.2274261232,1
14,8111111,63221,2.0,16.0,0.0335205746,1
14,8111111,632111,1.0,18.0,-0.4242152160,1
14,8111111,62222,2.0,18.0,-0.1496030263,1
14,8111111,622211,1.0,20.0,-0.5961357667,1
14,8111111,554,4.0,4.0,1.5178482011,1
14,8111111,5531,3.0,10.0,0.9034404732,1
14,8111111,5522,3.0,12.0,0.7098358350,1
14,8111111,55211,2.0,14.0,0.2685904343,1
14,8111111,551111,1.0,16.0,-0.1936251426,1
14,8111111,5441,3.0,12.0,0.8375536874,1
14,8111111,5432,3.0,16.0,0.5325305603,1
14,8111111,54311,2.0,18.0,0.0765480587,1
14,8111111,54221,2.0,20.0,-0.1210517237,1
14,8111111,542111,1.0,22.0,-0.5820259113,1
14,8111111,5333,3.0,18.0,0.4256780899,1
14,8111111,53321,2.0,22.0,-0.2312482242,1
14,8111111,533111,1.0,24.0,-0.6929596728,1
14,8111111,53222,2.0,24.0,-0.4164284426,1
14,8111111,532211,1.0,26.0,-0.8654249119,1
14,8111111,522221,1.0,28.0,-1.0303339380,1
14,8111111,4442,3.0,18.0,0.4538200651,1
14,8111111,44411,2.0,20.0,-0.0070466624,1
14,8111111,4433,3.0,20.0,0.3447491525,1
14,8111111,44321,2.0,24.0,-0.3171533768,1
14,8111111,443111,1.0,26.0,-0.7803716262,1
14,8111111,44222,2.0,26.0,-0.5032764152,1
14,8111111,442211,1.0,28.0,-0.9532742996,1
14,8111111,43331,2.0,26.0,-0.4289317538,1
14,8111111,43322,2.0,28.0,-0.6146329045,1
14,8111111,433211,1.0,30.0,-1.0651743815,1
14,8111111,432221,1.0,32.0,-1.2309266412,1
14,8111111,422222,1.0,34.0,-1.3931247754,1
14,8111111,33332,2.0,30.0,-0.7267072211,1
14,8111111,333311,1.0,32.0,-1.1775673464,1
14,8111111,333221,1.0,34.0,-1.3438465694,1
14,8111111,332222,1.0,36.0,-1.5066660416,1
14,7511,743,1.0,2.0,0.2618541066,1
14,7511,662,1.0,0.0,0.3195078575,0
14,7511,653,1.0,6.0,0.1393278729,1
14,7511,644,1.0,8.0,0.0568334750,1
14,7511,554,1.0,10.0,-0.0134051055,1
14,743,662,0.0,-2.0,0.1642403128,0
14,743,6611,-1.0,0.0,-0.2947892265,0
14,7421,662,1.0,-6.0,0.6001821798,0
14,7421,6611,0.0,-4.0,0.3314512308,0
14,7421,653,1.0,0.0,0.4597171453,0
14,7421,644,1.0,2.0,0.4365234693,1
14,7421,554,1.0,4.0,0.3966581618,1
14,74111,7331,1.0,0.0,0.2963641297,0
14,74111,7322,1.0,2.0,0.1650962756,1
14,74111,662,2.0,-8.0,0.8844069162,0
14,74111,6611,1.0,-6.0,0.6001821798,0
14,74111,653,2.0,-2.0,0.7735605176,0
14,74111,6521,1.0,2.0,0.3051380352,1
14,74111,644,2.0,0.0,0.7611066176,0
14,74111,6431,1.0,6.0,0.1393278729,1
14,74111,6422,1.0,8.0,-0.0504657607,1
14,74111,6332,1.0,10.0,-0.1615215334,1
14,74111,554,2.0,2.0,0.7579862252,1
14,74111,5531,1.0,8.0,0.0704654623,1
14,74111,5522,1.0,10.0,-0.1214883121,1
14,74111,5441,1.0,10.0,-0.0134051055,1
14,74111,5432,1.0,14.0,-0.3198445664,1
14,74111,5333,1.0,16.0,-0.4328327104,1
14,74111,4442,1.0,16.0,-0.4075030840,1
14,74111,4433,1.0,18.0,-0.5208155568,1
14,7331,662,1.0,-8.0,0.7066478047,0
14,7331,6611,0.0,-6.0,0.4445947477,0
14,7331,653,1.0,-2.0,0.5352857086,0
14,7331,6521,0.0,2.0,0.0364548221,1
14,7331,65111,-1.0,4.0,-0.2964704232,0
14,7331,644,1.0,0.0,0.5057560137,0
14,7331,554,1.0,2.0,0.4962626308,1
14,7322,662,1.0,-10.0,0.8761087780,0
14,7322,6611,0.0,-8.0,0.6117354103,0
14,7322,653,1.0,-4.0,0.7004471094,0
14,7322,6521,0.0,0.0,0.2407538923,0
14,7322,65111,-1.0,2.0,-0.2278960399,0
14,7322,644,1.0,-2.0,0.6652685265,0
14,7322,6431,0.0,4.0,0.0344288622,1
14,7322,554,1.0,0.0,0.6578284361,0
14,7322,5531,0.0,6.0,-0.0362144387,1
14,7322,5441,0.0,8.0,-0.1307472425,1
14,73211,662,2.0,-12.0,1.1520720807,0
14,73211,6611,1.0,-10.0,0.8761087780,0
14,73211,653,2.0,-6.0,0.9994178653,0
14,73211,6521,1.0,-2.0,0.5352857086,0
14,73211,65111,0.0,0.0,0.2407538923,0
14,73211,644,2.0,-4.0,0.9710334757,0
14,73211,6431,1.0,2.0,0.4365234693,1
14,73211,6422,1.0,4.0,0.2450144948,1
14,73211,6332,1.0,6.0,0.1393278729,1
14,73211,554,2.0,-2.0,0.9656412542,0
14,73211,5531,1.0,4.0,0.3966581618,1
14,73211,5522,1.0,6.0,0.1820129734,1
14,73211,5441,1.0,6.0,0.3249847840,1
14,73211,5432,1.0,10.0,-0.0134051055,1
14,73211,5333,1.0,12.0,-0.1276951419,1
14,73211,4442,1.0,12.0,-0.0988004648,1
14,73211,4433,1.0,14.0,-0.2143608169,1
14,731111,72221,1.0,0.0,0.2332239775,0
14,731111,662,3.0,-14.0,1.4371287958,0
14,731111,6611,2.0,-12.0,1.1520720807,0
14,731111,653,3.0,-8.0,1.3039683360,0
14,731111,6521,2.0,-4.0,0.8386527651,0
14,731111,65111,1.0,-2.0,0.5352857086,0
14,731111,644,3.0,-6.0,1.2805253234,0
14,731111,6431,2.0,0.0,0.7611066176,0
14,731111,6422,2.0,2.0,0.6294034896,1
14,731111,64211,1.0,4.0,0.2450144948,1
14,731111,6332,2.0,4.0,0.5663058659,1
14,731111,63311,1.0,6.0,0.1393278729,1
14,731111,63221,1.0,8.0,-0.0504657607,1
14,731111,62222,1.0,10.0,-0.2260458009,1
14,731111,554,3.0,-4.0,1.2764674204,0
14,731111,5531,2.0,2.0,0.7579862252,1
14,731111,5522,2.0,4.0,0.5995221410,1
14,731111,55211,1.0,6.0,0.1820129734,1
14,731111,5441,2.0,4.0,0.7262399939,1
14,731111,5432,2.0,8.0,0.4426134842,1
14,731111,54311,1.0,10.0,-0.0134051055,1
14,731111,54221,1.0,12.0,-0.2080622496,1
14,731111,5333,2.0,10.0,0.3375448223,1
14,731111,53321,1.0,14.0,-0.3198445664,1
14,731111,53222,1.0,16.0,-0.4967262223,1
14,731111,4442,2.0,10.0,0.3658251538,1
14,731111,44411,1.0,12.0,-0.0988004648,1
14,731111,4433,2.0,12.0,0.2563809732,1
14,731111,44321,1.0,16.0,-0.4075030840,1
14,731111,44222,1.0,18.0,-0.5848267905,1
14,731111,43331,1.0,18.0,-0.5208155568,1
14,731111,43322,1.0,20.0,-0.6983003124,1
14,731111,33332,1.0,22.0,-0.8123591481,1
14,72221,662,2.0,-14.0,1.3215688167,0
14,72221,6611,1.0,-12.0,1.0455910315,0
14,72221,653,2.0,-8.0,1.1629759315,0
14,72221,6521,1.0,-4.0,0.7004471094,0
14,72221,65111,0.0,-2.0,0.4092616233,0
14,72221,644,2.0,-6.0,1.1302636391,0
14,72221,6431,1.0,0.0,0.5924295871,0
14,72221,6422,1.0,2.0,0.4365234693,1
14,72221,64211,0.0,4.0,0.0344288622,1
14,72221,641111,-1.0,6.0,-0.2650052240,0
14,72221,6332,1.0,4.0,0.3433612354,1
14,72221,63311,0.0,6.0,-0.1089290396,1
14,72221,554,2.0,-4.0,1.1230957482,0
14,72221,5531,1.0,2.0,0.5853823652,1
14,72221,5522,1.0,4.0,0.3966581618,1
14,72221,55211,0.0,6.0,-0.0362144387,1
14,72221,551111,-1.0,8.0,-0.3345123109,0
14,72221,5441,1.0,4.0,0.5389664451,1
14,72221,5432,1.0,8.0,0.2044791644,1
14,72221,54311,0.0,10.0,-0.2705218937,1
14,72221,5333,1.0,10.0,0.0848688297,1
14,72221,4442,1.0,10.0,0.1213574284,1
14,72221,44411,0.0,12.0,-0.3605674476,1
14,72221,4433,1.0,12.0,-0.0003242034,1
14,722111,662,3.0,-16.0,1.6054772975,0
14,722111,6611,2.0,-14.0,1.3215688167,0
14,722111,653,3.0,-10.0,1.4641263933,0
14,722111,6521,2.0,-6.0,0.9994178653,0
14,722111,65111,1.0,-4.0,0.7004471094,0
14,722111,644,3.0,-8.0,1.4363109378,0
14,722111,6431,2.0,-2.0,0.9049950815,0
14,722111,6422,2.0,0.0,0.7611066176,0
14,722111,64211,1.0,2.0,0.4365234693,1
14,722111,641111,0.0,4.0,0.0344288622,1
14,722111,6332,2.0,2.0,0.7178016575,1
14,722111,63311,1.0,4.0,0.3433612354,1
14,722111,63221,1.0,6.0,0.1393278729,1
14,722111,62222,1.0,8.0,-0.0504657607,1
14,722111,554,3.0,-6.0,1.4307709635,0
14,722111,5531,2.0,0.0,0.9020901800,0
14,722111,5522,2.0,2.0,0.7579862252,1
14,722111,55211,1.0,4.0,0.3966581618,1
14,722111,551111,0.0,6.0,-0.0362144387,1
14,722111,5441,2.0,2.0,0.8868626228,1
14,722111,5432,2.0,6.0,0.6375774691,1
14,722111,54311,1.0,8.0,0.2044791644,1
14,722111,54221,1.0,10.0,-0.0134051055,1
14,722111,5333,2.0,8.0,0.5375524699,1
14,722111,53321,1.0,12.0,-0.1276951419,1
14,722111,53222,1.0,14.0,-0.3198445664,1
14,722111,4442,2.0,8.0,0.5703210233,1
14,722111,44411,1.0,10.0,0.1213574284,1
14,722111,4433,2.0,10.0,0.4622944012,1
14,722111,44321,1.0,14.0,-0.2143608169,1
14,722111,44222,1.0,16.0,-0.4075030840,1
14,722111,43331,1.0,16.0,-0.3297582693,1
14,722111,43322,1.0,18.0,-0.5208155568,1
14,722111,33332,1.0,20.0,-0.6347979694,1
14,7211111,662,4.0,-18.0,1.8960378105,0
14,7211111,6611,3.0,-16.0,1.6054772975,0
14,7211111,653,4.0,-12.0,1.7692839068,0
14,7211111,6521,3.0,-8.0,1.3039683360,0
14,7211111,65111,2.0,-6.0,0.9994178653,0
14,7211111,644,4.0,-10.0,1.7452532162,0
14,7211111,6431,3.0,-4.0,1.2197255044,0
14,7211111,6422,3.0,-2.0,1.0793630131,0
14,7211111,64211,2.0,0.0,0.7611066176,0
14,7211111,641111,1.0,2.0,0.4365234693,1
14,7211111,6332,3.0,0.0,1.0400959935,0
14,7211111,63311,2.0,2.0,0.7178016575,1
14,7211111,63221,2.0,4.0,0.5663058659,1
14,7211111,632111,1.0,6.0,0.1393278729,1
14,7211111,62222,2.0,6.0,0.3959489475,1
14,7211111,622211,1.0,8.0,-0.0504657607,1
14,7211111,554,4.0,-8.0,1.7407851502,0
14,7211111,5531,3.0,-2.0,1.2174298897,0
14,7211111,5522,3.0,0.0,1.0781419787,0
14,7211111,55211,2.0,2.0,0.7579862252,1
14,7211111,551111,1.0,4.0,0.3966581618,1
14,7211111,5441,3.0,0.0,1.2047304309,0
14,7211111,5432,3.0,4.0,1.0190433985,1
14,7211111,54311,2.0,6.0,0.6375774691,1
14,7211111,54221,2.0,8.0,0.4426134842,1
14,7211111,542111,1.0,10.0,-0.0134051055,1
14,7211111,5333,3.0,6.0,0.9494407280,1
14,7211111,53321,2.0,10.0,0.3375448223,1
14,7211111,533111,1.0,12.0,-0.1276951419,1
14,7211111,53222,2.0,12.0,0.1434514745,1
14,7211111,532211,1.0,14.0,-0.3198445664,1
14,7211111,522221,1.0,16.0,-0.4967262223,1
14,7211111,4442,3.0,6.0,0.9782204584,1
14,7211111,44411,2.0,8.0,0.5703210233,1
14,7211111,4433,3.0,8.0,0.8922363626,1
14,7211111,44321,2.0,12.0,0.2563809732,1
14,7211111,443111,1.0,14.0,-0.2143608169,1
14,7211111,44222,2.0,14.0,0.0587855027,1
14,7211111,442211,1.0,16.0,-0.4075030840,1
14,7211111,43331,2.0,14.0,0.1448413681,1
14,7211111,43322,2.0,16.0,-0.0525762974,1
14,7211111,433211,1.0,18.0,-0.5208155568,1
14,7211111,432221,1.0,20.0,-0.6983003124,1
14,7211111,422222,1.0,22.0,-0.8686230862,1
14,7211111,33332,2.0,18.0,-0.1653189544,1
14,7211111,333311,1.0,20.0,-0.6347979694,1
14,7211111,333221,1.0,22.0,-0.8123591481,1
14,7211111,332222,1.0,24.0,-0.9831973101,1
14,71111111,662,5.0,-20.0,2.1919763902,0
14,71111111,6611,4.0,-18.0,1.8960378105,0
14,71111111,653,5.0,-14.0,2.0774138460,0
14,71111111,6521,4.0,-10.0,1.6124834071,0
14,71111111,65111,3.0,-8.0,1.3039683360,0
14,71111111,644,5.0,-12.0,2.0563337083,0
14,71111111,6431,4.0,-6.0,1.5358357040,0
14,71111111,6422,4.0,-4.0,1.3980736881,0
14,71111111,64211,3.0,-2.0,1.0793630131,0
14,71111111,641111,2.0,0.0,0.7611066176,0
14,71111111,6332,4.0,-2.0,1.3596487240,0
14,71111111,63311,3.0,0.0,1.0400959935,0
14,71111111,63221,3.0,2.0,0.9242949060,1
14,71111111,632111,2.0,4.0,0.5663058659,1
14,71111111,6311111,1.0,6.0,0.1393278729,1
14,71111111,62222,3.0,4.0,0.7989682258,1
14,71111111,622211,2.0,6.0,0.3959489475,1
14,71111111,6221111,1.0,8.0,-0.0504657607,1
14,71111111,554,5.0,-10.0,2.0525937174,0
14,71111111,5531,4.0,-4.0,1.5338754049,0
14,71111111,5522,4.0,-2.0,1.3969924408,0
14,71111111,55211,3.0,0.0,1.0781419787,0
14,71111111,551111,2.0,2.0,0.7579862252,1
14,71111111,5441,4.0,-2.0,1.5223536566,0
14,71111111,5432,4.0,2.0,1.3532280257,1
14,71111111,54311,3.0,4.0,1.0190433985,1
14,71111111,54221,3.0,6.0,0.8597629054,1
14,71111111,542111,2.0,8.0,0.4426134842,1
14,71111111,5411111,1.0,10.0,-0.0134051055,1
14,71111111,5333,4.0,4.0,1.3144778870,1
14,71111111,53321,3.0,8.0,0.7742613481,1
14,71111111,533111,2.0,10.0,0.3375448223,1
14,71111111,53222,3.0,10.0,0.5930854043,1
14,71111111,532211,2.0,12.0,0.1434514745,1
14,71111111,5321111,1.0,14.0,-0.3198445664,1
14,71111111,522221,2.0,14.0,-0.0422974367,1
14,71111111,5222111,1.0,16.0,-0.4967262223,1
14,71111111,4442,4.0,4.0,1.3402800137,1
14,71111111,44411,3.0,6.0,0.9782204584,1
14,71111111,4433,4.0,6.0,1.2830921134,1
14,71111111,44321,3.0,10.0,0.7045299411,1
14,71111111,443111,2.0,12.0,0.2563809732,1
14,71111111,44222,3.0,12.0,0.5154738324,1
14,71111111,442211,2.0,14.0,0.0587855027,1
14,71111111,4421111,1.0,16.0,-0.4075030840,1
14,71111111,43331,3.0,12.0,0.6026650186,1
14,71111111,43322,3.0,14.0,0.4101521017,1
14,71111111,433211,2.0,16.0,-0.0525762974,1
14,71111111,4331111,1.0,18.0,-0.5208155568,1
14,71111111,432221,2.0,18.0,-0.2409609810,1
14,71111111,4322111,1.0,20.0,-0.6983003124,1
14,71111111,422222,2.0,20.0,-0.4223253574,1
14,71111111,4222211,1.0,22.0,-0.8686230862,1
14,71111111,33332,3.0,16.0,0.3018796435,1
14,71111111,333311,2.0,18.0,-0.1653189544,1
14,71111111,333221,2.0,20.0,-0.3539340164,1
14,71111111,3332111,1.0,22.0,-0.8123591481,1
14,71111111,332222,2.0,22.0,-0.5359201521,1
14,71111111,3322211,1.0,24.0,-0.9831973101,1
14,71111111,3222221,1.0,26.0,-1.1506884901,1
14,71111111,2222222,1.0,28.0,-1.3165972596,1
14,6611,653,1.0,4.0,0.1980674677,1
14,6611,644,1.0,6.0,0.1163654324,1
14,6611,554,1.0,8.0,0.0460983279,1
14,6521,644,1.0,-2.0,0.4461649867,0
14,6521,554,1.0,0.0,0.4439739707,0
14,65111,644,2.0,-4.0,0.7628170019,0
14,65111,6431,1.0,2.0,0.2618541066,1
14,65111,6422,1.0,4.0,0.0789990017,1
14,65111,6332,1.0,6.0,-0.0350069516,1
14,65111,554,2.0,-2.0,0.7612470390,0
14,65111,5531,1.0,4.0,0.1980674677,1
14,65111,5522,1.0,6.0,0.0080001812,1
14,65111,5441,1.0,6.0,0.1163654324,1
14,65111,5432,1.0,10.0,-0.1930277062,1
14,65111,5333,1.0,12.0,-0.3080608680,1
14,65111,4442,1.0,12.0,-0.2811331428,1
14,65111,4433,1.0,14.0,-0.3962649416,1
14,6431,554,1.0,-4.0,0.5376139324,0
14,6422,554,1.0,-6.0,0.7037404315,0
14,6422,5531,0.0,0.0,0.1535031893,0
14,6422,5441,0.0,2.0,0.0916900195,1
14,64211,6332,1.0,0.0,0.2963641297,0
14,64211,554,2.0,-8.0,1.0011354270,0
14,64211,5531,1.0,-2.0,0.4602598268,0
14,64211,5522,1.0,0.0,0.3189601952,0
14,64211,5441,1.0,0.0,0.4439739707,0
14,64211,5432,1.0,4.0,0.1980674677,1
14,64211,5333,1.0,6.0,0.0883646065,1
14,64211,4442,1.0,6.0,0.1163654324,1
14,64211,4433,1.0,8.0,0.0021925552,1
14,641111,6332,2.0,-2.0,0.6116884279,0
14,641111,63311,1.0,0.0,0.2963641297,0
14,641111,63221,1.0,2.0,0.1650962756,1
14,641111,62222,1.0,4.0,-0.0166184606,1
14,641111,554,3.0,-10.0,1.3049629611,0
14,641111,5531,2.0,-4.0,0.7738236022,0
14,641111,5522,2.0,-2.0,0.6384990272,0
14,641111,55211,1.0,0.0,0.3189601952,0
14,641111,5441,2.0,-2.0,0.7612470390,0
14,641111,5432,2.0,2.0,0.6012504958,1
14,641111,54311,1.0,4.0,0.1980674677,1
14,641111,54221,1.0,6.0,0.0080001812,1
14,641111,5333,2.0,4.0,0.5317925834,1
14,641111,53321,1.0,8.0,-0.1049634627,1
14,641111,53222,1.0,10.0,-0.2868174924,1
14,641111,4442,2.0,4.0,0.5548796153,1
14,641111,44411,1.0,6.0,0.1163654324,1
14,641111,4433,2.0,6.0,0.4619444293,1
14,641111,44321,1.0,10.0,-0.1930277062,1
14,641111,44222,1.0,12.0,-0.3747323694,1
14,641111,43331,1.0,12.0,-0.3080608680,1
14,641111,43322,1.0,14.0,-0.4901502102,1
14,641111,33332,1.0,16.0,-0.6059346701,1
14,6332,554,1.0,-8.0,0.7995664122,0
14,6332,5531,0.0,-2.0,0.2467278428,0
14,6332,5522,0.0,0.0,0.0776445436,0
14,6332,55211,-1.0,2.0,-0.2964663511,0
14,6332,551111,-2.0,4.0,-0.6118906885,0
14,6332,5441,0.0,0.0,0.2025316817,0
14,63311,554,2.0,-10.0,1.0885957693,0
14,63311,5531,1.0,-4.0,0.5376139324,0
14,63311,5522,1.0,-2.0,0.3744430885,0
14,63311,55211,0.0,0.0,0.0776445436,0
14,63311,551111,-1.0,2.0,-0.2964663511,0
14,63311,5441,1.0,-2.0,0.5066196546,0
14,63311,5432,1.0,2.0,0.2941661631,1
14,63311,5333,1.0,4.0,0.1980674677,1
14,63311,4442,1.0,4.0,0.2268368540,1
14,63311,4433,1.0,6.0,0.1163654324,1
14,63221,554,2.0,-12.0,1.2559166378,0
14,63221,5531,1.0,-6.0,0.7037404315,0
14,63221,5522,1.0,-4.0,0.5376139324,0
14,63221,55211,0.0,-2.0,0.2467278428,0
14,63221,551111,-1.0,0.0,-0.2278959056,0
14,63221,5441,1.0,-4.0,0.6667706701,0
14,63221,5432,1.0,0.0,0.4439739707,0
14,63221,54311,0.0,2.0,0.0916900195,1
14,63221,5333,1.0,2.0,0.3870341140,1
14,63221,4442,1.0,2.0,0.4221920161,1
14,63221,44411,0.0,4.0,0.0004267903,1
14,63221,4433,1.0,4.0,0.3256395921,1
14,632111,62222,1.0,0.0,0.2332239775,0
14,632111,554,3.0,-14.0,1.5498200387,0
14,632111,5531,2.0,-8.0,1.0011354270,0
14,632111,5522,2.0,-6.0,0.8396885812,0
14,632111,55211,1.0,-4.0,0.5376139324,0
14,632111,551111,0.0,-2.0,0.2467278428,0
14,632111,5441,2.0,-6.0,0.9718971166,0
14,632111,5432,2.0,-2.0,0.7612470390,0
14,632111,54311,1.0,0.0,0.4439739707,0
14,632111,54221,1.0,2.0,0.2941661631,1
14,632111,5333,2.0,0.0,0.7205881360,0
14,632111,53321,1.0,4.0,0.1980674677,1
14,632111,53222,1.0,6.0,0.0080001812,1
14,632111,4442,2.0,0.0,0.7516543993,0
14,632111,44411,1.0,2.0,0.4221920161,1
14,632111,4433,2.0,2.0,0.7110082185,1
14,632111,44321,1.0,6.0,0.1163654324,1
14,632111,44222,1.0,8.0,-0.0792665569,1
14,632111,43331,1.0,8.0,0.0021925552,1
14,632111,43322,1.0,10.0,-0.1930277062,1
14,632111,33332,1.0,12.0,-0.3080608680,1
14,6311111,62222,2.0,-2.0,0.5358060914,0
14,6311111,622211,1.0,0.0,0.2332239775,0
14,6311111,554,4.0,-16.0,1.8487913593,0
14,6311111,5531,3.0,-10.0,1.3049629611,0
14,6311111,5522,3.0,-8.0,1.1483555630,0
14,6311111,55211,2.0,-6.0,0.8396885812,0
14,6311111,551111,1.0,-4.0,0.5376139324,0
14,6311111,5441,3.0,-8.0,1.2810848514,0
14,6311111,5432,3.0,-4.0,1.0794648888,0
14,6311111,54311,2.0,-2.0,0.7612470390,0
14,6311111,54221,2.0,0.0,0.6333999304,0
14,6311111,542111,1.0,2.0,0.2941661631,1
14,6311111,5333,3.0,-2.0,1.0401408664,0
14,6311111,53321,2.0,2.0,0.6012504958,1
14,6311111,533111,1.0,4.0,0.1980674677,1
14,6311111,53222,2.0,4.0,0.4514831339,1
14,6311111,532211,1.0,6.0,0.0080001812,1
14,6311111,522221,1.0,8.0,-0.1717993841,1
14,6311111,4442,3.0,-2.0,1.0707276115,0
14,6311111,44411,2.0,0.0,0.7516543993,0
14,6311111,4433,3.0,0.0,1.0344991151,0
14,6311111,44321,2.0,4.0,0.5548796153,1
14,6311111,443111,1.0,6.0,0.1163654324,1
14,6311111,44222,2.0,6.0,0.3776014800,1
14,6311111,442211,1.0,8.0,-0.0792665569,1
14,6311111,43331,2.0,6.0,0.4619444293,1
14,6311111,43322,2.0,8.0,0.2732397878,1
14,6311111,433211,1.0,10.0,-0.1930277062,1
14,6311111,432221,1.0,12.0,-0.3747323694,1
14,6311111,422222,1.0,14.0,-0.5497603996,1
14,6311111,33332,2.0,10.0,0.1635122152,1
14,6311111,333311,1.0,12.0,-0.3080608680,1
14,6311111,333221,1.0,14.0,-0.4901502102,1
14,6311111,332222,1.0,16.0,-0.6656561133,1
14,62222,554,2.0,-14.0,1.4238164975,0
14,62222,5531,1.0,-8.0,0.8711214329,0
14,62222,5522,1.0,-6.0,0.7037404315,0
14,62222,55211,0.0,-4.0,0.4161018814,0
14,62222,551111,-1.0,-2.0,-0.0421487839,1
14,62222,5441,1.0,-6.0,0.8302219046,0
14,62222,5432,1.0,-2.0,0.5929891152,0
14,62222,54311,0.0,0.0,0.2845287097,0
14,62222,54221,0.0,2.0,0.0916900195,1
14,62222,542111,-1.0,4.0,-0.2335886585,0
14,62222,5411111,-2.0,6.0,-0.5372429121,0
14,62222,5333,1.0,0.0,0.5341734615,0
14,62222,53321,0.0,4.0,-0.0495400173,1
14,62222,533111,-1.0,6.0,-0.3313117109,0
14,62222,4442,1.0,0.0,0.5746979513,0
14,62222,44411,0.0,2.0,0.2417917069,1
14,62222,4433,1.0,2.0,0.5157284031,1
14,62222,44321,0.0,6.0,-0.1404959551,1
14,62222,443111,-1.0,8.0,-0.4172992244,0
14,62222,43331,0.0,8.0,-0.2713142092,1
14,622211,554,3.0,-16.0,1.7158545295,0
14,622211,5531,2.0,-10.0,1.1653681254,0
14,622211,5522,2.0,-8.0,1.0011354270,0
14,622211,55211,1.0,-6.0,0.7037404315,0
14,622211,551111,0.0,-4.0,0.4161018814,0
14,622211,5441,2.0,-8.0,1.1315754691,0
14,622211,5432,2.0,-4.0,0.9053524103,0
14,622211,54311,1.0,-2.0,0.5929891152,0
14,622211,54221,1.0,0.0,0.4439739707,0
14,622211,542111,0.0,2.0,0.0916900195,1
14,622211,5411111,-1.0,4.0,-0.2335886585,0
14,622211,5333,2.0,-2.0,0.8515857878,0
14,622211,53321,1.0,2.0,0.3870341140,1
14,622211,533111,0.0,4.0,-0.0495400173,1
14,622211,53222,1.0,4.0,0.1980674677,1
14,622211,4442,2.0,-2.0,0.8900681725,0
14,622211,44411,1.0,0.0,0.5746979513,0
14,622211,4433,2.0,0.0,0.8416471978,0
14,622211,44321,1.0,4.0,0.3256395921,1
14,622211,443111,0.0,6.0,-0.1404959551,1
14,622211,44222,1.0,6.0,0.1163654324,1
14,622211,43331,1.0,6.0,0.2133627121,1
14,622211,43322,1.0,8.0,0.0021925552,1
14,622211,33332,1.0,10.0,-0.1136926113,1
14,6221111,554,4.0,-18.0,2.0126351616,0
14,6221111,5531,3.0,-12.0,1.4656285369,0
14,6221111,5522,3.0,-10.0,1.3049629611,0
14,6221111,55211,2.0,-8.0,1.0011354270,0
14,6221111,551111,1.0,-6.0,0.7037404315,0
14,6221111,5441,3.0,-10.0,1.4371841221,0
14,6221111,5432,3.0,-6.0,1.2199885889,0
14,6221111,54311,2.0,-4.0,0.9053524103,0
14,6221111,54221,2.0,-2.0,0.7612470390,0
14,6221111,542111,1.0,0.0,0.4439739707,0
14,6221111,5411111,0.0,2.0,0.0916900195,1
14,6221111,5333,3.0,-4.0,1.1696815776,0
14,6221111,53321,2.0,0.0,0.7205881360,0
14,6221111,533111,1.0,2.0,0.3870341140,1
14,6221111,53222,2.0,2.0,0.6012504958,1
14,6221111,532211,1.0,4.0,0.1980674677,1
14,6221111,522221,1.0,6.0,0.0080001812,1
14,6221111,4442,3.0,-4.0,1.2066400529,0
14,6221111,44411,2.0,-2.0,0.8900681725,0
14,6221111,4433,3.0,-2.0,1.1605383734,0
14,6221111,44321,2.0,2.0,0.7110082185,1
14,6221111,443111,1.0,4.0,0.3256395921,1
14,6221111,44222,2.0,4.0,0.5548796153,1
14,6221111,442211,1.0,6.0,0.1163654324,1
14,6221111,43331,2.0,4.0,0.6441116901,1
14,6221111,43322,2.0,6.0,0.4619444293,1
14,6221111,433211,1.0,8.0,0.0021925552,1
14,6221111,432221,1.0,10.0,-0.1930277062,1
14,6221111,422222,1.0,12.0,-0.3747323694,1
14,6221111,33332,2.0,8.0,0.3575390324,1
14,6221111,333311,1.0,10.0,-0.1136926113,1
14,6221111,333221,1.0,12.0,-0.3080608680,1
14,6221111,332222,1.0,14.0,-0.4901502102,1
14,62111111,554,5.0,-20.0,2.3131939868,0
14,62111111,5531,4.0,-14.0,1.7702785320,0
14,62111111,5522,4.0,-12.0,1.6131311269,0
14,62111111,55211,3.0,-10.0,1.3049629611,0
14,62111111,551111,2.0,-8.0,1.0011354270,0
14,62111111,5441,4.0,-12.0,1.7459009361,0
14,62111111,5432,4.0,-8.0,1.5360283798,0
14,62111111,54311,3.0,-6.0,1.2199885889,0
14,62111111,54221,3.0,-4.0,1.0794648888,0
14,62111111,542111,2.0,-2.0,0.7612470390,0
14,62111111,5411111,1.0,0.0,0.4439739707,0
14,62111111,5333,4.0,-6.0,1.4882313048,0
14,62111111,53321,3.0,-2.0,1.0401408664,0
14,62111111,533111,2.0,0.0,0.7205881360,0
14,62111111,53222,3.0,0.0,0.9258078639,0
14,62111111,532211,2.0,2.0,0.6012504958,1
14,62111111,5321111,1.0,4.0,0.1980674677,1
14,62111111,522221,2.0,4.0,0.4514831339,1
14,62111111,5222111,1.0,6.0,0.0080001812,1
14,62111111,4442,4.0,-6.0,1.5240453470,0
14,62111111,44411,3.0,-4.0,1.2066400529,0
14,62111111,4433,4.0,-4.0,1.4795835346,0
14,62111111,44321,3.0,0.0,1.0344991151,0
14,62111111,443111,2.0,2.0,0.7110082185,1
14,62111111,44222,3.0,2.0,0.9206568909,1
14,62111111,442211,2.0,4.0,0.5548796153,1
14,62111111,4421111,1.0,6.0,0.1163654324,1
14,62111111,43331,3.0,2.0,1.0037893840,1
14,62111111,43322,3.0,4.0,0.8709026474,1
14,62111111,433211,2.0,6.0,0.4619444293,1
14,62111111,4331111,1.0,8.0,0.0021925552,1
14,62111111,432221,2.0,8.0,0.2732397878,1
14,62111111,4322111,1.0,10.0,-0.1930277062,1
14,62111111,422222,2.0,10.0,0.0870140733,1
14,62111111,4222211,1.0,12.0,-0.3747323694,1
14,62111111,33332,3.0,6.0,0.7937643619,1
14,62111111,333311,2.0,8.0,0.3575390324,1
14,62111111,333221,2.0,10.0,0.1635122152,1
14,62111111,3332111,1.0,12.0,-0.3080608680,1
14,62111111,332222,2.0,12.0,-0.0256216991,1
14,62111111,3322211,1.0,14.0,-0.4901502102,1
14,62111111,3222221,1.0,16.0,-0.6656561133,1
14,62111111,2222222,1.0,18.0,-0.8379664014,1
14,611111111,554,6.0,-22.0,2.6168529449,0
14,611111111,5531,5.0,-16.0,2.0781624175,0
14,611111111,5522,5.0,-14.0,1.9242414619,0
14,611111111,55211,4.0,-12.0,1.6131311269,0
14,611111111,551111,3.0,-10.0,1.3049629611,0
14,611111111,5441,5.0,-14.0,2.0568162817,0
14,611111111,5432,5.0,-10.0,1.8529852787,0
14,611111111,54311,4.0,-8.0,1.5360283798,0
14,611111111,54221,4.0,-6.0,1.3981603239,0
14,611111111,542111,3.0,-4.0,1.0794648888,0
14,611111111,5411111,2.0,-2.0,0.7612470390,0
14,611111111,5333,5.0,-8.0,1.8070442981,0
14,611111111,53321,4.0,-4.0,1.3596935969,0
14,611111111,533111,3.0,-2.0,1.0401408664,0
14,611111111,53222,4.0,-2.0,1.2437241344,0
14,611111111,532211,3.0,0.0,0.9258078639,0
14,611111111,5321111,2.0,2.0,0.6012504958,1
14,611111111,53111111,1.0,4.0,0.1980674677,1
14,611111111,522221,3.0,2.0,0.8262745814,1
14,611111111,5222111,2.0,4.0,0.4514831339,1
14,611111111,52211111,1.0,6.0,0.0080001812,1
14,611111111,4442,5.0,-8.0,1.8419437796,0
14,611111111,44411,4.0,-6.0,1.5240453470,0
14,611111111,4433,5.0,-6.0,1.7987655038,0
14,611111111,44321,4.0,-2.0,1.3539539305,0
14,611111111,443111,3.0,0.0,1.0344991151,0
14,611111111,44222,4.0,0.0,1.2403695171,0
14,611111111,442211,3.0,2.0,0.9206568909,1
14,611111111,4421111,2.0,4.0,0.5548796153,1
14,611111111,44111111,1.0,6.0,0.1163654324,1
14,611111111,43331,4.0,0.0,1.3240073949,0
14,611111111,43322,4.0,2.0,1.2171661308,1
14,611111111,433211,3.0,4.0,0.8709026474,1
14,611111111,4331111,2.0,6.0,0.4619444293,1
14,611111111,432221,3.0,6.0,0.7119639062,1
14,611111111,4322111,2.0,8.0,0.2732397878,1
14,611111111,43211111,1.0,10.0,-0.1930277062,1
14,611111111,422222,3.0,8.0,0.5395999196,1
14,611111111,4222211,2.0,10.0,0.0870140733,1
14,611111111,42221111,1.0,12.0,-0.3747323694,1
14,611111111,33332,4.0,4.0,1.1793360439,1
14,611111111,333311,3.0,6.0,0.7937643619,1
14,611111111,333221,3.0,8.0,0.6175597166,1
14,611111111,3332111,2.0,10.0,0.1635122152,1
14,611111111,33311111,1.0,12.0,-0.3080608680,1
14,611111111,332222,3.0,10.0,0.4357576485,1
14,611111111,3322211,2.0,12.0,-0.0256216991,1
14,611111111,33221111,1.0,14.0,-0.4901502102,1
14,611111111,3222221,2.0,14.0,-0.2099360049,1
14,611111111,32222111,1.0,16.0,-0.6656561133,1
14,611111111,2222222,2.0,16.0,-0.3907735938,1
14,611111111,22222211,1.0,18.0,-0.8379664014,1
14,5522,5441,0.0,0.0,0.1327698092,0
14,55211,5441,1.0,-2.0,0.4461649867,0
14,55211,5432,1.0,2.0,0.2618541066,1
14,55211,5333,1.0,4.0,0.1589737464,1
14,55211,4442,1.0,4.0,0.1858552883,1
14,55211,4433,1.0,6.0,0.0732385565,1
14,551111,5441,2.0,-4.0,0.7628170019,0
14,551111,5432,2.0,0.0,0.6090890277,0
14,551111,54311,1.0,2.0,0.2618541066,1
14,551111,54221,1.0,4.0,0.0789990017,1
14,551111,5333,2.0,2.0,0.5786865809,1
14,551111,53321,1.0,6.0,-0.0350069516,1
14,551111,53222,1.0,8.0,-0.2203687837,1
14,551111,4442,2.0,2.0,0.5972782345,1
14,551111,44411,1.0,4.0,0.1858552883,1
14,551111,4433,2.0,4.0,0.5237082132,1
14,551111,44321,1.0,8.0,-0.1232237637,1
14,551111,44222,1.0,10.0,-0.3076742865,1
14,551111,43331,1.0,10.0,-0.2392708819,1
14,551111,43322,1.0,12.0,-0.4239746410,1
14,551111,33332,1.0,14.0,-0.5404714197,1
14,54311,5333,1.0,0.0,0.2963641297,0
14,54311,4442,1.0,0.0,0.3147991465,0
14,54311,4433,1.0,2.0,0.2618541066,1
14,54221,5333,1.0,-2.0,0.4088839742,0
14,54221,4442,1.0,-2.0,0.4461649867,0
14,54221,44411,0.0,0.0,0.1327698092,0
14,54221,4433,1.0,0.0,0.4016925375,0
14,542111,5333,2.0,-4.0,0.7280546675,0
14,542111,53321,1.0,0.0,0.2963641297,0
14,542111,53222,1.0,2.0,0.1650962756,1
14,542111,4442,2.0,-4.0,0.7628170019,0
14,542111,44411,1.0,-2.0,0.4461649867,0
14,542111,4433,2.0,-2.0,0.7212452679,0
14,542111,44321,1.0,2.0,0.2618541066,1
14,542111,44222,1.0,4.0,0.0789990017,1
14,542111,43331,1.0,4.0,0.1589737464,1
14,542111,43322,1.0,6.0,-0.0350069516,1
14,542111,33332,1.0,8.0,-0.1511595401,1
14,5411111,5333,3.0,-6.0,1.0474280674,0
14,5411111,53321,2.0,-2.0,0.6116884279,0
14,5411111,533111,1.0,0.0,0.2963641297,0
14,5411111,53222,2.0,0.0,0.5236979344,0
14,5411111,532211,1.0,2.0,0.1650962756,1
14,5411111,522221,1.0,4.0,-0.0166184606,1
14,5411111,4442,3.0,-6.0,1.0807668731,0
14,5411111,44411,2.0,-4.0,0.7628170019,0
14,5411111,4433,3.0,-4.0,1.0407979984,0
14,5411111,44321,2.0,0.0,0.6090890277,0
14,5411111,443111,1.0,2.0,0.2618541066,1
14,5411111,44222,2.0,2.0,0.5048778215,1
14,5411111,442211,1.0,4.0,0.0789990017,1
14,5411111,43331,2.0,2.0,0.5786865809,1
14,5411111,43322,2.0,4.0,0.4226025237,1
14,5411111,433211,1.0,6.0,-0.0350069516,1
14,5411111,432221,1.0,8.0,-0.2203687837,1
14,5411111,422222,1.0,10.0,-0.4002691761,1
14,5411111,33332,2.0,6.0,0.3196079240,1
14,5411111,333311,1.0,8.0,-0.1511595401,1
14,5411111,333221,1.0,10.0,-0.3370402132,1
14,5411111,332222,1.0,12.0,-0.5168826810,1
14,5333,4442,0.0,0.0,0.0491488272,0
14,5333,44411,-1.0,2.0,-0.2981661228,0
14,53321,4442,1.0,-4.0,0.5134349335,0
14,53321,44411,0.0,-2.0,0.2164973250,0
14,53321,4433,1.0,-2.0,0.4461649867,0
14,533111,53222,1.0,0.0,0.2332239775,0
14,533111,4442,2.0,-6.0,0.8208618725,0
14,533111,44411,1.0,-4.0,0.5134349335,0
14,533111,4433,2.0,-4.0,0.7628170019,0
14,533111,44321,1.0,0.0,0.3147991465,0
14,533111,44222,1.0,2.0,0.1850289691,1
14,533111,43331,1.0,2.0,0.2618541066,1
14,533111,43322,1.0,4.0,0.0789990017,1
14,533111,33332,1.0,6.0,-0.0350069516,1
14,53222,4442,1.0,-6.0,0.6769030201,0
14,53222,44411,0.0,-4.0,0.3854393451,0
14,53222,4433,1.0,-4.0,0.5978271810,0
14,53222,44321,0.0,0.0,0.1327698092,0
14,53222,443111,-1.0,2.0,-0.2335765227,0
14,53222,43331,0.0,2.0,0.0217095052,1
14,532211,4442,2.0,-8.0,0.9784969353,0
14,532211,44411,1.0,-6.0,0.6769030201,0
14,532211,4433,2.0,-6.0,0.9086673091,0
14,532211,44321,1.0,-2.0,0.4461649867,0
14,532211,443111,0.0,0.0,0.1327698092,0
14,532211,44222,1.0,0.0,0.3147991465,0
14,532211,43331,1.0,0.0,0.4016925375,0
14,532211,43322,1.0,2.0,0.2618541066,1
14,532211,33332,1.0,4.0,0.1589737464,1
14,5321111,522221,1.0,0.0,0.2332239775,0
14,5321111,4442,3.0,-10.0,1.2858070031,0
14,5321111,44411,2.0,-8.0,0.9784969353,0
14,5321111,4433,3.0,-8.0,1.2225096625,0
14,5321111,44321,2.0,-4.0,0.7628170019,0
14,5321111,443111,1.0,-2.0,0.4461649867,0
14,5321111,44222,2.0,-2.0,0.6338357577,0
14,5321111,442211,1.0,0.0,0.3147991465,0
14,5321111,43331,2.0,-2.0,0.7212452679,0
14,5321111,43322,2.0,0.0,0.6090890277,0
14,5321111,433211,1.0,2.0,0.2618541066,1
14,5321111,432221,1.0,4.0,0.0789990017,1
14,5321111,422222,1.0,6.0,-0.1039955913,1
14,5321111,33332,2.0,2.0,0.5786865809,1
14,5321111,333311,1.0,4.0,0.1589737464,1
14,5321111,333221,1.0,6.0,-0.0350069516,1
14,5321111,332222,1.0,8.0,-0.2203687837,1
14,53111111,522221,2.0,-2.0,0.5358060914,0
14,53111111,5222111,1.0,0.0,0.2332239775,0
14,53111111,4442,4.0,-12.0,1.5966165630,0
14,53111111,44411,3.0,-10.0,1.2858070031,0
14,53111111,4433,4.0,-10.0,1.5380953764,0
14,53111111,44321,3.0,-6.0,1.0807668731,0
14,53111111,443111,2.0,-4.0,0.7628170019,0
14,53111111,44222,3.0,-4.0,0.9531578410,0
14,53111111,442211,2.0,-2.0,0.6338357577,0
14,53111111,4421111,1.0,0.0,0.3147991465,0
14,53111111,43331,3.0,-4.0,1.0407979984,0
14,53111111,43322,3.0,-2.0,0.9260392048,0
14,53111111,433211,2.0,0.0,0.6090890277,0
14,53111111,4331111,1.0,2.0,0.2618541066,1
14,53111111,432221,2.0,2.0,0.5048778215,1
14,53111111,4322111,1.0,4.0,0.0789990017,1
14,53111111,422222,2.0,4.0,0.3508718521,1
14,53111111,4222211,1.0,6.0,-0.1039955913,1
14,53111111,33332,3.0,0.0,0.9048322676,0
14,53111111,333311,2.0,2.0,0.5786865809,1
14,53111111,333221,2.0,4.0,0.4226025237,1
14,53111111,3332111,1.0,6.0,-0.0350069516,1
14,53111111,332222,2.0,6.0,0.2447692508,1
14,53111111,3322211,1.0,8.0,-0.2203687837,1
14,53111111,3222221,1.0,10.0,-0.4002691761,1
14,53111111,2222222,1.0,12.0,-0.5772208454,1
14,522221,4442,2.0,-10.0,1.1404108813,0
14,522221,44411,1.0,-8.0,0.8428911256,0
14,522221,4433,2.0,-8.0,1.0630688075,0
14,522221,44321,1.0,-4.0,0.5978271810,0
14,522221,443111,0.0,-2.0,0.2927786436,0
14,522221,44222,1.0,-2.0,0.4461649867,0
14,522221,442211,0.0,0.0,0.1327698092,0
14,522221,4421111,-1.0,2.0,-0.2335765227,0
14,522221,44111111,-2.0,4.0,-0.5371654620,0
14,522221,43331,1.0,-2.0,0.5361500446,0
14,522221,43322,1.0,0.0,0.4016925375,0
14,522221,433211,0.0,2.0,0.0217095052,1
14,522221,4331111,-1.0,4.0,-0.2759965878,0
14,522221,33332,1.0,2.0,0.3499699160,1
14,522221,333311,0.0,4.0,-0.1111913833,1
14,5222111,4442,3.0,-12.0,1.4437407868,0
14,5222111,44411,2.0,-10.0,1.1404108813,0
14,5222111,4433,3.0,-10.0,1.3728025304,0
14,5222111,44321,2.0,-6.0,0.9086673091,0
14,5222111,443111,1.0,-4.0,0.5978271810,0
14,5222111,44222,2.0,-4.0,0.7628170019,0
14,5222111,442211,1.0,-2.0,0.4461649867,0
14,5222111,4421111,0.0,0.0,0.1327698092,0
14,5222111,44111111,-1.0,2.0,-0.2335765227,0
14,5222111,43331,2.0,-4.0,0.8531370568,0
14,5222111,43322,2.0,-2.0,0.7212452679,0
14,5222111,433211,1.0,0.0,0.4016925375,0
14,5222111,4331111,0.0,2.0,0.0217095052,1
14,5222111,432221,1.0,2.0,0.2618541066,1
14,5222111,422222,1.0,4.0,0.0789990017,1
14,5222111,33332,2.0,0.0,0.6908387056,0
14,5222111,333311,1.0,2.0,0.3499699160,1
14,5222111,333221,1.0,4.0,0.1589737464,1
14,5222111,332222,1.0,6.0,-0.0350069516,1
14,52211111,4442,4.0,-14.0,1.7509367124,0
14,52211111,44411,3.0,-12.0,1.4437407868,0
14,52211111,4433,4.0,-12.0,1.6850287833,0
14,52211111,44321,3.0,-8.0,1.2225096625,0
14,52211111,443111,2.0,-6.0,0.9086673091,0
14,52211111,44222,3.0,-6.0,1.0807668731,0
14,52211111,442211,2.0,-4.0,0.7628170019,0
14,52211111,4421111,1.0,-2.0,0.4461649867,0
14,52211111,44111111,0.0,0.0,0.1327698092,0
14,52211111,43331,3.0,-6.0,1.1710587499,0
14,52211111,43322,3.0,-4.0,1.0407979984,0
14,52211111,433211,2.0,-2.0,0.7212452679,0
14,52211111,4331111,1.0,0.0,0.4016925375,0
14,52211111,432221,2.0,0.0,0.6090890277,0
14,52211111,4322111,1.0,2.0,0.2618541066,1
14,52211111,422222,2.0,2.0,0.5048778215,1
14,52211111,4222211,1.0,4.0,0.0789990017,1
14,52211111,33332,3.0,-2.0,1.0095527504,0
14,52211111,333311,2.0,0.0,0.6908387056,0
14,52211111,333221,2.0,2.0,0.5786865809,1
14,52211111,3332111,1.0,4.0,0.1589737464,1
14,52211111,332222,2.0,4.0,0.4226025237,1
14,52211111,3322211,1.0,6.0,-0.0350069516,1
14,52211111,3222221,1.0,8.0,-0.2203687837,1
14,52211111,2222222,1.0,10.0,-0.4002691761,1
14,521111111,4442,5.0,-16.0,2.0608982666,0
14,521111111,44411,4.0,-14.0,1.7509367124,0
14,521111111,4433,5.0,-14.0,1.9989913444,0
14,521111111,44321,4.0,-10.0,1.5380953764,0
14,521111111,443111,3.0,-8.0,1.2225096625,0
14,521111111,44222,4.0,-8.0,1.3992864989,0
14,521111111,442211,3.0,-6.0,1.0807668731,0
14,521111111,4421111,2.0,-4.0,0.7628170019,0
14,521111111,44111111,1.0,-2.0,0.4461649867,0
14,521111111,43331,4.0,-8.0,1.4894523392,0
14,521111111,43322,4.0,-6.0,1.3603507288,0
14,521111111,433211,3.0,-4.0,1.0407979984,0
14,521111111,4331111,2.0,-2.0,0.7212452679,0
14,521111111,432221,3.0,-2.0,0.9260392048,0
14,521111111,4322111,2.0,0.0,0.6090890277,0
14,521111111,43211111,1.0,2.0,0.2618541066,1
14,521111111,422222,3.0,0.0,0.8305466376,0
14,521111111,4222211,2.0,2.0,0.5048778215,1
14,521111111,42221111,1.0,4.0,0.0789990017,1
14,521111111,33332,4.0,-4.0,1.3285721701,0
14,521111111,333311,3.0,-2.0,1.0095527504,0
14,521111111,333221,3.0,0.0,0.9048322676,0
14,521111111,3332111,2.0,2.0,0.5786865809,1
14,521111111,33311111,1.0,4.0,0.1589737464,1
14,521111111,332222,3.0,2.0,0.8104451387,1
14,521111111,3322211,2.0,4.0,0.4226025237,1
14,521111111,33221111,1.0,6.0,-0.0350069516,1
14,521111111,3222221,2.0,6.0,0.2447692508,1
14,521111111,32222111,1.0,8.0,-0.2203687837,1
14,521111111,2222222,2.0,8.0,0.0622100817,1
14,521111111,22222211,1.0,10.0,-0.4002691761,1
14,5111111111,4442,6.0,-18.0,2.3728106866,0
14,5111111111,44411,5.0,-16.0,2.0608982666,0
14,5111111111,4433,6.0,-16.0,2.3140894661,0
14,5111111111,44321,5.0,-12.0,1.8547303173,0
14,5111111111,443111,4.0,-10.0,1.5380953764,0
14,5111111111,44222,5.0,-10.0,1.7181655782,0
14,5111111111,442211,4.0,-8.0,1.3992864989,0
14,5111111111,4421111,3.0,-6.0,1.0807668731,0
14,5111111111,44111111,2.0,-4.0,0.7628170019,0
14,5111111111,43331,5.0,-10.0,1.8081255454,0
14,5111111111,43322,5.0,-8.0,1.6799034592,0
14,5111111111,433211,4.0,-6.0,1.3603507288,0
14,5111111111,4331111,3.0,-4.0,1.0407979984,0
14,5111111111,432221,4.0,-4.0,1.2440260640,0
14,5111111111,4322111,3.0,-2.0,0.9260392048,0
14,5111111111,43211111,2.0,0.0,0.6090890277,0
14,5111111111,431111111,1.0,2.0,0.2618541066,1
14,5111111111,422222,4.0,-2.0,1.1429984996,0
14,5111111111,4222211,3.0,0.0,0.8305466376,0
14,5111111111,42221111,2.0,2.0,0.5048778215,1
14,5111111111,422111111,1.0,4.0,0.0789990017,1
14,5111111111,33332,5.0,-6.0,1.6476780136,0
14,5111111111,333311,4.0,-4.0,1.3285721701,0
14,5111111111,333221,4.0,-2.0,1.2206653607,0
14,5111111111,3332111,3.0,0.0,0.9048322676,0
14,5111111111,33311111,2.0,2.0,0.5786865809,1
14,5111111111,332222,4.0,0.0,1.1267064336,0
14,5111111111,3322211,3.0,2.0,0.8104451387,1
14,5111111111,33221111,2.0,4.0,0.4226025237,1
14,5111111111,332111111,1.0,6.0,-0.0350069516,1
14,5111111111,3222221,3.0,4.0,0.6787889491,1
14,5111111111,32222111,2.0,6.0,0.2447692508,1
14,5111111111,322211111,1.0,8.0,-0.2203687837,1
14,5111111111,2222222,3.0,6.0,0.5162480539,1
14,5111111111,22222211,2.0,8.0,0.0622100817,1
14,5111111111,222221111,1.0,10.0,-0.4002691761,1
14,44411,4433,1.0,0.0,0.2963641297,0
14,443111,44222,1.0,0.0,0.2332239775,0
14,443111,43331,1.0,0.0,0.2963641297,0
14,443111,43322,1.0,2.0,0.1650962756,1
14,443111,33332,1.0,4.0,0.0532068671,1
14,44222,43331,0.0,0.0,0.0903387488,0
14,442211,43331,1.0,-2.0,0.4088839742,0
14,442211,43322,1.0,0.0,0.2963641297,0
14,442211,33332,1.0,2.0,0.2398293225,1
14,4421111,43331,2.0,-4.0,0.7280546675,0
14,4421111,43322,2.0,-2.0,0.6116884279,0
14,4421111,433211,1.0,0.0,0.2963641297,0
14,4421111,432221,1.0,2.0,0.1650962756,1
14,4421111,422222,1.0,4.0,-0.0166184606,1
14,4421111,33332,2.0,0.0,0.5927282594,0
14,4421111,333311,1.0,2.0,0.2398293225,1
14,4421111,333221,1.0,4.0,0.0532068671,1
14,4421111,332222,1.0,6.0,-0.1336256519,1
14,44111111,43331,3.0,-6.0,1.0474280674,0
14,44111111,43322,3.0,-4.0,0.9292832014,0
14,44111111,433211,2.0,-2.0,0.6116884279,0
14,44111111,4331111,1.0,0.0,0.2963641297,0
14,44111111,432221,2.0,0.0,0.5236979344,0
14,44111111,4322111,1.0,2.0,0.1650962756,1
14,44111111,422222,2.0,2.0,0.4265421708,1
14,44111111,4222211,1.0,4.0,-0.0166184606,1
14,44111111,33332,3.0,-2.0,0.9070799324,0
14,44111111,333311,2.0,0.0,0.5927282594,0
14,44111111,333221,2.0,2.0,0.4905341971,1
14,44111111,3332111,1.0,4.0,0.0532068671,1
14,44111111,332222,2.0,4.0,0.3301925511,1
14,44111111,3322211,1.0,6.0,-0.1336256519,1
14,44111111,3222221,1.0,8.0,-0.3162061433,1
14,44111111,2222222,1.0,10.0,-0.4957318755,1
14,433211,33332,1.0,0.0,0.2963641297,0
14,4331111,432221,1.0,0.0,0.2332239775,0
14,4331111,422222,1.0,2.0,0.0995602268,1
14,4331111,33332,2.0,-2.0,0.6116884279,0
14,4331111,333311,1.0,0.0,0.2963641297,0
14,4331111,333221,1.0,2.0,0.1650962756,1
14,4331111,332222,1.0,4.0,-0.0166184606,1
14,432221,33332,1.0,-2.0,0.4088839742,0
14,432221,333311,0.0,0.0,0.0903387488,0
14,4322111,422222,1.0,0.0,0.2332239775,0
14,4322111,33332,2.0,-4.0,0.7280546675,0
14,4322111,333311,1.0,-2.0,0.4088839742,0
14,4322111,333221,1.0,0.0,0.2963641297,0
14,4322111,332222,1.0,2.0,0.1650962756,1
14,43211111,422222,2.0,-2.0,0.5358060914,0
14,43211111,4222211,1.0,0.0,0.2332239775,0
14,43211111,33332,3.0,-6.0,1.0474280674,0
14,43211111,333311,2.0,-4.0,0.7280546675,0
14,43211111,333221,2.0,-2.0,0.6116884279,0
14,43211111,3332111,1.0,0.0,0.2963641297,0
14,43211111,332222,2.0,0.0,0.5236979344,0
14,43211111,3322211,1.0,2.0,0.1650962756,1
14,43211111,3222221,1.0,4.0,-0.0166184606,1
14,43211111,2222222,1.0,6.0,-0.1996050816,1
14,431111111,422222,3.0,-4.0,0.8488105375,0
14,431111111,4222211,2.0,-2.0,0.5358060914,0
14,431111111,42221111,1.0,0.0,0.2332239775,0
14,431111111,33332,4.0,-8.0,1.3668513376,0
14,431111111,333311,3.0,-6.0,1.0474280674,0
14,431111111,333221,3.0,-4.0,0.9292832014,0
14,431111111,3332111,2.0,-2.0,0.6116884279,0
14,431111111,33311111,1.0,0.0,0.2963641297,0
14,431111111,332222,3.0,-2.0,0.8319236879,0
14,431111111,3322211,2.0,0.0,0.5236979344,0
14,431111111,33221111,1.0,2.0,0.1650962756,1
14,431111111,3222221,2.0,2.0,0.4265421708,1
14,431111111,32222111,1.0,4.0,-0.0166184606,1
14,431111111,2222222,2.0,4.0,0.2634164647,1
14,431111111,22222211,1.0,6.0,-0.1996050816,1
14,422222,33332,1.0,-4.0,0.5520740481,0
14,422222,333311,0.0,-2.0,0.2438291812,0
14,422222,333221,0.0,0.0,0.0903387488,0
14,422222,3332111,-1.0,2.0,-0.2407467360,0
14,422222,33311111,-2.0,4.0,-0.5533810571,0
14,4222211,33332,2.0,-6.0,0.8660471472,0
14,4222211,333311,1.0,-4.0,0.5520740481,0
14,4222211,333221,1.0,-2.0,0.4088839742,0
14,4222211,3332111,0.0,0.0,0.0903387488,0
14,4222211,33311111,-1.0,2.0,-0.2407467360,0
14,4222211,332222,1.0,0.0,0.2963641297,0
14,42221111,33332,3.0,-8.0,1.1822538998,0
14,42221111,333311,2.0,-6.0,0.8660471472,0
14,42221111,333221,2.0,-4.0,0.7280546675,0
14,42221111,3332111,1.0,-2.0,0.4088839742,0
14,42221111,33311111,0.0,0.0,0.0903387488,0
14,42221111,332222,2.0,-2.0,0.6116884279,0
14,42221111,3322211,1.0,0.0,0.2963641297,0
14,42221111,3222221,1.0,2.0,0.1650962756,1
14,42221111,2222222,1.0,4.0,-0.0166184606,1
14,422111111,33332,4.0,-10.0,1.4996370675,0
14,422111111,333311,3.0,-8.0,1.1822538998,0
14,422111111,333221,3.0,-6.0,1.0474280674,0
14,422111111,3332111,2.0,-4.0,0.7280546675,0
14,422111111,33311111,1.0,-2.0,0.4088839742,0
14,422111111,332222,3.0,-4.0,0.9292832014,0
14,422111111,3322211,2.0,-2.0,0.6116884279,0
14,422111111,33221111,1.0,0.0,0.2963641297,0
14,422111111,3222221,2.0,0.0,0.5236979344,0
14,422111111,32222111,1.0,2.0,0.1650962756,1
14,422111111,2222222,2.0,2.0,0.4265421708,1
14,422111111,22222211,1.0,4.0,-0.0166184606,1
14,4211111111,33332,5.0,-12.0,1.8176396262,0
14,4211111111,333311,4.0,-10.0,1.4996370675,0
14,4211111111,333221,4.0,-8.0,1.3668513376,0
14,4211111111,3332111,3.0,-6.0,1.0474280674,0
14,4211111111,33311111,2.0,-4.0,0.7280546675,0
14,4211111111,332222,4.0,-6.0,1.2477203173,0
14,4211111111,3322211,3.0,-4.0,0.9292832014,0
14,4211111111,33221111,2.0,-2.0,0.6116884279,0
14,4211111111,332111111,1.0,0.0,0.2963641297,0
14,4211111111,3222221,3.0,-2.0,0.8319236879,0
14,4211111111,32222111,2.0,0.0,0.5236979344,0
14,4211111111,322211111,1.0,2.0,0.1650962756,1
14,4211111111,2222222,3.0,0.0,0.7547830158,0
14,4211111111,22222211,2.0,2.0,0.4265421708,1
14,4211111111,222221111,1.0,4.0,-0.0166184606,1
14,41111111111,33332,6.0,-14.0,2.1360364462,0
14,41111111111,333311,5.0,-12.0,1.8176396262,0
14,41111111111,333221,5.0,-10.0,1.6863486361,0
14,41111111111,3332111,4.0,-8.0,1.3668513376,0
14,41111111111,33311111,3.0,-6.0,1.0474280674,0
14,41111111111,332222,5.0,-8.0,1.5665215486,0
14,41111111111,3322211,4.0,-6.0,1.2477203173,0
14,41111111111,33221111,3.0,-4.0,0.9292832014,0
14,41111111111,332111111,2.0,-2.0,0.6116884279,0
14,41111111111,3311111111,1.0,0.0,0.2963641297,0
14,41111111111,3222221,4.0,-4.0,1.1449119048,0
14,41111111111,32222111,3.0,-2.0,0.8319236879,0
14,41111111111,322211111,2.0,0.0,0.5236979344,0
14,41111111111,3221111111,1.0,2.0,0.1650962756,1
14,41111111111,2222222,4.0,-2.0,1.0586816814,0
14,41111111111,22222211,3.0,0.0,0.7547830158,0
14,41111111111,222221111,2.0,2.0,0.4265421708,1
14,41111111111,2222111111,1.0,4.0,-0.0166184606,1
14,3332111,332222,1.0,0.0,0.2332239775,0
14,33311111,332222,2.0,-2.0,0.5358060914,0
14,33311111,3322211,1.0,0.0,0.2332239775,0
14,33311111,3222221,1.0,2.0,0.0995602268,1
14,33311111,2222222,1.0,4.0,-0.0830433555,1
14,33221111,3222221,1.0,0.0,0.2332239775,0
14,33221111,2222222,1.0,2.0,0.0995602268,1
14,332111111,3222221,2.0,-2.0,0.5358060914,0
14,332111111,32222111,1.0,0.0,0.2332239775,0
14,332111111,2222222,2.0,0.0,0.4664479549,0
14,332111111,22222211,1.0,2.0,0.0995602268,1
14,3311111111,3222221,3.0,-4.0,0.8488105375,0
14,3311111111,32222111,2.0,-2.0,0.5358060914,0
14,3311111111,322211111,1.0,0.0,0.2332239775,0
14,3311111111,2222222,3.0,-2.0,0.7643951928,0
14,3311111111,22222211,2.0,0.0,0.4664479549,0
14,3311111111,222221111,1.0,2.0,0.0995602268,1
14,32222111,2222222,1.0,0.0,0.2332239775,0
14,322211111,2222222,2.0,-2.0,0.5358060914,0
14,322211111,22222211,1.0,0.0,0.2332239775,0
14,3221111111,2222222,3.0,-4.0,0.8488105375,0
14,3221111111,22222211,2.0,-2.0,0.5358060914,0
14,3221111111,222221111,1.0,0.0,0.2332239775,0
14,32111111111,2222222,4.0,-6.0,1.1650352811,0
14,32111111111,22222211,3.0,-4.0,0.8488105375,0
14,32111111111,222221111,2.0,-2.0,0.5358060914,0
14,32111111111,2222111111,1.0,0.0,0.2332239775,0
14,311111111111,2222222,5.0,-8.0,1.4826098860,0
14,311111111111,22222211,4.0,-6.0,1.1650352811,0
14,311111111111,222221111,3.0,-4.0,0.8488105375,0
14,311111111111,2222111111,2.0,-2.0,0.5358060914,0
14,311111111111,22211111111,1.0,0.0,0.2332239775,0
15,1311,123,1.0,18.0,-0.0885586745,1
15,1311,114,1.0,34.0,-0.4895255611,1
15,1311,105,1.0,46.0,-0.7840563892,1
15,1311,96,1.0,54.0,-0.9776022338,1
15,1311,87,1.0,58.0,-1.0735660019,1
15,1221,114,1.0,12.0,0.2613344302,1
15,1221,105,1.0,24.0,-0.0220191418,1
15,1221,96,1.0,32.0,-0.2125837504,1
15,1221,87,1.0,36.0,-0.3075856808,1
15,12111,114,2.0,10.0,0.6652295525,1
15,12111,1131,1.0,16.0,-0.0609374420,1
15,12111,1122,1.0,18.0,-0.2361976914,1
15,12111,105,2.0,22.0,0.4074324627,1
15,12111,1041,1.0,30.0,-0.4332356998,1
15,12111,1032,1.0,34.0,-0.7092361450,1
15,12111,96,2.0,30.0,0.2233492696,1
15,12111,951,1.0,40.0,-0.6941173610,1
15,12111,942,1.0,46.0,-1.0513694511,1
15,12111,933,1.0,48.0,-1.1517484289,1
15,12111,87,2.0,34.0,0.1304473193,1
15,12111,861,1.0,46.0,-0.8486749848,1
15,12111,852,1.0,54.0,-1.2748334517,1
15,12111,843,1.0,58.0,-1.4572430373,1
15,12111,771,1.0,48.0,-0.8998940596,1
15,12111,762,1.0,58.0,-1.3852832672,1
15,12111,753,1.0,64.0,-1.6373497987,1
15,12111,744,1.0,66.0,-1.7198478931,1
15,12111,663,1.0,66.0,-1.6968678064,1
15,12111,654,1.0,70.0,-1.8493958203,1
15,12111,555,1.0,72.0,-1.9194141988,1
15,1131,105,1.0,6.0,0.4948299801,1
15,1131,96,1.0,14.0,0.3377682591,1
15,1131,87,1.0,18.0,0.2496570699,1
15,1122,105,1.0,4.0,0.6923526366,1
15,1122,1041,0.0,12.0,-0.1362651725,1
15,1122,96,1.0,12.0,0.5727433264,1
15,1122,951,0.0,22.0,-0.3988713349,1
15,1122,87,1.0,16.0,0.4923189915,1
15,1122,861,0.0,28.0,-0.5534972845,1
15,1122,771,0.0,30.0,-0.6046680234,1
15,11211,105,2.0,2.0,0.9991329808,1
15,11211,1041,1.0,10.0,0.2941122754,1
15,11211,1032,1.0,14.0,-0.0301399094,1
15,11211,96,2.0,10.0,0.9369971782,1
15,11211,951,1.0,20.0,0.0463535182,1
15,11211,942,1.0,26.0,-0.3701617263,1
15,11211,933,1.0,28.0,-0.4760998726,1
15,11211,87,2.0,14.0,0.8718886941,1
15,11211,861,1.0,26.0,-0.1048856982,1
15,11211,852,1.0,34.0,-0.5930149406,1
15,11211,843,1.0,38.0,-0.7812077519,1
15,11211,771,1.0,28.0,-0.1552876745,1
15,11211,762,1.0,38.0,-0.7033218110,1
15,11211,753,1.0,44.0,-0.9610751038,1
15,11211,744,1.0,46.0,-1.0435798273,1
15,11211,663,1.0,46.0,-1.0205217337,1
15,11211,654,1.0,50.0,-1.1728508025,1
15,11211,555,1.0,52.0,-1.2427055797,1
15,111111,105,3.0,0.0,1.3038544436,0
15,111111,1041,2.0,8.0,0.6940655182,1
15,111111,1032,2.0,12.0,0.4057431501,1
15,111111,10311,1.0,14.0,-0.0301399094,1
15,111111,10221,1.0,16.0,-0.2084579546,1
15,111111,96,3.0,8.0,1.2811186360,1
15,111111,951,2.0,18.0,0.4761567219,1
15,111111,942,2.0,24.0,0.0794037244,1
15,111111,9411,1.0,26.0,-0.3701617263,1
15,111111,933,2.0,26.0,-0.0256046016,1
15,111111,9321,1.0,30.0,-0.6521289199,1
15,111111,9222,1.0,32.0,-0.8104542649,1
15,111111,87,3.0,12.0,1.2355960192,1
15,111111,861,2.0,24.0,0.3320714965,1
15,111111,852,2.0,32.0,-0.1399535065,1
15,111111,8511,1.0,34.0,-0.5930149406,1
15,111111,843,2.0,36.0,-0.3266529995,1
15,111111,8421,1.0,40.0,-0.9579957894,1
15,111111,8331,1.0,42.0,-1.0609505981,1
15,111111,8322,1.0,44.0,-1.2192465702,1
15,111111,771,2.0,26.0,0.2833516472,1
15,111111,762,2.0,36.0,-0.2491403231,1
15,111111,7611,1.0,38.0,-0.7033218110,1
15,111111,753,2.0,42.0,-0.5049401915,1
15,111111,7521,1.0,46.0,-1.1381658028,1
15,111111,744,2.0,44.0,-0.5860182996,1
15,111111,7431,1.0,50.0,-1.3247482794,1
15,111111,7422,1.0,52.0,-1.4835735450,1
15,111111,7332,1.0,54.0,-1.5875267088,1
15,111111,663,2.0,44.0,-0.5639889520,1
15,111111,6621,1.0,48.0,-1.1976953752,1
15,111111,654,2.0,48.0,-0.7140591527,1
15,111111,6531,1.0,54.0,-1.4546902330,1
15,111111,6522,1.0,56.0,-1.6136300837,1
15,111111,6441,1.0,56.0,-1.5387218493,1
15,111111,6432,1.0,60.0,-1.8026350016,1
15,111111,6333,1.0,62.0,-1.9075967049,1
15,111111,555,2.0,50.0,-0.7830638951,1
15,111111,5541,1.0,58.0,-1.6093135142,1
15,111111,5532,1.0,62.0,-1.8735470186,1
15,111111,5442,1.0,64.0,-1.9588507944,1
15,111111,5433,1.0,66.0,-2.0641758271,1
15,111111,4443,1.0,68.0,-2.1499391543,1
15,1041,96,1.0,0.0,0.5975715042,0
15,1041,87,1.0,4.0,0.5855110572,1
15,1032,96,1.0,-4.0,0.8717214639,0
15,1032,951,0.0,6.0,0.1580857934,1
15,1032,87,1.0,0.0,0.8682643110,0
15,1032,861,0.0,12.0,0.0103242430,1
15,1032,771,0.0,14.0,-0.0396305598,1
15,10311,96,2.0,-6.0,1.1499985088,0
15,10311,951,1.0,4.0,0.5186657360,1
15,10311,942,1.0,10.0,0.1111428905,1
15,10311,933,1.0,12.0,0.0044038115,1
15,10311,87,2.0,-2.0,1.1482270876,0
15,10311,861,1.0,10.0,0.4097849389,1
15,10311,852,1.0,18.0,-0.1072473375,1
15,10311,843,1.0,22.0,-0.2988637027,1
15,10311,771,1.0,12.0,0.3658198691,1
15,10311,762,1.0,22.0,-0.2165831406,1
15,10311,753,1.0,28.0,-0.4783032600,1
15,10311,744,1.0,30.0,-0.5608543262,1
15,10311,663,1.0,30.0,-0.5376916135,1
15,10311,654,1.0,34.0,-0.6900329656,1
15,10311,555,1.0,36.0,-0.7598971045,1
15,10221,96,2.0,-8.0,1.3193810826,0
15,10221,951,1.0,2.0,0.6995649527,1
15,10221,942,1.0,8.0,0.3295356584,1
15,10221,9411,0.0,10.0,-0.1011401616,1
15,10221,933,1.0,10.0,0.2123260306,1
15,10221,87,2.0,-4.0,1.3174257841,0
15,10221,861,1.0,8.0,0.6357968550,1
15,10221,852,1.0,16.0,0.1223845974,1
15,10221,8511,0.0,18.0,-0.3255614416,1
15,10221,843,1.0,20.0,-0.0851739416,1
15,10221,771,1.0,10.0,0.5993216610,1
15,10221,762,1.0,20.0,0.0156511292,1
15,10221,7611,0.0,22.0,-0.4358866063,1
15,10221,753,1.0,26.0,-0.2627526959,1
15,10221,744,1.0,28.0,-0.3462118854,1
15,10221,663,1.0,28.0,-0.3216524374,1
15,10221,654,1.0,32.0,-0.4743513847,1
15,10221,555,1.0,34.0,-0.5436216769,1
15,102111,96,3.0,-10.0,1.6043589334,0
15,102111,951,2.0,0.0,0.9991812724,0
15,102111,942,2.0,6.0,0.7221547746,1
15,102111,9411,1.0,8.0,0.3295356584,1
15,102111,933,2.0,8.0,0.6310731660,1
15,102111,9321,1.0,12.0,0.0044038115,1
15,102111,9222,1.0,14.0,-0.1770202469,1
15,102111,87,3.0,-6.0,1.6032658234,0
15,102111,861,2.0,6.0,0.9805160089,1
15,102111,852,2.0,14.0,0.5507119922,1
15,102111,8511,1.0,16.0,0.1223845974,1
15,102111,843,2.0,18.0,0.3628239918,1
15,102111,8421,1.0,22.0,-0.2988637027,1
15,102111,8331,1.0,24.0,-0.4071354748,1
15,102111,8322,1.0,26.0,-0.5870280858,1
15,102111,771,2.0,8.0,0.9581419159,1
15,102111,762,2.0,18.0,0.4516471538,1
15,102111,7611,1.0,20.0,0.0156511292,1
15,102111,753,2.0,24.0,0.1919967952,1
15,102111,7521,1.0,28.0,-0.4783032600,1
15,102111,744,2.0,26.0,0.1124287705,1
15,102111,7431,1.0,32.0,-0.6704317484,1
15,102111,7422,1.0,34.0,-0.8512196476,1
15,102111,7332,1.0,36.0,-0.9568402613,1
15,102111,663,2.0,26.0,0.1346762404,1
15,102111,6621,1.0,30.0,-0.5376916135,1
15,102111,654,2.0,30.0,-0.0124560230,1
15,102111,6531,1.0,36.0,-0.8000737313,1
15,102111,6522,1.0,38.0,-0.9812470881,1
15,102111,6441,1.0,38.0,-0.8840763806,1
15,102111,6432,1.0,42.0,-1.1720030252,1
15,102111,6333,1.0,44.0,-1.2788388967,1
15,102111,555,2.0,32.0,-0.0799141860,1
15,102111,5541,1.0,40.0,-0.9544555920,1
15,102111,5532,1.0,44.0,-1.2429176543,1
15,102111,5442,1.0,46.0,-1.3283146959,1
15,102111,5433,1.0,48.0,-1.4356522552,1
15,102111,4443,1.0,50.0,-1.5216231806,1
15,1011111,96,4.0,-12.0,1.8953645689,0
15,1011111,951,3.0,-2.0,1.3038544645,0
15,1011111,942,3.0,4.0,1.0739726718,1
15,1011111,9411,2.0,6.0,0.7221547746,1
15,1011111,933,3.0,6.0,1.0119531893,1
15,1011111,9321,2.0,10.0,0.4417839284,1
15,1011111,93111,1.0,12.0,0.0044038115,1
15,1011111,9222,2.0,12.0,0.2605267195,1
15,1011111,92211,1.0,14.0,-0.1770202469,1
15,1011111,87,4.0,-8.0,1.8947916729,0
15,1011111,861,3.0,4.0,1.3012014141,1
15,1011111,852,3.0,12.0,0.9565093851,1
15,1011111,8511,2.0,14.0,0.5507119922,1
15,1011111,843,3.0,16.0,0.7922882940,1
15,1011111,8421,2.0,20.0,0.1544615495,1
15,1011111,84111,1.0,22.0,-0.2988637027,1
15,1011111,8331,2.0,22.0,0.0479949777,1
15,1011111,8322,2.0,24.0,-0.1414229384,1
15,1011111,83211,1.0,26.0,-0.5870280858,1
15,1011111,82221,1.0,28.0,-0.7496085214,1
15,1011111,771,3.0,6.0,1.2933014827,1
15,1011111,762,3.0,16.0,0.8698676054,1
15,1011111,7611,2.0,18.0,0.4516471538,1
15,1011111,753,3.0,22.0,0.6328265057,1
15,1011111,7521,2.0,26.0,-0.0210685112,1
15,1011111,75111,1.0,28.0,-0.4783032600,1
15,1011111,744,3.0,24.0,0.5582923801,1
15,1011111,7431,2.0,30.0,-0.2106252957,1
15,1011111,7422,2.0,32.0,-0.4030236392,1
15,1011111,74211,1.0,34.0,-0.8512196476,1
15,1011111,7332,2.0,34.0,-0.5089928549,1
15,1011111,73311,1.0,36.0,-0.9568402613,1
15,1011111,73221,1.0,38.0,-1.1196122955,1
15,1011111,72222,1.0,40.0,-1.2743320326,1
15,1011111,663,3.0,24.0,0.5781607476,1
15,1011111,6621,2.0,28.0,-0.0795206539,1
15,1011111,66111,1.0,30.0,-0.5376916135,1
15,1011111,654,3.0,28.0,0.4383764343,1
15,1011111,6531,2.0,34.0,-0.3387375414,1
15,1011111,6522,2.0,36.0,-0.5322127193,1
15,1011111,65211,1.0,38.0,-0.9812470881,1
15,1011111,6441,2.0,36.0,-0.4210488345,1
15,1011111,6432,2.0,40.0,-0.7224049289,1
15,1011111,64311,1.0,42.0,-1.1720030252,1
15,1011111,64221,1.0,44.0,-1.3353254157,1
15,1011111,6333,2.0,42.0,-0.8298994718,1
15,1011111,63321,1.0,46.0,-1.4419384029,1
15,1011111,63222,1.0,48.0,-1.5975553931,1
15,1011111,555,3.0,30.0,0.3734812863,1
15,1011111,5541,2.0,38.0,-0.4905283150,1
15,1011111,5532,2.0,42.0,-0.7927715348,1
15,1011111,55311,1.0,44.0,-1.2429176543,1
15,1011111,55221,1.0,46.0,-1.4063389018,1
15,1011111,5442,2.0,44.0,-0.8770609552,1
15,1011111,54411,1.0,46.0,-1.3283146959,1
15,1011111,5433,2.0,46.0,-0.9853225410,1
15,1011111,54321,1.0,50.0,-1.5994088864,1
15,1011111,54222,1.0,52.0,-1.7554263371,1
15,1011111,53331,1.0,52.0,-1.7070118595,1
15,1011111,53322,1.0,54.0,-1.8635436695,1
15,1011111,4443,2.0,48.0,-1.0703646427,1
15,1011111,44421,1.0,52.0,-1.6858519306,1
15,1011111,44331,1.0,54.0,-1.7937225248,1
15,1011111,44322,1.0,56.0,-1.9506459973,1
15,1011111,43332,1.0,58.0,-2.0594823161,1
15,1011111,33333,1.0,60.0,-2.1687458339,1
15,951,87,1.0,-6.0,0.6440247331,0
15,942,87,1.0,-12.0,0.9979319052,0
15,942,861,0.0,0.0,0.3236044661,0
15,942,771,0.0,2.0,0.3150311659,1
15,9411,933,1.0,0.0,0.2963641297,0
15,9411,87,2.0,-14.0,1.2564629234,0
15,9411,861,1.0,-2.0,0.5976121253,0
15,9411,852,1.0,6.0,0.2240462378,1
15,9411,843,1.0,10.0,0.0434980794,1
15,9411,771,1.0,0.0,0.5957712388,0
15,9411,762,1.0,10.0,0.1213404718,1
15,9411,753,1.0,16.0,-0.1351128729,1
15,9411,744,1.0,18.0,-0.2174515454,1
15,9411,663,1.0,18.0,-0.1943766637,1
15,9411,654,1.0,22.0,-0.3466658124,1
15,9411,555,1.0,24.0,-0.4166156358,1
15,933,87,1.0,-14.0,1.1117311731,0
15,933,861,0.0,-2.0,0.4338030040,0
15,933,852,0.0,6.0,-0.0591148694,1
15,933,8511,-1.0,8.0,-0.2964705405,0
15,933,771,0.0,0.0,0.4279065804,0
15,933,762,0.0,10.0,-0.1712719796,1
15,933,7611,-1.0,12.0,-0.3937406849,0
15,9321,87,2.0,-18.0,1.5361737930,0
15,9321,861,1.0,-6.0,0.8718019741,0
15,9321,852,1.0,2.0,0.5333112095,1
15,9321,8511,0.0,4.0,0.1948669342,1
15,9321,843,1.0,6.0,0.3672184416,1
15,9321,771,1.0,-4.0,0.8688155315,0
15,9321,762,1.0,6.0,0.4814556288,1
15,9321,7611,0.0,8.0,0.0943790238,1
15,9321,753,1.0,12.0,0.2070665315,1
15,9321,744,1.0,14.0,0.1241554626,1
15,9321,663,1.0,14.0,0.1508895763,1
15,9321,654,1.0,18.0,-0.0007855146,1
15,9321,555,1.0,20.0,-0.0689309803,1
15,93111,9222,1.0,0.0,0.2332239775,0
15,93111,87,3.0,-20.0,1.8014813473,0
15,93111,861,2.0,-8.0,1.1500306890,0
15,93111,852,2.0,0.0,0.8385393553,0
15,93111,8511,1.0,2.0,0.5333112095,1
15,93111,843,2.0,4.0,0.7462939840,1
15,93111,8421,1.0,8.0,0.1512031806,1
15,93111,8331,1.0,10.0,0.0434980794,1
15,93111,8322,1.0,12.0,-0.1410726203,1
15,93111,771,2.0,-6.0,1.1484823806,0
15,93111,762,2.0,4.0,0.8293180181,1
15,93111,7611,1.0,6.0,0.4814556288,1
15,93111,753,2.0,10.0,0.6299504312,1
15,93111,7521,1.0,14.0,-0.0229060504,1
15,93111,744,2.0,12.0,0.5599293569,1
15,93111,7431,1.0,18.0,-0.2174515454,1
15,93111,7422,1.0,20.0,-0.4052535075,1
15,93111,7332,1.0,22.0,-0.5119766917,1
15,93111,663,2.0,12.0,0.5808738380,1
15,93111,6621,1.0,16.0,-0.0814137863,1
15,93111,654,2.0,16.0,0.4456963566,1
15,93111,6531,1.0,22.0,-0.3466658124,1
15,93111,6522,1.0,24.0,-0.5352834195,1
15,93111,6441,1.0,24.0,-0.4305958630,1
15,93111,6432,1.0,28.0,-0.7275503930,1
15,93111,6333,1.0,30.0,-0.8358557270,1
15,93111,555,2.0,18.0,0.3822188801,1
15,93111,5541,1.0,26.0,-0.5008726118,1
15,93111,5532,1.0,30.0,-0.7985262144,1
15,93111,5442,1.0,32.0,-0.8844550578,1
15,93111,5433,1.0,34.0,-0.9933113408,1
15,93111,4443,1.0,36.0,-1.0798882387,1
15,9222,87,2.0,-20.0,1.7046363411,0
15,9222,861,1.0,-8.0,1.0414338475,0
15,9222,852,1.0,0.0,0.6999720377,0
15,9222,8511,0.0,2.0,0.4049491845,1
15,9222,843,1.0,4.0,0.5723657432,1
15,9222,8421,0.0,8.0,-0.0615843104,1
15,9222,84111,-1.0,10.0,-0.3458521683,0
15,9222,8331,0.0,10.0,-0.2023225197,1
15,9222,771,1.0,-6.0,1.0384555195,0
15,9222,762,1.0,4.0,0.6858764947,1
15,9222,7611,0.0,6.0,0.3395294366,1
15,9222,753,1.0,10.0,0.4417004963,1
15,9222,7521,0.0,14.0,-0.2423618995,1
15,9222,75111,-1.0,16.0,-0.5247633773,0
15,9222,744,1.0,12.0,0.3607403721,1
15,9222,7431,0.0,18.0,-0.4705845385,1
15,9222,663,1.0,12.0,0.3900326226,1
15,9222,6621,0.0,16.0,-0.3017708656,1
15,9222,66111,-1.0,18.0,-0.5840046334,0
15,9222,654,1.0,16.0,0.2412764747,1
15,9222,6531,0.0,22.0,-0.6008127270,1
15,9222,6441,0.0,24.0,-0.6884100838,1
15,9222,555,1.0,18.0,0.1749577494,1
15,9222,5541,0.0,26.0,-0.7592990313,1
15,92211,87,3.0,-22.0,1.9708245784,0
15,92211,861,2.0,-10.0,1.3194132628,0
15,92211,852,2.0,-2.0,0.9991825765,0
15,92211,8511,1.0,0.0,0.6999720377,0
15,92211,843,2.0,2.0,0.9046327552,1
15,92211,8421,1.0,6.0,0.3672184416,1
15,92211,84111,0.0,8.0,-0.0615843104,1
15,92211,8331,1.0,8.0,0.2523034940,1
15,92211,8322,1.0,10.0,0.0434980794,1
15,92211,771,2.0,-8.0,1.3176810771,0
15,92211,762,2.0,2.0,0.9973585514,1
15,92211,7611,1.0,4.0,0.6858764947,1
15,92211,753,2.0,8.0,0.8365842691,1
15,92211,7521,1.0,12.0,0.2070665315,1
15,92211,75111,0.0,14.0,-0.2423618995,1
15,92211,744,2.0,10.0,0.7735795035,1
15,92211,7431,1.0,16.0,-0.0011685664,1
15,92211,7422,1.0,18.0,-0.2174515454,1
15,92211,7332,1.0,20.0,-0.3279958527,1
15,92211,663,2.0,10.0,0.7959826746,1
15,92211,6621,1.0,14.0,0.1508895763,1
15,92211,66111,0.0,16.0,-0.3017708656,1
15,92211,654,2.0,14.0,0.6703360678,1
15,92211,6531,1.0,20.0,-0.1283705343,1
15,92211,6522,1.0,22.0,-0.3466658124,1
15,92211,6441,1.0,22.0,-0.2128417346,1
15,92211,6432,1.0,26.0,-0.5425307602,1
15,92211,6333,1.0,28.0,-0.6535924202,1
15,92211,555,2.0,16.0,0.6108255601,1
15,92211,5541,1.0,24.0,-0.2823437207,1
15,92211,5532,1.0,28.0,-0.6131885552,1
15,92211,5442,1.0,30.0,-0.6984904833,1
15,92211,5433,1.0,32.0,-0.8103019651,1
15,92211,4443,1.0,34.0,-0.8964022493,1
15,921111,87,4.0,-24.0,2.2433938829,0
15,921111,861,3.0,-12.0,1.6043713331,0
15,921111,852,3.0,-4.0,1.3038549261,0
15,921111,8511,2.0,-2.0,0.9991825765,0
15,921111,843,3.0,0.0,1.2197052381,0
15,921111,8421,2.0,4.0,0.7462939840,1
15,921111,84111,1.0,6.0,0.3672184416,1
15,921111,8331,2.0,6.0,0.6652603875,1
15,921111,8322,2.0,8.0,0.4811194053,1
15,921111,83211,1.0,10.0,0.0434980794,1
15,921111,82221,1.0,12.0,-0.1410726203,1
15,921111,771,3.0,-10.0,1.6034056018,0
15,921111,762,3.0,0.0,1.3027549122,0
15,921111,7611,2.0,2.0,0.9973585514,1
15,921111,753,3.0,6.0,1.1987190456,1
15,921111,7521,2.0,10.0,0.6299504312,1
15,921111,75111,1.0,12.0,0.2070665315,1
15,921111,744,3.0,8.0,1.1568203131,1
15,921111,7431,2.0,14.0,0.4473431414,1
15,921111,7422,2.0,16.0,0.2391437939,1
15,921111,74211,1.0,18.0,-0.2174515454,1
15,921111,7332,2.0,18.0,0.1316370603,1
15,921111,73311,1.0,20.0,-0.3279958527,1
15,921111,73221,1.0,22.0,-0.5119766917,1
15,921111,72222,1.0,24.0,-0.6790970170,1
15,921111,663,3.0,8.0,1.1736265590,1
15,921111,6621,2.0,12.0,0.5808738380,1
15,921111,66111,1.0,14.0,0.1508895763,1
15,921111,654,3.0,12.0,1.0769960136,1
15,921111,6531,2.0,18.0,0.3274316148,1
15,921111,6522,2.0,20.0,0.1141215371,1
15,921111,65211,1.0,22.0,-0.3466658124,1
15,921111,6441,2.0,20.0,0.2479888466,1
15,921111,6432,2.0,24.0,-0.0776116605,1
15,921111,64311,1.0,26.0,-0.5425307602,1
15,921111,64221,1.0,28.0,-0.7275503930,1
15,921111,6333,2.0,26.0,-0.1882404993,1
15,921111,63321,1.0,30.0,-0.8358557270,1
15,921111,63222,1.0,32.0,-1.0033348947,1
15,921111,555,3.0,14.0,1.0266601850,1
15,921111,5541,2.0,22.0,0.1812151561,1
15,921111,5532,2.0,26.0,-0.1469900071,1
15,921111,55311,1.0,28.0,-0.6131885552,1
15,921111,55221,1.0,30.0,-0.7985262144,1
15,921111,5442,2.0,28.0,-0.2303084054,1
15,921111,54411,1.0,30.0,-0.6984904833,1
15,921111,5433,2.0,30.0,-0.3423585971,1
15,921111,54321,1.0,34.0,-0.9933113408,1
15,921111,54222,1.0,36.0,-1.1613445923,1
15,921111,53331,1.0,36.0,-1.1027189460,1
15,921111,53322,1.0,38.0,-1.2706998098,1
15,921111,4443,2.0,32.0,-0.4270111306,1
15,921111,44421,1.0,36.0,-1.0798882387,1
15,921111,44331,1.0,38.0,-1.1897022355,1
15,921111,44322,1.0,40.0,-1.3580544147,1
15,921111,43332,1.0,42.0,-1.4682379478,1
15,921111,33333,1.0,44.0,-1.5789057201,1
15,9111111,87,5.0,-26.0,2.5220233232,0
15,9111111,861,4.0,-14.0,1.8953705093,0
15,9111111,852,4.0,-6.0,1.6124188082,0
15,9111111,8511,3.0,-4.0,1.3038549261,0
15,9111111,843,4.0,-2.0,1.5358220517,0
15,9111111,8421,3.0,2.0,1.0791748455,1
15,9111111,84111,2.0,4.0,0.7462939840,1
15,9111111,8331,3.0,4.0,1.0309964851,1
15,9111111,8322,3.0,6.0,0.8805888963,1
15,9111111,83211,2.0,8.0,0.4811194053,1
15,9111111,831111,1.0,10.0,0.0434980794,1
15,9111111,82221,2.0,10.0,0.3004046514,1
15,9111111,822111,1.0,12.0,-0.1410726203,1
15,9111111,771,4.0,-12.0,1.8948524996,0
15,9111111,762,4.0,-2.0,1.6117105732,0
15,9111111,7611,3.0,0.0,1.3027549122,0
15,9111111,753,4.0,4.0,1.5318976038,1
15,9111111,7521,3.0,8.0,1.0219998282,1
15,9111111,75111,2.0,10.0,0.6299504312,1
15,9111111,744,4.0,6.0,1.5100031725,1
15,9111111,7431,3.0,12.0,0.8720748893,1
15,9111111,7422,3.0,14.0,0.6776815377,1
15,9111111,74211,2.0,16.0,0.2391437939,1
15,9111111,741111,1.0,18.0,-0.2174515454,1
15,9111111,7332,3.0,16.0,0.5776296647,1
15,9111111,73311,2.0,18.0,0.1316370603,1
15,9111111,73221,2.0,20.0,-0.0603529024,1
15,9111111,732111,1.0,22.0,-0.5119766917,1
15,9111111,72222,2.0,22.0,-0.2401496677,1
15,9111111,722211,1.0,24.0,-0.6790970170,1
15,9111111,663,4.0,6.0,1.5227586619,1
15,9111111,6621,3.0,10.0,0.9844783821,1
15,9111111,66111,2.0,12.0,0.5808738380,1
15,9111111,654,4.0,10.0,1.4591997980,1
15,9111111,6531,3.0,16.0,0.7646818792,1
15,9111111,6522,3.0,18.0,0.5611254657,1
15,9111111,65211,2.0,20.0,0.1141215371,1
15,9111111,651111,1.0,22.0,-0.3466658124,1
15,9111111,6441,3.0,18.0,0.6921749448,1
15,9111111,6432,3.0,22.0,0.3785452153,1
15,9111111,64311,2.0,24.0,-0.0776116605,1
15,9111111,64221,2.0,26.0,-0.2729552428,1
15,9111111,642111,1.0,28.0,-0.7275503930,1
15,9111111,6333,3.0,24.0,0.2709816630,1
15,9111111,63321,2.0,28.0,-0.3811692270,1
15,9111111,633111,1.0,30.0,-0.8358557270,1
15,9111111,63222,2.0,30.0,-0.5625256078,1
15,9111111,632211,1.0,32.0,-1.0033348947,1
15,9111111,622221,1.0,34.0,-1.1630469162,1
15,9111111,555,4.0,12.0,1.4206189497,1
15,9111111,5541,3.0,20.0,0.6296618502,1
15,9111111,5532,3.0,24.0,0.3115566520,1
15,9111111,55311,2.0,26.0,-0.1469900071,1
15,9111111,55221,2.0,28.0,-0.3432147751,1
15,9111111,552111,1.0,30.0,-0.7985262144,1
15,9111111,5442,3.0,26.0,0.2313773409,1
15,9111111,54411,2.0,28.0,-0.2303084054,1
15,9111111,5433,3.0,28.0,0.1213331363,1
15,9111111,54321,2.0,32.0,-0.5367775730,1
15,9111111,543111,1.0,34.0,-0.9933113408,1
15,9111111,54222,2.0,34.0,-0.7193558282,1
15,9111111,542211,1.0,36.0,-1.1613445923,1
15,9111111,53331,2.0,34.0,-0.6465862957,1
15,9111111,53322,2.0,36.0,-0.8284278294,1
15,9111111,533211,1.0,38.0,-1.2706998098,1
15,9111111,532221,1.0,40.0,-1.4312465970,1
15,9111111,522222,1.0,42.0,-1.5881475603,1
15,9111111,4443,3.0,30.0,0.0390100052,1
15,9111111,44421,2.0,34.0,-0.6221319363,1
15,9111111,444111,1.0,36.0,-1.0798882387,1
15,9111111,44331,2.0,36.0,-0.7324862046,1
15,9111111,44322,2.0,38.0,-0.9149855491,1
15,9111111,443211,1.0,40.0,-1.3580544147,1
15,9111111,442221,1.0,42.0,-1.5190017079,1
15,9111111,43332,2.0,40.0,-1.0250741385,1
15,9111111,433311,1.0,42.0,-1.4682379478,1
15,9111111,433221,1.0,44.0,-1.6296728457,1
15,9111111,432222,1.0,46.0,-1.7874431740,1
15,9111111,33333,2.0,42.0,-1.1357572598,1
15,9111111,333321,1.0,46.0,-1.7407951254,1
15,9111111,333222,1.0,48.0,-1.8991433280,1
15,852,771,0.0,-6.0,0.3967078683,0
15,8511,843,1.0,2.0,0.2618541066,1
15,8511,771,1.0,-8.0,0.6461434869,0
15,8511,762,1.0,2.0,0.3095348567,1
15,8511,753,1.0,8.0,0.0880982503,1
15,8511,744,1.0,10.0,0.0060439375,1
15,8511,663,1.0,10.0,0.0290222051,1
15,8511,654,1.0,14.0,-0.1234124951,1
15,8511,555,1.0,16.0,-0.1936251426,1
15,843,771,0.0,-10.0,0.5956758545,0
15,843,762,0.0,0.0,0.1559200296,0
15,843,7611,-1.0,2.0,-0.2947893194,0
15,8421,771,1.0,-14.0,1.0016133317,0
15,8421,762,1.0,-4.0,0.5979485485,0
15,8421,7611,0.0,-2.0,0.3247980184,0
15,8421,753,1.0,2.0,0.4554276165,1
15,8421,744,1.0,4.0,0.4052867454,1
15,8421,663,1.0,4.0,0.4274918913,1
15,8421,654,1.0,8.0,0.3004813308,1
15,8421,555,1.0,10.0,0.2371196445,1
15,84111,8331,1.0,0.0,0.2963641297,0
15,84111,8322,1.0,2.0,0.1650962756,1
15,84111,771,2.0,-16.0,1.2582131948,0
15,84111,762,2.0,-6.0,0.8836852660,0
15,84111,7611,1.0,-4.0,0.5979485485,0
15,84111,753,2.0,0.0,0.7735412778,0
15,84111,7521,1.0,4.0,0.2658501014,1
15,84111,744,2.0,2.0,0.7598720532,1
15,84111,7431,1.0,8.0,0.0880982503,1
15,84111,7422,1.0,10.0,-0.0994118256,1
15,84111,7332,1.0,12.0,-0.2082114605,1
15,84111,663,2.0,2.0,0.7724454395,1
15,84111,6621,1.0,6.0,0.2147487842,1
15,84111,654,2.0,6.0,0.7079069939,1
15,84111,6531,1.0,12.0,-0.0399867799,1
15,84111,6522,1.0,14.0,-0.2294702451,1
15,84111,6441,1.0,14.0,-0.1234124951,1
15,84111,6432,1.0,18.0,-0.4242152160,1
15,84111,6333,1.0,20.0,-0.5347796594,1
15,84111,555,2.0,8.0,0.6601982162,1
15,84111,5541,1.0,16.0,-0.1936251426,1
15,84111,5532,1.0,20.0,-0.4952559921,1
15,84111,5442,1.0,22.0,-0.5820259113,1
15,84111,5433,1.0,24.0,-0.6929596728,1
15,84111,4443,1.0,26.0,-0.7803716262,1
15,8331,771,1.0,-16.0,1.1159407604,0
15,8331,762,1.0,-6.0,0.7028566675,0
15,8331,7611,0.0,-4.0,0.4356407048,0
15,8331,753,1.0,0.0,0.5350039710,0
15,8331,7521,0.0,4.0,-0.0141127380,1
15,8331,75111,-1.0,6.0,-0.2964705381,0
15,8331,744,1.0,2.0,0.5024241602,1
15,8331,663,1.0,2.0,0.5308791688,1
15,8331,6621,0.0,6.0,-0.0748808585,1
15,8331,66111,-1.0,8.0,-0.3071325181,0
15,8331,654,1.0,6.0,0.4285935547,1
15,8331,555,1.0,8.0,0.3709251754,1
15,8322,771,1.0,-18.0,1.2819677665,0
15,8322,762,1.0,-8.0,0.8724355479,0
15,8322,7611,0.0,-6.0,0.6040934473,0
15,8322,753,1.0,-2.0,0.7000176070,0
15,8322,7521,0.0,2.0,0.2286450323,1
15,8322,75111,-1.0,4.0,-0.2278960418,0
15,8322,744,1.0,0.0,0.6650875763,0
15,8322,7431,0.0,6.0,-0.0167081545,1
15,8322,663,1.0,0.0,0.6972984957,0
15,8322,6621,0.0,4.0,0.1841526602,1
15,8322,66111,-1.0,6.0,-0.2278961760,0
15,8322,654,1.0,4.0,0.6386077329,1
15,8322,6531,0.0,10.0,-0.1469287367,1
15,8322,6441,0.0,12.0,-0.2409526808,1
15,8322,555,1.0,6.0,0.5969041897,1
15,8322,5541,0.0,14.0,-0.3123936189,1
15,83211,771,2.0,-20.0,1.5380989909,0
15,83211,762,2.0,-10.0,1.1503091414,0
15,83211,7611,1.0,-8.0,0.8724355479,0
15,83211,753,2.0,-4.0,0.9992019363,0
15,83211,7521,1.0,0.0,0.5350039710,0
15,83211,75111,0.0,2.0,0.2286450323,1
15,83211,744,2.0,-2.0,0.9709457487,0
15,83211,7431,1.0,4.0,0.4052867454,1
15,83211,7422,1.0,6.0,0.1959001723,1
15,83211,7332,1.0,8.0,0.0880982503,1
15,83211,663,2.0,-2.0,0.9976560446,0
15,83211,6621,1.0,2.0,0.5308791688,1
15,83211,66111,0.0,4.0,0.1841526602,1
15,83211,654,2.0,2.0,0.9646372599,1
15,83211,6531,1.0,8.0,0.3004813308,1
15,83211,6522,1.0,10.0,0.0730860593,1
15,83211,6441,1.0,10.0,0.2196387581,1
15,83211,6432,1.0,14.0,-0.1234124951,1
15,83211,6333,1.0,16.0,-0.2360925866,1
15,83211,555,2.0,4.0,0.9516339005,1
15,83211,5541,1.0,12.0,0.1533885152,1
15,83211,5532,1.0,16.0,-0.1936251426,1
15,83211,5442,1.0,18.0,-0.2786587563,1
15,83211,5433,1.0,20.0,-0.3927482132,1
15,83211,4443,1.0,22.0,-0.4791107191,1
15,831111,82221,1.0,0.0,0.2332239775,0
15,831111,771,3.0,-22.0,1.8024646023,0
15,831111,762,3.0,-12.0,1.4362767373,0
15,831111,7611,2.0,-10.0,1.1503091414,0
15,831111,753,3.0,-6.0,1.3038629472,0
15,831111,7521,2.0,-2.0,0.8385473763,0
15,831111,75111,1.0,0.0,0.5350039710,0
15,831111,744,3.0,-4.0,1.2804751693,0
15,831111,7431,2.0,2.0,0.7598720532,1
15,831111,7422,2.0,4.0,0.6049200114,1
15,831111,74211,1.0,6.0,0.1959001723,1
15,831111,7332,2.0,6.0,0.5233559276,1
15,831111,73311,1.0,8.0,0.0880982503,1
15,831111,73221,1.0,10.0,-0.0994118256,1
15,831111,72222,1.0,12.0,-0.2705679106,1
15,831111,663,3.0,-4.0,1.3028683220,0
15,831111,6621,2.0,0.0,0.8375682244,0
15,831111,66111,1.0,2.0,0.5308791688,1
15,831111,654,3.0,0.0,1.2759433359,0
15,831111,6531,2.0,6.0,0.7079069939,1
15,831111,6522,2.0,8.0,0.5115499145,1
15,831111,65211,1.0,10.0,0.0730860593,1
15,831111,6441,2.0,8.0,0.6470694739,1
15,831111,6432,2.0,12.0,0.3350062987,1
15,831111,64311,1.0,14.0,-0.1234124951,1
15,831111,64221,1.0,16.0,-0.3148969891,1
15,831111,6333,2.0,14.0,0.2274261232,1
15,831111,63321,1.0,18.0,-0.4242152160,1
15,831111,63222,1.0,20.0,-0.5961357667,1
15,831111,555,3.0,2.0,1.2722899017,1
15,831111,5541,2.0,10.0,0.5914277381,1
15,831111,5532,2.0,14.0,0.2685904343,1
15,831111,55311,1.0,16.0,-0.1936251426,1
15,831111,55221,1.0,18.0,-0.3858752253,1
15,831111,5442,2.0,16.0,0.1882195369,1
15,831111,54411,1.0,18.0,-0.2786587563,1
15,831111,5433,2.0,18.0,0.0765480587,1
15,831111,54321,1.0,22.0,-0.5820259113,1
15,831111,54222,1.0,24.0,-0.7543743748,1
15,831111,53331,1.0,24.0,-0.6929596728,1
15,831111,53322,1.0,26.0,-0.8654249119,1
15,831111,4443,2.0,20.0,-0.0070466624,1
15,831111,44421,1.0,24.0,-0.6690410229,1
15,831111,44331,1.0,26.0,-0.7803716262,1
15,831111,44322,1.0,28.0,-0.9532742996,1
15,831111,43332,1.0,30.0,-1.0651743815,1
15,831111,33333,1.0,32.0,-1.1775673464,1
15,82221,771,2.0,-22.0,1.7064392084,0
15,82221,762,2.0,-12.0,1.3196917152,0
15,82221,7611,1.0,-10.0,1.0420171193,0
15,82221,753,2.0,-6.0,1.1626701751,0
15,82221,7521,1.0,-2.0,0.7000176070,0
15,82221,75111,0.0,0.0,0.4081344270,0
15,82221,744,2.0,-4.0,1.1301122706,0
15,82221,7431,1.0,2.0,0.5901411028,1
15,82221,7422,1.0,4.0,0.4052867454,1
15,82221,74211,0.0,6.0,-0.0167081545,1
15,82221,741111,-1.0,8.0,-0.3082205960,0
15,82221,7332,1.0,6.0,0.2963112731,1
15,82221,73311,0.0,8.0,-0.1591714261,1
15,82221,663,2.0,-4.0,1.1605141589,0
15,82221,6621,1.0,0.0,0.6972984957,0
15,82221,66111,0.0,2.0,0.3992138160,1
15,82221,654,2.0,0.0,1.1219957343,0
15,82221,6531,1.0,6.0,0.5248378519,1
15,82221,6522,1.0,8.0,0.3004813308,1
15,82221,65211,0.0,10.0,-0.1469287367,1
15,82221,651111,-1.0,12.0,-0.4368393850,0
15,82221,6441,1.0,8.0,0.4512598325,1
15,82221,6432,1.0,12.0,0.0947612544,1
15,82221,64311,0.0,14.0,-0.3786829877,1
15,82221,6333,1.0,14.0,-0.0255672957,1
15,82221,555,2.0,2.0,1.1158384078,1
15,82221,5541,1.0,10.0,0.3907509671,1
15,82221,5532,1.0,14.0,0.0263281056,1
15,82221,55311,0.0,16.0,-0.4498691264,1
15,82221,5442,1.0,16.0,-0.0585214177,1
15,82221,54411,0.0,18.0,-0.5388222593,1
15,82221,5433,1.0,18.0,-0.1806668844,1
15,82221,4443,1.0,20.0,-0.2666938305,1
15,822111,771,3.0,-24.0,1.9718078334,0
15,822111,762,3.0,-14.0,1.6044987119,0
15,822111,7611,2.0,-12.0,1.3196917152,0
15,822111,753,3.0,-8.0,1.4639454431,0
15,822111,7521,2.0,-4.0,0.9992019363,0
15,822111,75111,1.0,-2.0,0.7000176070,0
15,822111,744,3.0,-6.0,1.4362232108,0
15,822111,7431,2.0,0.0,0.9049667533,0
15,822111,7422,2.0,2.0,0.7598720532,1
15,822111,74211,1.0,4.0,0.4052867454,1
15,822111,741111,0.0,6.0,-0.0167081545,1
15,822111,7332,2.0,4.0,0.6969106708,1
15,822111,73311,1.0,6.0,0.2963112731,1
15,822111,73221,1.0,8.0,0.0880982503,1
15,822111,72222,1.0,10.0,-0.0994118256,1
15,822111,663,3.0,-6.0,1.4625500252,0
15,822111,6621,2.0,-2.0,0.9976560446,0
15,822111,66111,1.0,0.0,0.6972984957,0
15,822111,654,3.0,-2.0,1.4299494774,0
15,822111,6531,2.0,4.0,0.8906547423,1
15,822111,6522,2.0,6.0,0.7079069939,1
15,822111,65211,1.0,8.0,0.3004813308,1
15,822111,651111,0.0,10.0,-0.1469287367,1
15,822111,6441,2.0,6.0,0.8458524294,1
15,822111,6432,2.0,10.0,0.5403484030,1
15,822111,64311,1.0,12.0,0.0947612544,1
15,822111,64221,1.0,14.0,-0.1234124951,1
15,822111,6333,2.0,12.0,0.4317381520,1
15,822111,63321,1.0,16.0,-0.2360925866,1
15,822111,63222,1.0,18.0,-0.4242152160,1
15,822111,555,3.0,0.0,1.4250765078,0
15,822111,5541,2.0,8.0,0.8021267524,1
15,822111,5532,2.0,12.0,0.4787698335,1
15,822111,55311,1.0,14.0,0.0263281056,1
15,822111,55221,1.0,16.0,-0.1936251426,1
15,822111,5442,2.0,14.0,0.4014303853,1
15,822111,54411,1.0,16.0,-0.0585214177,1
15,822111,5433,2.0,16.0,0.2864298590,1
15,822111,54321,1.0,20.0,-0.3927482132,1
15,822111,54222,1.0,22.0,-0.5820259113,1
15,822111,53331,1.0,22.0,-0.5062072555,1
15,822111,53322,1.0,24.0,-0.6929596728,1
15,822111,4443,2.0,18.0,0.2046169405,1
15,822111,44421,1.0,22.0,-0.4791107191,1
15,822111,44331,1.0,24.0,-0.5930613316,1
15,822111,44322,1.0,26.0,-0.7803716262,1
15,822111,43332,1.0,28.0,-0.8923220262,1
15,822111,33333,1.0,30.0,-1.0047112983,1
15,8211111,771,4.0,-26.0,2.2439126320,0
15,8211111,762,4.0,-16.0,1.8954396741,0
15,8211111,7611,3.0,-14.0,1.6044987119,0
15,8211111,753,4.0,-10.0,1.7691785180,0
15,8211111,7521,3.0,-6.0,1.3038629472,0
15,8211111,75111,2.0,-4.0,0.9992019363,0
15,8211111,744,4.0,-8.0,1.7451927011,0
15,8211111,7431,3.0,-2.0,1.2197062645,0
15,8211111,7422,3.0,0.0,1.0793571355,0
15,8211111,74211,2.0,2.0,0.7598720532,1
15,8211111,741111,1.0,4.0,0.4052867454,1
15,8211111,7332,3.0,2.0,1.0396305794,1
15,8211111,73311,2.0,4.0,0.6969106708,1
15,8211111,73221,2.0,6.0,0.5233559276,1
15,8211111,732111,1.0,8.0,0.0880982503,1
15,8211111,72222,2.0,8.0,0.3453678574,1
15,8211111,722211,1.0,10.0,-0.0994118256,1
15,8211111,663,4.0,-8.0,1.7681838929,0
15,8211111,6621,3.0,-4.0,1.3028683220,0
15,8211111,66111,2.0,-2.0,0.9976560446,0
15,8211111,654,4.0,-4.0,1.7401754681,0
15,8211111,6531,3.0,2.0,1.2170862781,1
15,8211111,6522,3.0,4.0,1.0698173209,1
15,8211111,65211,2.0,6.0,0.7079069939,1
15,8211111,651111,1.0,8.0,0.3004813308,1
15,8211111,6441,3.0,4.0,1.1985905617,1
15,8211111,6432,3.0,8.0,0.9529493047,1
15,8211111,64311,2.0,10.0,0.5403484030,1
15,8211111,64221,2.0,12.0,0.3350062987,1
15,8211111,642111,1.0,14.0,-0.1234124951,1
15,8211111,6333,3.0,10.0,0.8618033729,1
15,8211111,63321,2.0,14.0,0.2274261232,1
15,8211111,633111,1.0,16.0,-0.2360925866,1
15,8211111,63222,2.0,16.0,0.0335205746,1
15,8211111,632211,1.0,18.0,-0.4242152160,1
15,8211111,622221,1.0,20.0,-0.5961357667,1
15,8211111,555,4.0,-2.0,1.7361430546,0
15,8211111,5541,3.0,6.0,1.1772332227,1
15,8211111,5532,3.0,10.0,0.9034404732,1
15,8211111,55311,2.0,12.0,0.4787698335,1
15,8211111,55221,2.0,14.0,0.2685904343,1
15,8211111,552111,1.0,16.0,-0.1936251426,1
15,8211111,5442,3.0,12.0,0.8375536874,1
15,8211111,54411,2.0,14.0,0.4014303853,1
15,8211111,5433,3.0,14.0,0.7334806268,1
15,8211111,54321,2.0,18.0,0.0765480587,1
15,8211111,543111,1.0,20.0,-0.3927482132,1
15,8211111,54222,2.0,20.0,-0.1210517237,1
15,8211111,542211,1.0,22.0,-0.5820259113,1
15,8211111,53331,2.0,20.0,-0.0353466212,1
15,8211111,53322,2.0,22.0,-0.2312482242,1
15,8211111,533211,1.0,24.0,-0.6929596728,1
15,8211111,532221,1.0,26.0,-0.8654249119,1
15,8211111,522222,1.0,28.0,-1.0303339380,1
15,8211111,4443,3.0,16.0,0.6584662728,1
15,8211111,44421,2.0,20.0,-0.0070466624,1
15,8211111,444111,1.0,22.0,-0.4791107191,1
15,8211111,44331,2.0,22.0,-0.1200890432,1
15,8211111,44322,2.0,24.0,-0.3171533768,1
15,8211111,443211,1.0,26.0,-0.7803716262,1
15,8211111,442221,1.0,28.0,-0.9532742996,1
15,8211111,43332,2.0,26.0,-0.4289317538,1
15,8211111,433311,1.0,28.0,-0.8923220262,1
15,8211111,433221,1.0,30.0,-1.0651743815,1
15,8211111,432222,1.0,32.0,-1.2309266412,1
15,8211111,33333,2.0,28.0,-0.5413121886,1
15,8211111,333321,1.0,32.0,-1.1775673464,1
15,8211111,333222,1.0,34.0,-1.3438465694,1
15,81111111,771,5.0,-28.0,2.5223017755,0
15,81111111,762,5.0,-18.0,2.1916706338,0
15,81111111,7611,4.0,-16.0,1.8954396741,0
15,81111111,753,5.0,-12.0,2.0773409314,0
15,81111111,7521,4.0,-8.0,1.6124228919,0
15,81111111,75111,3.0,-6.0,1.3038629472,0
15,81111111,744,5.0,-10.0,2.0562921972,0
15,81111111,7431,4.0,-4.0,1.5358226944,0
15,81111111,7422,4.0,-2.0,1.3980688803,0
15,81111111,74211,3.0,0.0,1.0793571355,0
15,81111111,741111,2.0,2.0,0.7598720532,1
15,81111111,7332,4.0,0.0,1.3596465889,0
15,81111111,73311,3.0,2.0,1.0396305794,1
15,81111111,73221,3.0,4.0,0.9083153167,1
15,81111111,732111,2.0,6.0,0.5233559276,1
15,81111111,7311111,1.0,8.0,0.0880982503,1
15,81111111,72222,3.0,6.0,0.7605341516,1
15,81111111,722211,2.0,8.0,0.3453678574,1
15,81111111,7221111,1.0,10.0,-0.0994118256,1
15,81111111,663,5.0,-10.0,2.0766461707,0
15,81111111,6621,4.0,-6.0,1.6117751721,0
15,81111111,66111,3.0,-4.0,1.3028683220,0
15,81111111,654,5.0,-6.0,2.0521438408,0
15,81111111,6531,4.0,0.0,1.5336697195,0
15,81111111,6522,4.0,2.0,1.3968448585,1
15,81111111,65211,3.0,4.0,1.0698173209,1
15,81111111,651111,2.0,6.0,0.7079069939,1
15,81111111,6441,4.0,2.0,1.5221748868,1
15,81111111,6432,4.0,6.0,1.3287335871,1
15,81111111,64311,3.0,8.0,0.9529493047,1
15,81111111,64221,3.0,10.0,0.7683868537,1
15,81111111,642111,2.0,12.0,0.3350062987,1
15,81111111,6411111,1.0,14.0,-0.1234124951,1
15,81111111,6333,4.0,8.0,1.2601761085,1
15,81111111,63321,3.0,12.0,0.6720159511,1
15,81111111,633111,2.0,14.0,0.2274261232,1
15,81111111,63222,3.0,14.0,0.4842768789,1
15,81111111,632211,2.0,16.0,0.0335205746,1
15,81111111,6321111,1.0,18.0,-0.4242152160,1
15,81111111,622221,2.0,18.0,-0.1496030263,1
15,81111111,6222111,1.0,20.0,-0.5961357667,1
15,81111111,555,5.0,-4.0,2.0487147088,0
15,81111111,5541,4.0,4.0,1.5178482011,1
15,81111111,5532,4.0,8.0,1.2966324345,1
15,81111111,55311,3.0,10.0,0.9034404732,1
15,81111111,55221,3.0,12.0,0.7098358350,1
15,81111111,552111,2.0,14.0,0.2685904343,1
15,81111111,5511111,1.0,16.0,-0.1936251426,1
15,81111111,5442,4.0,10.0,1.2465292964,1
15,81111111,54411,3.0,12.0,0.8375536874,1
15,81111111,5433,4.0,12.0,1.1572116804,1
15,81111111,54321,3.0,16.0,0.5325305603,1
15,81111111,543111,2.0,18.0,0.0765480587,1
15,81111111,54222,3.0,18.0,0.3371583691,1
15,81111111,542211,2.0,20.0,-0.1210517237,1
15,81111111,5421111,1.0,22.0,-0.5820259113,1
15,81111111,53331,3.0,18.0,0.4256780899,1
15,81111111,53322,3.0,20.0,0.2302088167,1
15,81111111,533211,2.0,22.0,-0.2312482242,1
15,81111111,5331111,1.0,24.0,-0.6929596728,1
15,81111111,532221,2.0,24.0,-0.4164284426,1
15,81111111,5322111,1.0,26.0,-0.8654249119,1
15,81111111,522222,2.0,26.0,-0.5936174769,1
15,81111111,5222211,1.0,28.0,-1.0303339380,1
15,81111111,4443,4.0,14.0,1.0919508751,1
15,81111111,44421,3.0,18.0,0.4538200651,1
15,81111111,444111,2.0,20.0,-0.0070466624,1
15,81111111,44331,3.0,20.0,0.3447491525,1
15,81111111,44322,3.0,22.0,0.1470762144,1
15,81111111,443211,2.0,24.0,-0.3171533768,1
15,81111111,4431111,1.0,26.0,-0.7803716262,1
15,81111111,442221,2.0,26.0,-0.5032764152,1
15,81111111,4422111,1.0,28.0,-0.9532742996,1
15,81111111,43332,3.0,24.0,0.0373077144,1
15,81111111,433311,2.0,26.0,-0.4289317538,1
15,81111111,433221,2.0,28.0,-0.6146329045,1
15,81111111,4332111,1.0,30.0,-1.0651743815,1
15,81111111,432222,2.0,30.0,-0.7928184228,1
15,81111111,4322211,1.0,32.0,-1.2309266412,1
15,81111111,4222221,1.0,34.0,-1.3931247754,1
15,81111111,33333,3.0,26.0,-0.0734906933,1
15,81111111,333321,2.0,30.0,-0.7267072211,1
15,81111111,3333111,1.0,32.0,-1.1775673464,1
15,81111111,333222,2.0,32.0,-0.9051456443,1
15,81111111,3332211,1.0,34.0,-1.3438465694,1
15,81111111,3322221,1.0,36.0,-1.5066660416,1
15,81111111,3222222,1.0,38.0,-1.6677915513,1
15,7611,753,1.0,4.0,0.1980674677,1
15,7611,744,1.0,6.0,0.1163654324,1
15,7611,663,1.0,6.0,0.1393278729,1
15,7611,654,1.0,10.0,-0.0134051055,1
15,7611,555,1.0,12.0,-0.0839107322,1
15,7521,744,1.0,-2.0,0.4461649867,0
15,7521,663,1.0,-2.0,0.4644138212,0
15,7521,654,1.0,2.0,0.4365234693,1
15,7521,555,1.0,4.0,0.3966581618,1
15,75111,744,2.0,-4.0,0.7628170019,0
15,75111,7431,1.0,2.0,0.2618541066,1
15,75111,7422,1.0,4.0,0.0789990017,1
15,75111,7332,1.0,6.0,-0.0350069516,1
15,75111,663,2.0,-4.0,0.7761748647,0
15,75111,6621,1.0,0.0,0.3195078575,0
15,75111,654,2.0,0.0,0.7611066176,0
15,75111,6531,1.0,6.0,0.1393278729,1
15,75111,6522,1.0,8.0,-0.0504657607,1
15,75111,6441,1.0,8.0,0.0568334750,1
15,75111,6432,1.0,12.0,-0.2491399562,1
15,75111,6333,1.0,14.0,-0.3626555411,1
15,75111,555,2.0,2.0,0.7579862252,1
15,75111,5541,1.0,10.0,-0.0134051055,1
15,75111,5532,1.0,14.0,-0.3198445664,1
15,75111,5442,1.0,16.0,-0.4075030840,1
15,75111,5433,1.0,18.0,-0.5208155568,1
15,75111,4443,1.0,20.0,-0.6088406459,1
15,744,663,0.0,0.0,0.0514803089,0
15,744,6621,-1.0,4.0,-0.4464280713,0
15,744,66111,-2.0,6.0,-0.7629815853,0
15,7431,663,1.0,-6.0,0.6001821798,0
15,7431,6621,0.0,-2.0,0.1642403128,0
15,7431,66111,-1.0,0.0,-0.2947892265,0
15,7431,654,1.0,-2.0,0.5352857086,0
15,7431,555,1.0,0.0,0.5262023608,0
15,7422,663,1.0,-8.0,0.7698128161,0
15,7422,6621,0.0,-4.0,0.3314512308,0
15,7422,66111,-1.0,-2.0,-0.1350861600,1
15,7422,654,1.0,-4.0,0.7004471094,0
15,7422,6531,0.0,2.0,0.1266198670,1
15,7422,6441,0.0,4.0,0.0344288622,1
15,7422,555,1.0,-2.0,0.6887643542,0
15,7422,5541,0.0,6.0,-0.0362144387,1
15,74211,7332,1.0,0.0,0.2963641297,0
15,74211,663,2.0,-10.0,1.0525441053,0
15,74211,6621,1.0,-6.0,0.6001821798,0
15,74211,66111,0.0,-4.0,0.3314512308,0
15,74211,654,2.0,-6.0,0.9994178653,0
15,74211,6531,1.0,0.0,0.4597171453,0
15,74211,6522,1.0,2.0,0.3051380352,1
15,74211,6441,1.0,2.0,0.4365234693,1
15,74211,6432,1.0,6.0,0.1393278729,1
15,74211,6333,1.0,8.0,0.0289841685,1
15,74211,555,2.0,-4.0,0.9912711778,0
15,74211,5541,1.0,4.0,0.3966581618,1
15,74211,5532,1.0,8.0,0.0704654623,1
15,74211,5442,1.0,10.0,-0.0134051055,1
15,74211,5433,1.0,12.0,-0.1276951419,1
15,74211,4443,1.0,14.0,-0.2143608169,1
15,741111,7332,2.0,-2.0,0.6116884279,0
15,741111,73311,1.0,0.0,0.2963641297,0
15,741111,73221,1.0,2.0,0.1650962756,1
15,741111,72222,1.0,4.0,-0.0166184606,1
15,741111,663,3.0,-12.0,1.3449523796,0
15,741111,6621,2.0,-8.0,0.8844069162,0
15,741111,66111,1.0,-6.0,0.6001821798,0
15,741111,654,3.0,-8.0,1.3039683360,0
15,741111,6531,2.0,-2.0,0.7735605176,0
15,741111,6522,2.0,0.0,0.6384610452,0
15,741111,65211,1.0,2.0,0.3051380352,1
15,741111,6441,2.0,0.0,0.7611066176,0
15,741111,6432,2.0,4.0,0.5663058659,1
15,741111,64311,1.0,6.0,0.1393278729,1
15,741111,64221,1.0,8.0,-0.0504657607,1
15,741111,6333,2.0,6.0,0.4789758969,1
15,741111,63321,1.0,10.0,-0.1615215334,1
15,741111,63222,1.0,12.0,-0.3391911429,1
15,741111,555,3.0,-6.0,1.2980734919,0
15,741111,5541,2.0,2.0,0.7579862252,1
15,741111,5532,2.0,6.0,0.5133976761,1
15,741111,55311,1.0,8.0,0.0704654623,1
15,741111,55221,1.0,10.0,-0.1214883121,1
15,741111,5442,2.0,8.0,0.4426134842,1
15,741111,54411,1.0,10.0,-0.0134051055,1
15,741111,5433,2.0,10.0,0.3375448223,1
15,741111,54321,1.0,14.0,-0.3198445664,1
15,741111,54222,1.0,16.0,-0.4967262223,1
15,741111,53331,1.0,16.0,-0.4328327104,1
15,741111,53322,1.0,18.0,-0.6101898919,1
15,741111,4443,2.0,12.0,0.2563809732,1
15,741111,44421,1.0,16.0,-0.4075030840,1
15,741111,44331,1.0,18.0,-0.5208155568,1
15,741111,44322,1.0,20.0,-0.6983003124,1
15,741111,43332,1.0,22.0,-0.8123591481,1
15,741111,33333,1.0,24.0,-0.9268021157,1
15,7332,663,1.0,-10.0,0.8761087780,0
15,7332,6621,0.0,-6.0,0.4445947477,0
15,7332,66111,-1.0,-4.0,-0.0165876995,1
15,7332,654,1.0,-6.0,0.7936742301,0
15,7332,6531,0.0,0.0,0.2407538923,0
15,7332,6522,0.0,2.0,0.0364548221,1
15,7332,65211,-1.0,4.0,-0.2964704232,0
15,7332,651111,-2.0,6.0,-0.6119004246,0
15,7332,6441,0.0,2.0,0.1813923685,1
15,7332,555,1.0,-4.0,0.7768093005,0
15,7332,5541,0.0,4.0,0.1187822130,1
15,73311,663,2.0,-12.0,1.1520720807,0
15,73311,6621,1.0,-8.0,0.7066478047,0
15,73311,66111,0.0,-6.0,0.4445947477,0
15,73311,654,2.0,-8.0,1.0852006053,0
15,73311,6531,1.0,-2.0,0.5352857086,0
15,73311,6522,1.0,0.0,0.3733371943,0
15,73311,65211,0.0,2.0,0.0364548221,1
15,73311,651111,-1.0,4.0,-0.2964704232,0
15,73311,6441,1.0,0.0,0.5057560137,0
15,73311,6432,1.0,4.0,0.2450144948,1
15,73311,6333,1.0,6.0,0.1393278729,1
15,73311,555,2.0,-6.0,1.0727986015,0
15,73311,5541,1.0,2.0,0.4962626308,1
15,73311,5532,1.0,6.0,0.1820129734,1
15,73311,5442,1.0,8.0,0.1015788206,1
15,73311,5433,1.0,10.0,-0.0134051055,1
15,73311,4443,1.0,12.0,-0.0988004648,1
15,73221,663,2.0,-14.0,1.3215688167,0
15,73221,6621,1.0,-10.0,0.8761087780,0
15,73221,66111,0.0,-8.0,0.6117354103,0
15,73221,654,2.0,-10.0,1.2519292596,0
15,73221,6531,1.0,-4.0,0.7004471094,0
15,73221,6522,1.0,-2.0,0.5352857086,0
15,73221,65211,0.0,0.0,0.2407538923,0
15,73221,651111,-1.0,2.0,-0.2278960399,0
15,73221,6441,1.0,-2.0,0.6652685265,0
15,73221,6432,1.0,2.0,0.4365234693,1
15,73221,64311,0.0,4.0,0.0344288622,1
15,73221,6333,1.0,4.0,0.3433612354,1
15,73221,555,2.0,-8.0,1.2379686774,0
15,73221,5541,1.0,0.0,0.6578284361,0
15,73221,5532,1.0,4.0,0.3966581618,1
15,73221,55311,0.0,6.0,-0.0362144387,1
15,73221,5442,1.0,6.0,0.3249847840,1
15,73221,54411,0.0,8.0,-0.1307472425,1
15,73221,5433,1.0,8.0,0.2044791644,1
15,73221,4443,1.0,10.0,0.1213574284,1
15,732111,72222,1.0,0.0,0.2332239775,0
15,732111,663,3.0,-16.0,1.6054772975,0
15,732111,6621,2.0,-12.0,1.1520720807,0
15,732111,66111,1.0,-10.0,0.8761087780,0
15,732111,654,3.0,-12.0,1.5472469794,0
15,732111,6531,2.0,-6.0,0.9994178653,0
15,732111,6522,2.0,-4.0,0.8386527651,0
15,732111,65211,1.0,-2.0,0.5352857086,0
15,732111,651111,0.0,0.0,0.2407538923,0
15,732111,6441,2.0,-4.0,0.9710334757,0
15,732111,6432,2.0,0.0,0.7611066176,0
15,732111,64311,1.0,2.0,0.4365234693,1
15,732111,64221,1.0,4.0,0.2450144948,1
15,732111,6333,2.0,2.0,0.7178016575,1
15,732111,63321,1.0,6.0,0.1393278729,1
15,732111,63222,1.0,8.0,-0.0504657607,1
15,732111,555,3.0,-10.0,1.5363965919,0
15,732111,5541,2.0,-2.0,0.9656412542,0
15,732111,5532,2.0,2.0,0.7579862252,1
15,732111,55311,1.0,4.0,0.3966581618,1
15,732111,55221,1.0,6.0,0.1820129734,1
15,732111,5442,2.0,4.0,0.7262399939,1
15,732111,54411,1.0,6.0,0.3249847840,1
15,732111,5433,2.0,6.0,0.6375774691,1
15,732111,54321,1.0,10.0,-0.0134051055,1
15,732111,54222,1.0,12.0,-0.2080622496,1
15,732111,53331,1.0,12.0,-0.1276951419,1
15,732111,53322,1.0,14.0,-0.3198445664,1
15,732111,4443,2.0,8.0,0.5703210233,1
15,732111,44421,1.0,12.0,-0.0988004648,1
15,732111,44331,1.0,14.0,-0.2143608169,1
15,732111,44322,1.0,16.0,-0.4075030840,1
15,732111,43332,1.0,18.0,-0.5208155568,1
15,732111,33333,1.0,20.0,-0.6347979694,1
15,7311111,72222,2.0,-2.0,0.5358060914,0
15,7311111,722211,1.0,0.0,0.2332239775,0
15,7311111,663,4.0,-18.0,1.8960378105,0
15,7311111,6621,3.0,-14.0,1.4371287958,0
15,7311111,66111,2.0,-12.0,1.1520720807,0
15,7311111,654,4.0,-14.0,1.8470748115,0
15,7311111,6531,3.0,-8.0,1.3039683360,0
15,7311111,6522,3.0,-6.0,1.1477960350,0
15,7311111,65211,2.0,-4.0,0.8386527651,0
15,7311111,651111,1.0,-2.0,0.5352857086,0
15,7311111,6441,3.0,-6.0,1.2805253234,0
15,7311111,6432,3.0,-2.0,1.0793630131,0
15,7311111,64311,2.0,0.0,0.7611066176,0
15,7311111,64221,2.0,2.0,0.6294034896,1
15,7311111,642111,1.0,4.0,0.2450144948,1
15,7311111,6333,3.0,0.0,1.0400959935,0
15,7311111,63321,2.0,4.0,0.5663058659,1
15,7311111,633111,1.0,6.0,0.1393278729,1
15,7311111,63222,2.0,6.0,0.3959489475,1
15,7311111,632211,1.0,8.0,-0.0504657607,1
15,7311111,622221,1.0,10.0,-0.2260458009,1
15,7311111,555,4.0,-12.0,1.8384488806,0
15,7311111,5541,3.0,-4.0,1.2764674204,0
15,7311111,5532,3.0,0.0,1.0781419787,0
15,7311111,55311,2.0,2.0,0.7579862252,1
15,7311111,55221,2.0,4.0,0.5995221410,1
15,7311111,552111,1.0,6.0,0.1820129734,1
15,7311111,5442,3.0,2.0,1.0692088089,1
15,7311111,54411,2.0,4.0,0.7262399939,1
15,7311111,5433,3.0,4.0,1.0190433985,1
15,7311111,54321,2.0,8.0,0.4426134842,1
15,7311111,543111,1.0,10.0,-0.0134051055,1
15,7311111,54222,2.0,10.0,0.2505917236,1
15,7311111,542211,1.0,12.0,-0.2080622496,1
15,7311111,53331,2.0,10.0,0.3375448223,1
15,7311111,53322,2.0,12.0,0.1434514745,1
15,7311111,533211,1.0,14.0,-0.3198445664,1
15,7311111,532221,1.0,16.0,-0.4967262223,1
15,7311111,522222,1.0,18.0,-0.6664155249,1
15,7311111,4443,3.0,6.0,0.9782204584,1
15,7311111,44421,2.0,10.0,0.3658251538,1
15,7311111,444111,1.0,12.0,-0.0988004648,1
15,7311111,44331,2.0,12.0,0.2563809732,1
15,7311111,44322,2.0,14.0,0.0587855027,1
15,7311111,443211,1.0,16.0,-0.4075030840,1
15,7311111,442221,1.0,18.0,-0.5848267905,1
15,7311111,43332,2.0,16.0,-0.0525762974,1
15,7311111,433311,1.0,18.0,-0.5208155568,1
15,7311111,433221,1.0,20.0,-0.6983003124,1
15,7311111,432222,1.0,22.0,-0.8686230862,1
15,7311111,33333,2.0,18.0,-0.1653189544,1
15,7311111,333321,1.0,22.0,-0.8123591481,1
15,7311111,333222,1.0,24.0,-0.9831973101,1
15,72222,663,2.0,-16.0,1.4910854032,0
15,72222,6621,1.0,-12.0,1.0455910315,0
15,72222,66111,0.0,-10.0,0.7796032831,0
15,72222,654,2.0,-12.0,1.4193050476,0
15,72222,6531,1.0,-6.0,0.8670739217,0
15,72222,6522,1.0,-4.0,0.7004471094,0
15,72222,65211,0.0,-2.0,0.4092616233,0
15,72222,651111,-1.0,0.0,-0.0599630158,1
15,72222,6441,1.0,-4.0,0.8280398085,0
15,72222,6432,1.0,0.0,0.5924295871,0
15,72222,64311,0.0,2.0,0.2701856195,1
15,72222,64221,0.0,4.0,0.0344288622,1
15,72222,642111,-1.0,6.0,-0.2650052240,0
15,72222,6411111,-2.0,8.0,-0.5372457749,0
15,72222,6333,1.0,2.0,0.5289737892,1
15,72222,63321,0.0,6.0,-0.1089290396,1
15,72222,633111,-1.0,8.0,-0.3782996352,0
15,72222,555,2.0,-10.0,1.4040659569,0
15,72222,5541,1.0,-2.0,0.8186042631,0
15,72222,5532,1.0,2.0,0.5853823652,1
15,72222,55311,0.0,4.0,0.2164256211,1
15,72222,55221,0.0,6.0,-0.0362144387,1
15,72222,552111,-1.0,8.0,-0.3345123109,0
15,72222,5511111,-2.0,10.0,-0.5460204550,0
15,72222,5442,1.0,4.0,0.5389664451,1
15,72222,54411,0.0,6.0,0.1268809977,1
15,72222,5433,1.0,6.0,0.4276139581,1
15,72222,54321,0.0,10.0,-0.2705218937,1
15,72222,543111,-1.0,12.0,-0.5344985853,0
15,72222,53331,0.0,12.0,-0.3990388705,1
15,72222,4443,1.0,8.0,0.3507836210,1
15,72222,44421,0.0,12.0,-0.3605674476,1
15,72222,444111,-1.0,14.0,-0.6225667731,0
15,72222,44331,0.0,14.0,-0.4878992003,1
15,722211,663,3.0,-18.0,1.7741537370,0
15,722211,6621,2.0,-14.0,1.3215688167,0
15,722211,66111,1.0,-12.0,1.0455910315,0
15,722211,654,3.0,-14.0,1.7127455801,0
15,722211,6531,2.0,-8.0,1.1629759315,0
15,722211,6522,2.0,-6.0,0.9994178653,0
15,722211,65211,1.0,-4.0,0.7004471094,0
15,722211,651111,0.0,-2.0,0.4092616233,0
15,722211,6441,2.0,-6.0,1.1302636391,0
15,722211,6432,2.0,-2.0,0.9049950815,0
15,722211,64311,1.0,0.0,0.5924295871,0
15,722211,64221,1.0,2.0,0.4365234693,1
15,722211,642111,0.0,4.0,0.0344288622,1
15,722211,6411111,-1.0,6.0,-0.2650052240,0
15,722211,6333,2.0,0.0,0.8514453664,0
15,722211,63321,1.0,4.0,0.3433612354,1
15,722211,633111,0.0,6.0,-0.1089290396,1
15,722211,63222,1.0,6.0,0.1393278729,1
15,722211,555,3.0,-12.0,1.7004888244,0
15,722211,5541,2.0,-4.0,1.1230957482,0
15,722211,5532,2.0,0.0,0.9020901800,0
15,722211,55311,1.0,2.0,0.5853823652,1
15,722211,55221,1.0,4.0,0.3966581618,1
15,722211,552111,0.0,6.0,-0.0362144387,1
15,722211,5511111,-1.0,8.0,-0.3345123109,0
15,722211,5442,2.0,2.0,0.8868626228,1
15,722211,54411,1.0,4.0,0.5389664451,1
15,722211,5433,2.0,4.0,0.8202869345,1
15,722211,54321,1.0,8.0,0.2044791644,1
15,722211,543111,0.0,10.0,-0.2705218937,1
15,722211,54222,1.0,10.0,-0.0134051055,1
15,722211,53331,1.0,10.0,0.0848688297,1
15,722211,53322,1.0,12.0,-0.1276951419,1
15,722211,4443,2.0,6.0,0.7701296407,1
15,722211,44421,1.0,10.0,0.1213574284,1
15,722211,444111,0.0,12.0,-0.3605674476,1
15,722211,44331,1.0,12.0,-0.0003242034,1
15,722211,44322,1.0,14.0,-0.2143608169,1
15,722211,43332,1.0,16.0,-0.3297582693,1
15,722211,33333,1.0,18.0,-0.4452525831,1
15,7221111,663,4.0,-20.0,2.0632072679,0
15,7221111,6621,3.0,-16.0,1.6054772975,0
15,7221111,66111,2.0,-14.0,1.3215688167,0
15,7221111,654,4.0,-16.0,2.0104079773,0
15,7221111,6531,3.0,-10.0,1.4641263933,0
15,7221111,6522,3.0,-8.0,1.3039683360,0
15,7221111,65211,2.0,-6.0,0.9994178653,0
15,7221111,651111,1.0,-4.0,0.7004471094,0
15,7221111,6441,3.0,-8.0,1.4363109378,0
15,7221111,6432,3.0,-4.0,1.2197255044,0
15,7221111,64311,2.0,-2.0,0.9049950815,0
15,7221111,64221,2.0,0.0,0.7611066176,0
15,7221111,642111,1.0,2.0,0.4365234693,1
15,7221111,6411111,0.0,4.0,0.0344288622,1
15,7221111,6333,3.0,-2.0,1.1695619067,0
15,7221111,63321,2.0,2.0,0.7178016575,1
15,7221111,633111,1.0,4.0,0.3433612354,1
15,7221111,63222,2.0,4.0,0.5663058659,1
15,7221111,632211,1.0,6.0,0.1393278729,1
15,7221111,622221,1.0,8.0,-0.0504657607,1
15,7221111,555,4.0,-14.0,2.0005522784,0
15,7221111,5541,3.0,-6.0,1.4307709635,0
15,7221111,5532,3.0,-2.0,1.2174298897,0
15,7221111,55311,2.0,0.0,0.9020901800,0
15,7221111,55221,2.0,2.0,0.7579862252,1
15,7221111,552111,1.0,4.0,0.3966581618,1
15,7221111,5511111,0.0,6.0,-0.0362144387,1
15,7221111,5442,3.0,0.0,1.2047304309,0
15,7221111,54411,2.0,2.0,0.8868626228,1
15,7221111,5433,3.0,2.0,1.1590342944,1
15,7221111,54321,2.0,6.0,0.6375774691,1
15,7221111,543111,1.0,8.0,0.2044791644,1
15,7221111,54222,2.0,8.0,0.4426134842,1
15,7221111,542211,1.0,10.0,-0.0134051055,1
15,7221111,53331,2.0,8.0,0.5375524699,1
15,7221111,53322,2.0,10.0,0.3375448223,1
15,7221111,533211,1.0,12.0,-0.1276951419,1
15,7221111,532221,1.0,14.0,-0.3198445664,1
15,7221111,522222,1.0,16.0,-0.4967262223,1
15,7221111,4443,3.0,4.0,1.1407667715,1
15,7221111,44421,2.0,8.0,0.5703210233,1
15,7221111,444111,1.0,10.0,0.1213574284,1
15,7221111,44331,2.0,10.0,0.4622944012,1
15,7221111,44322,2.0,12.0,0.2563809732,1
15,7221111,443211,1.0,14.0,-0.2143608169,1
15,7221111,442221,1.0,16.0,-0.4075030840,1
15,7221111,43332,2.0,14.0,0.1448413681,1
15,7221111,433311,1.0,16.0,-0.3297582693,1
15,7221111,433221,1.0,18.0,-0.5208155568,1
15,7221111,432222,1.0,20.0,-0.6983003124,1
15,7221111,33333,2.0,16.0,0.0318070082,1
15,7221111,333321,1.0,20.0,-0.6347979694,1
15,7221111,333222,1.0,22.0,-0.8123591481,1
15,72111111,663,5.0,-22.0,2.3572508503,0
15,72111111,6621,4.0,-18.0,1.8960378105,0
15,72111111,66111,3.0,-16.0,1.6054772975,0
15,72111111,654,5.0,-18.0,2.3116319387,0
15,72111111,6531,4.0,-12.0,1.7692839068,0
15,72111111,6522,4.0,-10.0,1.6124834071,0
15,72111111,65211,3.0,-8.0,1.3039683360,0
15,72111111,651111,2.0,-6.0,0.9994178653,0
15,72111111,6441,4.0,-10.0,1.7452532162,0
15,72111111,6432,4.0,-6.0,1.5358357040,0
15,72111111,64311,3.0,-4.0,1.2197255044,0
15,72111111,64221,3.0,-2.0,1.0793630131,0
15,72111111,642111,2.0,0.0,0.7611066176,0
15,72111111,6411111,1.0,2.0,0.4365234693,1
15,72111111,6333,4.0,-4.0,1.4881294290,0
15,72111111,63321,3.0,0.0,1.0400959935,0
15,72111111,633111,2.0,2.0,0.7178016575,1
15,72111111,63222,3.0,2.0,0.9242949060,1
15,72111111,632211,2.0,4.0,0.5663058659,1
15,72111111,6321111,1.0,6.0,0.1393278729,1
15,72111111,622221,2.0,6.0,0.3959489475,1
15,72111111,6222111,1.0,8.0,-0.0504657607,1
15,72111111,555,5.0,-16.0,2.3035176976,0
15,72111111,5541,4.0,-8.0,1.7407851502,0
15,72111111,5532,4.0,-4.0,1.5338754049,0
15,72111111,55311,3.0,-2.0,1.2174298897,0
15,72111111,55221,3.0,0.0,1.0781419787,0
15,72111111,552111,2.0,2.0,0.7579862252,1
15,72111111,5511111,1.0,4.0,0.3966581618,1
15,72111111,5442,4.0,-2.0,1.5223536566,0
15,72111111,54411,3.0,0.0,1.2047304309,0
15,72111111,5433,4.0,0.0,1.4785536243,0
15,72111111,54321,3.0,4.0,1.0190433985,1
15,72111111,543111,2.0,6.0,0.6375774691,1
15,72111111,54222,3.0,6.0,0.8597629054,1
15,72111111,542211,2.0,8.0,0.4426134842,1
15,72111111,5421111,1.0,10.0,-0.0134051055,1
15,72111111,53331,3.0,6.0,0.9494407280,1
15,72111111,53322,3.0,8.0,0.7742613481,1
15,72111111,533211,2.0,10.0,0.3375448223,1
15,72111111,5331111,1.0,12.0,-0.1276951419,1
15,72111111,532221,2.0,12.0,0.1434514745,1
15,72111111,5322111,1.0,14.0,-0.3198445664,1
15,72111111,522222,2.0,14.0,-0.0422974367,1
15,72111111,5222211,1.0,16.0,-0.4967262223,1
15,72111111,4443,4.0,2.0,1.4708670375,1
15,72111111,44421,3.0,6.0,0.9782204584,1
15,72111111,444111,2.0,8.0,0.5703210233,1
15,72111111,44331,3.0,8.0,0.8922363626,1
15,72111111,44322,3.0,10.0,0.7045299411,1
15,72111111,443211,2.0,12.0,0.2563809732,1
15,72111111,4431111,1.0,14.0,-0.2143608169,1
15,72111111,442221,2.0,14.0,0.0587855027,1
15,72111111,4422111,1.0,16.0,-0.4075030840,1
15,72111111,43332,3.0,12.0,0.6026650186,1
15,72111111,433311,2.0,14.0,0.1448413681,1
15,72111111,433221,2.0,16.0,-0.0525762974,1
15,72111111,4332111,1.0,18.0,-0.5208155568,1
15,72111111,432222,2.0,18.0,-0.2409609810,1
15,72111111,4322211,1.0,20.0,-0.6983003124,1
15,72111111,4222221,1.0,22.0,-0.8686230862,1
15,72111111,33333,3.0,14.0,0.4965626870,1
15,72111111,333321,2.0,18.0,-0.1653189544,1
15,72111111,3333111,1.0,20.0,-0.6347979694,1
15,72111111,333222,2.0,20.0,-0.3539340164,1
15,72111111,3332211,1.0,22.0,-0.8123591481,1
15,72111111,3322221,1.0,24.0,-0.9831973101,1
15,72111111,3222222,1.0,26.0,-1.1506884901,1
15,711111111,663,6.0,-24.0,2.6554636133,0
15,711111111,6621,5.0,-20.0,2.1919763902,0
15,711111111,66111,4.0,-18.0,1.8960378105,0
15,711111111,654,6.0,-20.0,2.6157095828,0
15,711111111,6531,5.0,-14.0,2.0774138460,0
15,711111111,6522,5.0,-12.0,1.9237588885,0
15,711111111,65211,4.0,-10.0,1.6124834071,0
15,711111111,651111,3.0,-8.0,1.3039683360,0
15,711111111,6441,5.0,-12.0,2.0563337083,0
15,711111111,6432,5.0,-8.0,1.8528206953,0
15,711111111,64311,4.0,-6.0,1.5358357040,0
15,711111111,64221,4.0,-4.0,1.3980736881,0
15,711111111,642111,3.0,-2.0,1.0793630131,0
15,711111111,6411111,2.0,0.0,0.7611066176,0
15,711111111,6333,5.0,-6.0,1.8069576623,0
15,711111111,63321,4.0,-2.0,1.3596487240,0
15,711111111,633111,3.0,0.0,1.0400959935,0
15,711111111,63222,4.0,0.0,1.2437078268,0
15,711111111,632211,3.0,2.0,0.9242949060,1
15,711111111,6321111,2.0,4.0,0.5663058659,1
15,711111111,63111111,1.0,6.0,0.1393278729,1
15,711111111,622221,3.0,4.0,0.7989682258,1
15,711111111,6222111,2.0,6.0,0.3959489475,1
15,711111111,62211111,1.0,8.0,-0.0504657607,1
15,711111111,555,6.0,-18.0,2.6089312971,0
15,711111111,5541,5.0,-10.0,2.0525937174,0
15,711111111,5532,5.0,-6.0,1.8510918335,0
15,711111111,55311,4.0,-4.0,1.5338754049,0
15,711111111,55221,4.0,-2.0,1.3969924408,0
15,711111111,552111,3.0,0.0,1.0781419787,0
15,711111111,5511111,2.0,2.0,0.7579862252,1
15,711111111,5442,5.0,-4.0,1.8404469364,0
15,711111111,54411,4.0,-2.0,1.5223536566,0
15,711111111,5433,5.0,-2.0,1.7977355935,0
15,711111111,54321,4.0,2.0,1.3532280257,1
15,711111111,543111,3.0,4.0,1.0190433985,1
15,711111111,54222,4.0,4.0,1.2290565593,1
15,711111111,542211,3.0,6.0,0.8597629054,1
15,711111111,5421111,2.0,8.0,0.4426134842,1
15,711111111,54111111,1.0,10.0,-0.0134051055,1
15,711111111,53331,4.0,4.0,1.3144778870,1
15,711111111,53322,4.0,6.0,1.1723851665,1
15,711111111,533211,3.0,8.0,0.7742613481,1
15,711111111,5331111,2.0,10.0,0.3375448223,1
15,711111111,532221,3.0,10.0,0.5930854043,1
15,711111111,5322111,2.0,12.0,0.1434514745,1
15,711111111,53211111,1.0,14.0,-0.3198445664,1
15,711111111,522222,3.0,12.0,0.4116707671,1
15,711111111,5222211,2.0,14.0,-0.0422974367,1
15,711111111,52221111,1.0,16.0,-0.4967262223,1
15,711111111,4443,5.0,0.0,1.7903378225,0
15,711111111,44421,4.0,4.0,1.3402800137,1
15,711111111,444111,3.0,6.0,0.9782204584,1
15,711111111,44331,4.0,6.0,1.2830921134,1
15,711111111,44322,4.0,8.0,1.1215745860,1
15,711111111,443211,3.0,10.0,0.7045299411,1
15,711111111,4431111,2.0,12.0,0.2563809732,1
15,711111111,442221,3.0,12.0,0.5154738324,1
15,711111111,4422111,2.0,14.0,0.0587855027,1
15,711111111,44211111,1.0,16.0,-0.4075030840,1
15,711111111,43332,4.0,10.0,1.0356853369,1
15,711111111,433311,3.0,12.0,0.6026650186,1
15,711111111,433221,3.0,14.0,0.4101521017,1
15,711111111,4332111,2.0,16.0,-0.0525762974,1
15,711111111,43311111,1.0,18.0,-0.5208155568,1
15,711111111,432222,3.0,16.0,0.2214019165,1
15,711111111,4322211,2.0,18.0,-0.2409609810,1
15,711111111,43221111,1.0,20.0,-0.6983003124,1
15,711111111,4222221,2.0,20.0,-0.4223253574,1
15,711111111,42222111,1.0,22.0,-0.8686230862,1
15,711111111,33333,4.0,12.0,0.9414309020,1
15,711111111,333321,3.0,16.0,0.3018796435,1
15,711111111,3333111,2.0,18.0,-0.1653189544,1
15,711111111,333222,3.0,18.0,0.1114791874,1
15,711111111,3332211,2.0,20.0,-0.3539340164,1
15,711111111,33321111,1.0,22.0,-0.8123591481,1
15,711111111,3322221,2.0,22.0,-0.5359201521,1
15,711111111,33222111,1.0,24.0,-0.9831973101,1
15,711111111,3222222,2.0,24.0,-0.7133678446,1
15,711111111,32222211,1.0,26.0,-1.1506884901,1
15,711111111,22222221,1.0,28.0,-1.3165972596,1
15,6621,654,1.0,0.0,0.4439739707,0
15,6621,555,1.0,2.0,0.4334330329,1
15,66111,654,2.0,-2.0,0.7612470390,0
15,66111,6531,1.0,4.0,0.1980674677,1
15,66111,6522,1.0,6.0,0.0080001812,1
15,66111,6441,1.0,6.0,0.1163654324,1
15,66111,6432,1.0,10.0,-0.1930277062,1
15,66111,6333,1.0,12.0,-0.3080608680,1
15,66111,555,2.0,0.0,0.7597997343,0
15,66111,5541,1.0,8.0,0.0460983279,1
15,66111,5532,1.0,12.0,-0.2632485652,1
15,66111,5442,1.0,14.0,-0.3512452354,1
15,66111,5433,1.0,16.0,-0.4656790065,1
15,66111,4443,1.0,18.0,-0.5538631552,1
15,6531,555,1.0,-4.0,0.5376139324,0
15,6522,6441,0.0,0.0,0.1327698092,0
15,6522,555,1.0,-6.0,0.7037404315,0
15,6522,5541,0.0,2.0,0.0916900195,1
15,65211,6441,1.0,-2.0,0.4461649867,0
15,65211,6432,1.0,2.0,0.2618541066,1
15,65211,6333,1.0,4.0,0.1589737464,1
15,65211,555,2.0,-8.0,1.0011354270,0
15,65211,5541,1.0,0.0,0.4439739707,0
15,65211,5532,1.0,4.0,0.1980674677,1
15,65211,5442,1.0,6.0,0.1163654324,1
15,65211,5433,1.0,8.0,0.0021925552,1
15,65211,4443,1.0,10.0,-0.0849310004,1
15,651111,6441,2.0,-4.0,0.7628170019,0
15,651111,6432,2.0,0.0,0.6090890277,0
15,651111,64311,1.0,2.0,0.2618541066,1
15,651111,64221,1.0,4.0,0.0789990017,1
15,651111,6333,2.0,2.0,0.5786865809,1
15,651111,63321,1.0,6.0,-0.0350069516,1
15,651111,63222,1.0,8.0,-0.2203687837,1
15,651111,555,3.0,-10.0,1.3049629611,0
15,651111,5541,2.0,-2.0,0.7612470390,0
15,651111,5532,2.0,2.0,0.6012504958,1
15,651111,55311,1.0,4.0,0.1980674677,1
15,651111,55221,1.0,6.0,0.0080001812,1
15,651111,5442,2.0,4.0,0.5548796153,1
15,651111,54411,1.0,6.0,0.1163654324,1
15,651111,5433,2.0,6.0,0.4619444293,1
15,651111,54321,1.0,10.0,-0.1930277062,1
15,651111,54222,1.0,12.0,-0.3747323694,1
15,651111,53331,1.0,12.0,-0.3080608680,1
15,651111,53322,1.0,14.0,-0.4901502102,1
15,651111,4443,2.0,8.0,0.3841990522,1
15,651111,44421,1.0,12.0,-0.2811331428,1
15,651111,44331,1.0,14.0,-0.3962649416,1
15,651111,44322,1.0,16.0,-0.5779201531,1
15,651111,43332,1.0,18.0,-0.6934694061,1
15,651111,33333,1.0,20.0,-0.8092683536,1
15,6441,555,1.0,-6.0,0.5832846218,0
15,6432,555,1.0,-10.0,0.8567233297,0
15,6432,5541,0.0,-2.0,0.2467278428,0
15,64311,6333,1.0,0.0,0.2963641297,0
15,64311,555,2.0,-12.0,1.1361233943,0
15,64311,5541,1.0,-4.0,0.5376139324,0
15,64311,5532,1.0,0.0,0.3189601952,0
15,64311,5442,1.0,2.0,0.2941661631,1
15,64311,5433,1.0,4.0,0.1980674677,1
15,64311,4443,1.0,6.0,0.1163654324,1
15,64221,6333,1.0,-2.0,0.4088839742,0
15,64221,555,2.0,-14.0,1.3052807460,0
15,64221,5541,1.0,-6.0,0.7037404315,0
15,64221,5532,1.0,-2.0,0.4602598268,0
15,64221,55311,0.0,0.0,0.1535031893,0
15,64221,5442,1.0,0.0,0.4439739707,0
15,64221,54411,0.0,2.0,0.0916900195,1
15,64221,5433,1.0,2.0,0.3870341140,1
15,64221,4443,1.0,4.0,0.3256395921,1
15,642111,6333,2.0,-4.0,0.7280546675,0
15,642111,63321,1.0,0.0,0.2963641297,0
15,642111,63222,1.0,2.0,0.1650962756,1
15,642111,555,3.0,-16.0,1.5921863310,0
15,642111,5541,2.0,-8.0,1.0011354270,0
15,642111,5532,2.0,-4.0,0.7738236022,0
15,642111,55311,1.0,-2.0,0.4602598268,0
15,642111,55221,1.0,0.0,0.3189601952,0
15,642111,5442,2.0,-2.0,0.7612470390,0
15,642111,54411,1.0,0.0,0.4439739707,0
15,642111,5433,2.0,0.0,0.7205881360,0
15,642111,54321,1.0,4.0,0.1980674677,1
15,642111,54222,1.0,6.0,0.0080001812,1
15,642111,53331,1.0,6.0,0.0883646065,1
15,642111,53322,1.0,8.0,-0.1049634627,1
15,642111,4443,2.0,2.0,0.7110082185,1
15,642111,44421,1.0,6.0,0.1163654324,1
15,642111,44331,1.0,8.0,0.0021925552,1
15,642111,44322,1.0,10.0,-0.1930277062,1
15,642111,43332,1.0,12.0,-0.3080608680,1
15,642111,33333,1.0,14.0,-0.4237907084,1
15,6411111,6333,3.0,-6.0,1.0474280674,0
15,6411111,63321,2.0,-2.0,0.6116884279,0
15,6411111,633111,1.0,0.0,0.2963641297,0
15,6411111,63222,2.0,0.0,0.5236979344,0
15,6411111,632211,1.0,2.0,0.1650962756,1
15,6411111,622221,1.0,4.0,-0.0166184606,1
15,6411111,555,4.0,-18.0,1.8853377092,0
15,6411111,5541,3.0,-10.0,1.3049629611,0
15,6411111,5532,3.0,-6.0,1.0901682767,0
15,6411111,55311,2.0,-4.0,0.7738236022,0
15,6411111,55221,2.0,-2.0,0.6384990272,0
15,6411111,552111,1.0,0.0,0.3189601952,0
15,6411111,5442,3.0,-4.0,1.0794648888,0
15,6411111,54411,2.0,-2.0,0.7612470390,0
15,6411111,5433,3.0,-2.0,1.0401408664,0
15,6411111,54321,2.0,2.0,0.6012504958,1
15,6411111,543111,1.0,4.0,0.1980674677,1
15,6411111,54222,2.0,4.0,0.4514831339,1
15,6411111,542211,1.0,6.0,0.0080001812,1
15,6411111,53331,2.0,4.0,0.5317925834,1
15,6411111,53322,2.0,6.0,0.3553142442,1
15,6411111,533211,1.0,8.0,-0.1049634627,1
15,6411111,532221,1.0,10.0,-0.2868174924,1
15,6411111,522222,1.0,12.0,-0.4628958142,1
15,6411111,4443,3.0,0.0,1.0344991151,0
15,6411111,44421,2.0,4.0,0.5548796153,1
15,6411111,444111,1.0,6.0,0.1163654324,1
15,6411111,44331,2.0,6.0,0.4619444293,1
15,6411111,44322,2.0,8.0,0.2732397878,1
15,6411111,443211,1.0,10.0,-0.1930277062,1
15,6411111,442221,1.0,12.0,-0.3747323694,1
15,6411111,43332,2.0,10.0,0.1635122152,1
15,6411111,433311,1.0,12.0,-0.3080608680,1
15,6411111,433221,1.0,14.0,-0.4901502102,1
15,6411111,432222,1.0,16.0,-0.6656561133,1
15,6411111,33333,2.0,12.0,0.0508131255,1
15,6411111,333321,1.0,16.0,-0.6059346701,1
15,6411111,333222,1.0,18.0,-0.7816853906,1
15,6333,555,1.0,-12.0,0.9644871021,0
15,6333,5541,0.0,-4.0,0.3518127463,0
15,6333,5532,0.0,0.0,0.0776445436,0
15,6333,55311,-1.0,2.0,-0.2964663511,0
15,6333,55221,-1.0,4.0,-0.4099874504,0
15,6333,552111,-2.0,6.0,-0.7289942013,0
15,6333,5511111,-3.0,8.0,-1.0482728900,0
15,6333,5442,0.0,2.0,-0.0127235775,1
15,6333,54411,-1.0,4.0,-0.2983007016,0
15,63321,555,2.0,-16.0,1.4074928618,0
15,63321,5541,1.0,-8.0,0.7995664122,0
15,63321,5532,1.0,-4.0,0.5376139324,0
15,63321,55311,0.0,-2.0,0.2467278428,0
15,63321,55221,0.0,0.0,0.0776445436,0
15,63321,552111,-1.0,2.0,-0.2964663511,0
15,63321,5511111,-2.0,4.0,-0.6118906885,0
15,63321,5442,1.0,-2.0,0.5066196546,0
15,63321,54411,0.0,0.0,0.2025316817,0
15,63321,5433,1.0,0.0,0.4439739707,0
15,63321,4443,1.0,2.0,0.4221920161,1
15,633111,63222,1.0,0.0,0.2332239775,0
15,633111,555,3.0,-18.0,1.6890931202,0
15,633111,5541,2.0,-10.0,1.0885957693,0
15,633111,5532,2.0,-6.0,0.8396885812,0
15,633111,55311,1.0,-4.0,0.5376139324,0
15,633111,55221,1.0,-2.0,0.3744430885,0
15,633111,552111,0.0,0.0,0.0776445436,0
15,633111,5511111,-1.0,2.0,-0.2964663511,0
15,633111,5442,2.0,-4.0,0.8167502750,0
15,633111,54411,1.0,-2.0,0.5066196546,0
15,633111,5433,2.0,-2.0,0.7612470390,0
15,633111,54321,1.0,2.0,0.2941661631,1
15,633111,54222,1.0,4.0,0.1163194595,1
15,633111,53331,1.0,4.0,0.1980674677,1
15,633111,53322,1.0,6.0,0.0080001812,1
15,633111,4443,2.0,0.0,0.7516543993,0
15,633111,44421,1.0,4.0,0.2268368540,1
15,633111,44331,1.0,6.0,0.1163654324,1
15,633111,44322,1.0,8.0,-0.0792665569,1
15,633111,43332,1.0,10.0,-0.1930277062,1
15,633111,33333,1.0,12.0,-0.3080608680,1
15,63222,555,2.0,-18.0,1.5770948373,0
15,63222,5541,1.0,-10.0,0.9687239669,0
15,63222,5532,1.0,-6.0,0.7037404315,0
15,63222,55311,0.0,-4.0,0.4161018814,0
15,63222,55221,0.0,-2.0,0.2467278428,0
15,63222,552111,-1.0,0.0,-0.2278959056,0
15,63222,5511111,-2.0,2.0,-0.5237362586,0
15,63222,5442,1.0,-4.0,0.6667706701,0
15,63222,54411,0.0,-2.0,0.3678951946,0
15,63222,5433,1.0,-2.0,0.5929891152,0
15,63222,54321,0.0,2.0,0.0916900195,1
15,63222,543111,-1.0,4.0,-0.2335886585,0
15,63222,53331,0.0,4.0,-0.0495400173,1
15,63222,4443,1.0,0.0,0.5746979513,0
15,63222,44421,0.0,4.0,0.0004267903,1
15,63222,444111,-1.0,6.0,-0.3021179033,0
15,63222,44331,0.0,6.0,-0.1404959551,1
15,632211,555,3.0,-20.0,1.8580781736,0
15,632211,5541,2.0,-12.0,1.2559166378,0
15,632211,5532,2.0,-8.0,1.0011354270,0
15,632211,55311,1.0,-6.0,0.7037404315,0
15,632211,55221,1.0,-4.0,0.5376139324,0
15,632211,552111,0.0,-2.0,0.2467278428,0
15,632211,5511111,-1.0,0.0,-0.2278959056,0
15,632211,5442,2.0,-6.0,0.9718971166,0
15,632211,54411,1.0,-4.0,0.6667706701,0
15,632211,5433,2.0,-4.0,0.9053524103,0
15,632211,54321,1.0,0.0,0.4439739707,0
15,632211,543111,0.0,2.0,0.0916900195,1
15,632211,54222,1.0,2.0,0.2941661631,1
15,632211,53331,1.0,2.0,0.3870341140,1
15,632211,53322,1.0,4.0,0.1980674677,1
15,632211,4443,2.0,-2.0,0.8900681725,0
15,632211,44421,1.0,2.0,0.4221920161,1
15,632211,444111,0.0,4.0,0.0004267903,1
15,632211,44331,1.0,4.0,0.3256395921,1
15,632211,44322,1.0,6.0,0.1163654324,1
15,632211,43332,1.0,8.0,0.0021925552,1
15,632211,33333,1.0,10.0,-0.1136926113,1
15,6321111,622221,1.0,0.0,0.2332239775,0
15,6321111,555,4.0,-22.0,2.1448813956,0
15,6321111,5541,3.0,-14.0,1.5498200387,0
15,6321111,5532,3.0,-10.0,1.3049629611,0
15,6321111,55311,2.0,-8.0,1.0011354270,0
15,6321111,55221,2.0,-6.0,0.8396885812,0
15,6321111,552111,1.0,-4.0,0.5376139324,0
15,6321111,5511111,0.0,-2.0,0.2467278428,0
15,6321111,5442,3.0,-8.0,1.2810848514,0
15,6321111,54411,2.0,-6.0,0.9718971166,0
15,6321111,5433,3.0,-6.0,1.2199885889,0
15,6321111,54321,2.0,-2.0,0.7612470390,0
15,6321111,543111,1.0,0.0,0.4439739707,0
15,6321111,54222,2.0,0.0,0.6333999304,0
15,6321111,542211,1.0,2.0,0.2941661631,1
15,6321111,53331,2.0,0.0,0.7205881360,0
15,6321111,53322,2.0,2.0,0.6012504958,1
15,6321111,533211,1.0,4.0,0.1980674677,1
15,6321111,532221,1.0,6.0,0.0080001812,1
15,6321111,522222,1.0,8.0,-0.1717993841,1
15,6321111,4443,3.0,-4.0,1.2066400529,0
15,6321111,44421,2.0,0.0,0.7516543993,0
15,6321111,444111,1.0,2.0,0.4221920161,1
15,6321111,44331,2.0,2.0,0.7110082185,1
15,6321111,44322,2.0,4.0,0.5548796153,1
15,6321111,443211,1.0,6.0,0.1163654324,1
15,6321111,442221,1.0,8.0,-0.0792665569,1
15,6321111,43332,2.0,6.0,0.4619444293,1
15,6321111,433311,1.0,8.0,0.0021925552,1
15,6321111,433221,1.0,10.0,-0.1930277062,1
15,6321111,432222,1.0,12.0,-0.3747323694,1
15,6321111,33333,2.0,8.0,0.3575390324,1
15,6321111,333321,1.0,12.0,-0.3080608680,1
15,6321111,333222,1.0,14.0,-0.4901502102,1
15,63111111,622221,2.0,-2.0,0.5358060914,0
15,63111111,6222111,1.0,0.0,0.2332239775,0
15,63111111,555,5.0,-24.0,2.4364447518,0
15,63111111,5541,4.0,-16.0,1.8487913593,0
15,63111111,5532,4.0,-12.0,1.6131311269,0
15,63111111,55311,3.0,-10.0,1.3049629611,0
15,63111111,55221,3.0,-8.0,1.1483555630,0
15,63111111,552111,2.0,-6.0,0.8396885812,0
15,63111111,5511111,1.0,-4.0,0.5376139324,0
15,63111111,5442,4.0,-10.0,1.5930200804,0
15,63111111,54411,3.0,-8.0,1.2810848514,0
15,63111111,5433,4.0,-8.0,1.5360283798,0
15,63111111,54321,3.0,-4.0,1.0794648888,0
15,63111111,543111,2.0,-2.0,0.7612470390,0
15,63111111,54222,3.0,-2.0,0.9526884141,0
15,63111111,542211,2.0,0.0,0.6333999304,0
15,63111111,5421111,1.0,2.0,0.2941661631,1
15,63111111,53331,3.0,-2.0,1.0401408664,0
15,63111111,53322,3.0,0.0,0.9258078639,0
15,63111111,533211,2.0,2.0,0.6012504958,1
15,63111111,5331111,1.0,4.0,0.1980674677,1
15,63111111,532221,2.0,4.0,0.4514831339,1
15,63111111,5322111,1.0,6.0,0.0080001812,1
15,63111111,522222,2.0,6.0,0.2812524984,1
15,63111111,5222211,1.0,8.0,-0.1717993841,1
15,63111111,4443,4.0,-6.0,1.5240453470,0
15,63111111,44421,3.0,-2.0,1.0707276115,0
15,63111111,444111,2.0,0.0,0.7516543993,0
15,63111111,44331,3.0,0.0,1.0344991151,0
15,63111111,44322,3.0,2.0,0.9206568909,1
15,63111111,443211,2.0,4.0,0.5548796153,1
15,63111111,4431111,1.0,6.0,0.1163654324,1
15,63111111,442221,2.0,6.0,0.3776014800,1
15,63111111,4422111,1.0,8.0,-0.0792665569,1
15,63111111,43332,3.0,4.0,0.8709026474,1
15,63111111,433311,2.0,6.0,0.4619444293,1
15,63111111,433221,2.0,8.0,0.2732397878,1
15,63111111,4332111,1.0,10.0,-0.1930277062,1
15,63111111,432222,2.0,10.0,0.0870140733,1
15,63111111,4322211,1.0,12.0,-0.3747323694,1
15,63111111,4222221,1.0,14.0,-0.5497603996,1
15,63111111,33333,3.0,6.0,0.7937643619,1
15,63111111,333321,2.0,10.0,0.1635122152,1
15,63111111,3333111,1.0,12.0,-0.3080608680,1
15,63111111,333222,2.0,12.0,-0.0256216991,1
15,63111111,3332211,1.0,14.0,-0.4901502102,1
15,63111111,3322221,1.0,16.0,-0.6656561133,1
15,63111111,3222222,1.0,18.0,-0.8379664014,1
15,622221,555,3.0,-22.0,2.0272768701,0
15,622221,5541,2.0,-14.0,1.4238164975,0
15,622221,5532,2.0,-10.0,1.1653681254,0
15,622221,55311,1.0,-8.0,0.8711214329,0
15,622221,55221,1.0,-6.0,0.7037404315,0
15,622221,552111,0.0,-4.0,0.4161018814,0
15,622221,5511111,-1.0,-2.0,-0.0421487839,1
15,622221,5442,2.0,-8.0,1.1315754691,0
15,622221,54411,1.0,-6.0,0.8302219046,0
15,622221,5433,2.0,-6.0,1.0578088727,0
15,622221,54321,1.0,-2.0,0.5929891152,0
15,622221,543111,0.0,0.0,0.2845287097,0
15,622221,54222,1.0,0.0,0.4439739707,0
15,622221,542211,0.0,2.0,0.0916900195,1
15,622221,5421111,-1.0,4.0,-0.2335886585,0
15,622221,54111111,-2.0,6.0,-0.5372429121,0
15,622221,53331,1.0,0.0,0.5341734615,0
15,622221,53322,1.0,2.0,0.3870341140,1
15,622221,533211,0.0,4.0,-0.0495400173,1
15,622221,5331111,-1.0,6.0,-0.3313117109,0
15,622221,4443,2.0,-4.0,1.0375440121,0
15,622221,44421,1.0,0.0,0.5746979513,0
15,622221,444111,0.0,2.0,0.2417917069,1
15,622221,44331,1.0,2.0,0.5157284031,1
15,622221,44322,1.0,4.0,0.3256395921,1
15,622221,443211,0.0,6.0,-0.1404959551,1
15,622221,4431111,-1.0,8.0,-0.4172992244,0
15,622221,43332,1.0,6.0,0.2133627121,1
15,622221,433311,0.0,8.0,-0.2713142092,1
15,622221,33333,1.0,8.0,0.0962492232,1
15,6222111,555,4.0,-24.0,2.3131480150,0
15,6222111,5541,3.0,-16.0,1.7158545295,0
15,6222111,5532,3.0,-12.0,1.4656285369,0
15,6222111,55311,2.0,-10.0,1.1653681254,0
15,6222111,55221,2.0,-8.0,1.0011354270,0
15,6222111,552111,1.0,-6.0,0.7037404315,0
15,6222111,5511111,0.0,-4.0,0.4161018814,0
15,6222111,5442,3.0,-10.0,1.4371841221,0
15,6222111,54411,2.0,-8.0,1.1315754691,0
15,6222111,5433,3.0,-8.0,1.3688243231,0
15,6222111,54321,2.0,-4.0,0.9053524103,0
15,6222111,543111,1.0,-2.0,0.5929891152,0
15,6222111,54222,2.0,-2.0,0.7612470390,0
15,6222111,542211,1.0,0.0,0.4439739707,0
15,6222111,5421111,0.0,2.0,0.0916900195,1
15,6222111,54111111,-1.0,4.0,-0.2335886585,0
15,6222111,53331,2.0,-2.0,0.8515857878,0
15,6222111,53322,2.0,0.0,0.7205881360,0
15,6222111,533211,1.0,2.0,0.3870341140,1
15,6222111,5331111,0.0,4.0,-0.0495400173,1
15,6222111,532221,1.0,4.0,0.1980674677,1
15,6222111,522222,1.0,6.0,0.0080001812,1
15,6222111,4443,3.0,-6.0,1.3511796332,0
15,6222111,44421,2.0,-2.0,0.8900681725,0
15,6222111,444111,1.0,0.0,0.5746979513,0
15,6222111,44331,2.0,0.0,0.8416471978,0
15,6222111,44322,2.0,2.0,0.7110082185,1
15,6222111,443211,1.0,4.0,0.3256395921,1
15,6222111,4431111,0.0,6.0,-0.1404959551,1
15,6222111,442221,1.0,6.0,0.1163654324,1
15,6222111,43332,2.0,4.0,0.6441116901,1
15,6222111,433311,1.0,6.0,0.2133627121,1
15,6222111,433221,1.0,8.0,0.0021925552,1
15,6222111,432222,1.0,10.0,-0.1930277062,1
15,6222111,33333,2.0,6.0,0.5522580412,1
15,6222111,333321,1.0,10.0,-0.1136926113,1
15,6222111,333222,1.0,12.0,-0.3080608680,1
15,62211111,555,5.0,-26.0,2.6034254248,0
15,62211111,5541,4.0,-18.0,2.0126351616,0
15,62211111,5532,4.0,-14.0,1.7702785320,0
15,62211111,55311,3.0,-12.0,1.4656285369,0
15,62211111,55221,3.0,-10.0,1.3049629611,0
15,62211111,552111,2.0,-8.0,1.0011354270,0
15,62211111,5511111,1.0,-6.0,0.7037404315,0
15,62211111,5442,4.0,-12.0,1.7459009361,0
15,62211111,54411,3.0,-10.0,1.4371841221,0
15,62211111,5433,4.0,-10.0,1.6818584758,0
15,62211111,54321,3.0,-6.0,1.2199885889,0
15,62211111,543111,2.0,-4.0,0.9053524103,0
15,62211111,54222,3.0,-4.0,1.0794648888,0
15,62211111,542211,2.0,-2.0,0.7612470390,0
15,62211111,5421111,1.0,0.0,0.4439739707,0
15,62211111,54111111,0.0,2.0,0.0916900195,1
15,62211111,53331,3.0,-4.0,1.1696815776,0
15,62211111,53322,3.0,-2.0,1.0401408664,0
15,62211111,533211,2.0,0.0,0.7205881360,0
15,62211111,5331111,1.0,2.0,0.3870341140,1
15,62211111,532221,2.0,2.0,0.6012504958,1
15,62211111,5322111,1.0,4.0,0.1980674677,1
15,62211111,522222,2.0,4.0,0.4514831339,1
15,62211111,5222211,1.0,6.0,0.0080001812,1
15,62211111,4443,4.0,-8.0,1.6661535756,0
15,62211111,44421,3.0,-4.0,1.2066400529,0
15,62211111,444111,2.0,-2.0,0.8900681725,0
15,62211111,44331,3.0,-2.0,1.1605383734,0
15,62211111,44322,3.0,0.0,1.0344991151,0
15,62211111,443211,2.0,2.0,0.7110082185,1
15,62211111,4431111,1.0,4.0,0.3256395921,1
15,62211111,442221,2.0,4.0,0.5548796153,1
15,62211111,4422111,1.0,6.0,0.1163654324,1
15,62211111,43332,3.0,2.0,1.0037893840,1
15,62211111,433311,2.0,4.0,0.6441116901,1
15,62211111,433221,2.0,6.0,0.4619444293,1
15,62211111,4332111,1.0,8.0,0.0021925552,1
15,62211111,432222,2.0,8.0,0.2732397878,1
15,62211111,4322211,1.0,10.0,-0.1930277062,1
15,62211111,4222221,1.0,12.0,-0.3747323694,1
15,62211111,33333,3.0,4.0,0.9548474060,1
15,62211111,333321,2.0,8.0,0.3575390324,1
15,62211111,3333111,1.0,10.0,-0.1136926113,1
15,62211111,333222,2.0,10.0,0.1635122152,1
15,62211111,3332211,1.0,12.0,-0.3080608680,1
15,62211111,3322221,1.0,14.0,-0.4901502102,1
15,62211111,3222222,1.0,16.0,-0.6656561133,1
15,621111111,555,6.0,-28.0,2.8976361799,0
15,621111111,5541,5.0,-20.0,2.3131939868,0
15,621111111,5532,5.0,-16.0,2.0781624175,0
15,621111111,55311,4.0,-14.0,1.7702785320,0
15,621111111,55221,4.0,-12.0,1.6131311269,0
15,621111111,552111,3.0,-10.0,1.3049629611,0
15,621111111,5511111,2.0,-8.0,1.0011354270,0
15,621111111,5442,5.0,-14.0,2.0568162817,0
15,621111111,54411,4.0,-12.0,1.7459009361,0
15,621111111,5433,5.0,-12.0,1.9962752455,0
15,621111111,54321,4.0,-8.0,1.5360283798,0
15,621111111,543111,3.0,-6.0,1.2199885889,0
15,621111111,54222,4.0,-6.0,1.3981603239,0
15,621111111,542211,3.0,-4.0,1.0794648888,0
15,621111111,5421111,2.0,-2.0,0.7612470390,0
15,621111111,54111111,1.0,0.0,0.4439739707,0
15,621111111,53331,4.0,-6.0,1.4882313048,0
15,621111111,53322,4.0,-4.0,1.3596935969,0
15,621111111,533211,3.0,-2.0,1.0401408664,0
15,621111111,5331111,2.0,0.0,0.7205881360,0
15,621111111,532221,3.0,0.0,0.9258078639,0
15,621111111,5322111,2.0,2.0,0.6012504958,1
15,621111111,53211111,1.0,4.0,0.1980674677,1
15,621111111,522222,3.0,2.0,0.8262745814,1
15,621111111,5222211,2.0,4.0,0.4514831339,1
15,621111111,52221111,1.0,6.0,0.0080001812,1
15,621111111,4443,5.0,-10.0,1.9820299790,0
15,621111111,44421,4.0,-6.0,1.5240453470,0
15,621111111,444111,3.0,-4.0,1.2066400529,0
15,621111111,44331,4.0,-4.0,1.4795835346,0
15,621111111,44322,4.0,-2.0,1.3539539305,0
15,621111111,443211,3.0,0.0,1.0344991151,0
15,621111111,4431111,2.0,2.0,0.7110082185,1
15,621111111,442221,3.0,2.0,0.9206568909,1
15,621111111,4422111,2.0,4.0,0.5548796153,1
15,621111111,44211111,1.0,6.0,0.1163654324,1
15,621111111,43332,4.0,0.0,1.3240073949,0
15,621111111,433311,3.0,2.0,1.0037893840,1
15,621111111,433221,3.0,4.0,0.8709026474,1
15,621111111,4332111,2.0,6.0,0.4619444293,1
15,621111111,43311111,1.0,8.0,0.0021925552,1
15,621111111,432222,3.0,6.0,0.7119639062,1
15,621111111,4322211,2.0,8.0,0.2732397878,1
15,621111111,43221111,1.0,10.0,-0.1930277062,1
15,621111111,4222221,2.0,10.0,0.0870140733,1
15,621111111,42222111,1.0,12.0,-0.3747323694,1
15,621111111,33333,4.0,2.0,1.2978896725,1
15,621111111,333321,3.0,6.0,0.7937643619,1
15,621111111,3333111,2.0,8.0,0.3575390324,1
15,621111111,333222,3.0,8.0,0.6175597166,1
15,621111111,3332211,2.0,10.0,0.1635122152,1
15,621111111,33321111,1.0,12.0,-0.3080608680,1
15,621111111,3322221,2.0,12.0,-0.0256216991,1
15,621111111,33222111,1.0,14.0,-0.4901502102,1
15,621111111,3222222,2.0,14.0,-0.2099360049,1
15,621111111,32222211,1.0,16.0,-0.6656561133,1
15,621111111,22222221,1.0,18.0,-0.8379664014,1
15,6111111111,555,7.0,-30.0,3.1950484186,0
15,6111111111,5541,6.0,-22.0,2.6168529449,0
15,6111111111,5532,6.0,-18.0,2.3884288050,0
15,6111111111,55311,5.0,-16.0,2.0781624175,0
15,6111111111,55221,5.0,-14.0,1.9242414619,0
15,6111111111,552111,4.0,-12.0,1.6131311269,0
15,6111111111,5511111,3.0,-10.0,1.3049629611,0
15,6111111111,5442,6.0,-16.0,2.3693815546,0
15,6111111111,54411,5.0,-14.0,2.0568162817,0
15,6111111111,5433,6.0,-14.0,2.3118159512,0
15,6111111111,54321,5.0,-10.0,1.8529852787,0
15,6111111111,543111,4.0,-8.0,1.5360283798,0
15,6111111111,54222,5.0,-8.0,1.7170843309,0
15,6111111111,542211,4.0,-6.0,1.3981603239,0
15,6111111111,5421111,3.0,-4.0,1.0794648888,0
15,6111111111,54111111,2.0,-2.0,0.7612470390,0
15,6111111111,53331,5.0,-8.0,1.8070442981,0
15,6111111111,53322,5.0,-6.0,1.6792463273,0
15,6111111111,533211,4.0,-4.0,1.3596935969,0
15,6111111111,5331111,3.0,-2.0,1.0401408664,0
15,6111111111,532221,4.0,-2.0,1.2437241344,0
15,6111111111,5322111,3.0,0.0,0.9258078639,0
15,6111111111,53211111,2.0,2.0,0.6012504958,1
15,6111111111,531111111,1.0,4.0,0.1980674677,1
15,6111111111,522222,4.0,0.0,1.1428811721,0
15,6111111111,5222211,3.0,2.0,0.8262745814,1
15,6111111111,52221111,2.0,4.0,0.4514831339,1
15,6111111111,522111111,1.0,6.0,0.0080001812,1
15,6111111111,4443,6.0,-12.0,2.2986379395,0
15,6111111111,44421,5.0,-8.0,1.8419437796,0
15,6111111111,444111,4.0,-6.0,1.5240453470,0
15,6111111111,44331,5.0,-6.0,1.7987655038,0
15,6111111111,44322,5.0,-4.0,1.6734831822,0
15,6111111111,443211,4.0,-2.0,1.3539539305,0
15,6111111111,4431111,3.0,0.0,1.0344991151,0
15,6111111111,442221,4.0,0.0,1.2403695171,0
15,6111111111,4422111,3.0,2.0,0.9206568909,1
15,6111111111,44211111,2.0,4.0,0.5548796153,1
15,6111111111,441111111,1.0,6.0,0.1163654324,1
15,6111111111,43332,5.0,-2.0,1.6428984229,0
15,6111111111,433311,4.0,0.0,1.3240073949,0
15,6111111111,433221,4.0,2.0,1.2171661308,1
15,6111111111,4332111,3.0,4.0,0.8709026474,1
15,6111111111,43311111,2.0,6.0,0.4619444293,1
15,6111111111,432222,4.0,4.0,1.1017473481,1
15,6111111111,4322211,3.0,6.0,0.7119639062,1
15,6111111111,43221111,2.0,8.0,0.2732397878,1
15,6111111111,432111111,1.0,10.0,-0.1930277062,1
15,6111111111,4222221,3.0,8.0,0.5395999196,1
15,6111111111,42222111,2.0,10.0,0.0870140733,1
15,6111111111,422211111,1.0,12.0,-0.3747323694,1
15,6111111111,33333,5.0,0.0,1.6163260339,0
15,6111111111,333321,4.0,4.0,1.1793360439,1
15,6111111111,3333111,3.0,6.0,0.7937643619,1
15,6111111111,333222,4.0,6.0,1.0361856087,1
15,6111111111,3332211,3.0,8.0,0.6175597166,1
15,6111111111,33321111,2.0,10.0,0.1635122152,1
15,6111111111,333111111,1.0,12.0,-0.3080608680,1
15,6111111111,3322221,3.0,10.0,0.4357576485,1
15,6111111111,33222111,2.0,12.0,-0.0256216991,1
15,6111111111,332211111,1.0,14.0,-0.4901502102,1
15,6111111111,3222222,3.0,12.0,0.2528645785,1
15,6111111111,32222211,2.0,14.0,-0.2099360049,1
15,6111111111,322221111,1.0,16.0,-0.6656561133,1
15,6111111111,22222221,2.0,16.0,-0.3907735938,1
15,6111111111,222222111,1.0,18.0,-0.8379664014,1
15,55311,5442,1.0,0.0,0.3147991465,0
15,55311,5433,1.0,2.0,0.2618541066,1
15,55311,4443,1.0,4.0,0.1858552883,1
15,55221,5442,1.0,-2.0,0.4461649867,0
15,55221,54411,0.0,0.0,0.1327698092,0
15,55221,5433,1.0,0.0,0.4016925375,0
15,55221,4443,1.0,2.0,0.3787837036,1
15,552111,5442,2.0,-4.0,0.7628170019,0
15,552111,54411,1.0,-2.0,0.4461649867,0
15,552111,5433,2.0,-2.0,0.7212452679,0
15,552111,54321,1.0,2.0,0.2618541066,1
15,552111,54222,1.0,4.0,0.0789990017,1
15,552111,53331,1.0,4.0,0.1589737464,1
15,552111,53322,1.0,6.0,-0.0350069516,1
15,552111,4443,2.0,0.0,0.7155533040,0
15,552111,44421,1.0,4.0,0.1858552883,1
15,552111,44331,1.0,6.0,0.0732385565,1
15,552111,44322,1.0,8.0,-0.1232237637,1
15,552111,43332,1.0,10.0,-0.2392708819,1
15,552111,33333,1.0,12.0,-0.3559317148,1
15,5511111,5442,3.0,-6.0,1.0807668731,0
15,5511111,54411,2.0,-4.0,0.7628170019,0
15,5511111,5433,3.0,-4.0,1.0407979984,0
15,5511111,54321,2.0,0.0,0.6090890277,0
15,5511111,543111,1.0,2.0,0.2618541066,1
15,5511111,54222,2.0,2.0,0.5048778215,1
15,5511111,542211,1.0,4.0,0.0789990017,1
15,5511111,53331,2.0,2.0,0.5786865809,1
15,5511111,53322,2.0,4.0,0.4226025237,1
15,5511111,533211,1.0,6.0,-0.0350069516,1
15,5511111,532221,1.0,8.0,-0.2203687837,1
15,5511111,522222,1.0,10.0,-0.4002691761,1
15,5511111,4443,3.0,-2.0,1.0350081193,0
15,5511111,44421,2.0,2.0,0.5972782345,1
15,5511111,444111,1.0,4.0,0.1858552883,1
15,5511111,44331,2.0,4.0,0.5237082132,1
15,5511111,44322,2.0,6.0,0.3430554511,1
15,5511111,443211,1.0,8.0,-0.1232237637,1
15,5511111,442221,1.0,10.0,-0.3076742865,1
15,5511111,43332,2.0,8.0,0.2344999013,1
15,5511111,433311,1.0,10.0,-0.2392708819,1
15,5511111,433221,1.0,12.0,-0.4239746410,1
15,5511111,432222,1.0,14.0,-0.6021720660,1
15,5511111,33333,2.0,10.0,0.1217633077,1
15,5511111,333321,1.0,14.0,-0.5404714197,1
15,5511111,333222,1.0,16.0,-0.7186223492,1
15,54411,5433,1.0,0.0,0.2963641297,0
15,54411,4443,1.0,2.0,0.2618541066,1
15,54321,4443,1.0,-2.0,0.4461649867,0
15,543111,54222,1.0,0.0,0.2332239775,0
15,543111,53331,1.0,0.0,0.2963641297,0
15,543111,53322,1.0,2.0,0.1650962756,1
15,543111,4443,2.0,-4.0,0.7628170019,0
15,543111,44421,1.0,0.0,0.3147991465,0
15,543111,44331,1.0,2.0,0.2618541066,1
15,543111,44322,1.0,4.0,0.0789990017,1
15,543111,43332,1.0,6.0,-0.0350069516,1
15,543111,33333,1.0,8.0,-0.1511595401,1
15,54222,53331,0.0,0.0,0.0903387488,0
15,54222,4443,1.0,-4.0,0.5978271810,0
15,54222,44421,0.0,0.0,0.1327698092,0
15,54222,444111,-1.0,2.0,-0.2335765227,0
15,54222,44331,0.0,2.0,0.0217095052,1
15,542211,53331,1.0,-2.0,0.4088839742,0
15,542211,53322,1.0,0.0,0.2963641297,0
15,542211,4443,2.0,-6.0,0.9086673091,0
15,542211,44421,1.0,-2.0,0.4461649867,0
15,542211,444111,0.0,0.0,0.1327698092,0
15,542211,44331,1.0,0.0,0.4016925375,0
15,542211,44322,1.0,2.0,0.2618541066,1
15,542211,43332,1.0,4.0,0.1589737464,1
15,542211,33333,1.0,6.0,0.0449744599,1
15,5421111,53331,2.0,-4.0,0.7280546675,0
15,5421111,53322,2.0,-2.0,0.6116884279,0
15,5421111,533211,1.0,0.0,0.2963641297,0
15,5421111,532221,1.0,2.0,0.1650962756,1
15,5421111,522222,1.0,4.0,-0.0166184606,1
15,5421111,4443,3.0,-8.0,1.2225096625,0
15,5421111,44421,2.0,-4.0,0.7628170019,0
15,5421111,444111,1.0,-2.0,0.4461649867,0
15,5421111,44331,2.0,-2.0,0.7212452679,0
15,5421111,44322,2.0,0.0,0.6090890277,0
15,5421111,443211,1.0,2.0,0.2618541066,1
15,5421111,442221,1.0,4.0,0.0789990017,1
15,5421111,43332,2.0,2.0,0.5786865809,1
15,5421111,433311,1.0,4.0,0.1589737464,1
15,5421111,433221,1.0,6.0,-0.0350069516,1
15,5421111,432222,1.0,8.0,-0.2203687837,1
15,5421111,33333,2.0,4.0,0.5015070167,1
15,5421111,333321,1.0,8.0,-0.1511595401,1
15,5421111,333222,1.0,10.0,-0.3370402132,1
15,54111111,53331,3.0,-6.0,1.0474280674,0
15,54111111,53322,3.0,-4.0,0.9292832014,0
15,54111111,533211,2.0,-2.0,0.6116884279,0
15,54111111,5331111,1.0,0.0,0.2963641297,0
15,54111111,532221,2.0,0.0,0.5236979344,0
15,54111111,5322111,1.0,2.0,0.1650962756,1
15,54111111,522222,2.0,2.0,0.4265421708,1
15,54111111,5222211,1.0,4.0,-0.0166184606,1
15,54111111,4443,4.0,-10.0,1.5380953764,0
15,54111111,44421,3.0,-6.0,1.0807668731,0
15,54111111,444111,2.0,-4.0,0.7628170019,0
15,54111111,44331,3.0,-4.0,1.0407979984,0
15,54111111,44322,3.0,-2.0,0.9260392048,0
15,54111111,443211,2.0,0.0,0.6090890277,0
15,54111111,4431111,1.0,2.0,0.2618541066,1
15,54111111,442221,2.0,2.0,0.5048778215,1
15,54111111,4422111,1.0,4.0,0.0789990017,1
15,54111111,43332,3.0,0.0,0.9048322676,0
15,54111111,433311,2.0,2.0,0.5786865809,1
15,54111111,433221,2.0,4.0,0.4226025237,1
15,54111111,4332111,1.0,6.0,-0.0350069516,1
15,54111111,432222,2.0,6.0,0.2447692508,1
15,54111111,4322211,1.0,8.0,-0.2203687837,1
15,54111111,4222221,1.0,10.0,-0.4002691761,1
15,54111111,33333,3.0,2.0,0.8827254047,1
15,54111111,333321,2.0,6.0,0.3196079240,1
15,54111111,3333111,1.0,8.0,-0.1511595401,1
15,54111111,333222,2.0,8.0,0.1327834456,1
15,54111111,3332211,1.0,10.0,-0.3370402132,1
15,54111111,3322221,1.0,12.0,-0.5168826810,1
15,54111111,3222222,1.0,14.0,-0.6934704535,1
15,53331,4443,1.0,-4.0,0.5134349335,0
15,53331,44421,0.0,0.0,0.0491488272,0
15,53331,444111,-1.0,2.0,-0.2981661228,0
15,53322,4443,1.0,-6.0,0.6769030201,0
15,53322,44421,0.0,-2.0,0.2164973250,0
15,53322,444111,-1.0,0.0,-0.2281170139,0
15,53322,44331,0.0,0.0,0.1327698092,0
15,533211,4443,2.0,-8.0,0.9784969353,0
15,533211,44421,1.0,-4.0,0.5134349335,0
15,533211,444111,0.0,-2.0,0.2164973250,0
15,533211,44331,1.0,-2.0,0.4461649867,0
15,533211,44322,1.0,0.0,0.3147991465,0
15,533211,43332,1.0,2.0,0.2618541066,1
15,533211,33333,1.0,4.0,0.1589737464,1
15,5331111,532221,1.0,0.0,0.2332239775,0
15,5331111,522222,1.0,2.0,0.0995602268,1
15,5331111,4443,3.0,-10.0,1.2858070031,0
15,5331111,44421,2.0,-6.0,0.8208618725,0
15,5331111,444111,1.0,-4.0,0.5134349335,0
15,5331111,44331,2.0,-4.0,0.7628170019,0
15,5331111,44322,2.0,-2.0,0.6338357577,0
15,5331111,443211,1.0,0.0,0.3147991465,0
15,5331111,442221,1.0,2.0,0.1850289691,1
15,5331111,43332,2.0,0.0,0.6090890277,0
15,5331111,433311,1.0,2.0,0.2618541066,1
15,5331111,433221,1.0,4.0,0.0789990017,1
15,5331111,432222,1.0,6.0,-0.1039955913,1
15,5331111,33333,2.0,2.0,0.5786865809,1
15,5331111,333321,1.0,6.0,-0.0350069516,1
15,5331111,333222,1.0,8.0,-0.2203687837,1
15,532221,4443,2.0,-10.0,1.1404108813,0
15,532221,44421,1.0,-6.0,0.6769030201,0
15,532221,444111,0.0,-4.0,0.3854393451,0
15,532221,44331,1.0,-4.0,0.5978271810,0
15,532221,44322,1.0,-2.0,0.4461649867,0
15,532221,443211,0.0,0.0,0.1327698092,0
15,532221,4431111,-1.0,2.0,-0.2335765227,0
15,532221,43332,1.0,0.0,0.4016925375,0
15,532221,433311,0.0,2.0,0.0217095052,1
15,532221,33333,1.0,2.0,0.3499699160,1
15,5322111,522222,1.0,0.0,0.2332239775,0
15,5322111,4443,3.0,-12.0,1.4437407868,0
15,5322111,44421,2.0,-8.0,0.9784969353,0
15,5322111,444111,1.0,-6.0,0.6769030201,0
15,5322111,44331,2.0,-6.0,0.9086673091,0
15,5322111,44322,2.0,-4.0,0.7628170019,0
15,5322111,443211,1.0,-2.0,0.4461649867,0
15,5322111,4431111,0.0,0.0,0.1327698092,0
15,5322111,442221,1.0,0.0,0.3147991465,0
15,5322111,43332,2.0,-2.0,0.7212452679,0
15,5322111,433311,1.0,0.0,0.4016925375,0
15,5322111,433221,1.0,2.0,0.2618541066,1
15,5322111,432222,1.0,4.0,0.0789990017,1
15,5322111,33333,2.0,0.0,0.6908387056,0
15,5322111,333321,1.0,4.0,0.1589737464,1
15,5322111,333222,1.0,6.0,-0.0350069516,1
15,53211111,522222,2.0,-2.0,0.5358060914,0
15,53211111,5222211,1.0,0.0,0.2332239775,0
15,53211111,4443,4.0,-14.0,1.7509367124,0
15,53211111,44421,3.0,-10.0,1.2858070031,0
15,53211111,444111,2.0,-8.0,0.9784969353,0
15,53211111,44331,3.0,-8.0,1.2225096625,0
15,53211111,44322,3.0,-6.0,1.0807668731,0
15,53211111,443211,2.0,-4.0,0.7628170019,0
15,53211111,4431111,1.0,-2.0,0.4461649867,0
15,53211111,442221,2.0,-2.0,0.6338357577,0
15,53211111,4422111,1.0,0.0,0.3147991465,0
15,53211111,43332,3.0,-4.0,1.0407979984,0
15,53211111,433311,2.0,-2.0,0.7212452679,0
15,53211111,433221,2.0,0.0,0.6090890277,0
15,53211111,4332111,1.0,2.0,0.2618541066,1
15,53211111,432222,2.0,2.0,0.5048778215,1
15,53211111,4322211,1.0,4.0,0.0789990017,1
15,53211111,4222221,1.0,6.0,-0.1039955913,1
15,53211111,33333,3.0,-2.0,1.0095527504,0
15,53211111,333321,2.0,2.0,0.5786865809,1
15,53211111,3333111,1.0,4.0,0.1589737464,1
15,53211111,333222,2.0,4.0,0.4226025237,1
15,53211111,3332211,1.0,6.0,-0.0350069516,1
15,53211111,3322221,1.0,8.0,-0.2203687837,1
15,53211111,3222222,1.0,10.0,-0.4002691761,1
15,531111111,522222,3.0,-4.0,0.8488105375,0
15,531111111,5222211,2.0,-2.0,0.5358060914,0
15,531111111,52221111,1.0,0.0,0.2332239775,0
15,531111111,4443,5.0,-16.0,2.0608982666,0
15,531111111,44421,4.0,-12.0,1.5966165630,0
15,531111111,444111,3.0,-10.0,1.2858070031,0
15,531111111,44331,4.0,-10.0,1.5380953764,0
15,531111111,44322,4.0,-8.0,1.3992864989,0
15,531111111,443211,3.0,-6.0,1.0807668731,0
15,531111111,4431111,2.0,-4.0,0.7628170019,0
15,531111111,442221,3.0,-4.0,0.9531578410,0
15,531111111,4422111,2.0,-2.0,0.6338357577,0
15,531111111,44211111,1.0,0.0,0.3147991465,0
15,531111111,43332,4.0,-6.0,1.3603507288,0
15,531111111,433311,3.0,-4.0,1.0407979984,0
15,531111111,433221,3.0,-2.0,0.9260392048,0
15,531111111,4332111,2.0,0.0,0.6090890277,0
15,531111111,43311111,1.0,2.0,0.2618541066,1
15,531111111,432222,3.0,0.0,0.8305466376,0
15,531111111,4322211,2.0,2.0,0.5048778215,1
15,531111111,43221111,1.0,4.0,0.0789990017,1
15,531111111,4222221,2.0,4.0,0.3508718521,1
15,531111111,42222111,1.0,6.0,-0.1039955913,1
15,531111111,33333,4.0,-4.0,1.3285721701,0
15,531111111,333321,3.0,0.0,0.9048322676,0
15,531111111,3333111,2.0,2.0,0.5786865809,1
15,531111111,333222,3.0,2.0,0.8104451387,1
15,531111111,3332211,2.0,4.0,0.4226025237,1
15,531111111,33321111,1.0,6.0,-0.0350069516,1
15,531111111,3322221,2.0,6.0,0.2447692508,1
15,531111111,33222111,1.0,8.0,-0.2203687837,1
15,531111111,3222222,2.0,8.0,0.0622100817,1
15,531111111,32222211,1.0,10.0,-0.4002691761,1
15,531111111,22222221,1.0,12.0,-0.5772208454,1
15,522222,4443,2.0,-12.0,1.3046572131,0
15,522222,44421,1.0,-8.0,0.8428911256,0
15,522222,444111,0.0,-6.0,0.5547509071,0
15,522222,44331,1.0,-6.0,0.7572519517,0
15,522222,44322,1.0,-4.0,0.5978271810,0
15,522222,443211,0.0,-2.0,0.2927786436,0
15,522222,4431111,-1.0,0.0,-0.1866477408,1
15,522222,442221,0.0,0.0,0.1327698092,0
15,522222,4422111,-1.0,2.0,-0.2335765227,0
15,522222,44211111,-2.0,4.0,-0.5371654620,0
15,522222,441111111,-3.0,6.0,-0.8510921720,0
15,522222,43332,1.0,-2.0,0.5361500446,0
15,522222,433311,0.0,0.0,0.2209615729,0
15,522222,433221,0.0,2.0,0.0217095052,1
15,522222,4332111,-1.0,4.0,-0.2759965878,0
15,522222,43311111,-2.0,6.0,-0.5570600686,0
15,522222,33333,1.0,0.0,0.4906458309,0
15,522222,333321,0.0,4.0,-0.1111913833,1
15,522222,3333111,-1.0,6.0,-0.3903374685,0
15,5222211,4443,3.0,-14.0,1.6047585392,0
15,5222211,44421,2.0,-10.0,1.1404108813,0
15,5222211,444111,1.0,-8.0,0.8428911256,0
15,5222211,44331,2.0,-8.0,1.0630688075,0
15,5222211,44322,2.0,-6.0,0.9086673091,0
15,5222211,443211,1.0,-4.0,0.5978271810,0
15,5222211,4431111,0.0,-2.0,0.2927786436,0
15,5222211,442221,1.0,-2.0,0.4461649867,0
15,5222211,4422111,0.0,0.0,0.1327698092,0
15,5222211,44211111,-1.0,2.0,-0.2335765227,0
15,5222211,441111111,-2.0,4.0,-0.5371654620,0
15,5222211,43332,2.0,-4.0,0.8531370568,0
15,5222211,433311,1.0,-2.0,0.5361500446,0
15,5222211,433221,1.0,0.0,0.4016925375,0
15,5222211,4332111,0.0,2.0,0.0217095052,1
15,5222211,43311111,-1.0,4.0,-0.2759965878,0
15,5222211,432222,1.0,2.0,0.2618541066,1
15,5222211,33333,2.0,-2.0,0.8100192309,0
15,5222211,333321,1.0,2.0,0.3499699160,1
15,5222211,3333111,0.0,4.0,-0.1111913833,1
15,5222211,333222,1.0,4.0,0.1589737464,1
15,52221111,4443,4.0,-16.0,1.9089862795,0
15,52221111,44421,3.0,-12.0,1.4437407868,0
15,52221111,444111,2.0,-10.0,1.1404108813,0
15,52221111,44331,3.0,-10.0,1.3728025304,0
15,52221111,44322,3.0,-8.0,1.2225096625,0
15,52221111,443211,2.0,-6.0,0.9086673091,0
15,52221111,4431111,1.0,-4.0,0.5978271810,0
15,52221111,442221,2.0,-4.0,0.7628170019,0
15,52221111,4422111,1.0,-2.0,0.4461649867,0
15,52221111,44211111,0.0,0.0,0.1327698092,0
15,52221111,441111111,-1.0,2.0,-0.2335765227,0
15,52221111,43332,3.0,-6.0,1.1710587499,0
15,52221111,433311,2.0,-4.0,0.8531370568,0
15,52221111,433221,2.0,-2.0,0.7212452679,0
15,52221111,4332111,1.0,0.0,0.4016925375,0
15,52221111,43311111,0.0,2.0,0.0217095052,1
15,52221111,432222,2.0,0.0,0.6090890277,0
15,52221111,4322211,1.0,2.0,0.2618541066,1
15,52221111,4222221,1.0,4.0,0.0789990017,1
15,52221111,33333,3.0,-4.0,1.1294658750,0
15,52221111,333321,2.0,0.0,0.6908387056,0
15,52221111,3333111,1.0,2.0,0.3499699160,1
15,52221111,333222,2.0,2.0,0.5786865809,1
15,52221111,3332211,1.0,4.0,0.1589737464,1
15,52221111,3322221,1.0,6.0,-0.0350069516,1
15,52221111,3222222,1.0,8.0,-0.2203687837,1
15,522111111,4443,5.0,-18.0,2.2161042410,0
15,522111111,44421,4.0,-14.0,1.7509367124,0
15,522111111,444111,3.0,-12.0,1.4437407868,0
15,522111111,44331,4.0,-12.0,1.6850287833,0
15,522111111,44322,4.0,-10.0,1.5380953764,0
15,522111111,443211,3.0,-8.0,1.2225096625,0
15,522111111,4431111,2.0,-6.0,0.9086673091,0
15,522111111,442221,3.0,-6.0,1.0807668731,0
15,522111111,4422111,2.0,-4.0,0.7628170019,0
15,522111111,44211111,1.0,-2.0,0.4461649867,0
15,522111111,441111111,0.0,0.0,0.1327698092,0
15,522111111,43332,4.0,-8.0,1.4894523392,0
15,522111111,433311,3.0,-6.0,1.1710587499,0
15,522111111,433221,3.0,-4.0,1.0407979984,0
15,522111111,4332111,2.0,-2.0,0.7212452679,0
15,522111111,43311111,1.0,0.0,0.4016925375,0
15,522111111,432222,3.0,-2.0,0.9260392048,0
15,522111111,4322211,2.0,0.0,0.6090890277,0
15,522111111,43221111,1.0,2.0,0.2618541066,1
15,522111111,4222221,2.0,2.0,0.5048778215,1
15,522111111,42222111,1.0,4.0,0.0789990017,1
15,522111111,33333,4.0,-6.0,1.4489631735,0
15,522111111,333321,3.0,-2.0,1.0095527504,0
15,522111111,3333111,2.0,0.0,0.6908387056,0
15,522111111,333222,3.0,0.0,0.9048322676,0
15,522111111,3332211,2.0,2.0,0.5786865809,1
15,522111111,33321111,1.0,4.0,0.1589737464,1
15,522111111,3322221,2.0,4.0,0.4226025237,1
15,522111111,33222111,1.0,6.0,-0.0350069516,1
15,522111111,3222222,2.0,6.0,0.2447692508,1
15,522111111,32222211,1.0,8.0,-0.2203687837,1
15,522111111,22222221,1.0,10.0,-0.4002691761,1
15,5211111111,4443,6.0,-20.0,2.5255374745,0
15,5211111111,44421,5.0,-16.0,2.0608982666,0
15,5211111111,444111,4.0,-14.0,1.7509367124,0
15,5211111111,44331,5.0,-14.0,1.9989913444,0
15,5211111111,44322,5.0,-12.0,1.8547303173,0
15,5211111111,443211,4.0,-10.0,1.5380953764,0
15,5211111111,4431111,3.0,-8.0,1.2225096625,0
15,5211111111,442221,4.0,-8.0,1.3992864989,0
15,5211111111,4422111,3.0,-6.0,1.0807668731,0
15,5211111111,44211111,2.0,-4.0,0.7628170019,0
15,5211111111,441111111,1.0,-2.0,0.4461649867,0
15,5211111111,43332,5.0,-10.0,1.8081255454,0
15,5211111111,433311,4.0,-8.0,1.4894523392,0
15,5211111111,433221,4.0,-6.0,1.3603507288,0
15,5211111111,4332111,3.0,-4.0,1.0407979984,0
15,5211111111,43311111,2.0,-2.0,0.7212452679,0
15,5211111111,432222,4.0,-4.0,1.2440260640,0
15,5211111111,4322211,3.0,-2.0,0.9260392048,0
15,5211111111,43221111,2.0,0.0,0.6090890277,0
15,5211111111,432111111,1.0,2.0,0.2618541066,1
15,5211111111,4222221,3.0,0.0,0.8305466376,0
15,5211111111,42222111,2.0,2.0,0.5048778215,1
15,5211111111,422211111,1.0,4.0,0.0789990017,1
15,5211111111,33333,5.0,-8.0,1.7684604721,0
15,5211111111,333321,4.0,-4.0,1.3285721701,0
15,5211111111,3333111,3.0,-2.0,1.0095527504,0
15,5211111111,333222,4.0,-2.0,1.2206653607,0
15,5211111111,3332211,3.0,0.0,0.9048322676,0
15,5211111111,33321111,2.0,2.0,0.5786865809,1
15,5211111111,333111111,1.0,4.0,0.1589737464,1
15,5211111111,3322221,3.0,2.0,0.8104451387,1
15,5211111111,33222111,2.0,4.0,0.4226025237,1
15,5211111111,332211111,1.0,6.0,-0.0350069516,1
15,5211111111,3222222,3.0,4.0,0.6787889491,1
15,5211111111,32222211,2.0,6.0,0.2447692508,1
15,5211111111,322221111,1.0,8.0,-0.2203687837,1
15,5211111111,22222221,2.0,8.0,0.0622100817,1
15,5211111111,222222111,1.0,10.0,-0.4002691761,1
15,51111111111,4443,7.0,-22.0,2.8366825697,0
15,51111111111,44421,6.0,-18.0,2.3728106866,0
15,51111111111,444111,5.0,-16.0,2.0608982666,0
15,51111111111,44331,6.0,-16.0,2.3140894661,0
15,51111111111,44322,6.0,-14.0,2.1720966267,0
15,51111111111,443211,5.0,-12.0,1.8547303173,0
15,51111111111,4431111,4.0,-10.0,1.5380953764,0
15,51111111111,442221,5.0,-10.0,1.7181655782,0
15,51111111111,4422111,4.0,-8.0,1.3992864989,0
15,51111111111,44211111,3.0,-6.0,1.0807668731,0
15,51111111111,441111111,2.0,-4.0,0.7628170019,0
15,51111111111,43332,6.0,-12.0,2.1270495524,0
15,51111111111,433311,5.0,-10.0,1.8081255454,0
15,51111111111,433221,5.0,-8.0,1.6799034592,0
15,51111111111,4332111,4.0,-6.0,1.3603507288,0
15,51111111111,43311111,3.0,-4.0,1.0407979984,0
15,51111111111,432222,5.0,-6.0,1.5625194638,0
15,51111111111,4322211,4.0,-4.0,1.2440260640,0
15,51111111111,43221111,3.0,-2.0,0.9260392048,0
15,51111111111,432111111,2.0,0.0,0.6090890277,0
15,51111111111,4311111111,1.0,2.0,0.2618541066,1
15,51111111111,4222221,4.0,-2.0,1.1429984996,0
15,51111111111,42222111,3.0,0.0,0.8305466376,0
15,51111111111,422211111,2.0,2.0,0.5048778215,1
15,51111111111,4221111111,1.0,4.0,0.0789990017,1
15,51111111111,33333,6.0,-10.0,2.0879577706,0
15,51111111111,333321,5.0,-6.0,1.6476780136,0
15,51111111111,3333111,4.0,-4.0,1.3285721701,0
15,51111111111,333222,5.0,-4.0,1.5376428904,0
15,51111111111,3332211,4.0,-2.0,1.2206653607,0
15,51111111111,33321111,3.0,0.0,0.9048322676,0
15,51111111111,333111111,2.0,2.0,0.5786865809,1
15,51111111111,3322221,4.0,0.0,1.1267064336,0
15,51111111111,33222111,3.0,2.0,0.8104451387,1
15,51111111111,332211111,2.0,4.0,0.4226025237,1
15,51111111111,3321111111,1.0,6.0,-0.0350069516,1
15,51111111111,3222222,4.0,2.0,1.0428531206,1
15,51111111111,32222211,3.0,4.0,0.6787889491,1
15,51111111111,322221111,2.0,6.0,0.2447692508,1
15,51111111111,3222111111,1.0,8.0,-0.2203687837,1
15,51111111111,22222221,3.0,6.0,0.5162480539,1
15,51111111111,222222111,2.0,8.0,0.0622100817,1
15,51111111111,2222211111,1.0,10.0,-0.4002691761,1
15,444111,44331,1.0,0.0,0.2963641297,0
15,444111,44322,1.0,2.0,0.1650962756,1
15,444111,43332,1.0,4.0,0.0532068671,1
15,444111,33333,1.0,6.0,-0.0631024033,1
15,443211,43332,1.0,0.0,0.2963641297,0
15,443211,33333,1.0,2.0,0.2398293225,1
15,4431111,442221,1.0,0.0,0.2332239775,0
15,4431111,43332,2.0,-2.0,0.6116884279,0
15,4431111,433311,1.0,0.0,0.2963641297,0
15,4431111,433221,1.0,2.0,0.1650962756,1
15,4431111,432222,1.0,4.0,-0.0166184606,1
15,4431111,33333,2.0,0.0,0.5927282594,0
15,4431111,333321,1.0,4.0,0.0532068671,1
15,4431111,333222,1.0,6.0,-0.1336256519,1
15,442221,43332,1.0,-2.0,0.4088839742,0
15,442221,433311,0.0,0.0,0.0903387488,0
15,442221,33333,1.0,0.0,0.3760610530,0
15,4422111,43332,2.0,-4.0,0.7280546675,0
15,4422111,433311,1.0,-2.0,0.4088839742,0
15,4422111,433221,1.0,0.0,0.2963641297,0
15,4422111,432222,1.0,2.0,0.1650962756,1
15,4422111,33333,2.0,-2.0,0.6947795050,0
15,4422111,333321,1.0,2.0,0.2398293225,1
15,4422111,333222,1.0,4.0,0.0532068671,1
15,44211111,43332,3.0,-6.0,1.0474280674,0
15,44211111,433311,2.0,-4.0,0.7280546675,0
15,44211111,433221,2.0,-2.0,0.6116884279,0
15,44211111,4332111,1.0,0.0,0.2963641297,0
15,44211111,432222,2.0,0.0,0.5236979344,0
15,44211111,4322211,1.0,2.0,0.1650962756,1
15,44211111,4222221,1.0,4.0,-0.0166184606,1
15,44211111,33333,3.0,-4.0,1.0138531826,0
15,44211111,333321,2.0,0.0,0.5927282594,0
15,44211111,3333111,1.0,2.0,0.2398293225,1
15,44211111,333222,2.0,2.0,0.4905341971,1
15,44211111,3332211,1.0,4.0,0.0532068671,1
15,44211111,3322221,1.0,6.0,-0.1336256519,1
15,44211111,3222222,1.0,8.0,-0.3162061433,1
15,441111111,43332,4.0,-8.0,1.3668513376,0
15,441111111,433311,3.0,-6.0,1.0474280674,0
15,441111111,433221,3.0,-4.0,0.9292832014,0
15,441111111,4332111,2.0,-2.0,0.6116884279,0
15,441111111,43311111,1.0,0.0,0.2963641297,0
15,441111111,432222,3.0,-2.0,0.8319236879,0
15,441111111,4322211,2.0,0.0,0.5236979344,0
15,441111111,43221111,1.0,2.0,0.1650962756,1
15,441111111,4222221,2.0,2.0,0.4265421708,1
15,441111111,42222111,1.0,4.0,-0.0166184606,1
15,441111111,33333,4.0,-6.0,1.3331422279,0
15,441111111,333321,3.0,-2.0,0.9070799324,0
15,441111111,3333111,2.0,0.0,0.5927282594,0
15,441111111,333222,3.0,0.0,0.8182727158,0
15,441111111,3332211,2.0,2.0,0.4905341971,1
15,441111111,33321111,1.0,4.0,0.0532068671,1
15,441111111,3322221,2.0,4.0,0.3301925511,1
15,441111111,33222111,1.0,6.0,-0.1336256519,1
15,441111111,3222222,2.0,6.0,0.1503878772,1
15,441111111,32222211,1.0,8.0,-0.3162061433,1
15,441111111,22222221,1.0,10.0,-0.4957318755,1
15,433311,33333,1.0,0.0,0.2963641297,0
15,433221,33333,1.0,-2.0,0.4088839742,0
15,4332111,432222,1.0,0.0,0.2332239775,0
15,4332111,33333,2.0,-4.0,0.7280546675,0
15,4332111,333321,1.0,0.0,0.2963641297,0
15,4332111,333222,1.0,2.0,0.1650962756,1
15,43311111,432222,2.0,-2.0,0.5358060914,0
15,43311111,4322211,1.0,0.0,0.2332239775,0
15,43311111,4222221,1.0,2.0,0.0995602268,1
15,43311111,33333,3.0,-6.0,1.0474280674,0
15,43311111,333321,2.0,-2.0,0.6116884279,0
15,43311111,3333111,1.0,0.0,0.2963641297,0
15,43311111,333222,2.0,0.0,0.5236979344,0
15,43311111,3332211,1.0,2.0,0.1650962756,1
15,43311111,3322221,1.0,4.0,-0.0166184606,1
15,43311111,3222222,1.0,6.0,-0.1996050816,1
15,432222,33333,1.0,-4.0,0.5520740481,0
15,432222,333321,0.0,0.0,0.0903387488,0
15,432222,3333111,-1.0,2.0,-0.2407467360,0
15,4322211,33333,2.0,-6.0,0.8660471472,0
15,4322211,333321,1.0,-2.0,0.4088839742,0
15,4322211,3333111,0.0,0.0,0.0903387488,0
15,4322211,333222,1.0,0.0,0.2963641297,0
15,43221111,4222221,1.0,0.0,0.2332239775,0
15,43221111,33333,3.0,-8.0,1.1822538998,0
15,43221111,333321,2.0,-4.0,0.7280546675,0
15,43221111,3333111,1.0,-2.0,0.4088839742,0
15,43221111,333222,2.0,-2.0,0.6116884279,0
15,43221111,3332211,1.0,0.0,0.2963641297,0
15,43221111,3322221,1.0,2.0,0.1650962756,1
15,43221111,3222222,1.0,4.0,-0.0166184606,1
15,432111111,4222221,2.0,-2.0,0.5358060914,0
15,432111111,42222111,1.0,0.0,0.2332239775,0
15,432111111,33333,4.0,-10.0,1.4996370675,0
15,432111111,333321,3.0,-6.0,1.0474280674,0
15,432111111,3333111,2.0,-4.0,0.7280546675,0
15,432111111,333222,3.0,-4.0,0.9292832014,0
15,432111111,3332211,2.0,-2.0,0.6116884279,0
15,432111111,33321111,1.0,0.0,0.2963641297,0
15,432111111,3322221,2.0,0.0,0.5236979344,0
15,432111111,33222111,1.0,2.0,0.1650962756,1
15,432111111,3222222,2.0,2.0,0.4265421708,1
15,432111111,32222211,1.0,4.0,-0.0166184606,1
15,432111111,22222221,1.0,6.0,-0.1996050816,1
15,4311111111,4222221,3.0,-4.0,0.8488105375,0
15,4311111111,42222111,2.0,-2.0,0.5358060914,0
15,4311111111,422211111,1.0,0.0,0.2332239775,0
15,4311111111,33333,5.0,-12.0,1.8176396262,0
15,4311111111,333321,4.0,-8.0,1.3668513376,0
15,4311111111,3333111,3.0,-6.0,1.0474280674,0
15,4311111111,333222,4.0,-6.0,1.2477203173,0
15,4311111111,3332211,3.0,-4.0,0.9292832014,0
15,4311111111,33321111,2.0,-2.0,0.6116884279,0
15,4311111111,333111111,1.0,0.0,0.2963641297,0
15,4311111111,3322221,3.0,-2.0,0.8319236879,0
15,4311111111,33222111,2.0,0.0,0.5236979344,0
15,4311111111,332211111,1.0,2.0,0.1650962756,1
15,4311111111,3222222,3.0,0.0,0.7547830158,0
15,4311111111,32222211,2.0,2.0,0.4265421708,1
15,4311111111,322221111,1.0,4.0,-0.0166184606,1
15,4311111111,22222221,2.0,4.0,0.2634164647,1
15,4311111111,222222111,1.0,6.0,-0.1996050816,1
15,4222221,33333,2.0,-8.0,1.0165835386,0
15,4222221,333321,1.0,-4.0,0.5520740481,0
15,4222221,3333111,0.0,-2.0,0.2438291812,0
15,4222221,333222,1.0,-2.0,0.4088839742,0
15,4222221,3332211,0.0,0.0,0.0903387488,0
15,4222221,33321111,-1.0,2.0,-0.2407467360,0
15,4222221,333111111,-2.0,4.0,-0.5533810571,0
15,42222111,33333,3.0,-10.0,1.3283593773,0
15,42222111,333321,2.0,-6.0,0.8660471472,0
15,42222111,3333111,1.0,-4.0,0.5520740481,0
15,42222111,333222,2.0,-4.0,0.7280546675,0
15,42222111,3332211,1.0,-2.0,0.4088839742,0
15,42222111,33321111,0.0,0.0,0.0903387488,0
15,42222111,333111111,-1.0,2.0,-0.2407467360,0
15,42222111,3322221,1.0,0.0,0.2963641297,0
15,42222111,3222222,1.0,2.0,0.1650962756,1
15,422211111,33333,4.0,-12.0,1.6423972510,0
15,422211111,333321,3.0,-8.0,1.1822538998,0
15,422211111,3333111,2.0,-6.0,0.8660471472,0
15,422211111,333222,3.0,-6.0,1.0474280674,0
15,422211111,3332211,2.0,-4.0,0.7280546675,0
15,422211111,33321111,1.0,-2.0,0.4088839742,0
15,422211111,333111111,0.0,0.0,0.0903387488,0
15,422211111,3322221,2.0,-2.0,0.6116884279,0
15,422211111,33222111,1.0,0.0,0.2963641297,0
15,422211111,3222222,2.0,0.0,0.5236979344,0
15,422211111,32222211,1.0,2.0,0.1650962756,1
15,422211111,22222221,1.0,4.0,-0.0166184606,1
15,4221111111,33333,5.0,-14.0,1.9578978233,0
15,4221111111,333321,4.0,-10.0,1.4996370675,0
15,4221111111,3333111,3.0,-8.0,1.1822538998,0
15,4221111111,333222,4.0,-8.0,1.3668513376,0
15,4221111111,3332211,3.0,-6.0,1.0474280674,0
15,4221111111,33321111,2.0,-4.0,0.7280546675,0
15,4221111111,333111111,1.0,-2.0,0.4088839742,0
15,4221111111,3322221,3.0,-4.0,0.9292832014,0
15,4221111111,33222111,2.0,-2.0,0.6116884279,0
15,4221111111,332211111,1.0,0.0,0.2963641297,0
15,4221111111,3222222,3.0,-2.0,0.8319236879,0
15,4221111111,32222211,2.0,0.0,0.5236979344,0
15,4221111111,322221111,1.0,2.0,0.1650962756,1
15,4221111111,22222221,2.0,2.0,0.4265421708,1
15,4221111111,222222111,1.0,4.0,-0.0166184606,1
15,42111111111,33333,6.0,-16.0,2.2743083088,0
15,42111111111,333321,5.0,-12.0,1.8176396262,0
15,42111111111,3333111,4.0,-10.0,1.4996370675,0
15,42111111111,333222,5.0,-10.0,1.6863486361,0
15,42111111111,3332211,4.0,-8.0,1.3668513376,0
15,42111111111,33321111,3.0,-6.0,1.0474280674,0
15,42111111111,333111111,2.0,-4.0,0.7280546675,0
15,42111111111,3322221,4.0,-6.0,1.2477203173,0
15,42111111111,33222111,3.0,-4.0,0.9292832014,0
15,42111111111,332211111,2.0,-2.0,0.6116884279,0
15,42111111111,3321111111,1.0,0.0,0.2963641297,0
15,42111111111,3222222,4.0,-4.0,1.1449119048,0
15,42111111111,32222211,3.0,-2.0,0.8319236879,0
15,42111111111,322221111,2.0,0.0,0.5236979344,0
15,42111111111,3222111111,1.0,2.0,0.1650962756,1
15,42111111111,22222221,3.0,0.0,0.7547830158,0
15,42111111111,222222111,2.0,2.0,0.4265421708,1
15,42111111111,2222211111,1.0,4.0,-0.0166184606,1
15,411111111111,33333,7.0,-18.0,2.5913830341,0
15,411111111111,333321,6.0,-14.0,2.1360364462,0
15,411111111111,3333111,5.0,-12.0,1.8176396262,0
15,411111111111,333222,6.0,-12.0,2.0058459347,0
15,411111111111,3332211,5.0,-10.0,1.6863486361,0
15,411111111111,33321111,4.0,-8.0,1.3668513376,0
15,411111111111,333111111,3.0,-6.0,1.0474280674,0
15,411111111111,3322221,5.0,-8.0,1.5665215486,0
15,411111111111,33222111,4.0,-6.0,1.2477203173,0
15,411111111111,332211111,3.0,-4.0,0.9292832014,0
15,411111111111,3321111111,2.0,-2.0,0.6116884279,0
15,411111111111,33111111111,1.0,0.0,0.2963641297,0
15,411111111111,3222222,5.0,-6.0,1.4601811996,0
15,411111111111,32222211,4.0,-4.0,1.1449119048,0
15,411111111111,322221111,3.0,-2.0,0.8319236879,0
15,411111111111,3222111111,2.0,0.0,0.5236979344,0
15,411111111111,32211111111,1.0,2.0,0.1650962756,1
15,411111111111,22222221,4.0,-2.0,1.0586816814,0
15,411111111111,222222111,3.0,0.0,0.7547830158,0
15,411111111111,2222211111,2.0,2.0,0.4265421708,1
15,411111111111,22221111111,1.0,4.0,-0.0166184606,1
15,3333111,333222,1.0,0.0,0.2332239775,0
15,33321111,3322221,1.0,0.0,0.2332239775,0
15,33321111,3222222,1.0,2.0,0.0995602268,1
15,333111111,3322221,2.0,-2.0,0.5358060914,0
15,333111111,33222111,1.0,0.0,0.2332239775,0
15,333111111,3222222,2.0,0.0,0.4664479549,0
15,333111111,32222211,1.0,2.0,0.0995602268,1
15,333111111,22222221,1.0,4.0,-0.0830433555,1
15,33222111,3222222,1.0,0.0,0.2332239775,0
15,332211111,3222222,2.0,-2.0,0.5358060914,0
15,332211111,32222211,1.0,0.0,0.2332239775,0
15,332211111,22222221,1.0,2.0,0.0995602268,1
15,3321111111,3222222,3.0,-4.0,0.8488105375,0
15,3321111111,32222211,2.0,-2.0,0.5358060914,0
15,3321111111,322221111,1.0,0.0,0.2332239775,0
15,3321111111,22222221,2.0,0.0,0.4664479549,0
15,3321111111,222222111,1.0,2.0,0.0995602268,1
15,33111111111,3222222,4.0,-6.0,1.1650352811,0
15,33111111111,32222211,3.0,-4.0,0.8488105375,0
15,33111111111,322221111,2.0,-2.0,0.5358060914,0
15,33111111111,3222111111,1.0,0.0,0.2332239775,0
15,33111111111,22222221,3.0,-2.0,0.7643951928,0
15,33111111111,222222111,2.0,0.0,0.4664479549,0
15,33111111111,2222211111,1.0,2.0,0.0995602268,1
15,322221111,22222221,1.0,0.0,0.2332239775,0
15,3222111111,22222221,2.0,-2.0,0.5358060914,0
15,3222111111,222222111,1.0,0.0,0.2332239775,0
15,32211111111,22222221,3.0,-4.0,0.8488105375,0
15,32211111111,222222111,2.0,-2.0,0.5358060914,0
15,32211111111,2222211111,1.0,0.0,0.2332239775,0
15,321111111111,22222221,4.0,-6.0,1.1650352811,0
15,321111111111,222222111,3.0,-4.0,0.8488105375,0
15,321111111111,2222211111,2.0,-2.0,0.5358060914,0
15,321111111111,22221111111,1.0,0.0,0.2332239775,0
15,3111111111111,22222221,5.0,-8.0,1.4826098860,0
15,3111111111111,222222111,4.0,-6.0,1.1650352811,0
15,3111111111111,2222211111,3.0,-4.0,0.8488105375,0
15,3111111111111,22221111111,2.0,-2.0,0.5358060914,0
15,3111111111111,222111111111,1.0,0.0,0.2332239775,0
