implementer g / implemented f,topological_rank,topological_layer,scc,scc_size,{1},{2},"{1,1}",{3},"{1,1,1}",{4},"{1,1,1,1}",{5},{6},"{2,1}","{2,2}","{3,1}","{2,1,1}","{3,2}","{2,2,1}","{3,3}","{2,1,1,1}","{2,2,2}","{4,1}","{2,2,1,1}","{4,2}","{2,2,2,1}","{4,3}","{2,2,2,2}","{5,1}","{4,4}","{5,2}","{5,3}","{5,4}","{5,5}","{6,1}","{6,2}","{6,3}","{6,4}","{6,5}","{6,6}","{3,1,1}","{3,2,1}","{3,2,2}","{3,3,1}","{3,3,2}","{3,3,3}","{3,1,1,1}","{4,1,1}","{3,2,1,1}","{4,2,1}","{3,2,2,1}","{4,2,2}","{3,2,2,2}","{4,3,1}","{3,3,1,1}","{4,3,2}","{3,3,2,1}","{4,4,1}","{3,3,2,2}","{3,3,3,1}","{3,3,3,2}","{4,3,3}","{4,4,2}","{4,4,3}","{4,4,4}","{5,1,1}","{5,2,1}","{5,2,2}","{5,3,1}","{5,3,2}","{3,3,3,3}","{4,1,1,1}","{5,4,1}","{5,3,3}","{5,4,2}","{4,2,1,1}","{5,5,1}","{5,4,3}","{4,2,2,1}","{5,5,2}","{5,4,4}","{5,5,3}","{4,3,1,1}","{4,2,2,2}","{5,5,4}","{4,3,2,1}","{4,3,2,2}","{5,5,5}","{4,3,3,1}","{4,4,1,1}","{4,3,3,2}","{4,4,2,1}","{4,3,3,3}","{4,4,2,2}","{4,4,3,1}","{4,4,3,2}","{4,4,4,1}","{4,4,3,3}","{4,4,4,2}","{4,4,4,3}","{4,4,4,4}"
{1},1,1,1,1,inf,0.000000000000000,0.000000000000000,0.000000000000000,0.000000000000000,0.000000000000000,0.000000000000000,0.000000000000000,0.000000000000000,0.000000000000000,0.000000000000000,0.000000000000000,0.000000000000000,0.000000000000000,0.000000000000000,0.000000000000000,0.000000000000000,0.000000000000000,0.000000000000000,0.000000000000000,0.000000000000000,0.000000000000000,0.000000000000000,0.000000000000000,0.000000000000000,0.000000000000000,0.000000000000000,0.000000000000000,0.000000000000000,0.000000000000000,0.000000000000000,0.000000000000000,0.000000000000000,0.000000000000000,0.000000000000000,0.000000000000000,0.000000000000000,0.000000000000000,0.000000000000000,0.000000000000000,0.000000000000000,0.000000000000000,0.000000000000000,0.000000000000000,0.000000000000000,0.000000000000000,0.000000000000000,0.000000000000000,0.000000000000000,0.000000000000000,0.000000000000000,0.000000000000000,0.000000000000000,0.000000000000000,0.000000000000000,0.000000000000000,0.000000000000000,0.000000000000000,0.000000000000000,0.000000000000000,0.000000000000000,0.000000000000000,0.000000000000000,0.000000000000000,0.000000000000000,0.000000000000000,0.000000000000000,0.000000000000000,0.000000000000000,0.000000000000000,0.000000000000000,0.000000000000000,0.000000000000000,0.000000000000000,0.000000000000000,0.000000000000000,0.000000000000000,0.000000000000000,0.000000000000000,0.000000000000000,0.000000000000000,0.000000000000000,0.000000000000000,0.000000000000000,0.000000000000000,0.000000000000000,0.000000000000000,0.000000000000000,0.000000000000000,0.000000000000000,0.000000000000000,0.000000000000000,0.000000000000000,0.000000000000000,0.000000000000000,0.000000000000000,0.000000000000000
{2},2,2,2,1,inf,1.000000000000000,0.000000000000000,0.630929753571457,0.000000000000000,0.500000000000000,0.000000000000000,0.430676558073393,0.386852807234542,0.000000000000000,0.000000000000000,0.000000000000000,0.000000000000000,0.000000000000000,0.000000000000000,0.000000000000000,0.000000000000000,0.000000000000000,0.000000000000000,0.000000000000000,0.000000000000000,0.000000000000000,0.000000000000000,0.000000000000000,0.000000000000000,0.000000000000000,0.000000000000000,0.000000000000000,0.000000000000000,0.000000000000000,0.000000000000000,0.000000000000000,0.000000000000000,0.000000000000000,0.000000000000000,0.000000000000000,0.000000000000000,0.000000000000000,0.000000000000000,0.000000000000000,0.000000000000000,0.000000000000000,0.000000000000000,0.000000000000000,0.000000000000000,0.000000000000000,0.000000000000000,0.000000000000000,0.000000000000000,0.000000000000000,0.000000000000000,0.000000000000000,0.000000000000000,0.000000000000000,0.000000000000000,0.000000000000000,0.000000000000000,0.000000000000000,0.000000000000000,0.000000000000000,0.000000000000000,0.000000000000000,0.000000000000000,0.000000000000000,0.000000000000000,0.000000000000000,0.000000000000000,0.000000000000000,0.000000000000000,0.000000000000000,0.000000000000000,0.000000000000000,0.000000000000000,0.000000000000000,0.000000000000000,0.000000000000000,0.000000000000000,0.000000000000000,0.000000000000000,0.000000000000000,0.000000000000000,0.000000000000000,0.000000000000000,0.000000000000000,0.000000000000000,0.000000000000000,0.000000000000000,0.000000000000000,0.000000000000000,0.000000000000000,0.000000000000000,0.000000000000000,0.000000000000000,0.000000000000000,0.000000000000000,0.000000000000000,0.000000000000000
"{1,1}",3,2,7,1,inf,0.000000000000000,1.000000000000000,0.000000000000000,0.630929753571457,0.000000000000000,0.500000000000000,0.000000000000000,0.000000000000000,0.000000000000000,0.000000000000000,0.000000000000000,0.000000000000000,0.000000000000000,0.000000000000000,0.000000000000000,0.000000000000000,0.000000000000000,0.000000000000000,0.000000000000000,0.000000000000000,0.000000000000000,0.000000000000000,0.000000000000000,0.000000000000000,0.000000000000000,0.000000000000000,0.000000000000000,0.000000000000000,0.000000000000000,0.000000000000000,0.000000000000000,0.000000000000000,0.000000000000000,0.000000000000000,0.000000000000000,0.000000000000000,0.000000000000000,0.000000000000000,0.000000000000000,0.000000000000000,0.000000000000000,0.000000000000000,0.000000000000000,0.000000000000000,0.000000000000000,0.000000000000000,0.000000000000000,0.000000000000000,0.000000000000000,0.000000000000000,0.000000000000000,0.000000000000000,0.000000000000000,0.000000000000000,0.000000000000000,0.000000000000000,0.000000000000000,0.000000000000000,0.000000000000000,0.000000000000000,0.000000000000000,0.000000000000000,0.000000000000000,0.000000000000000,0.000000000000000,0.000000000000000,0.000000000000000,0.000000000000000,0.000000000000000,0.000000000000000,0.000000000000000,0.000000000000000,0.000000000000000,0.000000000000000,0.000000000000000,0.000000000000000,0.000000000000000,0.000000000000000,0.000000000000000,0.000000000000000,0.000000000000000,0.000000000000000,0.000000000000000,0.000000000000000,0.000000000000000,0.000000000000000,0.000000000000000,0.000000000000000,0.000000000000000,0.000000000000000,0.000000000000000,0.000000000000000,0.000000000000000,0.000000000000000,0.000000000000000,0.000000000000000
{3},4,3,3,1,inf,1.584962500721156,0.000000000000000,1.000000000000000,0.000000000000000,0.792481250360578,0.000000000000000,0.682606194485985,0.613147192765458,0.000000000000000,0.000000000000000,0.000000000000000,0.000000000000000,0.000000000000000,0.000000000000000,0.000000000000000,0.000000000000000,0.000000000000000,0.000000000000000,0.000000000000000,0.000000000000000,0.000000000000000,0.000000000000000,0.000000000000000,0.000000000000000,0.000000000000000,0.000000000000000,0.000000000000000,0.000000000000000,0.000000000000000,0.000000000000000,0.000000000000000,0.000000000000000,0.000000000000000,0.000000000000000,0.000000000000000,0.000000000000000,0.000000000000000,0.000000000000000,0.000000000000000,0.000000000000000,0.000000000000000,0.000000000000000,0.000000000000000,0.000000000000000,0.000000000000000,0.000000000000000,0.000000000000000,0.000000000000000,0.000000000000000,0.000000000000000,0.000000000000000,0.000000000000000,0.000000000000000,0.000000000000000,0.000000000000000,0.000000000000000,0.000000000000000,0.000000000000000,0.000000000000000,0.000000000000000,0.000000000000000,0.000000000000000,0.000000000000000,0.000000000000000,0.000000000000000,0.000000000000000,0.000000000000000,0.000000000000000,0.000000000000000,0.000000000000000,0.000000000000000,0.000000000000000,0.000000000000000,0.000000000000000,0.000000000000000,0.000000000000000,0.000000000000000,0.000000000000000,0.000000000000000,0.000000000000000,0.000000000000000,0.000000000000000,0.000000000000000,0.000000000000000,0.000000000000000,0.000000000000000,0.000000000000000,0.000000000000000,0.000000000000000,0.000000000000000,0.000000000000000,0.000000000000000,0.000000000000000,0.000000000000000,0.000000000000000,0.000000000000000
"{1,1,1}",5,3,20,1,inf,0.000000000000000,1.584962500721156,0.000000000000000,1.000000000000000,0.000000000000000,0.792481250360578,0.000000000000000,0.000000000000000,0.000000000000000,0.000000000000000,0.000000000000000,0.000000000000000,0.000000000000000,0.000000000000000,0.000000000000000,0.000000000000000,0.000000000000000,0.000000000000000,0.000000000000000,0.000000000000000,0.000000000000000,0.000000000000000,0.000000000000000,0.000000000000000,0.000000000000000,0.000000000000000,0.000000000000000,0.000000000000000,0.000000000000000,0.000000000000000,0.000000000000000,0.000000000000000,0.000000000000000,0.000000000000000,0.000000000000000,0.000000000000000,0.000000000000000,0.000000000000000,0.000000000000000,0.000000000000000,0.000000000000000,0.000000000000000,0.000000000000000,0.000000000000000,0.000000000000000,0.000000000000000,0.000000000000000,0.000000000000000,0.000000000000000,0.000000000000000,0.000000000000000,0.000000000000000,0.000000000000000,0.000000000000000,0.000000000000000,0.000000000000000,0.000000000000000,0.000000000000000,0.000000000000000,0.000000000000000,0.000000000000000,0.000000000000000,0.000000000000000,0.000000000000000,0.000000000000000,0.000000000000000,0.000000000000000,0.000000000000000,0.000000000000000,0.000000000000000,0.000000000000000,0.000000000000000,0.000000000000000,0.000000000000000,0.000000000000000,0.000000000000000,0.000000000000000,0.000000000000000,0.000000000000000,0.000000000000000,0.000000000000000,0.000000000000000,0.000000000000000,0.000000000000000,0.000000000000000,0.000000000000000,0.000000000000000,0.000000000000000,0.000000000000000,0.000000000000000,0.000000000000000,0.000000000000000,0.000000000000000,0.000000000000000,0.000000000000000,0.000000000000000
{4},6,4,4,1,inf,2.000000000000000,0.000000000000000,1.261859507142914,0.000000000000000,1.000000000000000,0.000000000000000,0.861353116146786,0.773705614469083,0.000000000000000,0.000000000000000,0.000000000000000,0.000000000000000,0.000000000000000,0.000000000000000,0.000000000000000,0.000000000000000,0.000000000000000,0.000000000000000,0.000000000000000,0.000000000000000,0.000000000000000,0.000000000000000,0.000000000000000,0.000000000000000,0.000000000000000,0.000000000000000,0.000000000000000,0.000000000000000,0.000000000000000,0.000000000000000,0.000000000000000,0.000000000000000,0.000000000000000,0.000000000000000,0.000000000000000,0.000000000000000,0.000000000000000,0.000000000000000,0.000000000000000,0.000000000000000,0.000000000000000,0.000000000000000,0.000000000000000,0.000000000000000,0.000000000000000,0.000000000000000,0.000000000000000,0.000000000000000,0.000000000000000,0.000000000000000,0.000000000000000,0.000000000000000,0.000000000000000,0.000000000000000,0.000000000000000,0.000000000000000,0.000000000000000,0.000000000000000,0.000000000000000,0.000000000000000,0.000000000000000,0.000000000000000,0.000000000000000,0.000000000000000,0.000000000000000,0.000000000000000,0.000000000000000,0.000000000000000,0.000000000000000,0.000000000000000,0.000000000000000,0.000000000000000,0.000000000000000,0.000000000000000,0.000000000000000,0.000000000000000,0.000000000000000,0.000000000000000,0.000000000000000,0.000000000000000,0.000000000000000,0.000000000000000,0.000000000000000,0.000000000000000,0.000000000000000,0.000000000000000,0.000000000000000,0.000000000000000,0.000000000000000,0.000000000000000,0.000000000000000,0.000000000000000,0.000000000000000,0.000000000000000,0.000000000000000,0.000000000000000
"{1,1,1,1}",7,4,41,1,inf,0.000000000000000,2.000000000000000,0.000000000000000,1.261859507142915,0.000000000000000,1.000000000000000,0.000000000000000,0.000000000000000,0.000000000000000,0.000000000000000,0.000000000000000,0.000000000000000,0.000000000000000,0.000000000000000,0.000000000000000,0.000000000000000,0.000000000000000,0.000000000000000,0.000000000000000,0.000000000000000,0.000000000000000,0.000000000000000,0.000000000000000,0.000000000000000,0.000000000000000,0.000000000000000,0.000000000000000,0.000000000000000,0.000000000000000,0.000000000000000,0.000000000000000,0.000000000000000,0.000000000000000,0.000000000000000,0.000000000000000,0.000000000000000,0.000000000000000,0.000000000000000,0.000000000000000,0.000000000000000,0.000000000000000,0.000000000000000,0.000000000000000,0.000000000000000,0.000000000000000,0.000000000000000,0.000000000000000,0.000000000000000,0.000000000000000,0.000000000000000,0.000000000000000,0.000000000000000,0.000000000000000,0.000000000000000,0.000000000000000,0.000000000000000,0.000000000000000,0.000000000000000,0.000000000000000,0.000000000000000,0.000000000000000,0.000000000000000,0.000000000000000,0.000000000000000,0.000000000000000,0.000000000000000,0.000000000000000,0.000000000000000,0.000000000000000,0.000000000000000,0.000000000000000,0.000000000000000,0.000000000000000,0.000000000000000,0.000000000000000,0.000000000000000,0.000000000000000,0.000000000000000,0.000000000000000,0.000000000000000,0.000000000000000,0.000000000000000,0.000000000000000,0.000000000000000,0.000000000000000,0.000000000000000,0.000000000000000,0.000000000000000,0.000000000000000,0.000000000000000,0.000000000000000,0.000000000000000,0.000000000000000,0.000000000000000,0.000000000000000,0.000000000000000
{5},8,5,5,1,inf,2.321928094887362,0.000000000000000,1.464973520717927,0.000000000000000,1.160964047443681,0.000000000000000,1.000000000000000,0.898244401703927,0.000000000000000,0.000000000000000,0.000000000000000,0.000000000000000,0.000000000000000,0.000000000000000,0.000000000000000,0.000000000000000,0.000000000000000,0.000000000000000,0.000000000000000,0.000000000000000,0.000000000000000,0.000000000000000,0.000000000000000,0.000000000000000,0.000000000000000,0.000000000000000,0.000000000000000,0.000000000000000,0.000000000000000,0.000000000000000,0.000000000000000,0.000000000000000,0.000000000000000,0.000000000000000,0.000000000000000,0.000000000000000,0.000000000000000,0.000000000000000,0.000000000000000,0.000000000000000,0.000000000000000,0.000000000000000,0.000000000000000,0.000000000000000,0.000000000000000,0.000000000000000,0.000000000000000,0.000000000000000,0.000000000000000,0.000000000000000,0.000000000000000,0.000000000000000,0.000000000000000,0.000000000000000,0.000000000000000,0.000000000000000,0.000000000000000,0.000000000000000,0.000000000000000,0.000000000000000,0.000000000000000,0.000000000000000,0.000000000000000,0.000000000000000,0.000000000000000,0.000000000000000,0.000000000000000,0.000000000000000,0.000000000000000,0.000000000000000,0.000000000000000,0.000000000000000,0.000000000000000,0.000000000000000,0.000000000000000,0.000000000000000,0.000000000000000,0.000000000000000,0.000000000000000,0.000000000000000,0.000000000000000,0.000000000000000,0.000000000000000,0.000000000000000,0.000000000000000,0.000000000000000,0.000000000000000,0.000000000000000,0.000000000000000,0.000000000000000,0.000000000000000,0.000000000000000,0.000000000000000,0.000000000000000,0.000000000000000,0.000000000000000
{6},9,6,6,1,inf,2.584962500721156,0.000000000000000,1.630929753571457,0.000000000000000,1.292481250360578,0.000000000000000,1.113282752559378,1.000000000000000,0.000000000000000,0.000000000000000,0.000000000000000,0.000000000000000,0.000000000000000,0.000000000000000,0.000000000000000,0.000000000000000,0.000000000000000,0.000000000000000,0.000000000000000,0.000000000000000,0.000000000000000,0.000000000000000,0.000000000000000,0.000000000000000,0.000000000000000,0.000000000000000,0.000000000000000,0.000000000000000,0.000000000000000,0.000000000000000,0.000000000000000,0.000000000000000,0.000000000000000,0.000000000000000,0.000000000000000,0.000000000000000,0.000000000000000,0.000000000000000,0.000000000000000,0.000000000000000,0.000000000000000,0.000000000000000,0.000000000000000,0.000000000000000,0.000000000000000,0.000000000000000,0.000000000000000,0.000000000000000,0.000000000000000,0.000000000000000,0.000000000000000,0.000000000000000,0.000000000000000,0.000000000000000,0.000000000000000,0.000000000000000,0.000000000000000,0.000000000000000,0.000000000000000,0.000000000000000,0.000000000000000,0.000000000000000,0.000000000000000,0.000000000000000,0.000000000000000,0.000000000000000,0.000000000000000,0.000000000000000,0.000000000000000,0.000000000000000,0.000000000000000,0.000000000000000,0.000000000000000,0.000000000000000,0.000000000000000,0.000000000000000,0.000000000000000,0.000000000000000,0.000000000000000,0.000000000000000,0.000000000000000,0.000000000000000,0.000000000000000,0.000000000000000,0.000000000000000,0.000000000000000,0.000000000000000,0.000000000000000,0.000000000000000,0.000000000000000,0.000000000000000,0.000000000000000,0.000000000000000,0.000000000000000,0.000000000000000,0.000000000000000
"{2,1}",10,7,8,1,inf,1.000000000000000,1.000000000000000,0.630929753571457,0.630929753571457,0.500000000000000,0.500000000000000,0.430676558073393,0.386852807234542,1.000000000000000,0.772907804780652,0.630929753571457,0.630929753571457,0.617860129493292,0.630929753571457,0.550496516563921,0.500000000000000,0.609089767923819,0.500000000000000,0.500000000000000,0.500000000000000,0.500000000000000,0.486247595827999,0.500000000000000,0.430676558073393,0.452558960700955,0.430676558073393,0.430249703011758,0.417650100804583,0.396868796348708,0.386852807234542,0.386852807234542,0.386852807234542,0.384969621468096,0.374706007734972,0.360348494501222,0.630929753571457,0.609754731091916,0.562510297473118,0.545883018411974,0.519505711523293,0.487650530803713,0.500000000000000,0.500000000000000,0.500000000000000,0.500000000000000,0.500000000000000,0.500000000000000,0.492952738312473,0.485624993125037,0.500000000000000,0.476868767104479,0.497587308343244,0.452038554376534,0.476507692870618,0.476784370101348,0.458038597572917,0.456247400527657,0.446642770969763,0.432746807423109,0.414991126682040,0.430676558073393,0.430676558073393,0.430676558073393,0.430247286935260,0.429989414118107,0.441139579867240,0.500000000000000,0.417526924220227,0.423570314932532,0.415719865208618,0.500000000000000,0.396763812614944,0.408413689696490,0.500000000000000,0.395477119345212,0.396023474385563,0.390577409479564,0.484755878100690,0.477117844166536,0.381473714707927,0.473062739786036,0.456826855780632,0.370015693114770,0.452244117267502,0.451404010283300,0.439362201852632,0.445116085184854,0.424694505000725,0.435954877459789,0.430592437104984,0.421939494946899,0.413441624035854,0.409974800796677,0.407044554965358,0.397296740808417,0.386453902390326
"{2,2}",11,8,9,1,inf,1.000000000000000,1.000000000000000,0.630929753571457,0.630929753571457,0.500000000000000,0.500000000000000,0.430676558073393,0.386852807234542,1.000000000000000,1.000000000000000,0.630929753571457,0.630929753571457,0.630929753571457,0.630929753571457,0.630929753571457,0.500000000000000,0.630929753571457,0.500000000000000,0.500000000000000,0.500000000000000,0.500000000000000,0.500000000000000,0.500000000000000,0.430676558073393,0.500000000000000,0.430676558073393,0.430676558073393,0.430676558073393,0.430676558073393,0.386852807234542,0.386852807234542,0.386852807234542,0.386852807234542,0.386852807234542,0.386852807234542,0.630929753571457,0.630929753571457,0.630929753571457,0.630929753571457,0.630929753571457,0.630929753571457,0.500000000000000,0.500000000000000,0.500000000000000,0.500000000000000,0.500000000000000,0.500000000000000,0.500000000000000,0.500000000000000,0.500000000000000,0.500000000000000,0.500000000000000,0.500000000000000,0.500000000000000,0.500000000000000,0.500000000000000,0.500000000000000,0.500000000000000,0.500000000000000,0.500000000000000,0.430676558073393,0.430676558073393,0.430676558073393,0.430676558073393,0.430676558073393,0.500000000000000,0.500000000000000,0.430676558073393,0.430676558073393,0.430676558073393,0.500000000000000,0.430676558073393,0.430676558073393,0.500000000000000,0.430676558073393,0.430676558073393,0.430676558073393,0.500000000000000,0.500000000000000,0.430676558073393,0.500000000000000,0.500000000000000,0.430676558073393,0.500000000000000,0.500000000000000,0.500000000000000,0.500000000000000,0.500000000000000,0.500000000000000,0.500000000000000,0.500000000000000,0.500000000000000,0.500000000000000,0.500000000000000,0.500000000000000,0.500000000000000
"{3,1}",12,9,10,1,inf,1.584962500721156,1.000000000000000,1.000000000000000,0.630929753571457,0.792481250360578,0.500000000000000,0.682606194485985,0.613147192765458,1.000000000000000,0.965384441732204,1.000000000000000,0.630929753571457,0.860848732112422,0.630929753571457,0.772907804780652,0.500000000000000,0.630929753571457,0.792481250360578,0.500000000000000,0.765651808047220,0.500000000000000,0.706359351369763,0.500000000000000,0.682606194485985,0.657745373923057,0.681382868386491,0.651655118388077,0.617228883458170,0.586460998265258,0.613147192765458,0.613147192765458,0.604618256230647,0.582312533293751,0.559240430435137,0.537764439652880,0.630929753571457,0.630929753571457,0.630929753571457,0.630929753571457,0.626167947037771,0.609089767923819,0.500000000000000,0.630929753571457,0.500000000000000,0.630929753571457,0.500000000000000,0.628940054803809,0.500000000000000,0.630929753571457,0.500000000000000,0.612794691642017,0.500000000000000,0.624417272395030,0.500000000000000,0.500000000000000,0.500000000000000,0.591562473299219,0.594514666707820,0.573097585581513,0.555392808906154,0.630929753571457,0.630929753571457,0.618963746222181,0.626937187051025,0.596408160204232,0.500000000000000,0.500000000000000,0.601985703944709,0.574463817015988,0.576240951386797,0.500000000000000,0.577278172214325,0.556278210151350,0.500000000000000,0.557722523286328,0.539727557209226,0.540158018793766,0.500000000000000,0.500000000000000,0.525172543881558,0.500000000000000,0.500000000000000,0.511916046471080,0.500000000000000,0.500000000000000,0.500000000000000,0.500000000000000,0.498557825927909,0.500000000000000,0.500000000000000,0.499416436894252,0.500000000000000,0.494703703400092,0.496137234545728,0.489188704521366,0.482692220866102
"{2,1,1}",13,9,21,1,inf,1.000000000000000,1.584962500721156,0.630929753571457,1.000000000000000,0.500000000000000,0.792481250360578,0.430676558073393,0.386852807234542,1.000000000000000,0.829464339149699,0.630929753571457,1.000000000000000,0.627475727470560,0.810710375084768,0.567989008709643,0.792481250360578,0.718548531230889,0.500000000000000,0.772907804780652,0.500000000000000,0.697994829595240,0.493507668842791,0.645893922564806,0.430676558073393,0.462188507480303,0.430676558073393,0.430636349420144,0.423217187778040,0.403438457472871,0.386852807234542,0.386852807234542,0.386852807234542,0.386324666909323,0.379191056128556,0.365342467669289,0.630929753571457,0.627256789132505,0.610592571750440,0.567408258032509,0.556424704503324,0.523333731096031,0.630929753571457,0.500000000000000,0.626981214294336,0.500000000000000,0.608220918515888,0.500000000000000,0.584343725809126,0.493469371963433,0.566751478236874,0.491740626707469,0.555120836128848,0.462133167700609,0.541807125072125,0.522265691500464,0.512830807483382,0.478827577315638,0.460708589678703,0.452593277918933,0.434777091966638,0.430676558073393,0.430676558073393,0.430676558073393,0.430636346044216,0.430632885674098,0.491494389140955,0.500000000000000,0.423209405533117,0.429881738806090,0.422896621679731,0.500000000000000,0.403429398964154,0.420146141212735,0.500000000000000,0.403158346243250,0.410765597257043,0.401253849779149,0.493429543243713,0.500000000000000,0.394977256657959,0.491653465306803,0.488991329546310,0.383521606301391,0.478584058003265,0.462076212900558,0.474971524563230,0.460626118880025,0.462439706271734,0.458862001140446,0.452439924967160,0.450215821886838,0.434644820021074,0.441863188959853,0.432922085230704,0.426637804455604,0.414732169574849
"{3,2}",14,10,11,1,inf,1.584962500721156,1.000000000000000,1.000000000000000,0.630929753571457,0.792481250360578,0.500000000000000,0.682606194485985,0.613147192765458,1.000000000000000,1.000000000000000,1.000000000000000,0.630929753571457,1.000000000000000,0.630929753571457,0.887406003114174,0.500000000000000,0.630929753571457,0.792481250360578,0.500000000000000,0.792481250360578,0.500000000000000,0.785922450342794,0.500000000000000,0.682606194485985,0.732430606684220,0.682606194485985,0.682606194485985,0.674164645413201,0.641531708448788,0.613147192765458,0.613147192765458,0.613147192765458,0.613147192765458,0.604173178413598,0.581686065483887,0.630929753571457,0.630929753571457,0.630929753571457,0.630929753571457,0.630929753571457,0.630929753571457,0.500000000000000,0.630929753571457,0.500000000000000,0.630929753571457,0.500000000000000,0.630929753571457,0.500000000000000,0.630929753571457,0.500000000000000,0.630929753571457,0.500000000000000,0.630929753571457,0.500000000000000,0.500000000000000,0.500000000000000,0.630929753571457,0.630929753571457,0.630929753571457,0.630929753571457,0.630929753571457,0.630929753571457,0.630929753571457,0.630929753571457,0.630929753571457,0.500000000000000,0.500000000000000,0.630929753571457,0.630929753571457,0.630929753571457,0.500000000000000,0.630929753571457,0.630929753571457,0.500000000000000,0.630929753571457,0.626200049971397,0.627468399716554,0.500000000000000,0.500000000000000,0.609653743102109,0.500000000000000,0.500000000000000,0.592830390510161,0.500000000000000,0.500000000000000,0.500000000000000,0.500000000000000,0.500000000000000,0.500000000000000,0.500000000000000,0.500000000000000,0.500000000000000,0.500000000000000,0.500000000000000,0.500000000000000,0.500000000000000
"{2,2,1}",15,10,22,1,inf,1.000000000000000,1.584962500721156,0.630929753571457,1.000000000000000,0.500000000000000,0.792481250360578,0.430676558073393,0.386852807234542,1.000000000000000,1.000000000000000,0.630929753571457,1.000000000000000,0.630929753571457,1.000000000000000,0.630929753571457,0.792481250360578,0.884183658604178,0.500000000000000,0.792481250360578,0.500000000000000,0.792481250360578,0.500000000000000,0.772907804780652,0.430676558073393,0.500000000000000,0.430676558073393,0.430676558073393,0.430676558073393,0.430676558073393,0.386852807234542,0.386852807234542,0.386852807234542,0.386852807234542,0.386852807234542,0.386852807234542,0.630929753571457,0.630929753571457,0.630929753571457,0.630929753571457,0.630929753571457,0.630929753571457,0.630929753571457,0.500000000000000,0.630929753571457,0.500000000000000,0.630929753571457,0.500000000000000,0.630929753571457,0.500000000000000,0.630929753571457,0.500000000000000,0.630929753571457,0.500000000000000,0.630929753571457,0.630929753571457,0.629094920881469,0.500000000000000,0.500000000000000,0.500000000000000,0.500000000000000,0.430676558073393,0.430676558073393,0.430676558073393,0.430676558073393,0.430676558073393,0.604500296779712,0.500000000000000,0.430676558073393,0.430676558073393,0.430676558073393,0.500000000000000,0.430676558073393,0.430676558073393,0.500000000000000,0.430676558073393,0.430676558073393,0.430676558073393,0.500000000000000,0.500000000000000,0.430676558073393,0.500000000000000,0.500000000000000,0.430676558073393,0.500000000000000,0.500000000000000,0.500000000000000,0.500000000000000,0.500000000000000,0.500000000000000,0.500000000000000,0.500000000000000,0.500000000000000,0.500000000000000,0.500000000000000,0.500000000000000,0.500000000000000
"{3,3}",16,11,12,1,inf,1.584962500721156,1.000000000000000,1.000000000000000,0.630929753571457,0.792481250360578,0.500000000000000,0.682606194485985,0.613147192765458,1.000000000000000,1.000000000000000,1.000000000000000,0.630929753571457,1.000000000000000,0.630929753571457,1.000000000000000,0.500000000000000,0.630929753571457,0.792481250360578,0.500000000000000,0.792481250360578,0.500000000000000,0.792481250360578,0.500000000000000,0.682606194485985,0.792481250360578,0.682606194485985,0.682606194485985,0.682606194485985,0.682606194485985,0.613147192765458,0.613147192765458,0.613147192765458,0.613147192765458,0.613147192765458,0.613147192765458,0.630929753571457,0.630929753571457,0.630929753571457,0.630929753571457,0.630929753571457,0.630929753571457,0.500000000000000,0.630929753571457,0.500000000000000,0.630929753571457,0.500000000000000,0.630929753571457,0.500000000000000,0.630929753571457,0.500000000000000,0.630929753571457,0.500000000000000,0.630929753571457,0.500000000000000,0.500000000000000,0.500000000000000,0.630929753571457,0.630929753571457,0.630929753571457,0.630929753571457,0.630929753571457,0.630929753571457,0.630929753571457,0.630929753571457,0.630929753571457,0.500000000000000,0.500000000000000,0.630929753571457,0.630929753571457,0.630929753571457,0.500000000000000,0.630929753571457,0.630929753571457,0.500000000000000,0.630929753571457,0.630929753571457,0.630929753571457,0.500000000000000,0.500000000000000,0.630929753571457,0.500000000000000,0.500000000000000,0.630929753571457,0.500000000000000,0.500000000000000,0.500000000000000,0.500000000000000,0.500000000000000,0.500000000000000,0.500000000000000,0.500000000000000,0.500000000000000,0.500000000000000,0.500000000000000,0.500000000000000,0.500000000000000
"{2,1,1,1}",17,12,42,1,inf,1.000000000000000,2.000000000000000,0.630929753571457,1.261859507142915,0.500000000000000,1.000000000000000,0.430676558073393,0.386852807234542,1.000000000000000,0.849524990019816,0.630929753571457,1.000000000000000,0.629287901993599,0.841232409503174,0.574709927884451,1.000000000000000,0.753940560887133,0.500000000000000,0.829464339149699,0.500000000000000,0.744811853176803,0.495693842333413,0.690951361697128,0.430676558073393,0.466016442571644,0.430676558073393,0.430665941728907,0.425151672684198,0.406101993163646,0.386852807234542,0.386852807234542,0.386852807234542,0.386595831951437,0.380858708684055,0.367394078263359,0.630929753571457,0.629251125974589,0.620749608053240,0.574497821744082,0.567560809169893,0.535990592605997,0.630929753571457,0.500000000000000,0.629211290367794,0.500000000000000,0.620274657198973,0.500000000000000,0.605648283248930,0.495685515444507,0.574274135799365,0.494963335444368,0.567163244771983,0.465999411417069,0.558852566819713,0.535620249263441,0.529537510781990,0.485644826974867,0.465273352598966,0.459324939415558,0.442099350012193,0.430676558073393,0.430676558073393,0.430676558073393,0.430665941654874,0.430665599836814,0.508553646475441,0.500000000000000,0.425149988973395,0.430470124717383,0.425027191293950,0.500000000000000,0.406099579877198,0.423448937706669,0.500000000000000,0.405979479397689,0.415768387917194,0.404825674164173,0.495677078458223,0.500000000000000,0.399821574829970,0.494948833471774,0.493974524732476,0.388646441183216,0.485587046022604,0.465982196287079,0.483873968355526,0.465251568312085,0.473874529460880,0.464423878340885,0.459283847188409,0.458197315713911,0.442060940529025,0.451886011760932,0.441187531335443,0.436486414852699,0.424762495009908
"{2,2,2}",18,13,23,1,inf,1.000000000000000,1.584962500721156,0.630929753571457,1.000000000000000,0.500000000000000,0.792481250360578,0.430676558073393,0.386852807234542,1.000000000000000,1.000000000000000,0.630929753571457,1.000000000000000,0.630929753571457,1.000000000000000,0.630929753571457,0.792481250360578,1.000000000000000,0.500000000000000,0.792481250360578,0.500000000000000,0.792481250360578,0.500000000000000,0.792481250360578,0.430676558073393,0.500000000000000,0.430676558073393,0.430676558073393,0.430676558073393,0.430676558073393,0.386852807234542,0.386852807234542,0.386852807234542,0.386852807234542,0.386852807234542,0.386852807234542,0.630929753571457,0.630929753571457,0.630929753571457,0.630929753571457,0.630929753571457,0.630929753571457,0.630929753571457,0.500000000000000,0.630929753571457,0.500000000000000,0.630929753571457,0.500000000000000,0.630929753571457,0.500000000000000,0.630929753571457,0.500000000000000,0.630929753571457,0.500000000000000,0.630929753571457,0.630929753571457,0.630929753571457,0.500000000000000,0.500000000000000,0.500000000000000,0.500000000000000,0.430676558073393,0.430676558073393,0.430676558073393,0.430676558073393,0.430676558073393,0.630929753571457,0.500000000000000,0.430676558073393,0.430676558073393,0.430676558073393,0.500000000000000,0.430676558073393,0.430676558073393,0.500000000000000,0.430676558073393,0.430676558073393,0.430676558073393,0.500000000000000,0.500000000000000,0.430676558073393,0.500000000000000,0.500000000000000,0.430676558073393,0.500000000000000,0.500000000000000,0.500000000000000,0.500000000000000,0.500000000000000,0.500000000000000,0.500000000000000,0.500000000000000,0.500000000000000,0.500000000000000,0.500000000000000,0.500000000000000,0.500000000000000
"{4,1}",19,14,13,1,inf,2.000000000000000,1.000000000000000,1.261859507142915,0.630929753571457,1.000000000000000,0.500000000000000,0.861353116146786,0.773705614469083,1.000000000000000,1.000000000000000,1.000000000000000,0.630929753571457,0.955903394443298,0.630929753571457,0.882279159734480,0.500000000000000,0.630929753571457,1.000000000000000,0.500000000000000,0.890737795970350,0.500000000000000,0.823080988963268,0.500000000000000,0.861353116146786,0.772907804780652,0.827039654972847,0.773848898465303,0.732480812694825,0.698794939723103,0.773705614469083,0.767167312241930,0.731385410300803,0.698300622531447,0.670242748450148,0.646067521667283,0.630929753571457,0.630929753571457,0.630929753571457,0.630929753571457,0.630929753571457,0.630929753571457,0.500000000000000,0.630929753571457,0.500000000000000,0.630929753571457,0.500000000000000,0.630929753571457,0.500000000000000,0.630929753571457,0.500000000000000,0.630929753571457,0.500000000000000,0.630929753571457,0.500000000000000,0.500000000000000,0.500000000000000,0.627798487053214,0.629639032800686,0.619839098179966,0.609089767923819,0.630929753571457,0.630929753571457,0.630929753571457,0.630929753571457,0.630390263720331,0.500000000000000,0.500000000000000,0.630929753571457,0.621539545728230,0.624359908841282,0.500000000000000,0.630929753571457,0.610930117700059,0.500000000000000,0.615884679939964,0.598861396852688,0.600635696303788,0.500000000000000,0.500000000000000,0.588066282446532,0.500000000000000,0.500000000000000,0.577191045123886,0.500000000000000,0.500000000000000,0.500000000000000,0.500000000000000,0.500000000000000,0.500000000000000,0.500000000000000,0.500000000000000,0.500000000000000,0.500000000000000,0.500000000000000,0.500000000000000,0.500000000000000
"{2,2,1,1}",20,14,43,1,inf,1.000000000000000,2.000000000000000,0.630929753571457,1.261859507142915,0.500000000000000,1.000000000000000,0.430676558073393,0.386852807234542,1.000000000000000,1.000000000000000,0.630929753571457,1.000000000000000,0.630929753571457,1.000000000000000,0.630929753571457,1.000000000000000,0.908809936419733,0.500000000000000,1.000000000000000,0.500000000000000,0.896142658286215,0.500000000000000,0.829464339149699,0.430676558073393,0.500000000000000,0.430676558073393,0.430676558073393,0.430676558073393,0.430676558073393,0.386852807234542,0.386852807234542,0.386852807234542,0.386852807234542,0.386852807234542,0.386852807234542,0.630929753571457,0.630929753571457,0.630929753571457,0.630929753571457,0.630929753571457,0.630929753571457,0.630929753571457,0.500000000000000,0.630929753571457,0.500000000000000,0.630929753571457,0.500000000000000,0.630929753571457,0.500000000000000,0.630929753571457,0.500000000000000,0.630929753571457,0.500000000000000,0.630929753571457,0.630929753571457,0.630429131388651,0.500000000000000,0.500000000000000,0.500000000000000,0.500000000000000,0.430676558073393,0.430676558073393,0.430676558073393,0.430676558073393,0.430676558073393,0.608970590575057,0.500000000000000,0.430676558073393,0.430676558073393,0.430676558073393,0.500000000000000,0.430676558073393,0.430676558073393,0.500000000000000,0.430676558073393,0.430676558073393,0.430676558073393,0.500000000000000,0.500000000000000,0.430676558073393,0.500000000000000,0.500000000000000,0.430676558073393,0.500000000000000,0.500000000000000,0.500000000000000,0.500000000000000,0.500000000000000,0.500000000000000,0.500000000000000,0.500000000000000,0.500000000000000,0.500000000000000,0.500000000000000,0.500000000000000,0.500000000000000
"{4,2}",21,15,14,1,inf,2.000000000000000,1.000000000000000,1.261859507142915,0.630929753571457,1.000000000000000,0.500000000000000,0.861353116146786,0.773705614469083,1.000000000000000,1.000000000000000,1.000000000000000,0.630929753571457,1.000000000000000,0.630929753571457,0.987636115347647,0.500000000000000,0.630929753571457,1.000000000000000,0.500000000000000,1.000000000000000,0.500000000000000,0.920617056397603,0.500000000000000,0.861353116146786,0.858773013003835,0.861353116146786,0.849434053091448,0.805867204817224,0.765369251927931,0.773705614469083,0.773705614469083,0.773705614469083,0.757558233663179,0.728711809358994,0.700401262858250,0.630929753571457,0.630929753571457,0.630929753571457,0.630929753571457,0.630929753571457,0.630929753571457,0.500000000000000,0.630929753571457,0.500000000000000,0.630929753571457,0.500000000000000,0.630929753571457,0.500000000000000,0.630929753571457,0.500000000000000,0.630929753571457,0.500000000000000,0.630929753571457,0.500000000000000,0.500000000000000,0.500000000000000,0.630929753571457,0.630929753571457,0.630929753571457,0.630929753571457,0.630929753571457,0.630929753571457,0.630929753571457,0.630929753571457,0.630929753571457,0.500000000000000,0.500000000000000,0.630929753571457,0.630929753571457,0.630929753571457,0.500000000000000,0.630929753571457,0.630929753571457,0.500000000000000,0.630929753571457,0.630929753571457,0.630929753571457,0.500000000000000,0.500000000000000,0.630929753571457,0.500000000000000,0.500000000000000,0.630929753571457,0.500000000000000,0.500000000000000,0.500000000000000,0.500000000000000,0.500000000000000,0.500000000000000,0.500000000000000,0.500000000000000,0.500000000000000,0.500000000000000,0.500000000000000,0.500000000000000,0.500000000000000
"{2,2,2,1}",22,15,44,1,inf,1.000000000000000,2.000000000000000,0.630929753571457,1.261859507142915,0.500000000000000,1.000000000000000,0.430676558073393,0.386852807234542,1.000000000000000,1.000000000000000,0.630929753571457,1.000000000000000,0.630929753571457,1.000000000000000,0.630929753571457,1.000000000000000,1.000000000000000,0.500000000000000,1.000000000000000,0.500000000000000,1.000000000000000,0.500000000000000,0.925099455769635,0.430676558073393,0.500000000000000,0.430676558073393,0.430676558073393,0.430676558073393,0.430676558073393,0.386852807234542,0.386852807234542,0.386852807234542,0.386852807234542,0.386852807234542,0.386852807234542,0.630929753571457,0.630929753571457,0.630929753571457,0.630929753571457,0.630929753571457,0.630929753571457,0.630929753571457,0.500000000000000,0.630929753571457,0.500000000000000,0.630929753571457,0.500000000000000,0.630929753571457,0.500000000000000,0.630929753571457,0.500000000000000,0.630929753571457,0.500000000000000,0.630929753571457,0.630929753571457,0.630929753571457,0.500000000000000,0.500000000000000,0.500000000000000,0.500000000000000,0.430676558073393,0.430676558073393,0.430676558073393,0.430676558073393,0.430676558073393,0.630929753571457,0.500000000000000,0.430676558073393,0.430676558073393,0.430676558073393,0.500000000000000,0.430676558073393,0.430676558073393,0.500000000000000,0.430676558073393,0.430676558073393,0.430676558073393,0.500000000000000,0.500000000000000,0.430676558073393,0.500000000000000,0.500000000000000,0.430676558073393,0.500000000000000,0.500000000000000,0.500000000000000,0.500000000000000,0.500000000000000,0.500000000000000,0.500000000000000,0.500000000000000,0.500000000000000,0.500000000000000,0.500000000000000,0.500000000000000,0.500000000000000
"{4,3}",23,16,15,1,inf,2.000000000000000,1.000000000000000,1.261859507142914,0.630929753571457,1.000000000000000,0.500000000000000,0.861353116146786,0.773705614469083,1.000000000000000,1.000000000000000,1.000000000000000,0.630929753571457,1.000000000000000,0.630929753571457,1.000000000000000,0.500000000000000,0.630929753571457,1.000000000000000,0.500000000000000,1.000000000000000,0.500000000000000,1.000000000000000,0.500000000000000,0.861353116146786,0.928610186809396,0.861353116146786,0.861353116146786,0.857564301709556,0.816116622501307,0.773705614469083,0.773705614469083,0.773705614469083,0.773705614469083,0.768284005186349,0.740103969793249,0.630929753571457,0.630929753571457,0.630929753571457,0.630929753571457,0.630929753571457,0.630929753571457,0.500000000000000,0.630929753571457,0.500000000000000,0.630929753571457,0.500000000000000,0.630929753571457,0.500000000000000,0.630929753571457,0.500000000000000,0.630929753571457,0.500000000000000,0.630929753571457,0.500000000000000,0.500000000000000,0.500000000000000,0.630929753571457,0.630929753571457,0.630929753571457,0.630929753571457,0.630929753571457,0.630929753571457,0.630929753571457,0.630929753571457,0.630929753571457,0.500000000000000,0.500000000000000,0.630929753571457,0.630929753571457,0.630929753571457,0.500000000000000,0.630929753571457,0.630929753571457,0.500000000000000,0.630929753571457,0.630929753571457,0.630929753571457,0.500000000000000,0.500000000000000,0.630929753571457,0.500000000000000,0.500000000000000,0.630929753571457,0.500000000000000,0.500000000000000,0.500000000000000,0.500000000000000,0.500000000000000,0.500000000000000,0.500000000000000,0.500000000000000,0.500000000000000,0.500000000000000,0.500000000000000,0.500000000000000,0.500000000000000
"{2,2,2,2}",24,16,45,1,inf,1.000000000000000,2.000000000000000,0.630929753571457,1.261859507142915,0.500000000000000,1.000000000000000,0.430676558073393,0.386852807234542,1.000000000000000,1.000000000000000,0.630929753571457,1.000000000000000,0.630929753571457,1.000000000000000,0.630929753571457,1.000000000000000,1.000000000000000,0.500000000000000,1.000000000000000,0.500000000000000,1.000000000000000,0.500000000000000,1.000000000000000,0.430676558073393,0.500000000000000,0.430676558073393,0.430676558073393,0.430676558073393,0.430676558073393,0.386852807234542,0.386852807234542,0.386852807234542,0.386852807234542,0.386852807234542,0.386852807234542,0.630929753571457,0.630929753571457,0.630929753571457,0.630929753571457,0.630929753571457,0.630929753571457,0.630929753571457,0.500000000000000,0.630929753571457,0.500000000000000,0.630929753571457,0.500000000000000,0.630929753571457,0.500000000000000,0.630929753571457,0.500000000000000,0.630929753571457,0.500000000000000,0.630929753571457,0.630929753571457,0.630929753571457,0.500000000000000,0.500000000000000,0.500000000000000,0.500000000000000,0.430676558073393,0.430676558073393,0.430676558073393,0.430676558073393,0.430676558073393,0.630929753571457,0.500000000000000,0.430676558073393,0.430676558073393,0.430676558073393,0.500000000000000,0.430676558073393,0.430676558073393,0.500000000000000,0.430676558073393,0.430676558073393,0.430676558073393,0.500000000000000,0.500000000000000,0.430676558073393,0.500000000000000,0.500000000000000,0.430676558073393,0.500000000000000,0.500000000000000,0.500000000000000,0.500000000000000,0.500000000000000,0.500000000000000,0.500000000000000,0.500000000000000,0.500000000000000,0.500000000000000,0.500000000000000,0.500000000000000,0.500000000000000
"{5,1}",25,17,17,1,inf,2.321928094887362,1.000000000000000,1.464973520717927,0.630929753571457,1.160964047443681,0.500000000000000,1.000000000000000,0.898244401703927,1.000000000000000,1.000000000000000,1.000000000000000,0.630929753571457,0.991656543524561,0.630929753571457,0.940828749396751,0.500000000000000,0.630929753571457,1.000000000000000,0.500000000000000,0.952590334846789,0.500000000000000,0.891703108310732,0.500000000000000,1.000000000000000,0.844793980709573,0.906326049371892,0.848879803557205,0.806650408713296,0.772907804780652,0.898244401703927,0.859897510068549,0.811233526494147,0.774324445200649,0.744608187891719,0.719626532604129,0.630929753571457,0.630929753571457,0.630929753571457,0.630929753571457,0.630929753571457,0.630929753571457,0.500000000000000,0.630929753571457,0.500000000000000,0.630929753571457,0.500000000000000,0.630929753571457,0.500000000000000,0.630929753571457,0.500000000000000,0.630929753571457,0.500000000000000,0.630929753571457,0.500000000000000,0.500000000000000,0.500000000000000,0.630929753571457,0.630929753571457,0.630867160431052,0.627890643365912,0.630929753571457,0.630929753571457,0.630929753571457,0.630929753571457,0.630929753571457,0.500000000000000,0.500000000000000,0.630929753571457,0.630929753571457,0.630929753571457,0.500000000000000,0.630929753571457,0.628827776379919,0.500000000000000,0.630661789281266,0.623026307966164,0.624360454211776,0.500000000000000,0.500000000000000,0.616578608578943,0.500000000000000,0.500000000000000,0.609089767923819,0.500000000000000,0.500000000000000,0.500000000000000,0.500000000000000,0.500000000000000,0.500000000000000,0.500000000000000,0.500000000000000,0.500000000000000,0.500000000000000,0.500000000000000,0.500000000000000,0.500000000000000
"{4,4}",26,18,16,1,inf,2.000000000000000,1.000000000000000,1.261859507142915,0.630929753571457,1.000000000000000,0.500000000000000,0.861353116146786,0.773705614469083,1.000000000000000,1.000000000000000,1.000000000000000,0.630929753571457,1.000000000000000,0.630929753571457,1.000000000000000,0.500000000000000,0.630929753571457,1.000000000000000,0.500000000000000,1.000000000000000,0.500000000000000,1.000000000000000,0.500000000000000,0.861353116146786,1.000000000000000,0.861353116146786,0.861353116146786,0.861353116146786,0.861353116146786,0.773705614469083,0.773705614469083,0.773705614469083,0.773705614469083,0.773705614469083,0.773705614469083,0.630929753571457,0.630929753571457,0.630929753571457,0.630929753571457,0.630929753571457,0.630929753571457,0.500000000000000,0.630929753571457,0.500000000000000,0.630929753571457,0.500000000000000,0.630929753571457,0.500000000000000,0.630929753571457,0.500000000000000,0.630929753571457,0.500000000000000,0.630929753571457,0.500000000000000,0.500000000000000,0.500000000000000,0.630929753571457,0.630929753571457,0.630929753571457,0.630929753571457,0.630929753571457,0.630929753571457,0.630929753571457,0.630929753571457,0.630929753571457,0.500000000000000,0.500000000000000,0.630929753571457,0.630929753571457,0.630929753571457,0.500000000000000,0.630929753571457,0.630929753571457,0.500000000000000,0.630929753571457,0.630929753571457,0.630929753571457,0.500000000000000,0.500000000000000,0.630929753571457,0.500000000000000,0.500000000000000,0.630929753571457,0.500000000000000,0.500000000000000,0.500000000000000,0.500000000000000,0.500000000000000,0.500000000000000,0.500000000000000,0.500000000000000,0.500000000000000,0.500000000000000,0.500000000000000,0.500000000000000,0.500000000000000
"{5,2}",27,19,18,1,inf,2.321928094887362,1.000000000000000,1.464973520717927,0.630929753571457,1.160964047443681,0.500000000000000,1.000000000000000,0.898244401703927,1.000000000000000,1.000000000000000,1.000000000000000,0.630929753571457,1.000000000000000,0.630929753571457,1.000000000000000,0.500000000000000,0.630929753571457,1.000000000000000,0.500000000000000,1.000000000000000,0.500000000000000,0.981939062471349,0.500000000000000,1.000000000000000,0.931504743979750,1.000000000000000,0.934775438529813,0.885471401636938,0.844908026732951,0.898244401703927,0.898244401703927,0.882705528469677,0.843867432616581,0.809793169714592,0.780030403014164,0.630929753571457,0.630929753571457,0.630929753571457,0.630929753571457,0.630929753571457,0.630929753571457,0.500000000000000,0.630929753571457,0.500000000000000,0.630929753571457,0.500000000000000,0.630929753571457,0.500000000000000,0.630929753571457,0.500000000000000,0.630929753571457,0.500000000000000,0.630929753571457,0.500000000000000,0.500000000000000,0.500000000000000,0.630929753571457,0.630929753571457,0.630929753571457,0.630929753571457,0.630929753571457,0.630929753571457,0.630929753571457,0.630929753571457,0.630929753571457,0.500000000000000,0.500000000000000,0.630929753571457,0.630929753571457,0.630929753571457,0.500000000000000,0.630929753571457,0.630929753571457,0.500000000000000,0.630929753571457,0.630929753571457,0.630929753571457,0.500000000000000,0.500000000000000,0.630929753571457,0.500000000000000,0.500000000000000,0.630929753571457,0.500000000000000,0.500000000000000,0.500000000000000,0.500000000000000,0.500000000000000,0.500000000000000,0.500000000000000,0.500000000000000,0.500000000000000,0.500000000000000,0.500000000000000,0.500000000000000,0.500000000000000
"{5,3}",28,20,19,16,inf,2.321928094887362,1.000000000000000,1.464973520717927,0.630929753571457,1.160964047443681,0.500000000000000,1.000000000000000,0.898244401703927,1.000000000000000,1.000000000000000,1.000000000000000,0.630929753571457,1.000000000000000,0.630929753571457,1.000000000000000,0.500000000000000,0.630929753571457,1.000000000000000,0.500000000000000,1.000000000000000,0.500000000000000,1.000000000000000,0.500000000000000,1.000000000000000,0.993796337907608,1.000000000000000,1.000000000000000,0.945869144401211,0.899764480712223,0.898244401703927,0.898244401703927,0.898244401703927,0.891472491608874,0.857807979330936,0.824535344305315,0.630929753571457,0.630929753571457,0.630929753571457,0.630929753571457,0.630929753571457,0.630929753571457,0.500000000000000,0.630929753571457,0.500000000000000,0.630929753571457,0.500000000000000,0.630929753571457,0.500000000000000,0.630929753571457,0.500000000000000,0.630929753571457,0.500000000000000,0.630929753571457,0.500000000000000,0.500000000000000,0.500000000000000,0.630929753571457,0.630929753571457,0.630929753571457,0.630929753571457,0.630929753571457,0.630929753571457,0.630929753571457,0.630929753571457,0.630929753571457,0.500000000000000,0.500000000000000,0.630929753571457,0.630929753571457,0.630929753571457,0.500000000000000,0.630929753571457,0.630929753571457,0.500000000000000,0.630929753571457,0.630929753571457,0.630929753571457,0.500000000000000,0.500000000000000,0.630929753571457,0.500000000000000,0.500000000000000,0.630929753571457,0.500000000000000,0.500000000000000,0.500000000000000,0.500000000000000,0.500000000000000,0.500000000000000,0.500000000000000,0.500000000000000,0.500000000000000,0.500000000000000,0.500000000000000,0.500000000000000,0.500000000000000
"{5,4}",29,20,19,16,inf,2.321928094887362,1.000000000000000,1.464973520717927,0.630929753571457,1.160964047443681,0.500000000000000,1.000000000000000,0.898244401703927,1.000000000000000,1.000000000000000,1.000000000000000,0.630929753571457,1.000000000000000,0.630929753571457,1.000000000000000,0.500000000000000,0.630929753571457,1.000000000000000,0.500000000000000,1.000000000000000,0.500000000000000,1.000000000000000,0.500000000000000,1.000000000000000,1.000000000000000,1.000000000000000,1.000000000000000,1.000000000000000,0.948999980621412,0.898244401703927,0.898244401703927,0.898244401703927,0.898244401703927,0.895811868483668,0.862701352000093,0.630929753571457,0.630929753571457,0.630929753571457,0.630929753571457,0.630929753571457,0.630929753571457,0.500000000000000,0.630929753571457,0.500000000000000,0.630929753571457,0.500000000000000,0.630929753571457,0.500000000000000,0.630929753571457,0.500000000000000,0.630929753571457,0.500000000000000,0.630929753571457,0.500000000000000,0.500000000000000,0.500000000000000,0.630929753571457,0.630929753571457,0.630929753571457,0.630929753571457,0.630929753571457,0.630929753571457,0.630929753571457,0.630929753571457,0.630929753571457,0.500000000000000,0.500000000000000,0.630929753571457,0.630929753571457,0.630929753571457,0.500000000000000,0.630929753571457,0.630929753571457,0.500000000000000,0.630929753571457,0.630929753571457,0.630929753571457,0.500000000000000,0.500000000000000,0.630929753571457,0.500000000000000,0.500000000000000,0.630929753571457,0.500000000000000,0.500000000000000,0.500000000000000,0.500000000000000,0.500000000000000,0.500000000000000,0.500000000000000,0.500000000000000,0.500000000000000,0.500000000000000,0.500000000000000,0.500000000000000,0.500000000000000
"{5,5}",30,20,19,16,inf,2.321928094887362,1.000000000000000,1.464973520717927,0.630929753571457,1.160964047443681,0.500000000000000,1.000000000000000,0.898244401703927,1.000000000000000,1.000000000000000,1.000000000000000,0.630929753571457,1.000000000000000,0.630929753571457,1.000000000000000,0.500000000000000,0.630929753571457,1.000000000000000,0.500000000000000,1.000000000000000,0.500000000000000,1.000000000000000,0.500000000000000,1.000000000000000,1.000000000000000,1.000000000000000,1.000000000000000,1.000000000000000,1.000000000000000,0.898244401703927,0.898244401703927,0.898244401703927,0.898244401703927,0.898244401703927,0.898244401703927,0.630929753571457,0.630929753571457,0.630929753571457,0.630929753571457,0.630929753571457,0.630929753571457,0.500000000000000,0.630929753571457,0.500000000000000,0.630929753571457,0.500000000000000,0.630929753571457,0.500000000000000,0.630929753571457,0.500000000000000,0.630929753571457,0.500000000000000,0.630929753571457,0.500000000000000,0.500000000000000,0.500000000000000,0.630929753571457,0.630929753571457,0.630929753571457,0.630929753571457,0.630929753571457,0.630929753571457,0.630929753571457,0.630929753571457,0.630929753571457,0.500000000000000,0.500000000000000,0.630929753571457,0.630929753571457,0.630929753571457,0.500000000000000,0.630929753571457,0.630929753571457,0.500000000000000,0.630929753571457,0.630929753571457,0.630929753571457,0.500000000000000,0.500000000000000,0.630929753571457,0.500000000000000,0.500000000000000,0.630929753571457,0.500000000000000,0.500000000000000,0.500000000000000,0.500000000000000,0.500000000000000,0.500000000000000,0.500000000000000,0.500000000000000,0.500000000000000,0.500000000000000,0.500000000000000,0.500000000000000,0.500000000000000
"{6,1}",31,20,19,16,inf,2.584962500721156,1.000000000000000,1.630929753571457,0.630929753571457,1.292481250360578,0.500000000000000,1.113282752559378,1.000000000000000,1.000000000000000,1.000000000000000,1.000000000000000,0.630929753571457,1.000000000000000,0.630929753571457,0.972932504254368,0.500000000000000,0.630929753571457,1.000000000000000,0.500000000000000,0.983107158618703,0.500000000000000,0.934299884289040,0.500000000000000,1.000000000000000,0.892530643686775,0.951455143795782,0.897931850675071,0.857549805805208,0.825065726816551,1.000000000000000,0.916100729014088,0.864944203081696,0.827524663301124,0.797761829695814,0.772907804780652,0.630929753571457,0.630929753571457,0.630929753571457,0.630929753571457,0.630929753571457,0.630929753571457,0.500000000000000,0.630929753571457,0.500000000000000,0.630929753571457,0.500000000000000,0.630929753571457,0.500000000000000,0.630929753571457,0.500000000000000,0.630929753571457,0.500000000000000,0.630929753571457,0.500000000000000,0.500000000000000,0.500000000000000,0.630929753571457,0.630929753571457,0.630929753571457,0.630929753571457,0.630929753571457,0.630929753571457,0.630929753571457,0.630929753571457,0.630929753571457,0.500000000000000,0.500000000000000,0.630929753571457,0.630929753571457,0.630929753571457,0.500000000000000,0.630929753571457,0.630929753571457,0.500000000000000,0.630929753571457,0.630567180562540,0.630844090977799,0.500000000000000,0.500000000000000,0.628242461768374,0.500000000000000,0.500000000000000,0.624207639878494,0.500000000000000,0.500000000000000,0.500000000000000,0.500000000000000,0.500000000000000,0.500000000000000,0.500000000000000,0.500000000000000,0.500000000000000,0.500000000000000,0.500000000000000,0.500000000000000,0.500000000000000
"{6,2}",32,20,19,16,inf,2.584962500721156,1.000000000000000,1.630929753571457,0.630929753571457,1.292481250360578,0.500000000000000,1.113282752559378,1.000000000000000,1.000000000000000,1.000000000000000,1.000000000000000,0.630929753571457,1.000000000000000,0.630929753571457,1.000000000000000,0.500000000000000,0.630929753571457,1.000000000000000,0.500000000000000,1.000000000000000,0.500000000000000,1.000000000000000,0.500000000000000,1.000000000000000,0.972858797500600,1.000000000000000,0.978929892109677,0.935846763908367,0.898488484100114,1.000000000000000,1.000000000000000,0.942950337715162,0.900400106917210,0.865905064699241,0.836537464043938,0.630929753571457,0.630929753571457,0.630929753571457,0.630929753571457,0.630929753571457,0.630929753571457,0.500000000000000,0.630929753571457,0.500000000000000,0.630929753571457,0.500000000000000,0.630929753571457,0.500000000000000,0.630929753571457,0.500000000000000,0.630929753571457,0.500000000000000,0.630929753571457,0.500000000000000,0.500000000000000,0.500000000000000,0.630929753571457,0.630929753571457,0.630929753571457,0.630929753571457,0.630929753571457,0.630929753571457,0.630929753571457,0.630929753571457,0.630929753571457,0.500000000000000,0.500000000000000,0.630929753571457,0.630929753571457,0.630929753571457,0.500000000000000,0.630929753571457,0.630929753571457,0.500000000000000,0.630929753571457,0.630929753571457,0.630929753571457,0.500000000000000,0.500000000000000,0.630929753571457,0.500000000000000,0.500000000000000,0.630929753571457,0.500000000000000,0.500000000000000,0.500000000000000,0.500000000000000,0.500000000000000,0.500000000000000,0.500000000000000,0.500000000000000,0.500000000000000,0.500000000000000,0.500000000000000,0.500000000000000,0.500000000000000
"{6,3}",33,20,19,16,inf,2.584962500721156,1.000000000000000,1.630929753571457,0.630929753571457,1.292481250360578,0.500000000000000,1.113282752559378,1.000000000000000,1.000000000000000,1.000000000000000,1.000000000000000,0.630929753571457,1.000000000000000,0.630929753571457,1.000000000000000,0.500000000000000,0.630929753571457,1.000000000000000,0.500000000000000,1.000000000000000,0.500000000000000,1.000000000000000,0.500000000000000,1.000000000000000,1.000000000000000,1.000000000000000,1.000000000000000,0.990261624557095,0.952752501976396,1.000000000000000,1.000000000000000,1.000000000000000,0.954134913510971,0.916259508394001,0.883304072246919,0.630929753571457,0.630929753571457,0.630929753571457,0.630929753571457,0.630929753571457,0.630929753571457,0.500000000000000,0.630929753571457,0.500000000000000,0.630929753571457,0.500000000000000,0.630929753571457,0.500000000000000,0.630929753571457,0.500000000000000,0.630929753571457,0.500000000000000,0.630929753571457,0.500000000000000,0.500000000000000,0.500000000000000,0.630929753571457,0.630929753571457,0.630929753571457,0.630929753571457,0.630929753571457,0.630929753571457,0.630929753571457,0.630929753571457,0.630929753571457,0.500000000000000,0.500000000000000,0.630929753571457,0.630929753571457,0.630929753571457,0.500000000000000,0.630929753571457,0.630929753571457,0.500000000000000,0.630929753571457,0.630929753571457,0.630929753571457,0.500000000000000,0.500000000000000,0.630929753571457,0.500000000000000,0.500000000000000,0.630929753571457,0.500000000000000,0.500000000000000,0.500000000000000,0.500000000000000,0.500000000000000,0.500000000000000,0.500000000000000,0.500000000000000,0.500000000000000,0.500000000000000,0.500000000000000,0.500000000000000,0.500000000000000
"{6,4}",34,20,19,16,inf,2.584962500721156,1.000000000000000,1.630929753571457,0.630929753571457,1.292481250360578,0.500000000000000,1.113282752559378,1.000000000000000,1.000000000000000,1.000000000000000,1.000000000000000,0.630929753571457,1.000000000000000,0.630929753571457,1.000000000000000,0.500000000000000,0.630929753571457,1.000000000000000,0.500000000000000,1.000000000000000,0.500000000000000,1.000000000000000,0.500000000000000,1.000000000000000,1.000000000000000,1.000000000000000,1.000000000000000,1.000000000000000,0.996316024933400,1.000000000000000,1.000000000000000,1.000000000000000,1.000000000000000,0.959556982505915,0.923394933877438,0.630929753571457,0.630929753571457,0.630929753571457,0.630929753571457,0.630929753571457,0.630929753571457,0.500000000000000,0.630929753571457,0.500000000000000,0.630929753571457,0.500000000000000,0.630929753571457,0.500000000000000,0.630929753571457,0.500000000000000,0.630929753571457,0.500000000000000,0.630929753571457,0.500000000000000,0.500000000000000,0.500000000000000,0.630929753571457,0.630929753571457,0.630929753571457,0.630929753571457,0.630929753571457,0.630929753571457,0.630929753571457,0.630929753571457,0.630929753571457,0.500000000000000,0.500000000000000,0.630929753571457,0.630929753571457,0.630929753571457,0.500000000000000,0.630929753571457,0.630929753571457,0.500000000000000,0.630929753571457,0.630929753571457,0.630929753571457,0.500000000000000,0.500000000000000,0.630929753571457,0.500000000000000,0.500000000000000,0.630929753571457,0.500000000000000,0.500000000000000,0.500000000000000,0.500000000000000,0.500000000000000,0.500000000000000,0.500000000000000,0.500000000000000,0.500000000000000,0.500000000000000,0.500000000000000,0.500000000000000,0.500000000000000
"{6,5}",35,20,19,16,inf,2.584962500721156,1.000000000000000,1.630929753571457,0.630929753571457,1.292481250360578,0.500000000000000,1.113282752559378,1.000000000000000,1.000000000000000,1.000000000000000,1.000000000000000,0.630929753571457,1.000000000000000,0.630929753571457,1.000000000000000,0.500000000000000,0.630929753571457,1.000000000000000,0.500000000000000,1.000000000000000,0.500000000000000,1.000000000000000,0.500000000000000,1.000000000000000,1.000000000000000,1.000000000000000,1.000000000000000,1.000000000000000,1.000000000000000,1.000000000000000,1.000000000000000,1.000000000000000,1.000000000000000,1.000000000000000,0.960911860108900,0.630929753571457,0.630929753571457,0.630929753571457,0.630929753571457,0.630929753571457,0.630929753571457,0.500000000000000,0.630929753571457,0.500000000000000,0.630929753571457,0.500000000000000,0.630929753571457,0.500000000000000,0.630929753571457,0.500000000000000,0.630929753571457,0.500000000000000,0.630929753571457,0.500000000000000,0.500000000000000,0.500000000000000,0.630929753571457,0.630929753571457,0.630929753571457,0.630929753571457,0.630929753571457,0.630929753571457,0.630929753571457,0.630929753571457,0.630929753571457,0.500000000000000,0.500000000000000,0.630929753571457,0.630929753571457,0.630929753571457,0.500000000000000,0.630929753571457,0.630929753571457,0.500000000000000,0.630929753571457,0.630929753571457,0.630929753571457,0.500000000000000,0.500000000000000,0.630929753571457,0.500000000000000,0.500000000000000,0.630929753571457,0.500000000000000,0.500000000000000,0.500000000000000,0.500000000000000,0.500000000000000,0.500000000000000,0.500000000000000,0.500000000000000,0.500000000000000,0.500000000000000,0.500000000000000,0.500000000000000,0.500000000000000
"{6,6}",36,20,19,16,inf,2.584962500721156,1.000000000000000,1.630929753571457,0.630929753571457,1.292481250360578,0.500000000000000,1.113282752559378,1.000000000000000,1.000000000000000,1.000000000000000,1.000000000000000,0.630929753571457,1.000000000000000,0.630929753571457,1.000000000000000,0.500000000000000,0.630929753571457,1.000000000000000,0.500000000000000,1.000000000000000,0.500000000000000,1.000000000000000,0.500000000000000,1.000000000000000,1.000000000000000,1.000000000000000,1.000000000000000,1.000000000000000,1.000000000000000,1.000000000000000,1.000000000000000,1.000000000000000,1.000000000000000,1.000000000000000,1.000000000000000,0.630929753571457,0.630929753571457,0.630929753571457,0.630929753571457,0.630929753571457,0.630929753571457,0.500000000000000,0.630929753571457,0.500000000000000,0.630929753571457,0.500000000000000,0.630929753571457,0.500000000000000,0.630929753571457,0.500000000000000,0.630929753571457,0.500000000000000,0.630929753571457,0.500000000000000,0.500000000000000,0.500000000000000,0.630929753571457,0.630929753571457,0.630929753571457,0.630929753571457,0.630929753571457,0.630929753571457,0.630929753571457,0.630929753571457,0.630929753571457,0.500000000000000,0.500000000000000,0.630929753571457,0.630929753571457,0.630929753571457,0.500000000000000,0.630929753571457,0.630929753571457,0.500000000000000,0.630929753571457,0.630929753571457,0.630929753571457,0.500000000000000,0.500000000000000,0.630929753571457,0.500000000000000,0.500000000000000,0.630929753571457,0.500000000000000,0.500000000000000,0.500000000000000,0.500000000000000,0.500000000000000,0.500000000000000,0.500000000000000,0.500000000000000,0.500000000000000,0.500000000000000,0.500000000000000,0.500000000000000,0.500000000000000
"{3,1,1}",37,20,19,16,inf,1.584962500721156,1.584962500721156,1.000000000000000,1.000000000000000,0.792481250360578,0.792481250360578,0.682606194485985,0.613147192765458,1.463939485130446,1.138872476949224,1.000000000000000,1.000000000000000,0.934694306200969,0.980905978628675,0.829464339149699,0.792481250360578,0.896902567750253,0.792481250360578,0.792481250360578,0.787170591461212,0.789080497539505,0.742055478723999,0.759718791223694,0.682606194485985,0.689105386939715,0.682587597710093,0.670211928037473,0.640523729891156,0.607867364204048,0.613147192765458,0.613147192765458,0.611364436822249,0.597508363057982,0.576553140382107,0.554019420766488,1.000000000000000,0.895334798497792,0.823974678929155,0.810710375084768,0.764060891040634,0.718548531230889,0.792481250360578,0.792481250360578,0.792481250360578,0.784405953778844,0.766820959951198,0.753332172545694,0.729951049972159,0.735881691204055,0.772907804780652,0.710036243227525,0.732372581872989,0.685274949519200,0.698952111987845,0.697994829595240,0.670580163837393,0.676800068126181,0.668646211572587,0.644093469105910,0.618221973560044,0.682606194485985,0.682586341276963,0.680420387950072,0.669001053044240,0.658772144388682,0.645893922564806,0.792481250360578,0.638857450172906,0.637454693878394,0.629744568050443,0.773180341780521,0.606707323333127,0.612827627711950,0.731969742565223,0.600479025444583,0.592838060192733,0.588071942162116,0.725156099880545,0.698600421378096,0.572285220210766,0.695361675006036,0.669124813243107,0.555375117316286,0.665228674441359,0.679806820039135,0.644087584020339,0.660552864951123,0.622846104921992,0.641378098179414,0.636606384543455,0.620420006447437,0.612724599591729,0.602515222775233,0.599939519138946,0.584824050198446,0.569436238474612
"{3,2,1}",38,20,19,16,inf,1.584962500721156,1.584962500721156,1.000000000000000,1.000000000000000,0.792481250360578,0.792481250360578,0.682606194485985,0.613147192765458,1.584962500721156,1.267526505639897,1.000000000000000,1.000000000000000,1.000000000000000,1.000000000000000,0.898175628658836,0.792481250360578,0.983762996343693,0.792481250360578,0.792481250360578,0.792481250360578,0.792481250360578,0.786684094117187,0.792481250360578,0.682606194485985,0.734954677146099,0.682606194485985,0.682606194485985,0.674662955253464,0.642589304468252,0.613147192765458,0.613147192765458,0.613147192765458,0.613147192765458,0.604512838340847,0.582262006235951,1.000000000000000,1.000000000000000,0.920109095732588,0.893572095432983,0.851812789199645,0.799720185848670,0.792481250360578,0.792481250360578,0.792481250360578,0.792481250360578,0.792481250360578,0.792481250360578,0.790565322268966,0.786584561824064,0.792481250360578,0.779837841656578,0.792481250360578,0.734680828092215,0.772907804780652,0.777748167421398,0.746888561850859,0.747746336412566,0.729412457513526,0.708733511241155,0.679620451567214,0.682606194485985,0.682606194485985,0.682606194485985,0.682606194485985,0.682606194485985,0.720879792672860,0.792481250360578,0.674645507891212,0.682606194485985,0.673940295950316,0.792481250360578,0.642556174353386,0.666484819752976,0.792481250360578,0.641777903856509,0.647467955146461,0.636656042113018,0.786467258638048,0.775965063301802,0.623268761463851,0.775822737811360,0.747053723476557,0.604580009157097,0.741631330873752,0.734365919364492,0.719378961370773,0.728256583886552,0.695581595282676,0.714934839698258,0.705935725745094,0.691831109352335,0.677624748475107,0.672089780930536,0.667553015201327,0.651493901859706,0.633763252819948
"{3,2,2}",39,20,19,16,inf,1.584962500721156,1.584962500721156,1.000000000000000,1.000000000000000,0.792481250360578,0.792481250360578,0.682606194485985,0.613147192765458,1.584962500721156,1.356294673808386,1.000000000000000,1.000000000000000,1.000000000000000,1.000000000000000,0.925718726754249,0.792481250360578,1.000000000000000,0.792481250360578,0.792481250360578,0.792481250360578,0.792481250360578,0.791806611149900,0.792481250360578,0.682606194485985,0.749470854403866,0.682606194485985,0.682606194485985,0.680167840939220,0.652190415179502,0.613147192765458,0.613147192765458,0.613147192765458,0.613147192765458,0.609483404569608,0.589399983725914,1.000000000000000,1.000000000000000,1.000000000000000,0.925435976258899,0.911159123717648,0.855726664316205,0.792481250360578,0.792481250360578,0.792481250360578,0.792481250360578,0.792481250360578,0.792481250360578,0.792481250360578,0.791806576829779,0.792481250360578,0.791758913121949,0.792481250360578,0.749461334881736,0.792481250360578,0.792481250360578,0.792481250360578,0.782350949913814,0.748777070995453,0.739861524722475,0.711534499143403,0.682606194485985,0.682606194485985,0.682606194485985,0.682606194485985,0.682606194485985,0.782855622976766,0.792481250360578,0.680167799995986,0.682606194485985,0.680151534787836,0.792481250360578,0.652189720333788,0.679470217336460,0.792481250360578,0.652121076701564,0.669648312004861,0.651055872944779,0.791806542488538,0.792481250360578,0.644028609079503,0.791758859583390,0.791696735101192,0.626090427209932,0.782258491731279,0.749451720815763,0.777704022700119,0.748762901222879,0.753273016334800,0.747887462078906,0.739770364927650,0.737243874407056,0.711407410833727,0.722528772304481,0.709013186267383,0.697857522598407,0.678147336904193
"{3,3,1}",40,20,19,16,inf,1.584962500721156,1.584962500721156,1.000000000000000,1.000000000000000,0.792481250360578,0.792481250360578,0.682606194485985,0.613147192765458,1.584962500721156,1.401397942638059,1.000000000000000,1.000000000000000,1.000000000000000,1.000000000000000,1.000000000000000,0.792481250360578,1.000000000000000,0.792481250360578,0.792481250360578,0.792481250360578,0.792481250360578,0.792481250360578,0.792481250360578,0.682606194485985,0.792481250360578,0.682606194485985,0.682606194485985,0.682606194485985,0.682606194485985,0.613147192765458,0.613147192765458,0.613147192765458,0.613147192765458,0.613147192765458,0.613147192765458,1.000000000000000,1.000000000000000,0.985330897926830,1.000000000000000,0.935638468086144,0.884183658604178,0.792481250360578,0.792481250360578,0.792481250360578,0.792481250360578,0.792481250360578,0.792481250360578,0.792481250360578,0.792481250360578,0.792481250360578,0.792481250360578,0.792481250360578,0.792481250360578,0.792481250360578,0.792481250360578,0.788109118340801,0.792481250360578,0.792481250360578,0.792481250360578,0.760204351000286,0.682606194485985,0.682606194485985,0.682606194485985,0.682606194485985,0.682606194485985,0.772907804780652,0.792481250360578,0.682606194485985,0.682606194485985,0.682606194485985,0.792481250360578,0.682606194485985,0.682606194485985,0.792481250360578,0.682606194485985,0.682606194485985,0.682606194485985,0.792481250360578,0.792481250360578,0.682606194485985,0.792481250360578,0.790503060193209,0.675750313877903,0.792481250360578,0.792481250360578,0.775818482739917,0.792481250360578,0.756060965791187,0.778731829294487,0.783041218562402,0.757747977298594,0.755783416745575,0.737194060063193,0.737249608148645,0.718339273193133,0.700698971319029
"{3,3,2}",41,20,19,16,inf,1.584962500721156,1.584962500721156,1.000000000000000,1.000000000000000,0.792481250360578,0.792481250360578,0.682606194485985,0.613147192765458,1.584962500721156,1.486199563468459,1.000000000000000,1.000000000000000,1.000000000000000,1.000000000000000,1.000000000000000,0.792481250360578,1.000000000000000,0.792481250360578,0.792481250360578,0.792481250360578,0.792481250360578,0.792481250360578,0.792481250360578,0.682606194485985,0.792481250360578,0.682606194485985,0.682606194485985,0.682606194485985,0.682606194485985,0.613147192765458,0.613147192765458,0.613147192765458,0.613147192765458,0.613147192765458,0.613147192765458,1.000000000000000,1.000000000000000,1.000000000000000,1.000000000000000,1.000000000000000,0.937687524337163,0.792481250360578,0.792481250360578,0.792481250360578,0.792481250360578,0.792481250360578,0.792481250360578,0.792481250360578,0.792481250360578,0.792481250360578,0.792481250360578,0.792481250360578,0.792481250360578,0.792481250360578,0.792481250360578,0.792481250360578,0.792481250360578,0.792481250360578,0.792481250360578,0.778133697817135,0.682606194485985,0.682606194485985,0.682606194485985,0.682606194485985,0.682606194485985,0.792481250360578,0.792481250360578,0.682606194485985,0.682606194485985,0.682606194485985,0.792481250360578,0.682606194485985,0.682606194485985,0.792481250360578,0.682606194485985,0.682606194485985,0.682606194485985,0.792481250360578,0.792481250360578,0.682606194485985,0.792481250360578,0.792481250360578,0.679785196553542,0.792481250360578,0.792481250360578,0.792481250360578,0.792481250360578,0.792481250360578,0.792481250360578,0.792481250360578,0.792481250360578,0.778121076039453,0.787891342434256,0.777290571405940,0.764531624019370,0.743099781734230
"{3,3,3}",42,20,19,16,inf,1.584962500721156,1.584962500721156,1.000000000000000,1.000000000000000,0.792481250360578,0.792481250360578,0.682606194485985,0.613147192765458,1.584962500721156,1.584962500721156,1.000000000000000,1.000000000000000,1.000000000000000,1.000000000000000,1.000000000000000,0.792481250360578,1.000000000000000,0.792481250360578,0.792481250360578,0.792481250360578,0.792481250360578,0.792481250360578,0.792481250360578,0.682606194485985,0.792481250360578,0.682606194485985,0.682606194485985,0.682606194485985,0.682606194485985,0.613147192765458,0.613147192765458,0.613147192765458,0.613147192765458,0.613147192765458,0.613147192765458,1.000000000000000,1.000000000000000,1.000000000000000,1.000000000000000,1.000000000000000,1.000000000000000,0.792481250360578,0.792481250360578,0.792481250360578,0.792481250360578,0.792481250360578,0.792481250360578,0.792481250360578,0.792481250360578,0.792481250360578,0.792481250360578,0.792481250360578,0.792481250360578,0.792481250360578,0.792481250360578,0.792481250360578,0.792481250360578,0.792481250360578,0.792481250360578,0.792481250360578,0.682606194485985,0.682606194485985,0.682606194485985,0.682606194485985,0.682606194485985,0.792481250360578,0.792481250360578,0.682606194485985,0.682606194485985,0.682606194485985,0.792481250360578,0.682606194485985,0.682606194485985,0.792481250360578,0.682606194485985,0.682606194485985,0.682606194485985,0.792481250360578,0.792481250360578,0.682606194485985,0.792481250360578,0.792481250360578,0.682606194485985,0.792481250360578,0.792481250360578,0.792481250360578,0.792481250360578,0.792481250360578,0.792481250360578,0.792481250360578,0.792481250360578,0.792481250360578,0.792481250360578,0.792481250360578,0.792481250360578,0.792481250360578
"{3,1,1,1}",43,20,19,16,inf,1.584962500721156,2.000000000000000,1.000000000000000,1.261859507142915,0.792481250360578,1.000000000000000,0.682606194485985,0.613147192765458,1.541048138379965,1.194967516778782,1.000000000000000,1.260565684450278,0.955453350892322,1.107332733295570,0.849524990019816,1.000000000000000,0.983607571348331,0.792481250360578,0.987191599894650,0.790320472757574,0.920776972235143,0.753930986438543,0.859911249348093,0.682606194485985,0.700710891362523,0.682604363782712,0.675061234578757,0.648826953379630,0.615990035314128,0.613147192765458,0.613147192765458,0.612407790918117,0.602253460256750,0.582962089300077,0.560292476351164,1.000000000000000,0.940567467088580,0.876336945022316,0.841232409503173,0.803905699376752,0.753940560887133,1.000000000000000,0.792481250360578,0.912631782351857,0.789880033289706,0.850767933674729,0.775262767113731,0.803959581927485,0.751596542337687,0.829464339149699,0.734919474718163,0.790381853373950,0.699147805262825,0.757357629513048,0.744811853176803,0.720434479779338,0.703315618216351,0.688672559113487,0.666896744022252,0.639527223359722,0.682606194485985,0.682604339978018,0.682405941523663,0.674744260907539,0.670160794798613,0.690951361697128,0.792481250360578,0.648214466701243,0.654148006513396,0.643170906224949,0.789172622662119,0.615547308796155,0.629928738467422,0.770524069189982,0.612100834613402,0.610470872105660,0.602834604569589,0.748587248175964,0.745575790764114,0.588210927078038,0.730028214673625,0.710518603789149,0.570557339030631,0.698774764925999,0.697306085442703,0.682837120985103,0.685948051489983,0.660192424965464,0.673412406676670,0.664004137112085,0.652771455939199,0.637355964111615,0.635146838985403,0.628766606117223,0.614611695462184,0.597483758389391
"{4,1,1}",44,21,24,1,inf,2.000000000000000,1.584962500721156,1.261859507142915,1.000000000000000,1.000000000000000,0.792481250360578,0.861353116146786,0.773705614469083,1.566624683031434,1.291787845129612,1.254944488196637,1.000000000000000,1.103124302406512,1.000000000000000,0.982988778281909,0.792481250360578,0.958658379460742,1.000000000000000,0.792481250360578,0.963675234391240,0.792481250360578,0.892017194489284,0.786781108481271,0.861353116146786,0.829464339149699,0.855913692569306,0.819100112551846,0.776630922725731,0.737570980892605,0.773705614469083,0.773467212285125,0.758762594217620,0.731382189097554,0.702687789528716,0.675565219713586,1.000000000000000,0.974464316450747,0.909174879372442,0.917654195516037,0.858978187542968,0.815027386794230,0.792481250360578,1.000000000000000,0.792481250360578,0.920571095217856,0.791464563095175,0.861041963284807,0.772796575407406,0.860963678984779,0.792481250360578,0.815461112465751,0.779911821313727,0.810710375084768,0.753677965299984,0.760021242947378,0.732678892742466,0.777939023872783,0.776921254499158,0.745871767421908,0.718548531230889,0.861353116146786,0.849223646842167,0.812850709149799,0.806394198149391,0.775393905123478,0.711938639425588,0.792481250360578,0.766309196839401,0.744677215909009,0.742460288976042,0.792481250360578,0.730546324109597,0.717233331512528,0.783312341515717,0.712931226961886,0.693951139693081,0.692422773696060,0.790135125376214,0.756957360351316,0.672614792312950,0.763365696690327,0.735329976243587,0.654088937270212,0.739938053444213,0.772907804780652,0.713945086542198,0.742299107345173,0.693977837957681,0.715843069181385,0.718644826805436,0.695350614177962,0.697994829595239,0.676782859178078,0.677646691255554,0.660712072816112,0.645893922564806
"{3,2,1,1}",45,21,46,1,inf,1.584962500721156,2.000000000000000,1.000000000000000,1.261859507142915,0.792481250360578,1.000000000000000,0.682606194485985,0.613147192765458,1.584962500721156,1.296736396217498,1.000000000000000,1.261859507142915,1.000000000000000,1.209055274096081,0.902405270432062,1.000000000000000,1.077529533683165,0.792481250360578,1.000000000000000,0.792481250360578,0.988738214924796,0.787113078573560,0.935297331726931,0.682606194485985,0.736401656535033,0.682606194485985,0.682606194485985,0.675001612049873,0.643297883775886,0.613147192765458,0.613147192765458,0.613147192765458,0.613147192765458,0.604764351237300,0.582682254457084,1.000000000000000,1.000000000000000,0.954857895183944,0.900242101170934,0.872360229316195,0.818149574912646,1.000000000000000,0.792481250360578,1.000000000000000,0.792481250360578,0.932096930473033,0.792481250360578,0.880642263839919,0.787055409296920,0.897039402137661,0.783277485332615,0.863661812821727,0.736241154156998,0.829464339149699,0.812297157374025,0.788179242166133,0.756891116700077,0.732727304458975,0.715929014666563,0.686812947319951,0.682606194485985,0.682606194485985,0.682606194485985,0.682606194485985,0.682606194485985,0.755503553373152,0.792481250360578,0.674990352382141,0.682606194485985,0.674479604441420,0.792481250360578,0.643276912950896,0.668943278004143,0.792481250360578,0.642709867724028,0.651782196915350,0.638756426181441,0.786992288820103,0.792481250360578,0.626970345569471,0.782787434011696,0.771860924957097,0.608365626749337,0.755298384628129,0.736068272945821,0.743152848147785,0.732349320203340,0.719399675109804,0.726569960204664,0.715045660352317,0.707651649726340,0.686098229913928,0.690376490527309,0.680565659057126,0.667224804849915,0.648368198108749
"{4,2,1}",46,22,25,1,inf,2.000000000000000,1.584962500721156,1.261859507142915,1.000000000000000,1.000000000000000,0.792481250360578,0.861353116146786,0.773705614469083,1.584962500721156,1.403245709162739,1.261859507142915,1.000000000000000,1.184917490053403,1.000000000000000,1.052130933344174,0.792481250360578,1.000000000000000,1.000000000000000,0.792481250360578,1.000000000000000,0.792481250360578,0.945082985834524,0.792481250360578,0.861353116146786,0.877616426472908,0.861353116146786,0.853927237578188,0.816473754609854,0.774836834177290,0.773705614469083,0.773705614469083,0.773705614469083,0.761412694791122,0.735017233409434,0.706290806533638,1.000000000000000,1.000000000000000,0.977932945400535,0.992427094271759,0.932004472746372,0.885349469482252,0.792481250360578,1.000000000000000,0.792481250360578,1.000000000000000,0.792481250360578,0.935267115130754,0.792481250360578,0.931217768491697,0.792481250360578,0.885319012364719,0.792481250360578,0.870230722733146,0.792139352689188,0.792481250360578,0.783078395094584,0.844009247652906,0.840919350875250,0.807578321757292,0.776820399590070,0.861353116146786,0.861353116146786,0.861353116146786,0.852818606127150,0.835671845058148,0.767068211062455,0.792481250360578,0.813862307093403,0.804300006792054,0.798454166507340,0.792481250360578,0.773074234691142,0.773574953209796,0.792481250360578,0.763057620037380,0.748068269017819,0.744473574232574,0.792481250360578,0.792481250360578,0.723548053730276,0.792481250360578,0.785946504006765,0.702725715293444,0.791585329161553,0.792481250360578,0.769974097478209,0.792481250360578,0.751266875133749,0.772907804780652,0.778416896220759,0.753485145888345,0.758134173733754,0.734357260410283,0.735729255339218,0.717571148811312,0.701622854581370
"{3,2,2,1}",47,22,47,1,inf,1.584962500721156,2.000000000000000,1.000000000000000,1.261859507142915,0.792481250360578,1.000000000000000,0.682606194485985,0.613147192765458,1.584962500721156,1.363677490865209,1.000000000000000,1.261859507142915,1.000000000000000,1.261859507142915,0.926148284692370,1.000000000000000,1.156022494871553,0.792481250360578,1.000000000000000,0.792481250360578,1.000000000000000,0.791807456679929,0.989928520039522,0.682606194485985,0.749589082909782,0.682606194485985,0.682606194485985,0.680173065191793,0.652243774257467,0.613147192765458,0.613147192765458,0.613147192765458,0.613147192765458,0.609490619280551,0.589430480515989,1.000000000000000,1.000000000000000,1.000000000000000,0.925907670462910,0.913946382933483,0.860384703262530,1.000000000000000,0.792481250360578,1.000000000000000,0.792481250360578,1.000000000000000,0.792481250360578,0.944726700713519,0.791807422776047,0.925643435097994,0.791760121263304,0.912506387986714,0.749580421515477,0.887007108173816,0.858651646558630,0.840574625410578,0.782799189285427,0.748936333846477,0.740515902968982,0.712574712290322,0.682606194485985,0.682606194485985,0.682606194485985,0.682606194485985,0.682606194485985,0.805250802952345,0.792481250360578,0.680173025400671,0.682606194485985,0.680157039843736,0.792481250360578,0.652243127395648,0.679487217046495,0.792481250360578,0.652177468711070,0.669907321696535,0.651148167463463,0.791807388851607,0.792481250360578,0.644328483284930,0.791760068626563,0.791698638062423,0.626517135476365,0.782738043085970,0.749571684219982,0.779847324659527,0.748923917305753,0.760299093086467,0.748123881696917,0.740451823330373,0.738521291910921,0.712489193229582,0.726370499560940,0.710670433132025,0.701341144083766,0.681838745432605
"{4,2,2}",48,23,26,1,inf,2.000000000000000,1.584962500721156,1.261859507142915,1.000000000000000,1.000000000000000,0.792481250360578,0.861353116146786,0.773705614469083,1.584962500721156,1.500000000000000,1.261859507142915,1.000000000000000,1.232303359086218,1.000000000000000,1.095583703277734,0.792481250360578,1.000000000000000,1.000000000000000,0.792481250360578,1.000000000000000,0.792481250360578,0.970974543306255,0.792481250360578,0.861353116146786,0.903107510612548,0.861353116146786,0.860476377386390,0.834394163952467,0.792654788110250,0.773705614469083,0.773705614469083,0.773705614469083,0.769817813459473,0.748792938898501,0.719998610896724,1.000000000000000,1.000000000000000,1.000000000000000,1.000000000000000,0.993390823619591,0.946394630357186,0.792481250360578,1.000000000000000,0.792481250360578,1.000000000000000,0.792481250360578,1.000000000000000,0.792481250360578,0.969090380743048,0.792481250360578,0.942315532661599,0.792481250360578,0.901596611269936,0.792481250360578,0.792481250360578,0.792481250360578,0.897768114677360,0.886780247987526,0.854992243614145,0.820573831924686,0.861353116146786,0.861353116146786,0.861353116146786,0.860470855607880,0.859872659881083,0.792481250360578,0.792481250360578,0.834058723661641,0.843651882089457,0.829396169461453,0.792481250360578,0.792370541911853,0.811791735806294,0.792481250360578,0.789133535444152,0.785893409564193,0.777432057727936,0.792481250360578,0.792481250360578,0.757873804643199,0.792481250360578,0.792481250360578,0.735216834653241,0.792481250360578,0.792481250360578,0.792481250360578,0.792481250360578,0.792437804312528,0.792481250360578,0.792481250360578,0.792481250360578,0.792481250360578,0.783300013967534,0.785810626397314,0.767179159443132,0.750000000000000
"{3,2,2,2}",49,23,48,1,inf,1.584962500721156,2.000000000000000,1.000000000000000,1.261859507142915,0.792481250360578,1.000000000000000,0.682606194485985,0.613147192765458,1.584962500721156,1.400241191801916,1.000000000000000,1.261859507142915,1.000000000000000,1.261859507142915,0.936375866280038,1.000000000000000,1.223397036308548,0.792481250360578,1.000000000000000,0.792481250360578,1.000000000000000,0.792286215591080,1.000000000000000,0.682606194485985,0.755028482748528,0.682606194485985,0.682606194485985,0.681358544927310,0.655893240870261,0.613147192765458,0.613147192765458,0.613147192765458,0.613147192765458,0.610872093063880,0.592177453256423,1.000000000000000,1.000000000000000,1.000000000000000,0.936332449160457,0.931301260522261,0.883453830084186,1.000000000000000,0.792481250360578,1.000000000000000,0.792481250360578,1.000000000000000,0.792481250360578,1.000000000000000,0.792286215379937,0.936288045182818,0.792283204005787,0.931174290664811,0.755027345471598,0.922455045141393,0.883141329809699,0.874318587168066,0.789469250665304,0.754823116050844,0.750194455841140,0.724678917967224,0.682606194485985,0.682606194485985,0.682606194485985,0.682606194485985,0.682606194485985,0.839225282476399,0.792481250360578,0.681358543998680,0.682606194485985,0.681356821863590,0.792481250360578,0.655893175411522,0.681197242089267,0.792481250360578,0.655876735518582,0.675863545427633,0.655448761438569,0.792286215168791,0.792481250360578,0.651105327178331,0.792283203771742,0.792280021505502,0.634527733373994,0.789468443161273,0.755026206438959,0.789223706007457,0.754821794228399,0.779948972149628,0.754599761477442,0.750189276249402,0.749732045092955,0.724668385934988,0.743259703289883,0.724115177010850,0.718693583067102,0.700120595900958
"{4,3,1}",50,24,27,1,inf,2.000000000000000,1.584962500721156,1.261859507142914,1.000000000000000,1.000000000000000,0.792481250360578,0.861353116146786,0.773705614469083,1.584962500721156,1.491239183586603,1.261859507142914,1.000000000000000,1.261859507142914,1.000000000000000,1.127169941711993,0.792481250360578,1.000000000000000,1.000000000000000,0.792481250360578,1.000000000000000,0.792481250360578,1.000000000000000,0.792481250360578,0.861353116146786,0.931860814203820,0.861353116146786,0.861353116146786,0.857610726430270,0.816590040245348,0.773705614469083,0.773705614469083,0.773705614469083,0.773705614469083,0.768309315984026,0.740235817542524,1.000000000000000,1.000000000000000,1.000000000000000,1.000000000000000,0.979894955771208,0.940867170616397,0.792481250360578,1.000000000000000,0.792481250360578,1.000000000000000,0.792481250360578,0.986362333487908,0.792481250360578,1.000000000000000,0.792481250360578,0.944723000425652,0.792481250360578,0.930200102305941,0.792481250360578,0.792481250360578,0.792481250360578,0.902986487957512,0.902288400609902,0.866245468755586,0.833891372600725,0.861353116146786,0.861353116146786,0.861353116146786,0.861353116146786,0.861353116146786,0.790801249278660,0.792481250360578,0.857600688852498,0.861353116146786,0.855622886659869,0.792481250360578,0.816501830992085,0.830700546675596,0.792481250360578,0.814299991956061,0.803302112023136,0.798816689638773,0.792481250360578,0.792481250360578,0.776691244581121,0.792481250360578,0.792481250360578,0.754097285622203,0.792481250360578,0.792481250360578,0.792075406499140,0.792481250360578,0.783839911753509,0.792481250360578,0.792481250360578,0.786408824339389,0.792481250360578,0.772907804780652,0.775597111022013,0.759695863999728,0.745619591793302
"{3,3,1,1}",51,24,49,1,inf,1.584962500721156,2.000000000000000,1.000000000000000,1.261859507142915,0.792481250360578,1.000000000000000,0.682606194485985,0.613147192765458,1.584962500721156,1.440429669508055,1.000000000000000,1.261859507142915,1.000000000000000,1.259014903645892,1.000000000000000,1.000000000000000,1.160079889010405,0.792481250360578,1.000000000000000,0.792481250360578,1.000000000000000,0.792481250360578,0.979682646820650,0.682606194485985,0.792481250360578,0.682606194485985,0.682606194485985,0.682606194485985,0.682606194485985,0.613147192765458,0.613147192765458,0.613147192765458,0.613147192765458,0.613147192765458,0.613147192765458,1.000000000000000,1.000000000000000,1.000000000000000,1.000000000000000,0.969126403118095,0.908809936419733,1.000000000000000,0.792481250360578,1.000000000000000,0.792481250360578,0.989649870791019,0.792481250360578,0.944421812365899,0.792481250360578,1.000000000000000,0.792481250360578,0.945934560435026,0.792481250360578,0.902564059684008,0.896142658286215,0.863195432219755,0.792481250360578,0.792481250360578,0.792481250360578,0.765631120852935,0.682606194485985,0.682606194485985,0.682606194485985,0.682606194485985,0.682606194485985,0.829464339149699,0.792481250360578,0.682606194485985,0.682606194485985,0.682606194485985,0.792481250360578,0.682606194485985,0.682606194485985,0.792481250360578,0.682606194485985,0.682606194485985,0.682606194485985,0.792481250360578,0.792481250360578,0.682606194485985,0.792481250360578,0.792481250360578,0.676628988846125,0.792481250360578,0.792481250360578,0.792481250360578,0.792481250360578,0.792481250360578,0.792481250360578,0.792481250360578,0.786841707844870,0.764828172435722,0.765718863899258,0.757442828181335,0.740930190459898,0.720214834754028
"{4,3,2}",52,25,28,1,inf,2.000000000000000,1.584962500721156,1.261859507142914,1.000000000000000,1.000000000000000,0.792481250360578,0.861353116146786,0.773705614469083,1.584962500721156,1.575378169056999,1.261859507142914,1.000000000000000,1.261859507142914,1.000000000000000,1.151434739931323,0.792481250360578,1.000000000000000,1.000000000000000,0.792481250360578,1.000000000000000,0.792481250360578,1.000000000000000,0.792481250360578,0.861353116146786,0.939857716515252,0.861353116146786,0.861353116146786,0.858571210285007,0.820203006505561,0.773705614469083,0.773705614469083,0.773705614469083,0.773705614469083,0.769147868195355,0.742256042111574,1.000000000000000,1.000000000000000,1.000000000000000,1.000000000000000,1.000000000000000,0.993952959984986,0.792481250360578,1.000000000000000,0.792481250360578,1.000000000000000,0.792481250360578,1.000000000000000,0.792481250360578,1.000000000000000,0.792481250360578,1.000000000000000,0.792481250360578,0.939716241397109,0.792481250360578,0.792481250360578,0.792481250360578,0.952583746396779,0.935137877539014,0.906745718972060,0.869789228467171,0.861353116146786,0.861353116146786,0.861353116146786,0.861353116146786,0.861353116146786,0.792481250360578,0.792481250360578,0.858570579520001,0.861353116146786,0.858471731377607,0.792481250360578,0.820192750884324,0.854025254820700,0.792481250360578,0.819781090840119,0.830202093977232,0.815491564108064,0.792481250360578,0.792481250360578,0.799227475835495,0.792481250360578,0.792481250360578,0.775263436435658,0.792481250360578,0.792481250360578,0.792481250360578,0.792481250360578,0.792481250360578,0.792481250360578,0.792481250360578,0.792481250360578,0.792481250360578,0.792481250360578,0.792481250360578,0.792481250360578,0.787689084528499
"{3,3,2,1}",53,25,50,1,inf,1.584962500721156,2.000000000000000,1.000000000000000,1.261859507142915,0.792481250360578,1.000000000000000,0.682606194485985,0.613147192765458,1.584962500721156,1.494131340429057,1.000000000000000,1.261859507142915,1.000000000000000,1.261859507142915,1.000000000000000,1.000000000000000,1.223159751065438,0.792481250360578,1.000000000000000,0.792481250360578,1.000000000000000,0.792481250360578,1.000000000000000,0.682606194485985,0.792481250360578,0.682606194485985,0.682606194485985,0.682606194485985,0.682606194485985,0.613147192765458,0.613147192765458,0.613147192765458,0.613147192765458,0.613147192765458,0.613147192765458,1.000000000000000,1.000000000000000,1.000000000000000,1.000000000000000,1.000000000000000,0.942691918420296,1.000000000000000,0.792481250360578,1.000000000000000,0.792481250360578,1.000000000000000,0.792481250360578,0.990644394119221,0.792481250360578,1.000000000000000,0.792481250360578,1.000000000000000,0.792481250360578,0.954118192196145,0.939693443160111,0.911213993040935,0.792481250360578,0.792481250360578,0.792481250360578,0.778237670050400,0.682606194485985,0.682606194485985,0.682606194485985,0.682606194485985,0.682606194485985,0.874199179787424,0.792481250360578,0.682606194485985,0.682606194485985,0.682606194485985,0.792481250360578,0.682606194485985,0.682606194485985,0.792481250360578,0.682606194485985,0.682606194485985,0.682606194485985,0.792481250360578,0.792481250360578,0.682606194485985,0.792481250360578,0.792481250360578,0.679786259267872,0.792481250360578,0.792481250360578,0.792481250360578,0.792481250360578,0.792481250360578,0.792481250360578,0.792481250360578,0.792481250360578,0.778227604516443,0.792481250360578,0.777550839837772,0.768548805391293,0.747065670214529
"{4,4,1}",54,26,30,1,inf,2.000000000000000,1.584962500721156,1.261859507142915,1.000000000000000,1.000000000000000,0.792481250360578,0.861353116146786,0.773705614469083,1.584962500721156,1.545815609561304,1.261859507142915,1.000000000000000,1.261859507142915,1.000000000000000,1.209000593559423,0.792481250360578,1.000000000000000,1.000000000000000,0.792481250360578,1.000000000000000,0.792481250360578,1.000000000000000,0.792481250360578,0.861353116146786,1.000000000000000,0.861353116146786,0.861353116146786,0.861353116146786,0.861353116146786,0.773705614469083,0.773705614469083,0.773705614469083,0.773705614469083,0.773705614469083,0.773705614469083,1.000000000000000,1.000000000000000,1.000000000000000,1.000000000000000,0.998320866639272,0.975301061607426,0.792481250360578,1.000000000000000,0.792481250360578,1.000000000000000,0.792481250360578,1.000000000000000,0.792481250360578,1.000000000000000,0.792481250360578,0.981211995392051,0.792481250360578,1.000000000000000,0.792481250360578,0.792481250360578,0.792481250360578,0.946736860111782,0.950903824868436,0.914896955324527,0.884183658604178,0.861353116146786,0.861353116146786,0.861353116146786,0.861353116146786,0.861353116146786,0.792481250360578,0.792481250360578,0.861353116146786,0.861353116146786,0.861353116146786,0.792481250360578,0.861353116146786,0.861353116146786,0.792481250360578,0.861353116146786,0.855759803052284,0.854044207576215,0.792481250360578,0.792481250360578,0.829625358003684,0.792481250360578,0.792481250360578,0.806487430379992,0.792481250360578,0.792481250360578,0.792481250360578,0.792481250360578,0.792471082928488,0.792481250360578,0.792481250360578,0.792481250360578,0.792481250360578,0.789577170665582,0.791180597993123,0.782560329787640,0.772907804780652
"{3,3,2,2}",55,26,51,1,inf,1.584962500721156,2.000000000000000,1.000000000000000,1.261859507142915,0.792481250360578,1.000000000000000,0.682606194485985,0.613147192765458,1.584962500721156,1.517214284033881,1.000000000000000,1.261859507142915,1.000000000000000,1.261859507142915,1.000000000000000,1.000000000000000,1.261859507142915,0.792481250360578,1.000000000000000,0.792481250360578,1.000000000000000,0.792481250360578,1.000000000000000,0.682606194485985,0.792481250360578,0.682606194485985,0.682606194485985,0.682606194485985,0.682606194485985,0.613147192765458,0.613147192765458,0.613147192765458,0.613147192765458,0.613147192765458,0.613147192765458,1.000000000000000,1.000000000000000,1.000000000000000,1.000000000000000,1.000000000000000,0.957255634340592,1.000000000000000,0.792481250360578,1.000000000000000,0.792481250360578,1.000000000000000,0.792481250360578,1.000000000000000,0.792481250360578,1.000000000000000,0.792481250360578,1.000000000000000,0.792481250360578,1.000000000000000,0.957046521831776,0.946497768109765,0.792481250360578,0.792481250360578,0.792481250360578,0.781058063133398,0.682606194485985,0.682606194485985,0.682606194485985,0.682606194485985,0.682606194485985,0.907065297168796,0.792481250360578,0.682606194485985,0.682606194485985,0.682606194485985,0.792481250360578,0.682606194485985,0.682606194485985,0.792481250360578,0.682606194485985,0.682606194485985,0.682606194485985,0.792481250360578,0.792481250360578,0.682606194485985,0.792481250360578,0.792481250360578,0.680189718028795,0.792481250360578,0.792481250360578,0.792481250360578,0.792481250360578,0.792481250360578,0.792481250360578,0.792481250360578,0.792481250360578,0.781057683761171,0.792481250360578,0.780961945563908,0.777808763887817,0.758607142016940
"{3,3,3,1}",56,27,52,1,inf,1.584962500721156,2.000000000000000,1.000000000000000,1.261859507142915,0.792481250360578,1.000000000000000,0.682606194485985,0.613147192765458,1.584962500721156,1.584962500721156,1.000000000000000,1.261859507142915,1.000000000000000,1.261859507142915,1.000000000000000,1.000000000000000,1.257143066367376,0.792481250360578,1.000000000000000,0.792481250360578,1.000000000000000,0.792481250360578,1.000000000000000,0.682606194485985,0.792481250360578,0.682606194485985,0.682606194485985,0.682606194485985,0.682606194485985,0.613147192765458,0.613147192765458,0.613147192765458,0.613147192765458,0.613147192765458,0.613147192765458,1.000000000000000,1.000000000000000,1.000000000000000,1.000000000000000,1.000000000000000,1.000000000000000,1.000000000000000,0.792481250360578,1.000000000000000,0.792481250360578,1.000000000000000,0.792481250360578,1.000000000000000,0.792481250360578,1.000000000000000,0.792481250360578,1.000000000000000,0.792481250360578,0.991249256815025,1.000000000000000,0.960200598256005,0.792481250360578,0.792481250360578,0.792481250360578,0.792481250360578,0.682606194485985,0.682606194485985,0.682606194485985,0.682606194485985,0.682606194485985,0.925099455769635,0.792481250360578,0.682606194485985,0.682606194485985,0.682606194485985,0.792481250360578,0.682606194485985,0.682606194485985,0.792481250360578,0.682606194485985,0.682606194485985,0.682606194485985,0.792481250360578,0.792481250360578,0.682606194485985,0.792481250360578,0.792481250360578,0.682606194485985,0.792481250360578,0.792481250360578,0.792481250360578,0.792481250360578,0.792481250360578,0.792481250360578,0.792481250360578,0.792481250360578,0.792481250360578,0.792481250360578,0.792481250360578,0.792481250360578,0.792481250360578
"{3,3,3,2}",57,28,53,1,inf,1.584962500721156,2.000000000000000,1.000000000000000,1.261859507142915,0.792481250360578,1.000000000000000,0.682606194485985,0.613147192765458,1.584962500721156,1.584962500721156,1.000000000000000,1.261859507142915,1.000000000000000,1.261859507142915,1.000000000000000,1.000000000000000,1.261859507142915,0.792481250360578,1.000000000000000,0.792481250360578,1.000000000000000,0.792481250360578,1.000000000000000,0.682606194485985,0.792481250360578,0.682606194485985,0.682606194485985,0.682606194485985,0.682606194485985,0.613147192765458,0.613147192765458,0.613147192765458,0.613147192765458,0.613147192765458,0.613147192765458,1.000000000000000,1.000000000000000,1.000000000000000,1.000000000000000,1.000000000000000,1.000000000000000,1.000000000000000,0.792481250360578,1.000000000000000,0.792481250360578,1.000000000000000,0.792481250360578,1.000000000000000,0.792481250360578,1.000000000000000,0.792481250360578,1.000000000000000,0.792481250360578,1.000000000000000,1.000000000000000,1.000000000000000,0.792481250360578,0.792481250360578,0.792481250360578,0.792481250360578,0.682606194485985,0.682606194485985,0.682606194485985,0.682606194485985,0.682606194485985,0.957976535802031,0.792481250360578,0.682606194485985,0.682606194485985,0.682606194485985,0.792481250360578,0.682606194485985,0.682606194485985,0.792481250360578,0.682606194485985,0.682606194485985,0.682606194485985,0.792481250360578,0.792481250360578,0.682606194485985,0.792481250360578,0.792481250360578,0.682606194485985,0.792481250360578,0.792481250360578,0.792481250360578,0.792481250360578,0.792481250360578,0.792481250360578,0.792481250360578,0.792481250360578,0.792481250360578,0.792481250360578,0.792481250360578,0.792481250360578,0.792481250360578
"{4,3,3}",58,29,29,11,inf,2.000000000000000,1.584962500721156,1.261859507142914,1.000000000000000,1.000000000000000,0.792481250360578,0.861353116146786,0.773705614469083,1.584962500721156,1.584962500721156,1.261859507142914,1.000000000000000,1.261859507142914,1.000000000000000,1.183089468061019,0.792481250360578,1.000000000000000,1.000000000000000,0.792481250360578,1.000000000000000,0.792481250360578,1.000000000000000,0.792481250360578,0.861353116146786,0.956091768487601,0.861353116146786,0.861353116146786,0.861194657063354,0.830797728123963,0.773705614469083,0.773705614469083,0.773705614469083,0.773705614469083,0.772727210168198,0.750067821262698,1.000000000000000,1.000000000000000,1.000000000000000,1.000000000000000,1.000000000000000,1.000000000000000,0.792481250360578,1.000000000000000,0.792481250360578,1.000000000000000,0.792481250360578,1.000000000000000,0.792481250360578,1.000000000000000,0.792481250360578,1.000000000000000,0.792481250360578,0.956088876217850,0.792481250360578,0.792481250360578,0.792481250360578,1.000000000000000,0.955687918987506,0.945211294617250,0.907358200956516,0.861353116146786,0.861353116146786,0.861353116146786,0.861353116146786,0.861353116146786,0.792481250360578,0.792481250360578,0.861194657063230,0.861353116146786,0.861194646893461,0.792481250360578,0.830797634621647,0.861186337352647,0.792481250360578,0.830775121520786,0.855538957387395,0.830169048179002,0.792481250360578,0.792481250360578,0.823076674527793,0.792481250360578,0.792481250360578,0.800253630700784,0.792481250360578,0.792481250360578,0.792481250360578,0.792481250360578,0.792481250360578,0.792481250360578,0.792481250360578,0.792481250360578,0.792481250360578,0.792481250360578,0.792481250360578,0.792481250360578,0.792481250360578
"{4,4,2}",59,29,29,11,inf,2.000000000000000,1.584962500721156,1.261859507142915,1.000000000000000,1.000000000000000,0.792481250360578,0.861353116146786,0.773705614469083,1.584962500721156,1.584962500721156,1.261859507142915,1.000000000000000,1.261859507142915,1.000000000000000,1.231296561834345,0.792481250360578,1.000000000000000,1.000000000000000,0.792481250360578,1.000000000000000,0.792481250360578,1.000000000000000,0.792481250360578,0.861353116146786,1.000000000000000,0.861353116146786,0.861353116146786,0.861353116146786,0.861353116146786,0.773705614469083,0.773705614469083,0.773705614469083,0.773705614469083,0.773705614469083,0.773705614469083,1.000000000000000,1.000000000000000,1.000000000000000,1.000000000000000,1.000000000000000,1.000000000000000,0.792481250360578,1.000000000000000,0.792481250360578,1.000000000000000,0.792481250360578,1.000000000000000,0.792481250360578,1.000000000000000,0.792481250360578,1.000000000000000,0.792481250360578,1.000000000000000,0.792481250360578,0.792481250360578,0.792481250360578,0.994337566724325,1.000000000000000,0.960034767584847,0.923629111582399,0.861353116146786,0.861353116146786,0.861353116146786,0.861353116146786,0.861353116146786,0.792481250360578,0.792481250360578,0.861353116146786,0.861353116146786,0.861353116146786,0.792481250360578,0.861353116146786,0.861353116146786,0.792481250360578,0.861353116146786,0.861353116146786,0.861353116146786,0.792481250360578,0.792481250360578,0.854088886024525,0.792481250360578,0.792481250360578,0.828436852270289,0.792481250360578,0.792481250360578,0.792481250360578,0.792481250360578,0.792481250360578,0.792481250360578,0.792481250360578,0.792481250360578,0.792481250360578,0.792481250360578,0.792481250360578,0.792481250360578,0.792481250360578
"{4,4,3}",60,29,29,11,inf,2.000000000000000,1.584962500721156,1.261859507142915,1.000000000000000,1.000000000000000,0.792481250360578,0.861353116146786,0.773705614469083,1.584962500721156,1.584962500721156,1.261859507142915,1.000000000000000,1.261859507142915,1.000000000000000,1.247829465383851,0.792481250360578,1.000000000000000,1.000000000000000,0.792481250360578,1.000000000000000,0.792481250360578,1.000000000000000,0.792481250360578,0.861353116146786,1.000000000000000,0.861353116146786,0.861353116146786,0.861353116146786,0.861353116146786,0.773705614469083,0.773705614469083,0.773705614469083,0.773705614469083,0.773705614469083,0.773705614469083,1.000000000000000,1.000000000000000,1.000000000000000,1.000000000000000,1.000000000000000,1.000000000000000,0.792481250360578,1.000000000000000,0.792481250360578,1.000000000000000,0.792481250360578,1.000000000000000,0.792481250360578,1.000000000000000,0.792481250360578,1.000000000000000,0.792481250360578,1.000000000000000,0.792481250360578,0.792481250360578,0.792481250360578,1.000000000000000,1.000000000000000,1.000000000000000,0.958922313661585,0.861353116146786,0.861353116146786,0.861353116146786,0.861353116146786,0.861353116146786,0.792481250360578,0.792481250360578,0.861353116146786,0.861353116146786,0.861353116146786,0.792481250360578,0.861353116146786,0.861353116146786,0.792481250360578,0.861353116146786,0.861353116146786,0.861353116146786,0.792481250360578,0.792481250360578,0.861353116146786,0.792481250360578,0.792481250360578,0.845722589731819,0.792481250360578,0.792481250360578,0.792481250360578,0.792481250360578,0.792481250360578,0.792481250360578,0.792481250360578,0.792481250360578,0.792481250360578,0.792481250360578,0.792481250360578,0.792481250360578,0.792481250360578
"{4,4,4}",61,29,29,11,inf,2.000000000000000,1.584962500721156,1.261859507142915,1.000000000000000,1.000000000000000,0.792481250360578,0.861353116146786,0.773705614469083,1.584962500721156,1.584962500721156,1.261859507142915,1.000000000000000,1.261859507142915,1.000000000000000,1.261859507142915,0.792481250360578,1.000000000000000,1.000000000000000,0.792481250360578,1.000000000000000,0.792481250360578,1.000000000000000,0.792481250360578,0.861353116146786,1.000000000000000,0.861353116146786,0.861353116146786,0.861353116146786,0.861353116146786,0.773705614469083,0.773705614469083,0.773705614469083,0.773705614469083,0.773705614469083,0.773705614469083,1.000000000000000,1.000000000000000,1.000000000000000,1.000000000000000,1.000000000000000,1.000000000000000,0.792481250360578,1.000000000000000,0.792481250360578,1.000000000000000,0.792481250360578,1.000000000000000,0.792481250360578,1.000000000000000,0.792481250360578,1.000000000000000,0.792481250360578,1.000000000000000,0.792481250360578,0.792481250360578,0.792481250360578,1.000000000000000,1.000000000000000,1.000000000000000,1.000000000000000,0.861353116146786,0.861353116146786,0.861353116146786,0.861353116146786,0.861353116146786,0.792481250360578,0.792481250360578,0.861353116146786,0.861353116146786,0.861353116146786,0.792481250360578,0.861353116146786,0.861353116146786,0.792481250360578,0.861353116146786,0.861353116146786,0.861353116146786,0.792481250360578,0.792481250360578,0.861353116146786,0.792481250360578,0.792481250360578,0.861353116146786,0.792481250360578,0.792481250360578,0.792481250360578,0.792481250360578,0.792481250360578,0.792481250360578,0.792481250360578,0.792481250360578,0.792481250360578,0.792481250360578,0.792481250360578,0.792481250360578,0.792481250360578
"{5,1,1}",62,29,29,11,inf,2.321928094887362,1.584962500721156,1.464973520717927,1.000000000000000,1.160964047443681,0.792481250360578,1.000000000000000,0.898244401703927,1.584662033514556,1.379901189882250,1.403595090808066,1.000000000000000,1.208863941345950,1.000000000000000,1.085062567831754,0.792481250360578,0.983882463423121,1.160454415221716,0.792481250360578,1.079163350249095,0.792481250360578,0.994007804583208,0.792379685480037,1.000000000000000,0.926858503002608,0.976257034800926,0.921753206099601,0.872077659170474,0.829464339149699,0.898244401703927,0.893180484909875,0.861972789237888,0.825918384645337,0.792607326127279,0.762758371443846,1.000000000000000,0.995988296658540,0.950299196115003,0.964384378726123,0.909966883759032,0.870620717685369,0.792481250360578,1.000000000000000,0.792481250360578,0.971731280979437,0.792481250360578,0.915515397158006,0.787419254281456,0.925334888782969,0.792481250360578,0.874554659186037,0.791420285562002,0.883324724287215,0.776424996122943,0.782616947839418,0.761753038196330,0.838036050394701,0.840550384083273,0.808163250410922,0.781464892583647,1.000000000000000,0.933086214748082,0.880562815590768,0.884751152241862,0.842094623647828,0.745459299600551,0.792481250360578,0.845097519129044,0.809280413327467,0.810532891509602,0.792481250360578,0.810710375084768,0.782146579293110,0.792331016757278,0.783055548325383,0.758242585679506,0.758524446402769,0.792481250360578,0.779307688182609,0.737314672832020,0.785356224865739,0.764809874361635,0.718548531230889,0.771219898984548,0.792195586672664,0.748309109615906,0.774400378787887,0.731430721108513,0.751199922686062,0.756985884033034,0.733969632681744,0.741348500326161,0.717240158810188,0.719421810383602,0.703321875747024,0.689950594941125
"{5,2,1}",63,29,29,11,inf,2.321928094887362,1.584962500721156,1.464973520717927,1.000000000000000,1.160964047443681,0.792481250360578,1.000000000000000,0.898244401703927,1.584962500721156,1.476489348556740,1.464973520717927,1.000000000000000,1.291081788039672,1.000000000000000,1.153956555099680,0.792481250360578,1.000000000000000,1.160964047443681,0.792481250360578,1.134742978423092,0.792481250360578,1.049848055357779,0.792481250360578,1.000000000000000,0.976504743861424,1.000000000000000,0.964341126891149,0.914516271670336,0.868497459280521,0.898244401703927,0.898244401703927,0.890966633977620,0.860789982973691,0.827236945960686,0.795239209363135,1.000000000000000,1.000000000000000,0.996216632591064,1.000000000000000,0.968852146059901,0.931561060835786,0.792481250360578,1.000000000000000,0.792481250360578,1.000000000000000,0.792481250360578,0.975287196194038,0.792481250360578,0.988649406090364,0.792481250360578,0.936398314947859,0.792481250360578,0.946156863291927,0.792481250360578,0.792481250360578,0.792043480739277,0.898097238591755,0.900790867777635,0.865861949388458,0.836613810734540,1.000000000000000,1.000000000000000,0.943673502899069,0.946035339695866,0.902220137615529,0.785040985856440,0.792481250360578,0.900316167527839,0.866730721508148,0.867192192050524,0.792481250360578,0.859568454359012,0.836827443086663,0.792481250360578,0.835633784640607,0.810599057372058,0.810169260813426,0.792481250360578,0.792481250360578,0.787149978451403,0.792481250360578,0.792481250360578,0.766278285001430,0.792481250360578,0.792481250360578,0.787363174071320,0.792481250360578,0.775728167045689,0.789480631617967,0.792481250360578,0.778474645084315,0.787083124150924,0.764143972388454,0.766798087901480,0.751373260322171,0.738244674278370
"{5,2,2}",64,29,29,11,inf,2.321928094887362,1.584962500721156,1.464973520717927,1.000000000000000,1.160964047443681,0.792481250360578,1.000000000000000,0.898244401703927,1.584962500721156,1.559632904584471,1.464973520717927,1.000000000000000,1.355799702577595,1.000000000000000,1.205512755204589,0.792481250360578,1.000000000000000,1.160964047443681,0.792481250360578,1.156784028727670,0.792481250360578,1.086208849414021,0.792481250360578,1.000000000000000,1.008761490020492,1.000000000000000,0.984857877886318,0.939686582300419,0.891773012233038,0.898244401703927,0.898244401703927,0.897377759644884,0.877987014114812,0.846590792169080,0.813502319214575,1.000000000000000,1.000000000000000,1.000000000000000,1.000000000000000,1.000000000000000,0.984018804151416,0.792481250360578,1.000000000000000,0.792481250360578,1.000000000000000,0.792481250360578,1.000000000000000,0.792481250360578,1.000000000000000,0.792481250360578,0.990001800202781,0.792481250360578,0.996599956917753,0.792481250360578,0.792481250360578,0.792481250360578,0.951701040712709,0.954012001672477,0.916297916953529,0.883717314109879,1.000000000000000,1.000000000000000,1.000000000000000,0.982322479145314,0.953853705866954,0.792481250360578,0.792481250360578,0.935465869062905,0.915917859412824,0.913082037692926,0.792481250360578,0.889006746434710,0.882365434235537,0.792481250360578,0.874785999880189,0.853661330600361,0.851262099959465,0.792481250360578,0.792481250360578,0.826968801607943,0.792481250360578,0.792481250360578,0.803759269996446,0.792481250360578,0.792481250360578,0.792481250360578,0.792481250360578,0.792481250360578,0.792481250360578,0.792481250360578,0.792481250360578,0.792481250360578,0.792481250360578,0.792481250360578,0.789406064749498,0.779816452292235
"{5,3,1}",65,29,29,11,inf,2.321928094887362,1.584962500721156,1.464973520717927,1.000000000000000,1.160964047443681,0.792481250360578,1.000000000000000,0.898244401703927,1.584962500721156,1.539692510908777,1.464973520717927,1.000000000000000,1.364713186949274,1.000000000000000,1.218808903536851,0.792481250360578,1.000000000000000,1.160964047443681,0.792481250360578,1.160964047443681,0.792481250360578,1.104116179055872,0.792481250360578,1.000000000000000,1.025724554173831,1.000000000000000,1.000000000000000,0.956532942804490,0.907774622364409,0.898244401703927,0.898244401703927,0.898244401703927,0.892528245267115,0.861744027835655,0.828060058553836,1.000000000000000,1.000000000000000,1.000000000000000,1.000000000000000,0.996346904622428,0.971437816483493,0.792481250360578,1.000000000000000,0.792481250360578,1.000000000000000,0.792481250360578,0.999413138117563,0.792481250360578,1.000000000000000,0.792481250360578,0.977338038581061,0.792481250360578,0.995979310526956,0.792481250360578,0.792481250360578,0.792481250360578,0.943267511926673,0.947729747161641,0.912681634558891,0.883238456524195,1.000000000000000,1.000000000000000,0.987108401140092,1.000000000000000,0.950496127800666,0.792481250360578,0.792481250360578,0.950126787188184,0.914424134458366,0.916092993965602,0.792481250360578,0.904191926813203,0.883988195692445,0.792481250360578,0.883244499736233,0.856634252585002,0.856364674592023,0.792481250360578,0.792481250360578,0.832049971794819,0.792481250360578,0.792481250360578,0.809937943207344,0.792481250360578,0.792481250360578,0.792481250360578,0.792481250360578,0.791990271408334,0.792481250360578,0.792481250360578,0.792478851575450,0.792481250360578,0.787610162753019,0.789560242002607,0.779794151382022,0.769846255454388
"{5,3,2}",66,29,29,11,inf,2.321928094887362,1.584962500721156,1.464973520717927,1.000000000000000,1.160964047443681,0.792481250360578,1.000000000000000,0.898244401703927,1.584962500721156,1.584962500721156,1.464973520717927,1.000000000000000,1.417735859784392,1.000000000000000,1.258366891575128,0.792481250360578,1.000000000000000,1.160964047443681,0.792481250360578,1.160964047443681,0.792481250360578,1.124664084726498,0.792481250360578,1.000000000000000,1.044797474404641,1.000000000000000,1.000000000000000,0.968125128998255,0.919167384118629,0.898244401703927,0.898244401703927,0.898244401703927,0.895263149814035,0.869502813168590,0.835812760681275,1.000000000000000,1.000000000000000,1.000000000000000,1.000000000000000,1.000000000000000,1.000000000000000,0.792481250360578,1.000000000000000,0.792481250360578,1.000000000000000,0.792481250360578,1.000000000000000,0.792481250360578,1.000000000000000,0.792481250360578,1.000000000000000,0.792481250360578,1.000000000000000,0.792481250360578,0.792481250360578,0.792481250360578,0.990803627383379,0.996433335193828,0.959692605103153,0.926431669479591,1.000000000000000,1.000000000000000,1.000000000000000,1.000000000000000,1.000000000000000,0.792481250360578,0.792481250360578,0.967242762128165,0.960181804943637,0.955370329769109,0.792481250360578,0.918468825791632,0.924852094512322,0.792481250360578,0.911483532071865,0.894557443077441,0.890868158050202,0.792481250360578,0.792481250360578,0.865767254586103,0.792481250360578,0.792481250360578,0.840911076172168,0.792481250360578,0.792481250360578,0.792481250360578,0.792481250360578,0.792481250360578,0.792481250360578,0.792481250360578,0.792481250360578,0.792481250360578,0.792481250360578,0.792481250360578,0.792481250360578,0.792481250360578
"{3,3,3,3}",67,29,29,11,inf,1.584962500721156,2.000000000000000,1.000000000000000,1.261859507142915,0.792481250360578,1.000000000000000,0.682606194485985,0.613147192765458,1.584962500721156,1.584962500721156,1.000000000000000,1.261859507142915,1.000000000000000,1.261859507142915,1.000000000000000,1.000000000000000,1.261859507142915,0.792481250360578,1.000000000000000,0.792481250360578,1.000000000000000,0.792481250360578,1.000000000000000,0.682606194485985,0.792481250360578,0.682606194485985,0.682606194485985,0.682606194485985,0.682606194485985,0.613147192765458,0.613147192765458,0.613147192765458,0.613147192765458,0.613147192765458,0.613147192765458,1.000000000000000,1.000000000000000,1.000000000000000,1.000000000000000,1.000000000000000,1.000000000000000,1.000000000000000,0.792481250360578,1.000000000000000,0.792481250360578,1.000000000000000,0.792481250360578,1.000000000000000,0.792481250360578,1.000000000000000,0.792481250360578,1.000000000000000,0.792481250360578,1.000000000000000,1.000000000000000,1.000000000000000,0.792481250360578,0.792481250360578,0.792481250360578,0.792481250360578,0.682606194485985,0.682606194485985,0.682606194485985,0.682606194485985,0.682606194485985,1.000000000000000,0.792481250360578,0.682606194485985,0.682606194485985,0.682606194485985,0.792481250360578,0.682606194485985,0.682606194485985,0.792481250360578,0.682606194485985,0.682606194485985,0.682606194485985,0.792481250360578,0.792481250360578,0.682606194485985,0.792481250360578,0.792481250360578,0.682606194485985,0.792481250360578,0.792481250360578,0.792481250360578,0.792481250360578,0.792481250360578,0.792481250360578,0.792481250360578,0.792481250360578,0.792481250360578,0.792481250360578,0.792481250360578,0.792481250360578,0.792481250360578
"{4,1,1,1}",68,29,29,11,inf,2.000000000000000,2.000000000000000,1.261859507142915,1.261859507142915,1.000000000000000,1.000000000000000,0.861353116146786,0.773705614469083,1.770159605944590,1.381902723394255,1.260910626139359,1.261859507142915,1.145719828506728,1.195422832873584,1.017107292950883,1.000000000000000,1.085087185289033,1.000000000000000,1.000000000000000,0.979649818019808,0.971325941075692,0.914718264442475,0.924201024229481,0.861353116146786,0.849524990019816,0.859390900252374,0.832314780770075,0.792035534981261,0.751711029198432,0.773705614469083,0.773667603561524,0.765202073455692,0.742150956798909,0.714393297622496,0.686526815756656,1.209003211949937,1.083398587520274,0.996856927690251,0.985290053609249,0.926127802496916,0.871883544730863,1.000000000000000,1.000000000000000,0.982378271070825,0.966660076353237,0.930890880961507,0.917243199422424,0.883759773900551,0.901356593117096,0.935355406203858,0.864371822496499,0.885589562904519,0.841232409503174,0.845097725016899,0.844065181524581,0.810806161381877,0.823472058444007,0.816126785479762,0.784939701358497,0.753940560887133,0.861353116146786,0.858478883781552,0.842107732534312,0.827877567907023,0.808132314534478,0.781204878761216,1.000000000000000,0.787766819270047,0.779203619671861,0.772066298368816,0.935290912310049,0.748756175096325,0.749112317618571,0.885079802972295,0.737625211010443,0.724431271832029,0.720076024484860,0.880143383606629,0.844655033040362,0.700086183863681,0.841841037011627,0.809443795661061,0.679725514026087,0.805968639523852,0.829464339149699,0.779531428062453,0.802142148455205,0.754042720374154,0.777154223434421,0.772836273325554,0.751848509281433,0.744811853176803,0.730136616644316,0.727796538270370,0.709242948633988,0.690951361697128
"{5,4,1}",69,30,32,1,inf,2.321928094887362,1.584962500721156,1.464973520717927,1.000000000000000,1.160964047443681,0.792481250360578,1.000000000000000,0.898244401703927,1.584962500721156,1.572660910199246,1.464973520717927,1.000000000000000,1.429927662010146,1.000000000000000,1.281711244502534,0.792481250360578,1.000000000000000,1.160964047443681,0.792481250360578,1.160964047443681,0.792481250360578,1.160964047443681,0.792481250360578,1.000000000000000,1.078286655778285,1.000000000000000,1.000000000000000,1.000000000000000,0.950245255156253,0.898244401703927,0.898244401703927,0.898244401703927,0.898244401703927,0.895814111501207,0.862805524352585,1.000000000000000,1.000000000000000,1.000000000000000,1.000000000000000,1.000000000000000,0.992238560523474,0.792481250360578,1.000000000000000,0.792481250360578,1.000000000000000,0.792481250360578,1.000000000000000,0.792481250360578,1.000000000000000,0.792481250360578,0.996437530820800,0.792481250360578,1.000000000000000,0.792481250360578,0.792481250360578,0.792481250360578,0.973201229781416,0.978734328813026,0.947979033106456,0.921044068630303,1.000000000000000,1.000000000000000,1.000000000000000,1.000000000000000,0.982178212230864,0.792481250360578,0.792481250360578,1.000000000000000,0.950876679137252,0.955160037789343,0.792481250360578,0.949521377104062,0.923033902211873,0.792481250360578,0.926463634389945,0.896315893003381,0.897246221401675,0.792481250360578,0.792481250360578,0.872398730783593,0.792481250360578,0.792481250360578,0.850202163201154,0.792481250360578,0.792481250360578,0.792481250360578,0.792481250360578,0.792481250360578,0.792481250360578,0.792481250360578,0.792481250360578,0.792481250360578,0.792481250360578,0.792481250360578,0.791215260381837,0.786330455099623
"{5,3,3}",70,31,31,1,inf,2.321928094887362,1.584962500721156,1.464973520717927,1.000000000000000,1.160964047443681,0.792481250360578,1.000000000000000,0.898244401703927,1.584962500721156,1.584962500721156,1.464973520717927,1.000000000000000,1.457626438576448,1.000000000000000,1.298613217108026,0.792481250360578,1.000000000000000,1.160964047443681,0.792481250360578,1.160964047443681,0.792481250360578,1.145650363055601,0.792481250360578,1.000000000000000,1.067896319515865,1.000000000000000,1.000000000000000,0.982898341341496,0.935116628808508,0.898244401703927,0.898244401703927,0.898244401703927,0.898045527681667,0.881013065362174,0.848000756209875,1.000000000000000,1.000000000000000,1.000000000000000,1.000000000000000,1.000000000000000,1.000000000000000,0.792481250360578,1.000000000000000,0.792481250360578,1.000000000000000,0.792481250360578,1.000000000000000,0.792481250360578,1.000000000000000,0.792481250360578,1.000000000000000,0.792481250360578,1.000000000000000,0.792481250360578,0.792481250360578,0.792481250360578,1.000000000000000,1.000000000000000,0.996707344375431,0.964842550983507,1.000000000000000,1.000000000000000,1.000000000000000,1.000000000000000,1.000000000000000,0.792481250360578,0.792481250360578,0.982823677172172,1.000000000000000,0.980687885740533,0.792481250360578,0.935011921273619,0.961313187855890,0.792481250360578,0.933077496515199,0.929702751986220,0.921507891557127,0.792481250360578,0.792481250360578,0.897734100772281,0.792481250360578,0.792481250360578,0.871081041295833,0.792481250360578,0.792481250360578,0.792481250360578,0.792481250360578,0.792481250360578,0.792481250360578,0.792481250360578,0.792481250360578,0.792481250360578,0.792481250360578,0.792481250360578,0.792481250360578,0.792481250360578
"{5,4,2}",71,32,33,1,inf,2.321928094887362,1.584962500721156,1.464973520717927,1.000000000000000,1.160964047443681,0.792481250360578,1.000000000000000,0.898244401703927,1.584962500721156,1.584962500721156,1.464973520717927,1.000000000000000,1.464973520717927,1.000000000000000,1.317006722734911,0.792481250360578,1.000000000000000,1.160964047443681,0.792481250360578,1.160964047443681,0.792481250360578,1.160964047443681,0.792481250360578,1.000000000000000,1.088614693807167,1.000000000000000,1.000000000000000,1.000000000000000,0.953384217483445,0.898244401703927,0.898244401703927,0.898244401703927,0.898244401703927,0.895948598927318,0.863898996900011,1.000000000000000,1.000000000000000,1.000000000000000,1.000000000000000,1.000000000000000,1.000000000000000,0.792481250360578,1.000000000000000,0.792481250360578,1.000000000000000,0.792481250360578,1.000000000000000,0.792481250360578,1.000000000000000,0.792481250360578,1.000000000000000,0.792481250360578,1.000000000000000,0.792481250360578,0.792481250360578,0.792481250360578,1.000000000000000,1.000000000000000,0.991358975439569,0.963820244162274,1.000000000000000,1.000000000000000,1.000000000000000,1.000000000000000,1.000000000000000,0.792481250360578,0.792481250360578,1.000000000000000,0.994623313112759,1.000000000000000,0.792481250360578,0.953311040256506,0.964945435569026,0.792481250360578,0.951303787753806,0.934474764926091,0.932209695192467,0.792481250360578,0.792481250360578,0.905673251286772,0.792481250360578,0.792481250360578,0.880003228192311,0.792481250360578,0.792481250360578,0.792481250360578,0.792481250360578,0.792481250360578,0.792481250360578,0.792481250360578,0.792481250360578,0.792481250360578,0.792481250360578,0.792481250360578,0.792481250360578,0.792481250360578
"{4,2,1,1}",72,33,54,1,inf,2.000000000000000,2.000000000000000,1.261859507142915,1.261859507142915,1.000000000000000,1.000000000000000,0.861353116146786,0.773705614469083,1.892553852273539,1.472497144973457,1.261859507142915,1.261859507142915,1.203219497901879,1.254051248212337,1.068028640452201,1.000000000000000,1.157113588013904,1.000000000000000,1.000000000000000,1.000000000000000,1.000000000000000,0.952598498415416,0.974445646399895,0.861353116146786,0.884841655156583,0.861353116146786,0.855402990513325,0.820871827254954,0.779144059281504,0.773705614469083,0.773705614469083,0.773705614469083,0.763087278034481,0.738022554861309,0.709247090567170,1.261859507142915,1.157964411709305,1.065605810406703,1.047486851690090,0.988090175577089,0.929042260812778,1.000000000000000,1.000000000000000,1.000000000000000,1.000000000000000,0.984349676548999,0.972434106736379,0.940700208393095,0.947201342576829,0.994598265636776,0.916935006189089,0.945538302693958,0.881412348076715,0.902765440197083,0.902462682286882,0.866865408814355,0.874309224443902,0.862550529202301,0.831565756963020,0.797976310050581,0.861353116146786,0.861353116146786,0.861353116146786,0.854964159220862,0.846869858125908,0.835210167919840,1.000000000000000,0.819624748022523,0.821677773132446,0.810454754647971,1.000000000000000,0.778251928558784,0.790086758906020,0.946276926136769,0.772098687437674,0.764531961745737,0.757568232620343,0.936974703209247,0.902996384223254,0.737671347684159,0.899349937925550,0.865324358464500,0.715748480244106,0.860319908581716,0.876436200596737,0.833025115428746,0.853681598759363,0.805563481578969,0.829464339149699,0.822908775714690,0.802357131354877,0.791727847044349,0.779211819996060,0.775707319515472,0.756230681140190,0.736248572486729
"{5,5,1}",73,34,36,1,inf,2.321928094887362,1.584962500721156,1.464973520717927,1.000000000000000,1.160964047443681,0.792481250360578,1.000000000000000,0.898244401703927,1.584962500721156,1.584166493068234,1.464973520717927,1.000000000000000,1.464973520717927,1.000000000000000,1.338224804257711,0.792481250360578,1.000000000000000,1.160964047443681,0.792481250360578,1.160964047443681,0.792481250360578,1.160964047443681,0.792481250360578,1.000000000000000,1.134409069643116,1.000000000000000,1.000000000000000,1.000000000000000,1.000000000000000,0.898244401703927,0.898244401703927,0.898244401703927,0.898244401703927,0.898244401703927,0.898244401703927,1.000000000000000,1.000000000000000,1.000000000000000,1.000000000000000,1.000000000000000,0.999497775087701,0.792481250360578,1.000000000000000,0.792481250360578,1.000000000000000,0.792481250360578,1.000000000000000,0.792481250360578,1.000000000000000,0.792481250360578,1.000000000000000,0.792481250360578,1.000000000000000,0.792481250360578,0.792481250360578,0.792481250360578,0.989811484696637,0.994244853037335,0.971333300233992,0.948603288502199,1.000000000000000,1.000000000000000,1.000000000000000,1.000000000000000,0.996506684050085,0.792481250360578,0.792481250360578,1.000000000000000,0.974509751599195,0.979769467399316,0.792481250360578,1.000000000000000,0.951421050849526,0.792481250360578,0.958513025615991,0.927125895862792,0.929253516639231,0.792481250360578,0.792481250360578,0.905284096956215,0.792481250360578,0.792481250360578,0.884183658604178,0.792481250360578,0.792481250360578,0.792481250360578,0.792481250360578,0.792481250360578,0.792481250360578,0.792481250360578,0.792481250360578,0.792481250360578,0.792481250360578,0.792481250360578,0.792481250360578,0.792083246534117
"{5,4,3}",74,35,34,1,inf,2.321928094887362,1.584962500721156,1.464973520717927,1.000000000000000,1.160964047443681,0.792481250360578,1.000000000000000,0.898244401703927,1.584962500721156,1.584962500721156,1.464973520717927,1.000000000000000,1.464973520717927,1.000000000000000,1.347527031875970,0.792481250360578,1.000000000000000,1.160964047443681,0.792481250360578,1.160964047443681,0.792481250360578,1.160964047443681,0.792481250360578,1.000000000000000,1.100001553845352,1.000000000000000,1.000000000000000,1.000000000000000,0.958999912524650,0.898244401703927,0.898244401703927,0.898244401703927,0.898244401703927,0.896730935589790,0.867196350882031,1.000000000000000,1.000000000000000,1.000000000000000,1.000000000000000,1.000000000000000,1.000000000000000,0.792481250360578,1.000000000000000,0.792481250360578,1.000000000000000,0.792481250360578,1.000000000000000,0.792481250360578,1.000000000000000,0.792481250360578,1.000000000000000,0.792481250360578,1.000000000000000,0.792481250360578,0.792481250360578,0.792481250360578,1.000000000000000,1.000000000000000,1.000000000000000,0.996899489218792,1.000000000000000,1.000000000000000,1.000000000000000,1.000000000000000,1.000000000000000,0.792481250360578,0.792481250360578,1.000000000000000,1.000000000000000,1.000000000000000,0.792481250360578,0.958995700080432,1.000000000000000,0.792481250360578,0.958742987715679,0.967010084059994,0.954867141926529,0.792481250360578,0.792481250360578,0.933579401085544,0.792481250360578,0.792481250360578,0.905656676803618,0.792481250360578,0.792481250360578,0.792481250360578,0.792481250360578,0.792481250360578,0.792481250360578,0.792481250360578,0.792481250360578,0.792481250360578,0.792481250360578,0.792481250360578,0.792481250360578,0.792481250360578
"{4,2,2,1}",75,36,55,1,inf,2.000000000000000,2.000000000000000,1.261859507142915,1.261859507142915,1.000000000000000,1.000000000000000,0.861353116146786,0.773705614469083,1.999999999999999,1.545815609561304,1.261859507142915,1.261859507142915,1.235720258986584,1.261859507142915,1.100993033127842,1.000000000000000,1.218179535847637,1.000000000000000,1.000000000000000,1.000000000000000,1.000000000000000,0.972495191655998,1.000000000000000,0.861353116146786,0.905117921401910,0.861353116146786,0.860499406023517,0.835300201609166,0.793737592697417,0.773705614469083,0.773705614469083,0.773705614469083,0.769939242936192,0.749412015469943,0.720696989002443,1.261859507142915,1.219509462183832,1.125020594946236,1.091766036823948,1.039011423046587,0.975301061607425,1.000000000000000,1.000000000000000,1.000000000000000,1.000000000000000,1.000000000000000,1.000000000000000,0.985905476624946,0.971249986250073,1.000000000000000,0.953737534208959,0.995174616686489,0.904077108753068,0.953015385741237,0.953568740202696,0.916077195145835,0.912494801055315,0.893285541939526,0.865493614846218,0.829982253364081,0.861353116146786,0.861353116146786,0.861353116146786,0.860494573870521,0.859978828236214,0.882279159734480,1.000000000000000,0.835053848440453,0.847140629865064,0.831439730417236,1.000000000000000,0.793527625229888,0.816827379392979,1.000000000000000,0.790954238690423,0.792046948771126,0.781154818959128,0.969511756201381,0.954235688333073,0.762947429415855,0.946125479572071,0.913653711561264,0.740031386229541,0.904488234535004,0.902808020566600,0.878724403705263,0.890232170369708,0.849389010001450,0.871909754919577,0.861184874209968,0.843878989893798,0.826883248071709,0.819949601593354,0.814089109930717,0.794593481616835,0.772907804780652
"{5,5,2}",76,37,37,1,inf,2.321928094887362,1.584962500721156,1.464973520717927,1.000000000000000,1.160964047443681,0.792481250360578,1.000000000000000,0.898244401703927,1.584962500721156,1.584962500721156,1.464973520717927,1.000000000000000,1.464973520717927,1.000000000000000,1.378038749842337,0.792481250360578,1.000000000000000,1.160964047443681,0.792481250360578,1.160964047443681,0.792481250360578,1.160964047443681,0.792481250360578,1.000000000000000,1.144335751417004,1.000000000000000,1.000000000000000,1.000000000000000,1.000000000000000,0.898244401703927,0.898244401703927,0.898244401703927,0.898244401703927,0.898244401703927,0.898244401703927,1.000000000000000,1.000000000000000,1.000000000000000,1.000000000000000,1.000000000000000,1.000000000000000,0.792481250360578,1.000000000000000,0.792481250360578,1.000000000000000,0.792481250360578,1.000000000000000,0.792481250360578,1.000000000000000,0.792481250360578,1.000000000000000,0.792481250360578,1.000000000000000,0.792481250360578,0.792481250360578,0.792481250360578,1.000000000000000,1.000000000000000,1.000000000000000,0.988704617093731,1.000000000000000,1.000000000000000,1.000000000000000,1.000000000000000,1.000000000000000,0.792481250360578,0.792481250360578,1.000000000000000,1.000000000000000,1.000000000000000,0.792481250360578,1.000000000000000,0.991775407080997,0.792481250360578,1.000000000000000,0.966858510673389,0.968400258169005,0.792481250360578,0.792481250360578,0.941585610147848,0.792481250360578,0.792481250360578,0.916999668286398,0.792481250360578,0.792481250360578,0.792481250360578,0.792481250360578,0.792481250360578,0.792481250360578,0.792481250360578,0.792481250360578,0.792481250360578,0.792481250360578,0.792481250360578,0.792481250360578,0.792481250360578
"{5,4,4}",77,38,35,1,inf,2.321928094887362,1.584962500721156,1.464973520717927,1.000000000000000,1.160964047443681,0.792481250360578,1.000000000000000,0.898244401703927,1.584962500721156,1.584962500721156,1.464973520717927,1.000000000000000,1.464973520717927,1.000000000000000,1.382258663953469,0.792481250360578,1.000000000000000,1.160964047443681,0.792481250360578,1.160964047443681,0.792481250360578,1.160964047443681,0.792481250360578,1.000000000000000,1.117128052923334,1.000000000000000,1.000000000000000,1.000000000000000,0.969994152472634,0.898244401703927,0.898244401703927,0.898244401703927,0.898244401703927,0.898201837366419,0.875231013955811,1.000000000000000,1.000000000000000,1.000000000000000,1.000000000000000,1.000000000000000,1.000000000000000,0.792481250360578,1.000000000000000,0.792481250360578,1.000000000000000,0.792481250360578,1.000000000000000,0.792481250360578,1.000000000000000,0.792481250360578,1.000000000000000,0.792481250360578,1.000000000000000,0.792481250360578,0.792481250360578,0.792481250360578,1.000000000000000,1.000000000000000,1.000000000000000,1.000000000000000,1.000000000000000,1.000000000000000,1.000000000000000,1.000000000000000,1.000000000000000,0.792481250360578,0.792481250360578,1.000000000000000,1.000000000000000,1.000000000000000,0.792481250360578,0.969994132103661,1.000000000000000,0.792481250360578,0.969984522112945,1.000000000000000,0.969596239820637,0.792481250360578,0.792481250360578,0.961535168596607,0.792481250360578,0.792481250360578,0.933383291971503,0.792481250360578,0.792481250360578,0.792481250360578,0.792481250360578,0.792481250360578,0.792481250360578,0.792481250360578,0.792481250360578,0.792481250360578,0.792481250360578,0.792481250360578,0.792481250360578,0.792481250360578
"{5,5,3}",78,39,38,1,inf,2.321928094887362,1.584962500721156,1.464973520717927,1.000000000000000,1.160964047443681,0.792481250360578,1.000000000000000,0.898244401703927,1.584962500721156,1.584962500721156,1.464973520717927,1.000000000000000,1.464973520717927,1.000000000000000,1.409213293754315,0.792481250360578,1.000000000000000,1.160964047443681,0.792481250360578,1.160964047443681,0.792481250360578,1.160964047443681,0.792481250360578,1.000000000000000,1.151104268990970,1.000000000000000,1.000000000000000,1.000000000000000,1.000000000000000,0.898244401703927,0.898244401703927,0.898244401703927,0.898244401703927,0.898244401703927,0.898244401703927,1.000000000000000,1.000000000000000,1.000000000000000,1.000000000000000,1.000000000000000,1.000000000000000,0.792481250360578,1.000000000000000,0.792481250360578,1.000000000000000,0.792481250360578,1.000000000000000,0.792481250360578,1.000000000000000,0.792481250360578,1.000000000000000,0.792481250360578,1.000000000000000,0.792481250360578,0.792481250360578,0.792481250360578,1.000000000000000,1.000000000000000,1.000000000000000,1.000000000000000,1.000000000000000,1.000000000000000,1.000000000000000,1.000000000000000,1.000000000000000,0.792481250360578,0.792481250360578,1.000000000000000,1.000000000000000,1.000000000000000,0.792481250360578,1.000000000000000,1.000000000000000,0.792481250360578,1.000000000000000,0.997044875486018,1.000000000000000,0.792481250360578,0.792481250360578,0.971392291905208,0.792481250360578,0.792481250360578,0.943922430385935,0.792481250360578,0.792481250360578,0.792481250360578,0.792481250360578,0.792481250360578,0.792481250360578,0.792481250360578,0.792481250360578,0.792481250360578,0.792481250360578,0.792481250360578,0.792481250360578,0.792481250360578
"{4,3,1,1}",79,40,57,1,inf,2.000000000000000,2.000000000000000,1.261859507142914,1.261859507142915,1.000000000000000,1.000000000000000,0.861353116146786,0.773705614469083,1.980552305035954,1.569834369849667,1.261859507142914,1.261859507142915,1.261859507142914,1.261859507142915,1.134835718307166,1.000000000000000,1.207765078776149,1.000000000000000,1.000000000000000,1.000000000000000,1.000000000000000,1.000000000000000,0.995679905671396,0.861353116146786,0.933209870387395,0.861353116146786,0.861353116146786,0.857649372394752,0.816922758414530,0.773705614469083,0.773705614469083,0.773705614469083,0.773705614469083,0.768332450486846,0.740347029494842,1.261859507142914,1.224472761276173,1.129137569445675,1.117915924764150,1.052197189721227,0.990455212117255,1.000000000000000,1.000000000000000,1.000000000000000,1.000000000000000,1.000000000000000,1.000000000000000,0.976325595220443,1.000000000000000,1.000000000000000,0.978503410225863,0.985537048572212,0.932409461714212,0.947006461074370,0.952391063267216,0.914813405773766,0.933118648418526,0.919284663308518,0.887305355365982,0.851318001769616,0.861353116146786,0.861353116146786,0.861353116146786,0.861353116146786,0.861353116146786,0.884145295461572,1.000000000000000,0.857641080149641,0.861353116146786,0.856866210314425,1.000000000000000,0.816860364469491,0.841279411917468,0.990276152517977,0.815385487962886,0.814684241187725,0.805292087092307,1.000000000000000,0.950332900389544,0.785433181506833,0.954166828152480,0.916091393625524,0.761911824963224,0.915315151980285,0.931174956404226,0.884065333719791,0.910898425802865,0.855814232918216,0.882716657438200,0.877770035668336,0.854104992626612,0.844927077312095,0.829464339149699,0.826856341544833,0.805816798532600,0.784917184924834
"{4,2,2,2}",80,41,56,1,inf,2.000000000000000,2.000000000000000,1.261859507142915,1.261859507142915,1.000000000000000,1.000000000000000,0.861353116146786,0.773705614469083,2.000000000000000,1.601554713947919,1.261859507142915,1.261859507142915,1.249222391147930,1.261859507142915,1.120830906266634,1.000000000000000,1.261539514695186,1.000000000000000,1.000000000000000,1.000000000000000,1.000000000000000,0.981792901051039,1.000000000000000,0.861353116146786,0.916384667513830,0.861353116146786,0.861139929300756,0.842243017636543,0.801529352547234,0.773705614469083,0.773705614469083,0.773705614469083,0.771895909685900,0.754946532739251,0.726665092683114,1.261859507142915,1.246846730209785,1.174829854801278,1.117179622838831,1.077608814892445,1.010468521002366,1.000000000000000,1.000000000000000,1.000000000000000,1.000000000000000,1.000000000000000,1.000000000000000,1.000000000000000,0.981493805013851,1.000000000000000,0.973395202922767,1.000000000000000,0.916034401107866,0.995637814077574,0.997777516947996,0.959852963220311,0.937951653743028,0.910267831779578,0.887611319047879,0.851324695273672,0.861353116146786,0.861353116146786,0.861353116146786,0.861139821528303,0.861100324975454,0.923306686547277,1.000000000000000,0.842183653272727,0.856893364263873,0.840719802265993,1.000000000000000,0.801468114642842,0.831422002073309,1.000000000000000,0.800294071941464,0.808955467286339,0.794032666602813,0.981156409342394,1.000000000000000,0.778346452284629,0.972084345729779,0.952978932921977,0.755127700869022,0.935018863935385,0.915652655628059,0.915818118133844,0.909500671568243,0.885316067390715,0.900254279946826,0.886056535924965,0.874743303273496,0.850105343215070,0.851771263934984,0.841798306838045,0.823905038842772,0.800777356973959
"{5,5,4}",81,42,39,1,inf,2.321928094887362,1.584962500721156,1.464973520717927,1.000000000000000,1.160964047443681,0.792481250360578,1.000000000000000,0.898244401703927,1.584962500721156,1.584962500721156,1.464973520717927,1.000000000000000,1.464973520717927,1.000000000000000,1.437384365553436,0.792481250360578,1.000000000000000,1.160964047443681,0.792481250360578,1.160964047443681,0.792481250360578,1.160964047443681,0.792481250360578,1.000000000000000,1.156449660707042,1.000000000000000,1.000000000000000,1.000000000000000,1.000000000000000,0.898244401703927,0.898244401703927,0.898244401703927,0.898244401703927,0.898244401703927,0.898244401703927,1.000000000000000,1.000000000000000,1.000000000000000,1.000000000000000,1.000000000000000,1.000000000000000,0.792481250360578,1.000000000000000,0.792481250360578,1.000000000000000,0.792481250360578,1.000000000000000,0.792481250360578,1.000000000000000,0.792481250360578,1.000000000000000,0.792481250360578,1.000000000000000,0.792481250360578,0.792481250360578,0.792481250360578,1.000000000000000,1.000000000000000,1.000000000000000,1.000000000000000,1.000000000000000,1.000000000000000,1.000000000000000,1.000000000000000,1.000000000000000,0.792481250360578,0.792481250360578,1.000000000000000,1.000000000000000,1.000000000000000,0.792481250360578,1.000000000000000,1.000000000000000,0.792481250360578,1.000000000000000,1.000000000000000,1.000000000000000,0.792481250360578,0.792481250360578,1.000000000000000,0.792481250360578,0.792481250360578,0.969962089813898,0.792481250360578,0.792481250360578,0.792481250360578,0.792481250360578,0.792481250360578,0.792481250360578,0.792481250360578,0.792481250360578,0.792481250360578,0.792481250360578,0.792481250360578,0.792481250360578,0.792481250360578
"{4,3,2,1}",82,43,58,1,inf,2.000000000000000,2.000000000000000,1.261859507142914,1.261859507142915,1.000000000000000,1.000000000000000,0.861353116146786,0.773705614469083,2.000000000000000,1.633765655552207,1.261859507142914,1.261859507142915,1.261859507142914,1.261859507142915,1.152749231332985,1.000000000000000,1.252514446227352,1.000000000000000,1.000000000000000,1.000000000000000,1.000000000000000,1.000000000000000,1.000000000000000,0.861353116146786,0.940062752352816,0.861353116146786,0.861353116146786,0.858574991839820,0.820264729000201,0.773705614469083,0.773705614469083,0.773705614469083,0.773705614469083,0.769152343973158,0.742282027288687,1.261859507142914,1.261859507142914,1.183276357664554,1.149185518180758,1.097797306810684,1.030791362451064,1.000000000000000,1.000000000000000,1.000000000000000,1.000000000000000,1.000000000000000,1.000000000000000,1.000000000000000,1.000000000000000,1.000000000000000,1.000000000000000,1.000000000000000,0.939938761945992,0.986856666880606,0.995530658507852,0.958153904601135,0.963124883579254,0.936048390577612,0.912311196891513,0.874864946898867,0.861353116146786,0.861353116146786,0.861353116146786,0.861353116146786,0.861353116146786,0.926603397470433,1.000000000000000,0.858574374995899,0.861353116146786,0.858477095530360,1.000000000000000,0.820255186682705,0.854429079290379,1.000000000000000,0.819864304367391,0.832179559399700,0.815876779020354,1.000000000000000,0.991144439362031,0.800689044382064,1.000000000000000,0.960078563157422,0.776812931117884,0.955881481912457,0.939804108467373,0.925941285747141,0.935511804688793,0.895668592695909,0.921489901861789,0.909512299354510,0.891598625640953,0.872831835715084,0.866053739727380,0.860444864029528,0.839695512606423,0.816882827776103
"{4,3,2,2}",83,44,59,1,inf,2.000000000000000,2.000000000000000,1.261859507142914,1.261859507142915,1.000000000000000,1.000000000000000,0.861353116146786,0.773705614469083,2.000000000000000,1.679597030658675,1.261859507142914,1.261859507142915,1.261859507142914,1.261859507142915,1.161424488990951,1.000000000000000,1.261859507142915,1.000000000000000,1.000000000000000,1.000000000000000,1.000000000000000,1.000000000000000,1.000000000000000,0.861353116146786,0.943363273267401,0.861353116146786,0.861353116146786,0.858964049093290,0.822001156858649,0.773705614469083,0.773705614469083,0.773705614469083,0.773705614469083,0.769581528156161,0.743368355270702,1.261859507142914,1.261859507142914,1.231342021625391,1.160359467096191,1.130071574976589,1.059707740652829,1.000000000000000,1.000000000000000,1.000000000000000,1.000000000000000,1.000000000000000,1.000000000000000,1.000000000000000,1.000000000000000,1.000000000000000,1.000000000000000,1.000000000000000,0.943321791446971,1.000000000000000,1.000000000000000,0.995927367687720,0.978636085818266,0.941491776278793,0.925109342660768,0.888083369440273,0.861353116146786,0.861353116146786,0.861353116146786,0.861353116146786,0.861353116146786,0.964941469568086,1.000000000000000,0.858963876494995,0.861353116146786,0.858920578709913,1.000000000000000,0.821997878105835,0.857138895111111,1.000000000000000,0.821801575853253,0.840018260514896,0.819449473908014,1.000000000000000,1.000000000000000,0.807722262940898,1.000000000000000,1.000000000000000,0.784302674357177,0.977618440868649,0.943279085950334,0.960912280925760,0.941406608696854,0.928764670328089,0.938377460200302,0.924580143892488,0.916808789179256,0.887560598159059,0.893694303985568,0.881636013991975,0.864162973978739,0.839798515329338
"{5,5,5}",84,45,40,1,inf,2.321928094887362,1.584962500721156,1.464973520717927,1.000000000000000,1.160964047443681,0.792481250360578,1.000000000000000,0.898244401703927,1.584962500721156,1.584962500721156,1.464973520717927,1.000000000000000,1.464973520717927,1.000000000000000,1.464973520717927,0.792481250360578,1.000000000000000,1.160964047443681,0.792481250360578,1.160964047443681,0.792481250360578,1.160964047443681,0.792481250360578,1.000000000000000,1.160964047443681,1.000000000000000,1.000000000000000,1.000000000000000,1.000000000000000,0.898244401703927,0.898244401703927,0.898244401703927,0.898244401703927,0.898244401703927,0.898244401703927,1.000000000000000,1.000000000000000,1.000000000000000,1.000000000000000,1.000000000000000,1.000000000000000,0.792481250360578,1.000000000000000,0.792481250360578,1.000000000000000,0.792481250360578,1.000000000000000,0.792481250360578,1.000000000000000,0.792481250360578,1.000000000000000,0.792481250360578,1.000000000000000,0.792481250360578,0.792481250360578,0.792481250360578,1.000000000000000,1.000000000000000,1.000000000000000,1.000000000000000,1.000000000000000,1.000000000000000,1.000000000000000,1.000000000000000,1.000000000000000,0.792481250360578,0.792481250360578,1.000000000000000,1.000000000000000,1.000000000000000,0.792481250360578,1.000000000000000,1.000000000000000,0.792481250360578,1.000000000000000,1.000000000000000,1.000000000000000,0.792481250360578,0.792481250360578,1.000000000000000,0.792481250360578,0.792481250360578,1.000000000000000,0.792481250360578,0.792481250360578,0.792481250360578,0.792481250360578,0.792481250360578,0.792481250360578,0.792481250360578,0.792481250360578,0.792481250360578,0.792481250360578,0.792481250360578,0.792481250360578,0.792481250360578
"{4,3,3,1}",85,46,60,1,inf,2.000000000000000,2.000000000000000,1.261859507142914,1.261859507142915,1.000000000000000,1.000000000000000,0.861353116146786,0.773705614469083,2.000000000000000,1.709031721638140,1.261859507142914,1.261859507142915,1.261859507142914,1.261859507142915,1.183152663792744,1.000000000000000,1.261859507142915,1.000000000000000,1.000000000000000,1.000000000000000,1.000000000000000,1.000000000000000,1.000000000000000,0.861353116146786,0.956096508561314,0.861353116146786,0.861353116146786,0.861194657068887,0.830798813780971,0.773705614469083,0.773705614469083,0.773705614469083,0.773705614469083,0.772727211309485,0.750068220333794,1.261859507142914,1.261859507142914,1.228705248462362,1.182888822734017,1.148375829158932,1.078278962978956,1.000000000000000,1.000000000000000,1.000000000000000,1.000000000000000,1.000000000000000,1.000000000000000,1.000000000000000,1.000000000000000,1.000000000000000,1.000000000000000,1.000000000000000,0.956093639065523,1.000000000000000,1.000000000000000,0.987670158182194,1.000000000000000,0.955694841386525,0.945583850126818,0.908316233693512,0.861353116146786,0.861353116146786,0.861353116146786,0.861353116146786,0.861353116146786,0.962137127626103,1.000000000000000,0.861194657068763,0.861353116146786,0.861194646898999,1.000000000000000,0.830798720570280,0.861186337361349,1.000000000000000,0.830776250564639,0.855554461719057,0.830171187837186,1.000000000000000,1.000000000000000,0.823116831374357,1.000000000000000,0.991676183829662,0.800362326392233,1.000000000000000,0.956090755337595,0.964397498958965,0.955690607271268,0.934804902678561,0.955178404688740,0.945353610508211,0.932608446005953,0.907865077246388,0.905723338692771,0.899802935547478,0.878451458177458,0.854515860819070
"{4,4,1,1}",86,47,63,1,inf,2.000000000000000,2.000000000000000,1.261859507142915,1.261859507142915,1.000000000000000,1.000000000000000,0.861353116146786,0.773705614469083,2.000000000000000,1.658928678299398,1.261859507142915,1.261859507142915,1.261859507142915,1.261859507142915,1.217941181150113,1.000000000000000,1.236221861873571,1.000000000000000,1.000000000000000,1.000000000000000,1.000000000000000,1.000000000000000,1.000000000000000,0.861353116146786,1.000000000000000,0.861353116146786,0.861353116146786,0.861353116146786,0.861353116146786,0.773705614469083,0.773705614469083,0.773705614469083,0.773705614469083,0.773705614469083,0.773705614469083,1.261859507142915,1.255326136094498,1.176119464994473,1.183241945308755,1.107289241318832,1.046667462192063,1.000000000000000,1.000000000000000,1.000000000000000,1.000000000000000,1.000000000000000,1.000000000000000,0.992648154858727,1.000000000000000,1.000000000000000,1.000000000000000,0.998944585012856,1.000000000000000,0.973401275557541,0.981974544569777,0.947885938378872,0.992282139092356,0.983454392281873,0.946318111631844,0.908809936419733,0.861353116146786,0.861353116146786,0.861353116146786,0.861353116146786,0.861353116146786,0.920886362903595,1.000000000000000,0.861353116146786,0.861353116146786,0.861353116146786,1.000000000000000,0.861353116146786,0.861353116146786,1.000000000000000,0.861353116146786,0.861353116146786,0.861353116146786,1.000000000000000,0.977638559203184,0.841659817284343,0.986365348234749,0.951371563197329,0.816657566611107,0.957117778670418,1.000000000000000,0.923213503852756,0.959531024568546,0.896421925362761,0.925164462398482,0.926624415281350,0.897400912031014,0.896142658286215,0.872470110801692,0.872357003840945,0.850008902356283,0.829464339149699
"{4,3,3,2}",87,48,61,1,inf,2.000000000000000,2.000000000000000,1.261859507142914,1.261859507142915,1.000000000000000,1.000000000000000,0.861353116146786,0.773705614469083,2.000000000000000,1.743828668994750,1.261859507142914,1.261859507142915,1.261859507142914,1.261859507142915,1.185157327495689,1.000000000000000,1.261859507142915,1.000000000000000,1.000000000000000,1.000000000000000,1.000000000000000,1.000000000000000,1.000000000000000,0.861353116146786,0.956625194343434,0.861353116146786,0.861353116146786,0.861195107761616,0.831036822652174,0.773705614469083,0.773705614469083,0.773705614469083,0.773705614469083,0.772733969909237,0.750205111700751,1.261859507142914,1.261859507142914,1.261859507142914,1.185028959014337,1.171486914705622,1.100233392399700,1.000000000000000,1.000000000000000,1.000000000000000,1.000000000000000,1.000000000000000,1.000000000000000,1.000000000000000,1.000000000000000,1.000000000000000,1.000000000000000,1.000000000000000,0.956623354139312,1.000000000000000,1.000000000000000,1.000000000000000,1.000000000000000,0.956318408807004,0.948732456120055,0.913653795303270,0.861353116146786,0.861353116146786,0.861353116146786,0.861353116146786,0.861353116146786,0.996176925385008,1.000000000000000,0.861195107761497,0.861353116146786,0.861195097813403,1.000000000000000,0.831036756926688,0.861186906386376,1.000000000000000,0.831018573349266,0.856280845206174,0.830498065907271,1.000000000000000,1.000000000000000,0.824375606297387,1.000000000000000,1.000000000000000,0.802411459068676,1.000000000000000,0.956621508413601,1.000000000000000,0.956315986101779,0.966486995515523,0.955956745171905,0.948697689751559,0.946933741984131,0.913563287310538,0.928865931952869,0.911234716059395,0.897277533766570,0.871914334497375
"{4,4,2,1}",88,49,64,1,inf,2.000000000000000,2.000000000000000,1.261859507142915,1.261859507142915,1.000000000000000,1.000000000000000,0.861353116146786,0.773705614469083,2.000000000000000,1.722691414824248,1.261859507142915,1.261859507142915,1.261859507142915,1.261859507142915,1.232202616995195,1.000000000000000,1.261767619319753,1.000000000000000,1.000000000000000,1.000000000000000,1.000000000000000,1.000000000000000,1.000000000000000,0.861353116146786,1.000000000000000,0.861353116146786,0.861353116146786,0.861353116146786,0.861353116146786,0.773705614469083,0.773705614469083,0.773705614469083,0.773705614469083,0.773705614469083,0.773705614469083,1.261859507142915,1.261859507142915,1.224191975960413,1.226294082527999,1.152786215948084,1.086897269834728,1.000000000000000,1.000000000000000,1.000000000000000,1.000000000000000,1.000000000000000,1.000000000000000,1.000000000000000,1.000000000000000,1.000000000000000,1.000000000000000,1.000000000000000,1.000000000000000,0.998973814982282,1.000000000000000,0.983523317812530,1.000000000000000,1.000000000000000,0.972079222751573,0.932250980294124,0.861353116146786,0.861353116146786,0.861353116146786,0.861353116146786,0.861353116146786,0.958894213753428,1.000000000000000,0.861353116146786,0.861353116146786,0.861353116146786,1.000000000000000,0.861353116146786,0.861353116146786,1.000000000000000,0.861353116146786,0.861353116146786,0.861353116146786,1.000000000000000,1.000000000000000,0.855720534768555,1.000000000000000,0.987528940400135,0.830106487505187,0.995783115124573,1.000000000000000,0.961793266155100,1.000000000000000,0.934212335361332,0.964172853794422,0.963462689219872,0.934870415905867,0.927353470432307,0.908433809186694,0.907066349145026,0.883789038408935,0.861345707412124
"{4,3,3,3}",89,50,62,1,inf,2.000000000000000,2.000000000000000,1.261859507142914,1.261859507142915,1.000000000000000,1.000000000000000,0.861353116146786,0.773705614469083,2.000000000000000,1.792481250360578,1.261859507142914,1.261859507142915,1.261859507142914,1.261859507142915,1.197240376105930,1.000000000000000,1.261859507142915,1.000000000000000,1.000000000000000,1.000000000000000,1.000000000000000,1.000000000000000,1.000000000000000,0.861353116146786,0.962788515212942,0.861353116146786,0.861353116146786,0.861324280106297,0.835085372252391,0.773705614469083,0.773705614469083,0.773705614469083,0.773705614469083,0.773314452827490,0.753212749303015,1.261859507142914,1.261859507142914,1.261859507142914,1.197226393399742,1.193358737814871,1.130929753571457,1.000000000000000,1.000000000000000,1.000000000000000,1.000000000000000,1.000000000000000,1.000000000000000,1.000000000000000,1.000000000000000,1.000000000000000,1.000000000000000,1.000000000000000,0.962788396120782,1.000000000000000,1.000000000000000,1.000000000000000,1.000000000000000,0.962721389689762,0.959454652467491,0.928759640615413,0.861353116146786,0.861353116146786,0.861353116146786,0.861353116146786,0.861353116146786,1.000000000000000,1.000000000000000,0.861324280106297,0.861353116146786,0.861324280084900,1.000000000000000,0.835085369392933,0.861324063354615,1.000000000000000,0.835082572353529,0.860316905386262,0.834921141953412,1.000000000000000,1.000000000000000,0.831707956411399,1.000000000000000,1.000000000000000,0.812039425789605,1.000000000000000,0.962788276994385,1.000000000000000,0.962721259774759,1.000000000000000,0.962650989953341,0.959453784807267,0.959257332088235,0.928752438966245,0.952959343204322,0.928229586714163,0.921047319707064,0.896240625180289
"{4,4,2,2}",90,51,65,1,inf,2.000000000000000,2.000000000000000,1.261859507142915,1.261859507142915,1.000000000000000,1.000000000000000,0.861353116146786,0.773705614469083,2.000000000000000,1.772907804780652,1.261859507142915,1.261859507142915,1.261859507142915,1.261859507142915,1.237305474076965,1.000000000000000,1.261859507142915,1.000000000000000,1.000000000000000,1.000000000000000,1.000000000000000,1.000000000000000,1.000000000000000,0.861353116146786,1.000000000000000,0.861353116146786,0.861353116146786,0.861353116146786,0.861353116146786,0.773705614469083,0.773705614469083,0.773705614469083,0.773705614469083,0.773705614469083,0.773705614469083,1.261859507142915,1.261859507142915,1.261684120634835,1.236482763963546,1.191160589083406,1.118580284375170,1.000000000000000,1.000000000000000,1.000000000000000,1.000000000000000,1.000000000000000,1.000000000000000,1.000000000000000,1.000000000000000,1.000000000000000,1.000000000000000,1.000000000000000,1.000000000000000,1.000000000000000,1.000000000000000,1.000000000000000,1.000000000000000,1.000000000000000,0.985253640474369,0.945278842341865,0.861353116146786,0.861353116146786,0.861353116146786,0.861353116146786,0.861353116146786,0.992326603795385,1.000000000000000,0.861353116146786,0.861353116146786,0.861353116146786,1.000000000000000,0.861353116146786,0.861353116146786,1.000000000000000,0.861353116146786,0.861353116146786,0.861353116146786,1.000000000000000,1.000000000000000,0.860660175627504,1.000000000000000,1.000000000000000,0.835807176402282,1.000000000000000,1.000000000000000,0.996134899800732,1.000000000000000,0.968734496619537,1.000000000000000,0.984119603503028,0.967319312538179,0.944225653121184,0.939404875555931,0.933570296579330,0.911229517092750,0.886453902390326
"{4,4,3,1}",91,52,66,1,inf,2.000000000000000,2.000000000000000,1.261859507142915,1.261859507142915,1.000000000000000,1.000000000000000,0.861353116146786,0.773705614469083,2.000000000000000,1.787998821505075,1.261859507142915,1.261859507142915,1.261859507142915,1.261859507142915,1.247830910137772,1.000000000000000,1.261859507142915,1.000000000000000,1.000000000000000,1.000000000000000,1.000000000000000,1.000000000000000,1.000000000000000,0.861353116146786,1.000000000000000,0.861353116146786,0.861353116146786,0.861353116146786,0.861353116146786,0.773705614469083,0.773705614469083,0.773705614469083,0.773705614469083,0.773705614469083,0.773705614469083,1.261859507142915,1.261859507142915,1.253277515173561,1.247813653931634,1.194873904503390,1.128101655838253,1.000000000000000,1.000000000000000,1.000000000000000,1.000000000000000,1.000000000000000,1.000000000000000,1.000000000000000,1.000000000000000,1.000000000000000,1.000000000000000,1.000000000000000,1.000000000000000,1.000000000000000,1.000000000000000,0.998990993724993,1.000000000000000,1.000000000000000,1.000000000000000,0.960443040087540,0.861353116146786,0.861353116146786,0.861353116146786,0.861353116146786,0.861353116146786,0.984486722227781,1.000000000000000,0.861353116146786,0.861353116146786,0.861353116146786,1.000000000000000,0.861353116146786,0.861353116146786,1.000000000000000,0.861353116146786,0.861353116146786,0.861353116146786,1.000000000000000,1.000000000000000,0.861353116146786,1.000000000000000,1.000000000000000,0.845737568617380,1.000000000000000,1.000000000000000,0.988249884018972,1.000000000000000,0.965019850609013,0.992054162639704,1.000000000000000,0.967519682175048,0.959423705896153,0.941448984112761,0.941224800060463,0.917035590633656,0.893999410752538
"{4,4,3,2}",92,53,67,1,inf,2.000000000000000,2.000000000000000,1.261859507142915,1.261859507142915,1.000000000000000,1.000000000000000,0.861353116146786,0.773705614469083,2.000000000000000,1.830601625456430,1.261859507142915,1.261859507142915,1.261859507142915,1.261859507142915,1.248064121184891,1.000000000000000,1.261859507142915,1.000000000000000,1.000000000000000,1.000000000000000,1.000000000000000,1.000000000000000,1.000000000000000,0.861353116146786,1.000000000000000,0.861353116146786,0.861353116146786,0.861353116146786,0.861353116146786,0.773705614469083,0.773705614469083,0.773705614469083,0.773705614469083,0.773705614469083,0.773705614469083,1.261859507142915,1.261859507142915,1.261859507142915,1.248053435593640,1.231232718339206,1.154981032436735,1.000000000000000,1.000000000000000,1.000000000000000,1.000000000000000,1.000000000000000,1.000000000000000,1.000000000000000,1.000000000000000,1.000000000000000,1.000000000000000,1.000000000000000,1.000000000000000,1.000000000000000,1.000000000000000,1.000000000000000,1.000000000000000,1.000000000000000,1.000000000000000,0.964851248840931,0.861353116146786,0.861353116146786,0.861353116146786,0.861353116146786,0.861353116146786,1.000000000000000,1.000000000000000,0.861353116146786,0.861353116146786,0.861353116146786,1.000000000000000,0.861353116146786,0.861353116146786,1.000000000000000,0.861353116146786,0.861353116146786,0.861353116146786,1.000000000000000,1.000000000000000,0.861353116146786,1.000000000000000,1.000000000000000,0.846319277365584,1.000000000000000,1.000000000000000,1.000000000000000,1.000000000000000,0.996357012853365,1.000000000000000,1.000000000000000,1.000000000000000,0.964747350931152,0.971116119042970,0.961374270733992,0.941452205881042,0.915300812728215
"{4,4,4,1}",93,54,69,1,inf,2.000000000000000,2.000000000000000,1.261859507142915,1.261859507142915,1.000000000000000,1.000000000000000,0.861353116146786,0.773705614469083,2.000000000000000,1.850198911539269,1.261859507142915,1.261859507142915,1.261859507142915,1.261859507142915,1.261859507142915,1.000000000000000,1.261859507142915,1.000000000000000,1.000000000000000,1.000000000000000,1.000000000000000,1.000000000000000,1.000000000000000,0.861353116146786,1.000000000000000,0.861353116146786,0.861353116146786,0.861353116146786,0.861353116146786,0.773705614469083,0.773705614469083,0.773705614469083,0.773705614469083,0.773705614469083,0.773705614469083,1.261859507142915,1.261859507142915,1.261816370505429,1.261859507142915,1.227430713541737,1.167345543315650,1.000000000000000,1.000000000000000,1.000000000000000,1.000000000000000,1.000000000000000,1.000000000000000,1.000000000000000,1.000000000000000,1.000000000000000,1.000000000000000,1.000000000000000,1.000000000000000,1.000000000000000,1.000000000000000,1.000000000000000,1.000000000000000,1.000000000000000,1.000000000000000,1.000000000000000,0.861353116146786,0.861353116146786,0.861353116146786,0.861353116146786,0.861353116146786,0.996809280359063,1.000000000000000,0.861353116146786,0.861353116146786,0.861353116146786,1.000000000000000,0.861353116146786,0.861353116146786,1.000000000000000,0.861353116146786,0.861353116146786,0.861353116146786,1.000000000000000,1.000000000000000,0.861353116146786,1.000000000000000,1.000000000000000,0.861353116146786,1.000000000000000,1.000000000000000,0.999003197729444,1.000000000000000,0.985178445711510,1.000000000000000,1.000000000000000,0.988766579961622,1.000000000000000,0.967389014264209,0.969989769237154,0.946484021666282,0.925099455769635
"{4,4,3,3}",94,55,68,1,inf,2.000000000000000,2.000000000000000,1.261859507142915,1.261859507142915,1.000000000000000,1.000000000000000,0.861353116146786,0.773705614469083,2.000000000000000,1.876948617936488,1.261859507142915,1.261859507142915,1.261859507142915,1.261859507142915,1.250890291488770,1.000000000000000,1.261859507142915,1.000000000000000,1.000000000000000,1.000000000000000,1.000000000000000,1.000000000000000,1.000000000000000,0.861353116146786,1.000000000000000,0.861353116146786,0.861353116146786,0.861353116146786,0.861353116146786,0.773705614469083,0.773705614469083,0.773705614469083,0.773705614469083,0.773705614469083,0.773705614469083,1.261859507142915,1.261859507142915,1.261859507142915,1.250889972607803,1.250015220471216,1.184222728980955,1.000000000000000,1.000000000000000,1.000000000000000,1.000000000000000,1.000000000000000,1.000000000000000,1.000000000000000,1.000000000000000,1.000000000000000,1.000000000000000,1.000000000000000,1.000000000000000,1.000000000000000,1.000000000000000,1.000000000000000,1.000000000000000,1.000000000000000,1.000000000000000,0.974041336128951,0.861353116146786,0.861353116146786,0.861353116146786,0.861353116146786,0.861353116146786,1.000000000000000,1.000000000000000,0.861353116146786,0.861353116146786,0.861353116146786,1.000000000000000,0.861353116146786,0.861353116146786,1.000000000000000,0.861353116146786,0.861353116146786,0.861353116146786,1.000000000000000,1.000000000000000,0.861353116146786,1.000000000000000,1.000000000000000,0.849742523381738,1.000000000000000,1.000000000000000,1.000000000000000,1.000000000000000,1.000000000000000,1.000000000000000,1.000000000000000,1.000000000000000,0.974038691850891,1.000000000000000,0.973716890057743,0.965539085857925,0.938474308968244
"{4,4,4,2}",95,56,70,1,inf,2.000000000000000,2.000000000000000,1.261859507142915,1.261859507142915,1.000000000000000,1.000000000000000,0.861353116146786,0.773705614469083,2.000000000000000,1.898234790381505,1.261859507142915,1.261859507142915,1.261859507142915,1.261859507142915,1.261859507142915,1.000000000000000,1.261859507142915,1.000000000000000,1.000000000000000,1.000000000000000,1.000000000000000,1.000000000000000,1.000000000000000,0.861353116146786,1.000000000000000,0.861353116146786,0.861353116146786,0.861353116146786,0.861353116146786,0.773705614469083,0.773705614469083,0.773705614469083,0.773705614469083,0.773705614469083,0.773705614469083,1.261859507142915,1.261859507142915,1.261859507142915,1.261859507142915,1.261784969657369,1.197652808516170,1.000000000000000,1.000000000000000,1.000000000000000,1.000000000000000,1.000000000000000,1.000000000000000,1.000000000000000,1.000000000000000,1.000000000000000,1.000000000000000,1.000000000000000,1.000000000000000,1.000000000000000,1.000000000000000,1.000000000000000,1.000000000000000,1.000000000000000,1.000000000000000,1.000000000000000,0.861353116146786,0.861353116146786,0.861353116146786,0.861353116146786,0.861353116146786,1.000000000000000,1.000000000000000,0.861353116146786,0.861353116146786,0.861353116146786,1.000000000000000,0.861353116146786,0.861353116146786,1.000000000000000,0.861353116146786,0.861353116146786,0.861353116146786,1.000000000000000,1.000000000000000,0.861353116146786,1.000000000000000,1.000000000000000,0.861353116146786,1.000000000000000,1.000000000000000,1.000000000000000,1.000000000000000,1.000000000000000,1.000000000000000,1.000000000000000,1.000000000000000,1.000000000000000,0.996518047618874,1.000000000000000,0.974299591226176,0.949117395190752
"{4,4,4,3}",96,57,71,1,inf,2.000000000000000,2.000000000000000,1.261859507142915,1.261859507142915,1.000000000000000,1.000000000000000,0.861353116146786,0.773705614469083,2.000000000000000,1.943421479140838,1.261859507142915,1.261859507142915,1.261859507142915,1.261859507142915,1.261859507142915,1.000000000000000,1.261859507142915,1.000000000000000,1.000000000000000,1.000000000000000,1.000000000000000,1.000000000000000,1.000000000000000,0.861353116146786,1.000000000000000,0.861353116146786,0.861353116146786,0.861353116146786,0.861353116146786,0.773705614469083,0.773705614469083,0.773705614469083,0.773705614469083,0.773705614469083,0.773705614469083,1.261859507142915,1.261859507142915,1.261859507142915,1.261859507142915,1.261859507142915,1.226162434919806,1.000000000000000,1.000000000000000,1.000000000000000,1.000000000000000,1.000000000000000,1.000000000000000,1.000000000000000,1.000000000000000,1.000000000000000,1.000000000000000,1.000000000000000,1.000000000000000,1.000000000000000,1.000000000000000,1.000000000000000,1.000000000000000,1.000000000000000,1.000000000000000,1.000000000000000,0.861353116146786,0.861353116146786,0.861353116146786,0.861353116146786,0.861353116146786,1.000000000000000,1.000000000000000,0.861353116146786,0.861353116146786,0.861353116146786,1.000000000000000,0.861353116146786,0.861353116146786,1.000000000000000,0.861353116146786,0.861353116146786,0.861353116146786,1.000000000000000,1.000000000000000,0.861353116146786,1.000000000000000,1.000000000000000,0.861353116146786,1.000000000000000,1.000000000000000,1.000000000000000,1.000000000000000,1.000000000000000,1.000000000000000,1.000000000000000,1.000000000000000,1.000000000000000,1.000000000000000,1.000000000000000,1.000000000000000,0.971710739570419
"{4,4,4,4}",97,58,72,1,inf,2.000000000000000,2.000000000000000,1.261859507142915,1.261859507142915,1.000000000000000,1.000000000000000,0.861353116146786,0.773705614469083,2.000000000000000,2.000000000000000,1.261859507142915,1.261859507142915,1.261859507142915,1.261859507142915,1.261859507142915,1.000000000000000,1.261859507142915,1.000000000000000,1.000000000000000,1.000000000000000,1.000000000000000,1.000000000000000,1.000000000000000,0.861353116146786,1.000000000000000,0.861353116146786,0.861353116146786,0.861353116146786,0.861353116146786,0.773705614469083,0.773705614469083,0.773705614469083,0.773705614469083,0.773705614469083,0.773705614469083,1.261859507142915,1.261859507142915,1.261859507142915,1.261859507142915,1.261859507142915,1.261859507142914,1.000000000000000,1.000000000000000,1.000000000000000,1.000000000000000,1.000000000000000,1.000000000000000,1.000000000000000,1.000000000000000,1.000000000000000,1.000000000000000,1.000000000000000,1.000000000000000,1.000000000000000,1.000000000000000,1.000000000000000,1.000000000000000,1.000000000000000,1.000000000000000,1.000000000000000,0.861353116146786,0.861353116146786,0.861353116146786,0.861353116146786,0.861353116146786,1.000000000000000,1.000000000000000,0.861353116146786,0.861353116146786,0.861353116146786,1.000000000000000,0.861353116146786,0.861353116146786,1.000000000000000,0.861353116146786,0.861353116146786,0.861353116146786,1.000000000000000,1.000000000000000,0.861353116146786,1.000000000000000,1.000000000000000,0.861353116146786,1.000000000000000,1.000000000000000,1.000000000000000,1.000000000000000,1.000000000000000,1.000000000000000,1.000000000000000,1.000000000000000,1.000000000000000,1.000000000000000,1.000000000000000,1.000000000000000,1.000000000000000
